R0,eta,m,gate,status,half,old_status,half_change,first_branch_changes
128,0.2,1,0.15,defined,0.07132801401757353,defined,0.0,0
128,0.2,1,0.3,defined,0.07132801401757353,defined,0.0,0
128,0.2,1,0.6,defined,0.07132801401757353,defined,0.0,0
128,0.2,2,0.15,defined,0.055556877508601055,defined,0.0,0
128,0.2,2,0.3,defined,0.055556877508601055,defined,0.0,0
128,0.2,2,0.6,defined,0.055556877508601055,defined,0.0,0
128,0.2,3,0.15,defined,0.03765503527704623,defined,0.0,4
128,0.2,3,0.3,defined,0.03765503527704623,defined,0.0,4
128,0.2,3,0.6,defined,0.03765503527704623,defined,0.0,4
128,0.2,4,0.15,defined,0.01803727756764384,defined,0.0,8
128,0.2,4,0.3,defined,0.01803727756764384,defined,0.0,4
128,0.2,4,0.6,defined,0.01803727756764384,defined,0.0,4
128,0.2,5,0.15,defined,-0.0030471717738200788,defined,0.0,6
128,0.2,5,0.3,defined,-0.0030471717738200788,defined,0.0,4
128,0.2,5,0.6,defined,-0.0030471717738200788,defined,0.0,4
128,0.2,6,0.15,defined,-0.02542959386510335,defined,0.0,11
128,0.2,6,0.3,defined,-0.02542959386510335,defined,0.0,4
128,0.2,6,0.6,defined,-0.02542959386510335,defined,0.0,4
128,0.3,1,0.15,defined,0.07641310088516406,defined,0.0,0
128,0.3,1,0.3,defined,0.07641310088516406,defined,0.0,0
128,0.3,1,0.6,defined,0.07641310088516406,defined,0.0,0
128,0.3,2,0.15,defined,0.06069830056922321,defined,0.0,0
128,0.3,2,0.3,defined,0.06069830056922321,defined,0.0,0
128,0.3,2,0.6,defined,0.06069830056922321,defined,0.0,0
128,0.3,3,0.15,defined,0.04278710874650349,defined,0.0,0
128,0.3,3,0.3,defined,0.04278710874650349,defined,0.0,0
128,0.3,3,0.6,defined,0.04278710874650349,defined,0.0,0
128,0.3,4,0.15,defined,0.02308659891353927,defined,0.0,4
128,0.3,4,0.3,defined,0.02308659891353927,defined,0.0,4
128,0.3,4,0.6,defined,0.02308659891353927,defined,0.0,4
128,0.3,5,0.15,defined,0.0018407050801247636,defined,0.0,6
128,0.3,5,0.3,defined,0.0018407050801247636,defined,0.0,6
128,0.3,5,0.6,defined,0.0018407050801247636,defined,0.0,4
128,0.3,6,0.15,defined,-0.02078583606788063,defined,0.0,7
128,0.3,6,0.3,defined,-0.02078583606788063,defined,0.0,5
128,0.3,6,0.6,defined,-0.02078583606788063,defined,0.0,4
128,0.35,1,0.15,defined,0.08160611383278549,defined,0.0,0
128,0.35,1,0.3,defined,0.08160611383278549,defined,0.0,0
128,0.35,1,0.6,defined,0.08160611383278549,defined,0.0,0
128,0.35,2,0.15,defined,0.065991167260256,defined,0.0,0
128,0.35,2,0.3,defined,0.065991167260256,defined,0.0,0
128,0.35,2,0.6,defined,0.065991167260256,defined,0.0,0
128,0.35,3,0.15,defined,0.048157098395303403,defined,0.0,0
128,0.35,3,0.3,defined,0.048157098395303403,defined,0.0,0
128,0.35,3,0.6,defined,0.048157098395303403,defined,0.0,0
128,0.35,4,0.15,defined,0.028504615696417837,defined,0.0,0
128,0.35,4,0.3,defined,0.028504615696417837,defined,0.0,0
128,0.35,4,0.6,defined,0.028504615696417837,defined,0.0,0
128,0.35,5,0.15,defined,0.007273095017580412,defined,0.0,4
128,0.35,5,0.3,defined,0.007273095017580412,defined,0.0,4
128,0.35,5,0.6,defined,0.007273095017580412,defined,0.0,4
128,0.35,6,0.15,defined,-0.015376268978946436,defined,0.0,6
128,0.35,6,0.3,defined,-0.015376268978946436,defined,0.0,4
128,0.35,6,0.6,defined,-0.015376268978946436,defined,0.0,4
128,0.4,1,0.15,defined,0.08861069230332319,defined,0.0,0
128,0.4,1,0.3,defined,0.08861069230332319,defined,0.0,0
128,0.4,1,0.6,defined,0.08861069230332319,defined,0.0,0
128,0.4,2,0.15,defined,0.07314842211184097,defined,0.0,0
128,0.4,2,0.3,defined,0.07314842211184097,defined,0.0,0
128,0.4,2,0.6,defined,0.07314842211184097,defined,0.0,0
128,0.4,3,0.15,defined,0.05545261641341037,defined,0.0,0
128,0.4,3,0.3,defined,0.05545261641341037,defined,0.0,0
128,0.4,3,0.6,defined,0.05545261641341037,defined,0.0,0
128,0.4,4,0.15,defined,0.03591591132270534,defined,0.0,0
128,0.4,4,0.3,defined,0.03591591132270534,defined,0.0,0
128,0.4,4,0.6,defined,0.03591591132270534,defined,0.0,0
128,0.4,5,0.15,defined,0.014771803244997375,defined,0.0,2
128,0.4,5,0.3,defined,0.014771803244997375,defined,0.0,2
128,0.4,5,0.6,defined,0.014771803244997375,defined,0.0,2
128,0.4,6,0.15,defined,-0.007823255064911334,defined,0.0,5
128,0.4,6,0.3,defined,-0.007823255064911334,defined,0.0,4
128,0.4,6,0.6,defined,-0.007823255064911334,defined,0.0,4
128,0.5,1,0.15,defined,0.10826023289563347,defined,0.0,0
128,0.5,1,0.3,defined,0.10826023289563347,defined,0.0,0
128,0.5,1,0.6,defined,0.10826023289563347,defined,0.0,0
128,0.5,2,0.15,defined,0.0932842225809669,defined,0.0,0
128,0.5,2,0.3,defined,0.0932842225809669,defined,0.0,0
128,0.5,2,0.6,defined,0.0932842225809669,defined,0.0,0
128,0.5,3,0.15,defined,0.07607818148013354,defined,0.0,0
128,0.5,3,0.3,defined,0.07607818148013354,defined,0.0,0
128,0.5,3,0.6,defined,0.07607818148013354,defined,0.0,0
128,0.5,4,0.15,defined,0.05701361542147703,defined,0.0,0
128,0.5,4,0.3,defined,0.05701361542147703,defined,0.0,0
128,0.5,4,0.6,defined,0.05701361542147703,defined,0.0,0
128,0.5,5,0.15,defined,0.03630867722624902,defined,0.0,0
128,0.5,5,0.3,defined,0.03630867722624902,defined,0.0,0
128,0.5,5,0.6,defined,0.03630867722624902,defined,0.0,0
128,0.5,6,0.15,defined,0.014106964354757631,defined,0.0,2
128,0.5,6,0.3,defined,0.014106964354757631,defined,0.0,2
128,0.5,6,0.6,defined,0.014106964354757631,defined,0.0,2
128,0.6,1,0.15,defined,0.13592943988290748,defined,0.0,0
128,0.6,1,0.3,defined,0.13592943988290748,defined,0.0,0
128,0.6,1,0.6,defined,0.13592943988290748,defined,0.0,0
128,0.6,2,0.15,defined,0.12173742321381745,defined,0.0,0
128,0.6,2,0.3,defined,0.12173742321381745,defined,0.0,0
128,0.6,2,0.6,defined,0.12173742321381745,defined,0.0,0
128,0.6,3,0.15,defined,0.1053818002027962,defined,0.0,0
128,0.6,3,0.3,defined,0.1053818002027962,defined,0.0,0
128,0.6,3,0.6,defined,0.1053818002027962,defined,0.0,0
128,0.6,4,0.15,defined,0.08720908983031349,defined,0.0,0
128,0.6,4,0.3,defined,0.08720908983031349,defined,0.0,0
128,0.6,4,0.6,defined,0.08720908983031349,defined,0.0,0
128,0.6,5,0.15,defined,0.06742030142376529,defined,0.0,0
128,0.6,5,0.3,defined,0.06742030142376529,defined,0.0,0
128,0.6,5,0.6,defined,0.06742030142376529,defined,0.0,0
128,0.6,6,0.15,defined,0.046145186302761244,defined,0.0,0
128,0.6,6,0.3,defined,0.046145186302761244,defined,0.0,0
128,0.6,6,0.6,defined,0.046145186302761244,defined,0.0,0
128,0.7,1,0.15,defined,0.17252991573625776,defined,0.0,0
128,0.7,1,0.3,defined,0.17252991573625776,defined,0.0,0
128,0.7,1,0.6,defined,0.17252991573625776,defined,0.0,0
128,0.7,2,0.15,defined,0.15953435952709633,defined,0.0,0
128,0.7,2,0.3,defined,0.15953435952709633,defined,0.0,0
128,0.7,2,0.6,defined,0.15953435952709633,defined,0.0,0
128,0.7,3,0.15,defined,0.1445510469258854,defined,0.0,0
128,0.7,3,0.3,defined,0.1445510469258854,defined,0.0,0
128,0.7,3,0.6,defined,0.1445510469258854,defined,0.0,0
128,0.7,4,0.15,defined,0.12790987312397228,defined,0.0,0
128,0.7,4,0.3,defined,0.12790987312397228,defined,0.0,0
128,0.7,4,0.6,defined,0.12790987312397228,defined,0.0,0
128,0.7,5,0.15,defined,0.10981129884917862,defined,0.0,0
128,0.7,5,0.3,defined,0.10981129884917862,defined,0.0,0
128,0.7,5,0.6,defined,0.10981129884917862,defined,0.0,0
128,0.7,6,0.15,defined,0.09039672524060283,defined,0.0,0
128,0.7,6,0.3,defined,0.09039672524060283,defined,0.0,0
128,0.7,6,0.6,defined,0.09039672524060283,defined,0.0,0
128,0.8,1,0.15,defined,0.219574298899429,defined,0.0,0
128,0.8,1,0.3,defined,0.219574298899429,defined,0.0,0
128,0.8,1,0.6,defined,0.219574298899429,defined,0.0,0
128,0.8,2,0.15,defined,0.20842165925663436,defined,0.0,0
128,0.8,2,0.3,defined,0.20842165925663436,defined,0.0,0
128,0.8,2,0.6,defined,0.20842165925663436,defined,0.0,0
128,0.8,3,0.15,defined,0.19568529040195312,defined,0.0,0
128,0.8,3,0.3,defined,0.19568529040195312,defined,0.0,0
128,0.8,3,0.6,defined,0.19568529040195312,defined,0.0,0
128,0.8,4,0.15,defined,0.18175007772396023,defined,0.0,0
128,0.8,4,0.3,defined,0.18175007772396023,defined,0.0,0
128,0.8,4,0.6,defined,0.18175007772396023,defined,0.0,0
128,0.8,5,0.15,defined,0.16695937230731833,defined,0.0,0
128,0.8,5,0.3,defined,0.16695937230731833,defined,0.0,0
128,0.8,5,0.6,defined,0.16695937230731833,defined,0.0,0
128,0.8,6,0.15,defined,0.1517976950538365,defined,0.0,0
128,0.8,6,0.3,defined,0.1517976950538365,defined,0.0,0
128,0.8,6,0.6,defined,0.1517976950538365,defined,0.0,0
128,0.9,1,0.15,defined,0.27988647834568603,defined,0.0,0
128,0.9,1,0.3,defined,0.27988647834568603,defined,0.0,0
128,0.9,1,0.6,defined,0.27988647834568603,defined,0.0,0
128,0.9,2,0.15,defined,0.27185474451189795,defined,0.0,0
128,0.9,2,0.3,defined,0.27185474451189795,defined,0.0,0
128,0.9,2,0.6,defined,0.27185474451189795,defined,0.0,0
128,0.9,3,0.15,defined,0.2633675700641285,defined,0.0,0
128,0.9,3,0.3,defined,0.2633675700641285,defined,0.0,0
128,0.9,3,0.6,defined,0.2633675700641285,defined,0.0,0
128,0.9,4,0.15,defined,0.2557218686067676,defined,0.0,0
128,0.9,4,0.3,defined,0.2557218686067676,defined,0.0,0
128,0.9,4,0.6,defined,0.2557218686067676,defined,0.0,0
128,0.9,5,0.15,no_peak_in_valid_interval,,no_peak_in_valid_interval,,0
128,0.9,5,0.3,no_peak_in_valid_interval,,no_peak_in_valid_interval,,0
128,0.9,5,0.6,no_peak_in_valid_interval,,no_peak_in_valid_interval,,0
128,0.9,6,0.15,no_peak_in_valid_interval,,no_peak_in_valid_interval,,0
128,0.9,6,0.3,no_peak_in_valid_interval,,no_peak_in_valid_interval,,0
128,0.9,6,0.6,no_peak_in_valid_interval,,no_peak_in_valid_interval,,0
128,1.0,1,0.15,defined,0.361290859426195,defined,0.0,0
128,1.0,1,0.3,defined,0.361290859426195,defined,0.0,0
128,1.0,1,0.6,defined,0.361290859426195,defined,0.0,0
128,1.0,2,0.15,no_peak_in_valid_interval,,no_peak_in_valid_interval,,0
128,1.0,2,0.3,no_peak_in_valid_interval,,no_peak_in_valid_interval,,0
128,1.0,2,0.6,no_peak_in_valid_interval,,no_peak_in_valid_interval,,0
128,1.0,3,0.15,no_peak_in_valid_interval,,no_peak_in_valid_interval,,0
128,1.0,3,0.3,no_peak_in_valid_interval,,no_peak_in_valid_interval,,0
128,1.0,3,0.6,no_peak_in_valid_interval,,no_peak_in_valid_interval,,0
128,1.0,4,0.15,no_peak_in_valid_interval,,no_peak_in_valid_interval,,0
128,1.0,4,0.3,no_peak_in_valid_interval,,no_peak_in_valid_interval,,0
128,1.0,4,0.6,no_peak_in_valid_interval,,no_peak_in_valid_interval,,0
128,1.0,5,0.15,no_peak_in_valid_interval,,no_peak_in_valid_interval,,0
128,1.0,5,0.3,no_peak_in_valid_interval,,no_peak_in_valid_interval,,0
128,1.0,5,0.6,no_peak_in_valid_interval,,no_peak_in_valid_interval,,0
128,1.0,6,0.15,no_peak_in_valid_interval,,no_peak_in_valid_interval,,0
128,1.0,6,0.3,no_peak_in_valid_interval,,no_peak_in_valid_interval,,0
128,1.0,6,0.6,no_peak_in_valid_interval,,no_peak_in_valid_interval,,0
16,0.2,1,0.15,defined,-0.041385059139928834,defined,0.0,14
16,0.2,1,0.3,defined,-0.041385059139928834,defined,0.0,11
16,0.2,1,0.6,defined,-0.041385059139928834,defined,0.0,9
16,0.2,2,0.15,defined,-0.165509033414508,defined,0.0,22
16,0.2,2,0.3,defined,-0.165509033414508,defined,0.0,14
16,0.2,2,0.6,defined,-0.165509033414508,defined,0.0,12
16,0.2,3,0.15,defined,-0.30912161234965907,defined,0.0,5
16,0.2,3,0.3,defined,-0.30912161234965907,defined,0.0,4
16,0.2,3,0.6,defined,-0.30912161234965907,defined,0.0,4
16,0.2,4,0.15,defined,-0.4727322501368747,defined,0.0,2
16,0.2,4,0.3,defined,-0.4727322501368747,defined,0.0,2
16,0.2,4,0.6,defined,-0.4727322501368747,defined,0.0,2
16,0.2,5,0.15,defined,-0.6606448440508177,defined,0.0,1
16,0.2,5,0.3,defined,-0.6606448440508177,defined,0.0,1
16,0.2,5,0.6,defined,-0.6606448440508177,defined,0.0,1
16,0.2,6,0.15,defined,-0.8823904381282933,defined,0.0,1
16,0.2,6,0.3,defined,-0.8823904381282933,defined,0.0,1
16,0.2,6,0.6,defined,-0.8823904381282933,defined,0.0,1
16,0.3,1,0.15,defined,-0.06111603974648161,defined,0.0,7
16,0.3,1,0.3,defined,-0.06111603974648161,defined,0.0,2
16,0.3,1,0.6,defined,-0.06111603974648161,defined,0.0,2
16,0.3,2,0.15,defined,-0.19051292254123092,defined,0.0,9
16,0.3,2,0.3,defined,-0.19051292254123092,defined,0.0,8
16,0.3,2,0.6,defined,-0.19051292254123092,defined,0.0,8
16,0.3,3,0.15,defined,-0.34213840748389734,defined,0.0,15
16,0.3,3,0.3,defined,-0.34213840748389734,defined,0.0,12
16,0.3,3,0.6,defined,-0.34213840748389734,defined,0.0,12
16,0.3,4,0.15,defined,-0.5171330415530372,defined,0.0,5
16,0.3,4,0.3,defined,-0.5171330415530372,defined,0.0,4
16,0.3,4,0.6,defined,-0.5171330415530372,defined,0.0,4
16,0.3,5,0.15,defined,-0.7216264302921789,defined,0.0,4
16,0.3,5,0.3,defined,-0.7216264302921789,defined,0.0,3
16,0.3,5,0.6,defined,-0.7216264302921789,defined,0.0,3
16,0.3,6,0.15,defined,-0.9706640968636928,defined,0.0,1
16,0.3,6,0.3,defined,-0.9706640968636928,defined,0.0,1
16,0.3,6,0.6,defined,-0.9706640968636928,defined,0.0,1
16,0.35,1,0.15,defined,-0.06827448853179174,defined,0.0,2
16,0.35,1,0.3,defined,-0.06827448853179174,defined,0.0,2
16,0.35,1,0.6,defined,-0.06827448853179174,defined,0.0,2
16,0.35,2,0.15,defined,-0.1998931114168464,defined,0.0,8
16,0.35,2,0.3,defined,-0.1998931114168464,defined,0.0,8
16,0.35,2,0.6,defined,-0.1998931114168464,defined,0.0,8
16,0.35,3,0.15,defined,-0.35512722550786946,defined,0.0,10
16,0.35,3,0.3,defined,-0.35512722550786946,defined,0.0,7
16,0.35,3,0.6,defined,-0.35512722550786946,defined,0.0,7
16,0.35,4,0.15,defined,-0.5354661380754727,defined,1.1102230246251565e-16,9
16,0.35,4,0.3,defined,-0.5354661380754728,defined,0.0,6
16,0.35,4,0.6,defined,-0.5354661380754728,defined,0.0,6
16,0.35,5,0.15,defined,-0.7480703406558467,defined,0.0,4
16,0.35,5,0.3,defined,-0.7480703406558467,defined,0.0,3
16,0.35,5,0.6,defined,-0.7480703406558467,defined,0.0,3
16,0.35,6,0.15,defined,-1.0116238596085019,defined,0.0,3
16,0.35,6,0.3,defined,-1.0116238596085019,defined,0.0,3
16,0.35,6,0.6,defined,-1.0116238596085019,defined,0.0,3
16,0.4,1,0.15,defined,-0.07362885623868776,defined,0.0,2
16,0.4,1,0.3,defined,-0.07362885623868776,defined,0.0,2
16,0.4,1,0.6,defined,-0.07362885623868776,defined,0.0,2
16,0.4,2,0.15,defined,-0.20716781328156775,defined,0.0,6
16,0.4,2,0.3,defined,-0.20716781328156775,defined,0.0,6
16,0.4,2,0.6,defined,-0.20716781328156775,defined,0.0,6
16,0.4,3,0.15,defined,-0.3657230814116863,defined,0.0,7
16,0.4,3,0.3,defined,-0.3657230814116863,defined,0.0,6
16,0.4,3,0.6,defined,-0.3657230814116863,defined,0.0,6
16,0.4,4,0.15,defined,-0.5511619221894282,defined,-1.1102230246251565e-16,13
16,0.4,4,0.3,defined,-0.551161922189428,defined,0.0,9
16,0.4,4,0.6,defined,-0.551161922189428,defined,0.0,9
16,0.4,5,0.15,defined,-0.771755016975504,defined,0.0,3
16,0.4,5,0.3,defined,-0.771755016975504,defined,0.0,3
16,0.4,5,0.6,defined,-0.771755016975504,defined,0.0,3
16,0.4,6,0.15,defined,-1.050590268397877,defined,0.0,4
16,0.4,6,0.3,defined,-1.050590268397877,defined,0.0,3
16,0.4,6,0.6,defined,-1.050590268397877,defined,0.0,3
16,0.5,1,0.15,defined,-0.07885133418895025,defined,0.0,2
16,0.5,1,0.3,defined,-0.07885133418895025,defined,0.0,2
16,0.5,1,0.6,defined,-0.07885133418895025,defined,0.0,2
16,0.5,2,0.15,defined,-0.2151901050453898,defined,0.0,2
16,0.5,2,0.3,defined,-0.2151901050453898,defined,0.0,2
16,0.5,2,0.6,defined,-0.2151901050453898,defined,0.0,2
16,0.5,3,0.15,defined,-0.3793791862745781,defined,0.0,6
16,0.5,3,0.3,defined,-0.3793791862745781,defined,0.0,6
16,0.5,3,0.6,defined,-0.3793791862745781,defined,0.0,6
16,0.5,4,0.15,defined,-0.5741752595711059,defined,0.0,7
16,0.5,4,0.3,defined,-0.5741752595711059,defined,0.0,6
16,0.5,4,0.6,defined,-0.5741752595711059,defined,0.0,6
16,0.5,5,0.15,defined,-0.8102938734673681,defined,2.220446049250313e-16,6
16,0.5,5,0.3,defined,-0.8102938734673681,defined,2.220446049250313e-16,6
16,0.5,5,0.6,defined,-0.8102938734673681,defined,2.220446049250313e-16,6
16,0.5,6,0.15,defined,-1.1226293091683233,defined,0.0,4
16,0.5,6,0.3,defined,-1.1226293091683233,defined,0.0,3
16,0.5,6,0.6,defined,-1.1226293091683233,defined,0.0,3
16,0.6,1,0.15,defined,-0.07648540315226182,defined,0.0,2
16,0.6,1,0.3,defined,-0.07648540315226182,defined,0.0,2
16,0.6,1,0.6,defined,-0.07648540315226182,defined,0.0,2
16,0.6,2,0.15,defined,-0.21382762002395256,defined,0.0,2
16,0.6,2,0.3,defined,-0.21382762002395256,defined,0.0,2
16,0.6,2,0.6,defined,-0.21382762002395256,defined,0.0,2
16,0.6,3,0.15,defined,-0.3817844021135916,defined,0.0,4
16,0.6,3,0.3,defined,-0.3817844021135916,defined,0.0,4
16,0.6,3,0.6,defined,-0.3817844021135916,defined,0.0,4
16,0.6,4,0.15,defined,-0.5843796378052561,defined,-2.220446049250313e-16,8
16,0.6,4,0.3,defined,-0.5843796378052559,defined,0.0,6
16,0.6,4,0.6,defined,-0.5843796378052559,defined,0.0,6
16,0.6,5,0.15,defined,-0.8350556307983215,defined,0.0,6
16,0.6,5,0.3,defined,-0.8350556307983215,defined,0.0,6
16,0.6,5,0.6,defined,-0.8350556307983215,defined,0.0,6
16,0.6,6,0.15,defined,-1.1858189168437643,defined,0.0,7
16,0.6,6,0.3,defined,-1.1858189168437643,defined,0.0,6
16,0.6,6,0.6,defined,-1.1858189168437643,defined,0.0,6
16,0.7,1,0.15,defined,-0.06591908991227426,defined,0.0,2
16,0.7,1,0.3,defined,-0.06591908991227426,defined,0.0,2
16,0.7,1,0.6,defined,-0.06591908991227426,defined,0.0,2
16,0.7,2,0.15,defined,-0.20140506811953698,defined,0.0,2
16,0.7,2,0.3,defined,-0.20140506811953698,defined,0.0,2
16,0.7,2,0.6,defined,-0.20140506811953698,defined,0.0,2
16,0.7,3,0.15,defined,-0.36922411326736737,defined,0.0,3
16,0.7,3,0.3,defined,-0.36922411326736737,defined,0.0,2
16,0.7,3,0.6,defined,-0.36922411326736737,defined,0.0,2
16,0.7,4,0.15,defined,-0.13721134626298737,defined,0.0,8
16,0.7,4,0.3,defined,-0.13721134626298737,defined,0.0,6
16,0.7,4,0.6,defined,-0.13721134626298737,defined,0.0,6
16,0.7,5,0.15,defined,-0.8385788933599438,defined,0.0,6
16,0.7,5,0.3,defined,-0.8385788933599438,defined,0.0,5
16,0.7,5,0.6,defined,-0.8385788933599438,defined,0.0,5
16,0.7,6,0.15,defined,-1.2321970707231005,defined,0.0,7
16,0.7,6,0.3,defined,-1.2321970707231005,defined,0.0,6
16,0.7,6,0.6,defined,-1.2321970707231005,defined,0.0,6
16,0.8,1,0.15,defined,-0.04600178799468435,defined,0.0,2
16,0.8,1,0.3,defined,-0.04600178799468435,defined,0.0,2
16,0.8,1,0.6,defined,-0.04600178799468435,defined,0.0,2
16,0.8,2,0.15,defined,-0.04642878348046655,defined,0.0,2
16,0.8,2,0.3,defined,-0.04642878348046655,defined,0.0,2
16,0.8,2,0.6,defined,-0.04642878348046655,defined,0.0,2
16,0.8,3,0.15,defined,-0.019763213958862824,defined,0.0,2
16,0.8,3,0.3,defined,-0.019763213958862824,defined,0.0,2
16,0.8,3,0.6,defined,-0.019763213958862824,defined,0.0,2
16,0.8,4,0.15,defined,,defined,,9
16,0.8,4,0.3,defined,,defined,,7
16,0.8,4,0.6,defined,,defined,,6
16,0.8,5,0.15,defined,,defined,,5
16,0.8,5,0.3,defined,,defined,,5
16,0.8,5,0.6,defined,,defined,,5
16,0.8,6,0.15,defined,,defined,,7
16,0.8,6,0.3,defined,,defined,,5
16,0.8,6,0.6,defined,,defined,,5
16,0.9,1,0.15,defined,-0.014321219903979778,defined,0.0,2
16,0.9,1,0.3,defined,-0.014321219903979778,defined,0.0,2
16,0.9,1,0.6,defined,-0.014321219903979778,defined,0.0,2
16,0.9,2,0.15,defined,0.045863894034984726,defined,0.0,2
16,0.9,2,0.3,defined,0.045863894034984726,defined,0.0,2
16,0.9,2,0.6,defined,0.045863894034984726,defined,0.0,2
16,0.9,3,0.15,defined,0.0854957699284215,defined,0.0,2
16,0.9,3,0.3,defined,0.0854957699284215,defined,0.0,2
16,0.9,3,0.6,defined,0.0854957699284215,defined,0.0,2
16,0.9,4,0.15,defined,0.2651768345062064,defined,0.0,3
16,0.9,4,0.3,defined,0.2651768345062064,defined,0.0,2
16,0.9,4,0.6,defined,0.2651768345062064,defined,0.0,2
16,0.9,5,0.15,defined,,defined,,6
16,0.9,5,0.3,defined,,defined,,5
16,0.9,5,0.6,defined,,defined,,5
16,0.9,6,0.15,defined,,defined,,5
16,0.9,6,0.3,defined,,defined,,5
16,0.9,6,0.6,defined,,defined,,5
16,1.0,1,0.15,root_branch_change,,root_branch_change,,2
16,1.0,1,0.3,root_branch_change,,root_branch_change,,2
16,1.0,1,0.6,root_branch_change,,root_branch_change,,2
16,1.0,2,0.15,defined,0.15120144400525384,defined,0.0,2
16,1.0,2,0.3,defined,0.15120144400525384,defined,0.0,2
16,1.0,2,0.6,defined,0.15120144400525384,defined,0.0,2
16,1.0,3,0.15,root_branch_change,,root_branch_change,,3
16,1.0,3,0.3,root_branch_change,,root_branch_change,,2
16,1.0,3,0.6,root_branch_change,,root_branch_change,,2
16,1.0,4,0.15,root_branch_change,,root_branch_change,,3
16,1.0,4,0.3,root_branch_change,,root_branch_change,,2
16,1.0,4,0.6,root_branch_change,,root_branch_change,,2
16,1.0,5,0.15,root_branch_change,,root_branch_change,,9
16,1.0,5,0.3,root_branch_change,,root_branch_change,,5
16,1.0,5,0.6,root_branch_change,,root_branch_change,,5
16,1.0,6,0.15,root_branch_change,,root_branch_change,,5
16,1.0,6,0.3,root_branch_change,,root_branch_change,,5
16,1.0,6,0.6,root_branch_change,,root_branch_change,,5
192,0.2,1,0.15,defined,0.07915082579122207,defined,0.0,0
192,0.2,1,0.3,defined,0.07915082579122207,defined,0.0,0
192,0.2,1,0.6,defined,0.07915082579122207,defined,0.0,0
192,0.2,2,0.15,defined,0.06866303880746806,defined,0.0,0
192,0.2,2,0.3,defined,0.06866303880746806,defined,0.0,0
192,0.2,2,0.6,defined,0.06866303880746806,defined,0.0,0
192,0.2,3,0.15,defined,0.05676173642743944,defined,0.0,0
192,0.2,3,0.3,defined,0.05676173642743944,defined,0.0,0
192,0.2,3,0.6,defined,0.05676173642743944,defined,0.0,0
192,0.2,4,0.15,defined,0.04372381794778355,defined,0.0,4
192,0.2,4,0.3,defined,0.04372381794778355,defined,0.0,4
192,0.2,4,0.6,defined,0.04372381794778355,defined,0.0,4
192,0.2,5,0.15,defined,0.0297162205075519,defined,0.0,8
192,0.2,5,0.3,defined,0.0297162205075519,defined,0.0,6
192,0.2,5,0.6,defined,0.0297162205075519,defined,0.0,4
192,0.2,6,0.15,defined,0.014852536941226843,defined,0.0,6
192,0.2,6,0.3,defined,0.014852536941226843,defined,0.0,4
192,0.2,6,0.6,defined,0.014852536941226843,defined,0.0,4
192,0.3,1,0.15,defined,0.08650682322963862,defined,0.0,0
192,0.3,1,0.3,defined,0.08650682322963862,defined,0.0,0
192,0.3,1,0.6,defined,0.08650682322963862,defined,0.0,0
192,0.3,2,0.15,defined,0.07610424562663698,defined,0.0,0
192,0.3,2,0.3,defined,0.07610424562663698,defined,0.0,0
192,0.3,2,0.6,defined,0.07610424562663698,defined,0.0,0
192,0.3,3,0.15,defined,0.06426023353861725,defined,0.0,0
192,0.3,3,0.3,defined,0.06426023353861725,defined,0.0,0
192,0.3,3,0.6,defined,0.06426023353861725,defined,0.0,0
192,0.3,4,0.15,defined,0.051246371906015,defined,0.0,0
192,0.3,4,0.3,defined,0.051246371906015,defined,0.0,0
192,0.3,4,0.6,defined,0.051246371906015,defined,0.0,0
192,0.3,5,0.15,defined,0.03722593770087168,defined,0.0,4
192,0.3,5,0.3,defined,0.03722593770087168,defined,0.0,4
192,0.3,5,0.6,defined,0.03722593770087168,defined,0.0,4
192,0.3,6,0.15,defined,0.022309690708561036,defined,0.0,4
192,0.3,6,0.3,defined,0.022309690708561036,defined,0.0,4
192,0.3,6,0.6,defined,0.022309690708561036,defined,0.0,4
192,0.35,1,0.15,defined,0.09284898161930522,defined,0.0,0
192,0.35,1,0.3,defined,0.09284898161930522,defined,0.0,0
192,0.35,1,0.6,defined,0.09284898161930522,defined,0.0,0
192,0.35,2,0.15,defined,0.08253758786588694,defined,0.0,0
192,0.35,2,0.3,defined,0.08253758786588694,defined,0.0,0
192,0.35,2,0.6,defined,0.08253758786588694,defined,0.0,0
192,0.35,3,0.15,defined,0.07077788841516988,defined,0.0,0
192,0.35,3,0.3,defined,0.07077788841516988,defined,0.0,0
192,0.35,3,0.6,defined,0.07077788841516988,defined,0.0,0
192,0.35,4,0.15,defined,0.05783723978953957,defined,0.0,0
192,0.35,4,0.3,defined,0.05783723978953957,defined,0.0,0
192,0.35,4,0.6,defined,0.05783723978953957,defined,0.0,0
192,0.35,5,0.15,defined,0.04387604878979123,defined,0.0,0
192,0.35,5,0.3,defined,0.04387604878979123,defined,0.0,0
192,0.35,5,0.6,defined,0.04387604878979123,defined,0.0,0
192,0.35,6,0.15,defined,0.02900288462928524,defined,0.0,4
192,0.35,6,0.3,defined,0.02900288462928524,defined,0.0,4
192,0.35,6,0.6,defined,0.02900288462928524,defined,0.0,4
192,0.4,1,0.15,defined,0.1010178802815753,defined,0.0,0
192,0.4,1,0.3,defined,0.1010178802815753,defined,0.0,0
192,0.4,1,0.6,defined,0.1010178802815753,defined,0.0,0
192,0.4,2,0.15,defined,0.09083350219269862,defined,0.0,0
192,0.4,2,0.3,defined,0.09083350219269862,defined,0.0,0
192,0.4,2,0.6,defined,0.09083350219269862,defined,0.0,0
192,0.4,3,0.15,defined,0.0791995761167169,defined,0.0,0
192,0.4,3,0.3,defined,0.0791995761167169,defined,0.0,0
192,0.4,3,0.6,defined,0.0791995761167169,defined,0.0,0
192,0.4,4,0.15,defined,0.06637820254069404,defined,0.0,0
192,0.4,4,0.3,defined,0.06637820254069404,defined,0.0,0
192,0.4,4,0.6,defined,0.06637820254069404,defined,0.0,0
192,0.4,5,0.15,defined,0.05252624942974594,defined,0.0,0
192,0.4,5,0.3,defined,0.05252624942974594,defined,0.0,0
192,0.4,5,0.6,defined,0.05252624942974594,defined,0.0,0
192,0.4,6,0.15,defined,0.037749493556451075,defined,0.0,0
192,0.4,6,0.3,defined,0.037749493556451075,defined,0.0,0
192,0.4,6,0.6,defined,0.037749493556451075,defined,0.0,0
192,0.5,1,0.15,defined,0.12306290324354635,defined,0.0,0
192,0.5,1,0.3,defined,0.12306290324354635,defined,0.0,0
192,0.5,1,0.6,defined,0.12306290324354635,defined,0.0,0
192,0.5,2,0.15,defined,0.11325518268143077,defined,0.0,0
192,0.5,2,0.3,defined,0.11325518268143077,defined,0.0,0
192,0.5,2,0.6,defined,0.11325518268143077,defined,0.0,0
192,0.5,3,0.15,defined,0.10201659384899954,defined,0.0,0
192,0.5,3,0.3,defined,0.10201659384899954,defined,0.0,0
192,0.5,3,0.6,defined,0.10201659384899954,defined,0.0,0
192,0.5,4,0.15,defined,0.08959578438999767,defined,0.0,0
192,0.5,4,0.3,defined,0.08959578438999767,defined,0.0,0
192,0.5,4,0.6,defined,0.08959578438999767,defined,0.0,0
192,0.5,5,0.15,defined,0.07614052698362839,defined,0.0,0
192,0.5,5,0.3,defined,0.07614052698362839,defined,0.0,0
192,0.5,5,0.6,defined,0.07614052698362839,defined,0.0,0
192,0.5,6,0.15,defined,0.06174950284500569,defined,0.0,0
192,0.5,6,0.3,defined,0.06174950284500569,defined,0.0,0
192,0.5,6,0.6,defined,0.06174950284500569,defined,0.0,0
192,0.6,1,0.15,defined,0.15326127255694746,defined,0.0,0
192,0.6,1,0.3,defined,0.15326127255694746,defined,0.0,0
192,0.6,1,0.6,defined,0.15326127255694746,defined,0.0,0
192,0.6,2,0.15,defined,0.1440318396053314,defined,0.0,0
192,0.6,2,0.3,defined,0.1440318396053314,defined,0.0,0
192,0.6,2,0.6,defined,0.1440318396053314,defined,0.0,0
192,0.6,3,0.15,defined,0.13342975880661223,defined,0.0,0
192,0.6,3,0.3,defined,0.13342975880661223,defined,0.0,0
192,0.6,3,0.6,defined,0.13342975880661223,defined,0.0,0
192,0.6,4,0.15,defined,0.12168703292715854,defined,0.0,0
192,0.6,4,0.3,defined,0.12168703292715854,defined,0.0,0
192,0.6,4,0.6,defined,0.12168703292715854,defined,0.0,0
192,0.6,5,0.15,defined,0.10894088908304247,defined,0.0,0
192,0.6,5,0.3,defined,0.10894088908304247,defined,0.0,0
192,0.6,5,0.6,defined,0.10894088908304247,defined,0.0,0
192,0.6,6,0.15,defined,0.0952823827266555,defined,0.0,0
192,0.6,6,0.3,defined,0.0952823827266555,defined,0.0,0
192,0.6,6,0.6,defined,0.0952823827266555,defined,0.0,0
192,0.7,1,0.15,defined,0.19260148338738436,defined,0.0,0
192,0.7,1,0.3,defined,0.19260148338738436,defined,0.0,0
192,0.7,1,0.6,defined,0.19260148338738436,defined,0.0,0
192,0.7,2,0.15,defined,0.1842295664237778,defined,0.0,0
192,0.7,2,0.3,defined,0.1842295664237778,defined,0.0,0
192,0.7,2,0.6,defined,0.1842295664237778,defined,0.0,0
192,0.7,3,0.15,defined,0.1746079717312237,defined,0.0,0
192,0.7,3,0.3,defined,0.1746079717312237,defined,0.0,0
192,0.7,3,0.6,defined,0.1746079717312237,defined,0.0,0
192,0.7,4,0.15,defined,0.16395278318098905,defined,0.0,0
192,0.7,4,0.3,defined,0.16395278318098905,defined,0.0,0
192,0.7,4,0.6,defined,0.16395278318098905,defined,0.0,0
192,0.7,5,0.15,defined,0.15239520798349948,defined,0.0,0
192,0.7,5,0.3,defined,0.15239520798349948,defined,0.0,0
192,0.7,5,0.6,defined,0.15239520798349948,defined,0.0,0
192,0.7,6,0.15,defined,0.1400259599469328,defined,0.0,0
192,0.7,6,0.3,defined,0.1400259599469328,defined,0.0,0
192,0.7,6,0.6,defined,0.1400259599469328,defined,0.0,0
192,0.8,1,0.15,defined,0.24273087919709266,defined,0.0,0
192,0.8,1,0.3,defined,0.24273087919709266,defined,0.0,0
192,0.8,1,0.6,defined,0.24273087919709266,defined,0.0,0
192,0.8,2,0.15,defined,0.23565479740197626,defined,0.0,0
192,0.8,2,0.3,defined,0.23565479740197626,defined,0.0,0
192,0.8,2,0.6,defined,0.23565479740197626,defined,0.0,0
192,0.8,3,0.15,defined,0.22757762702997486,defined,0.0,0
192,0.8,3,0.3,defined,0.22757762702997486,defined,0.0,0
192,0.8,3,0.6,defined,0.22757762702997486,defined,0.0,0
192,0.8,4,0.15,defined,0.2187189828026528,defined,0.0,0
192,0.8,4,0.3,defined,0.2187189828026528,defined,0.0,0
192,0.8,4,0.6,defined,0.2187189828026528,defined,0.0,0
192,0.8,5,0.15,defined,0.20923964098718884,defined,0.0,0
192,0.8,5,0.3,defined,0.20923964098718884,defined,0.0,0
192,0.8,5,0.6,defined,0.20923964098718884,defined,0.0,0
192,0.8,6,0.15,defined,0.19929032675740502,defined,0.0,0
192,0.8,6,0.3,defined,0.19929032675740502,defined,0.0,0
192,0.8,6,0.6,defined,0.19929032675740502,defined,0.0,0
192,0.9,1,0.15,defined,0.3067814074201373,defined,0.0,0
192,0.9,1,0.3,defined,0.3067814074201373,defined,0.0,0
192,0.9,1,0.6,defined,0.3067814074201373,defined,0.0,0
192,0.9,2,0.15,defined,0.30187565252033766,defined,0.0,0
192,0.9,2,0.3,defined,0.30187565252033766,defined,0.0,0
192,0.9,2,0.6,defined,0.30187565252033766,defined,0.0,0
192,0.9,3,0.15,defined,0.2965736000002456,defined,0.0,0
192,0.9,3,0.3,defined,0.2965736000002456,defined,0.0,0
192,0.9,3,0.6,defined,0.2965736000002456,defined,0.0,0
192,0.9,4,0.15,defined,0.2912830183218113,defined,0.0,0
192,0.9,4,0.3,defined,0.2912830183218113,defined,0.0,0
192,0.9,4,0.6,defined,0.2912830183218113,defined,0.0,0
192,0.9,5,0.15,defined,0.2866980003756045,defined,0.0,0
192,0.9,5,0.3,defined,0.2866980003756045,defined,0.0,0
192,0.9,5,0.6,defined,0.2866980003756045,defined,0.0,0
192,0.9,6,0.15,no_peak_in_valid_interval,,no_peak_in_valid_interval,,0
192,0.9,6,0.3,no_peak_in_valid_interval,,no_peak_in_valid_interval,,0
192,0.9,6,0.6,no_peak_in_valid_interval,,no_peak_in_valid_interval,,0
192,1.0,1,0.15,no_peak_in_valid_interval,,no_peak_in_valid_interval,,0
192,1.0,1,0.3,no_peak_in_valid_interval,,no_peak_in_valid_interval,,0
192,1.0,1,0.6,no_peak_in_valid_interval,,no_peak_in_valid_interval,,0
192,1.0,2,0.15,no_peak_in_valid_interval,,no_peak_in_valid_interval,,0
192,1.0,2,0.3,no_peak_in_valid_interval,,no_peak_in_valid_interval,,0
192,1.0,2,0.6,no_peak_in_valid_interval,,no_peak_in_valid_interval,,0
192,1.0,3,0.15,no_peak_in_valid_interval,,no_peak_in_valid_interval,,0
192,1.0,3,0.3,no_peak_in_valid_interval,,no_peak_in_valid_interval,,0
192,1.0,3,0.6,no_peak_in_valid_interval,,no_peak_in_valid_interval,,0
192,1.0,4,0.15,no_peak_in_valid_interval,,no_peak_in_valid_interval,,0
192,1.0,4,0.3,no_peak_in_valid_interval,,no_peak_in_valid_interval,,0
192,1.0,4,0.6,no_peak_in_valid_interval,,no_peak_in_valid_interval,,0
192,1.0,5,0.15,no_peak_in_valid_interval,,no_peak_in_valid_interval,,0
192,1.0,5,0.3,no_peak_in_valid_interval,,no_peak_in_valid_interval,,0
192,1.0,5,0.6,no_peak_in_valid_interval,,no_peak_in_valid_interval,,0
192,1.0,6,0.15,no_peak_in_valid_interval,,no_peak_in_valid_interval,,0
192,1.0,6,0.3,no_peak_in_valid_interval,,no_peak_in_valid_interval,,0
192,1.0,6,0.6,no_peak_in_valid_interval,,no_peak_in_valid_interval,,0
24,0.2,1,0.15,defined,-0.003438141352507997,defined,0.0,10
24,0.2,1,0.3,defined,-0.003438141352507997,defined,0.0,0
24,0.2,1,0.6,defined,-0.003438141352507997,defined,0.0,0
24,0.2,2,0.15,defined,-0.08690637173130333,defined,0.0,15
24,0.2,2,0.3,defined,-0.08690637173130333,defined,0.0,11
24,0.2,2,0.6,defined,-0.08690637173130333,defined,0.0,10
24,0.2,3,0.15,defined,-0.18222072566837955,defined,0.0,17
24,0.2,3,0.3,defined,-0.18222072566837955,defined,0.0,13
24,0.2,3,0.6,defined,-0.18222072566837955,defined,0.0,12
24,0.2,4,0.15,defined,-0.2880297275552395,defined,0.0,4
24,0.2,4,0.3,defined,-0.2880297275552395,defined,0.0,4
24,0.2,4,0.6,defined,-0.2880297275552395,defined,0.0,4
24,0.2,5,0.15,defined,-0.40427674978185874,defined,0.0,4
24,0.2,5,0.3,defined,-0.40427674978185874,defined,0.0,4
24,0.2,5,0.6,defined,-0.40427674978185874,defined,0.0,4
24,0.2,6,0.15,defined,-0.5319547249632317,defined,0.0,2
24,0.2,6,0.3,defined,-0.5319547249632317,defined,0.0,2
24,0.2,6,0.6,defined,-0.5319547249632317,defined,0.0,2
24,0.3,1,0.15,defined,-0.015489116558285998,defined,0.0,0
24,0.3,1,0.3,defined,-0.015489116558285998,defined,0.0,0
24,0.3,1,0.6,defined,-0.015489116558285998,defined,0.0,0
24,0.3,2,0.15,defined,-0.10136860809867954,defined,0.0,6
24,0.3,2,0.3,defined,-0.10136860809867954,defined,0.0,6
24,0.3,2,0.6,defined,-0.10136860809867954,defined,0.0,6
24,0.3,3,0.15,defined,-0.20038892612401235,defined,0.0,10
24,0.3,3,0.3,defined,-0.20038892612401235,defined,0.0,8
24,0.3,3,0.6,defined,-0.20038892612401235,defined,0.0,8
24,0.3,4,0.15,defined,-0.31125586327844124,defined,0.0,15
24,0.3,4,0.3,defined,-0.31125586327844124,defined,0.0,11
24,0.3,4,0.6,defined,-0.31125586327844124,defined,0.0,10
24,0.3,5,0.15,defined,-0.4340472451785517,defined,0.0,7
24,0.3,5,0.3,defined,-0.4340472451785517,defined,0.0,6
24,0.3,5,0.6,defined,-0.4340472451785517,defined,0.0,6
24,0.3,6,0.15,defined,-0.5700885425872962,defined,0.0,6
24,0.3,6,0.3,defined,-0.5700885425872962,defined,0.0,4
24,0.3,6,0.6,defined,-0.5700885425872962,defined,0.0,4
24,0.35,1,0.15,defined,-0.018848293729401708,defined,0.0,0
24,0.35,1,0.3,defined,-0.018848293729401708,defined,0.0,0
24,0.35,1,0.6,defined,-0.018848293729401708,defined,0.0,0
24,0.35,2,0.15,defined,-0.105621713871821,defined,0.0,6
24,0.35,2,0.3,defined,-0.105621713871821,defined,0.0,6
24,0.35,2,0.6,defined,-0.105621713871821,defined,0.0,6
24,0.35,3,0.15,defined,-0.20617597050181735,defined,0.0,6
24,0.35,3,0.3,defined,-0.20617597050181735,defined,0.0,6
24,0.35,3,0.6,defined,-0.20617597050181735,defined,0.0,6
24,0.35,4,0.15,defined,-0.3192668498166935,defined,0.0,7
24,0.35,4,0.3,defined,-0.3192668498166935,defined,0.0,6
24,0.35,4,0.6,defined,-0.3192668498166935,defined,0.0,6
24,0.35,5,0.15,defined,-0.44504606388853823,defined,0.0,14
24,0.35,5,0.3,defined,-0.44504606388853823,defined,0.0,12
24,0.35,5,0.6,defined,-0.44504606388853823,defined,0.0,10
24,0.35,6,0.15,defined,-0.5850089870319036,defined,0.0,5
24,0.35,6,0.3,defined,-0.5850089870319036,defined,0.0,4
24,0.35,6,0.6,defined,-0.5850089870319036,defined,0.0,4
24,0.4,1,0.15,defined,-0.020419124460076314,defined,0.0,0
24,0.4,1,0.3,defined,-0.020419124460076314,defined,0.0,0
24,0.4,1,0.6,defined,-0.020419124460076314,defined,0.0,0
24,0.4,2,0.15,defined,-0.10785735779215427,defined,0.0,2
24,0.4,2,0.3,defined,-0.10785735779215427,defined,0.0,2
24,0.4,2,0.6,defined,-0.10785735779215427,defined,0.0,2
24,0.4,3,0.15,defined,-0.20970772012042466,defined,0.0,7
24,0.4,3,0.3,defined,-0.20970772012042466,defined,0.0,6
24,0.4,3,0.6,defined,-0.20970772012042466,defined,0.0,6
24,0.4,4,0.15,defined,-0.32479735085535205,defined,0.0,7
24,0.4,4,0.3,defined,-0.32479735085535205,defined,0.0,6
24,0.4,4,0.6,defined,-0.32479735085535205,defined,0.0,6
24,0.4,5,0.15,defined,-0.45336054743294213,defined,0.0,8
24,0.4,5,0.3,defined,-0.45336054743294213,defined,0.0,6
24,0.4,5,0.6,defined,-0.45336054743294213,defined,0.0,6
24,0.4,6,0.15,defined,-0.5970638880509764,defined,0.0,8
24,0.4,6,0.3,defined,-0.5970638880509764,defined,0.0,6
24,0.4,6,0.6,defined,-0.5970638880509764,defined,0.0,5
24,0.5,1,0.15,defined,-0.018093837084874137,defined,0.0,0
24,0.5,1,0.3,defined,-0.018093837084874137,defined,0.0,0
24,0.5,1,0.6,defined,-0.018093837084874137,defined,0.0,0
24,0.5,2,0.15,defined,-0.10606798603028589,defined,0.0,2
24,0.5,2,0.3,defined,-0.10606798603028589,defined,0.0,2
24,0.5,2,0.6,defined,-0.10606798603028589,defined,0.0,2
24,0.5,3,0.15,defined,-0.20965750505784253,defined,0.0,6
24,0.5,3,0.3,defined,-0.20965750505784253,defined,0.0,6
24,0.5,3,0.6,defined,-0.20965750505784253,defined,0.0,6
24,0.5,4,0.15,defined,-0.3279304586258822,defined,0.0,7
24,0.5,4,0.3,defined,-0.3279304586258822,defined,0.0,6
24,0.5,4,0.6,defined,-0.3279304586258822,defined,0.0,6
24,0.5,5,0.15,defined,-0.46134288955913616,defined,0.0,6
24,0.5,5,0.3,defined,-0.46134288955913616,defined,0.0,6
24,0.5,5,0.6,defined,-0.46134288955913616,defined,0.0,6
24,0.5,6,0.15,defined,-0.6119105844685242,defined,-1.1102230246251565e-16,7
24,0.5,6,0.3,defined,-0.6119105844685241,defined,0.0,6
24,0.5,6,0.6,defined,-0.6119105844685241,defined,0.0,6
24,0.6,1,0.15,defined,-0.00816985880298425,defined,0.0,0
24,0.6,1,0.3,defined,-0.00816985880298425,defined,0.0,0
24,0.6,1,0.6,defined,-0.00816985880298425,defined,0.0,0
24,0.6,2,0.15,defined,-0.09532590318820068,defined,0.0,2
24,0.6,2,0.3,defined,-0.09532590318820068,defined,0.0,2
24,0.6,2,0.6,defined,-0.09532590318820068,defined,0.0,2
24,0.6,3,0.15,defined,-0.19906723041924423,defined,0.0,2
24,0.6,3,0.3,defined,-0.19906723041924423,defined,0.0,2
24,0.6,3,0.6,defined,-0.19906723041924423,defined,0.0,2
24,0.6,4,0.15,defined,-0.31891578257632236,defined,0.0,7
24,0.6,4,0.3,defined,-0.31891578257632236,defined,0.0,6
24,0.6,4,0.6,defined,-0.31891578257632236,defined,0.0,6
24,0.6,5,0.15,defined,-0.4557663795893492,defined,0.0,7
24,0.6,5,0.3,defined,-0.4557663795893492,defined,0.0,6
24,0.6,5,0.6,defined,-0.4557663795893492,defined,0.0,6
24,0.6,6,0.15,defined,-0.6120742935925825,defined,-6.661338147750939e-16,7
24,0.6,6,0.3,defined,-0.6120742935925818,defined,0.0,6
24,0.6,6,0.6,defined,-0.6120742935925818,defined,0.0,6
24,0.7,1,0.15,defined,0.009986726703947735,defined,0.0,0
24,0.7,1,0.3,defined,0.009986726703947735,defined,0.0,0
24,0.7,1,0.6,defined,0.009986726703947735,defined,0.0,0
24,0.7,2,0.15,defined,-0.07430674708735108,defined,0.0,1
24,0.7,2,0.3,defined,-0.07430674708735108,defined,0.0,1
24,0.7,2,0.6,defined,-0.07430674708735108,defined,0.0,1
24,0.7,3,0.15,defined,-0.17518121202195025,defined,0.0,2
24,0.7,3,0.3,defined,-0.17518121202195025,defined,0.0,2
24,0.7,3,0.6,defined,-0.17518121202195025,defined,0.0,2
24,0.7,4,0.15,defined,-0.2921884355716998,defined,0.0,4
24,0.7,4,0.3,defined,-0.2921884355716998,defined,0.0,4
24,0.7,4,0.6,defined,-0.2921884355716998,defined,0.0,4
24,0.7,5,0.15,defined,-0.00010097586942657208,defined,0.0,6
24,0.7,5,0.3,defined,-0.00010097586942657208,defined,0.0,6
24,0.7,5,0.6,defined,-0.00010097586942657208,defined,0.0,6
24,0.7,6,0.15,defined,-0.011870084793348612,defined,0.0,7
24,0.7,6,0.3,defined,-0.011870084793348612,defined,0.0,6
24,0.7,6,0.6,defined,-0.011870084793348612,defined,0.0,6
24,0.8,1,0.15,defined,0.03749122573120993,defined,0.0,0
24,0.8,1,0.3,defined,0.03749122573120993,defined,0.0,0
24,0.8,1,0.6,defined,0.03749122573120993,defined,0.0,0
24,0.8,2,0.15,defined,-0.04004073069785097,defined,0.0,1
24,0.8,2,0.3,defined,-0.04004073069785097,defined,0.0,1
24,0.8,2,0.6,defined,-0.04004073069785097,defined,0.0,1
24,0.8,3,0.15,defined,0.05859084199405831,defined,0.0,2
24,0.8,3,0.3,defined,0.05859084199405831,defined,0.0,2
24,0.8,3,0.6,defined,0.05859084199405831,defined,0.0,2
24,0.8,4,0.15,defined,0.09881489113687787,defined,0.0,2
24,0.8,4,0.3,defined,0.09881489113687787,defined,0.0,2
24,0.8,4,0.6,defined,0.09881489113687787,defined,0.0,2
24,0.8,5,0.15,defined,,defined,,7
24,0.8,5,0.3,defined,,defined,,6
24,0.8,5,0.6,defined,,defined,,6
24,0.8,6,0.15,defined,,defined,,7
24,0.8,6,0.3,defined,,defined,,6
24,0.8,6,0.6,defined,,defined,,6
24,0.9,1,0.15,defined,0.07647464375808664,defined,0.0,0
24,0.9,1,0.3,defined,0.07647464375808664,defined,0.0,0
24,0.9,1,0.6,defined,0.07647464375808664,defined,0.0,0
24,0.9,2,0.15,defined,0.11482782101226285,defined,0.0,1
24,0.9,2,0.3,defined,0.11482782101226285,defined,0.0,1
24,0.9,2,0.6,defined,0.11482782101226285,defined,0.0,1
24,0.9,3,0.15,defined,0.17202983389312235,defined,0.0,2
24,0.9,3,0.3,defined,0.17202983389312235,defined,0.0,2
24,0.9,3,0.6,defined,0.17202983389312235,defined,0.0,2
24,0.9,4,0.15,defined,0.22571569331134156,defined,0.0,2
24,0.9,4,0.3,defined,0.22571569331134156,defined,0.0,2
24,0.9,4,0.6,defined,0.22571569331134156,defined,0.0,2
24,0.9,5,0.15,defined,,defined,,5
24,0.9,5,0.3,defined,,defined,,4
24,0.9,5,0.6,defined,,defined,,4
24,0.9,6,0.15,defined,,defined,,9
24,0.9,6,0.3,defined,,defined,,6
24,0.9,6,0.6,defined,,defined,,6
24,1.0,1,0.15,defined,0.13290870153784734,defined,0.0,0
24,1.0,1,0.3,defined,0.13290870153784734,defined,0.0,0
24,1.0,1,0.6,defined,0.13290870153784734,defined,0.0,0
24,1.0,2,0.15,root_branch_change,,root_branch_change,,1
24,1.0,2,0.3,root_branch_change,,root_branch_change,,1
24,1.0,2,0.6,root_branch_change,,root_branch_change,,1
24,1.0,3,0.15,defined,0.3046651031364571,defined,0.0,2
24,1.0,3,0.3,defined,0.3046651031364571,defined,0.0,2
24,1.0,3,0.6,defined,0.3046651031364571,defined,0.0,2
24,1.0,4,0.15,root_branch_change,,root_branch_change,,2
24,1.0,4,0.3,root_branch_change,,root_branch_change,,2
24,1.0,4,0.6,root_branch_change,,root_branch_change,,2
24,1.0,5,0.15,root_branch_change,,root_branch_change,,2
24,1.0,5,0.3,root_branch_change,,root_branch_change,,2
24,1.0,5,0.6,root_branch_change,,root_branch_change,,2
24,1.0,6,0.15,root_branch_change,,root_branch_change,,8
24,1.0,6,0.3,root_branch_change,,root_branch_change,,6
24,1.0,6,0.6,root_branch_change,,root_branch_change,,6
256,0.2,1,0.15,defined,0.08348942421031007,defined,0.0,0
256,0.2,1,0.3,defined,0.08348942421031007,defined,0.0,0
256,0.2,1,0.6,defined,0.08348942421031007,defined,0.0,0
256,0.2,2,0.15,defined,0.07563971509616751,defined,0.0,0
256,0.2,2,0.3,defined,0.07563971509616751,defined,0.0,0
256,0.2,2,0.6,defined,0.07563971509616751,defined,0.0,0
256,0.2,3,0.15,defined,0.0667342359757237,defined,0.0,0
256,0.2,3,0.3,defined,0.0667342359757237,defined,0.0,0
256,0.2,3,0.6,defined,0.0667342359757237,defined,0.0,0
256,0.2,4,0.15,defined,0.05698042216436483,defined,0.0,4
256,0.2,4,0.3,defined,0.05698042216436483,defined,0.0,4
256,0.2,4,0.6,defined,0.05698042216436483,defined,0.0,4
256,0.2,5,0.15,defined,0.046503825378799074,defined,0.0,5
256,0.2,5,0.3,defined,0.046503825378799074,defined,0.0,4
256,0.2,5,0.6,defined,0.046503825378799074,defined,0.0,4
256,0.2,6,0.15,defined,0.035389519606313126,defined,0.0,7
256,0.2,6,0.3,defined,0.035389519606313126,defined,0.0,5
256,0.2,6,0.6,defined,0.035389519606313126,defined,0.0,4
256,0.3,1,0.15,defined,0.09219583656852234,defined,0.0,0
256,0.3,1,0.3,defined,0.09219583656852234,defined,0.0,0
256,0.3,1,0.6,defined,0.09219583656852234,defined,0.0,0
256,0.3,2,0.15,defined,0.08443125649196026,defined,0.0,0
256,0.3,2,0.3,defined,0.08443125649196026,defined,0.0,0
256,0.3,2,0.6,defined,0.08443125649196026,defined,0.0,0
256,0.3,3,0.15,defined,0.07559699442369627,defined,0.0,0
256,0.3,3,0.3,defined,0.07559699442369627,defined,0.0,0
256,0.3,3,0.6,defined,0.07559699442369627,defined,0.0,0
256,0.3,4,0.15,defined,0.06589648342619592,defined,0.0,0
256,0.3,4,0.3,defined,0.06589648342619592,defined,0.0,0
256,0.3,4,0.6,defined,0.06589648342619592,defined,0.0,0
256,0.3,5,0.15,defined,0.055452224678203654,defined,0.0,0
256,0.3,5,0.3,defined,0.055452224678203654,defined,0.0,0
256,0.3,5,0.6,defined,0.055452224678203654,defined,0.0,0
256,0.3,6,0.15,defined,0.04434742032419248,defined,0.0,4
256,0.3,6,0.3,defined,0.04434742032419248,defined,0.0,4
256,0.3,6,0.6,defined,0.04434742032419248,defined,0.0,4
256,0.35,1,0.15,defined,0.09922370539561198,defined,0.0,0
256,0.35,1,0.3,defined,0.09922370539561198,defined,0.0,0
256,0.35,1,0.6,defined,0.09922370539561198,defined,0.0,0
256,0.35,2,0.15,defined,0.09153847959202434,defined,0.0,0
256,0.35,2,0.3,defined,0.09153847959202434,defined,0.0,0
256,0.35,2,0.6,defined,0.09153847959202434,defined,0.0,0
256,0.35,3,0.15,defined,0.08278197791779768,defined,0.0,0
256,0.35,3,0.3,defined,0.08278197791779768,defined,0.0,0
256,0.35,3,0.6,defined,0.08278197791779768,defined,0.0,0
256,0.35,4,0.15,defined,0.07315449317025742,defined,0.0,0
256,0.35,4,0.3,defined,0.07315449317025742,defined,0.0,0
256,0.35,4,0.6,defined,0.07315449317025742,defined,0.0,0
256,0.35,5,0.15,defined,0.06277641245037868,defined,0.0,0
256,0.35,5,0.3,defined,0.06277641245037868,defined,0.0,0
256,0.35,5,0.6,defined,0.06277641245037868,defined,0.0,0
256,0.35,6,0.15,defined,0.05172937775749609,defined,0.0,2
256,0.35,6,0.3,defined,0.05172937775749609,defined,0.0,2
256,0.35,6,0.6,defined,0.05172937775749609,defined,0.0,2
256,0.4,1,0.15,defined,0.10808918803618398,defined,0.0,0
256,0.4,1,0.3,defined,0.10808918803618398,defined,0.0,0
256,0.4,1,0.6,defined,0.10808918803618398,defined,0.0,0
256,0.4,2,0.15,defined,0.10051043125118907,defined,0.0,0
256,0.4,2,0.3,defined,0.10051043125118907,defined,0.0,0
256,0.4,2,0.6,defined,0.10051043125118907,defined,0.0,0
256,0.4,3,0.15,defined,0.09186303897090808,defined,0.0,0
256,0.4,3,0.3,defined,0.09186303897090808,defined,0.0,0
256,0.4,3,0.6,defined,0.09186303897090808,defined,0.0,0
256,0.4,4,0.15,defined,0.08234340768629285,defined,0.0,0
256,0.4,4,0.3,defined,0.08234340768629285,defined,0.0,0
256,0.4,4,0.6,defined,0.08234340768629285,defined,0.0,0
256,0.4,5,0.15,defined,0.07206934682498789,defined,0.0,0
256,0.4,5,0.3,defined,0.07206934682498789,defined,0.0,0
256,0.4,5,0.6,defined,0.07206934682498789,defined,0.0,0
256,0.4,6,0.15,defined,0.06112053754648902,defined,0.0,0
256,0.4,6,0.3,defined,0.06112053754648902,defined,0.0,0
256,0.4,6,0.6,defined,0.06112053754648902,defined,0.0,0
256,0.5,1,0.15,defined,0.13157379610340775,defined,0.0,0
256,0.5,1,0.3,defined,0.13157379610340775,defined,0.0,0
256,0.5,1,0.6,defined,0.13157379610340775,defined,0.0,0
256,0.5,2,0.15,defined,0.1243008041405268,defined,0.0,0
256,0.5,2,0.3,defined,0.1243008041405268,defined,0.0,0
256,0.5,2,0.6,defined,0.1243008041405268,defined,0.0,0
256,0.5,3,0.15,defined,0.11598008399096034,defined,0.0,0
256,0.5,3,0.3,defined,0.11598008399096034,defined,0.0,0
256,0.5,3,0.6,defined,0.11598008399096034,defined,0.0,0
256,0.5,4,0.15,defined,0.10679798270038456,defined,0.0,0
256,0.5,4,0.3,defined,0.10679798270038456,defined,0.0,0
256,0.5,4,0.6,defined,0.10679798270038456,defined,0.0,0
256,0.5,5,0.15,defined,0.09686577789358419,defined,0.0,0
256,0.5,5,0.3,defined,0.09686577789358419,defined,0.0,0
256,0.5,5,0.6,defined,0.09686577789358419,defined,0.0,0
256,0.5,6,0.15,defined,0.08625829198599932,defined,0.0,0
256,0.5,6,0.3,defined,0.08625829198599932,defined,0.0,0
256,0.5,6,0.6,defined,0.08625829198599932,defined,0.0,0
256,0.6,1,0.15,defined,0.16330316001510795,defined,0.0,0
256,0.6,1,0.3,defined,0.16330316001510795,defined,0.0,0
256,0.6,1,0.6,defined,0.16330316001510795,defined,0.0,0
256,0.6,2,0.15,defined,0.15648863401349478,defined,0.0,0
256,0.6,2,0.3,defined,0.15648863401349478,defined,0.0,0
256,0.6,2,0.6,defined,0.15648863401349478,defined,0.0,0
256,0.6,3,0.15,defined,0.14867575804085684,defined,0.0,0
256,0.6,3,0.3,defined,0.14867575804085684,defined,0.0,0
256,0.6,3,0.6,defined,0.14867575804085684,defined,0.0,0
256,0.6,4,0.15,defined,0.1400380977704263,defined,0.0,0
256,0.6,4,0.3,defined,0.1400380977704263,defined,0.0,0
256,0.6,4,0.6,defined,0.1400380977704263,defined,0.0,0
256,0.6,5,0.15,defined,0.1306791203204428,defined,0.0,0
256,0.6,5,0.3,defined,0.1306791203204428,defined,0.0,0
256,0.6,5,0.6,defined,0.1306791203204428,defined,0.0,0
256,0.6,6,0.15,defined,0.12066813770612575,defined,0.0,0
256,0.6,6,0.3,defined,0.12066813770612575,defined,0.0,0
256,0.6,6,0.6,defined,0.12066813770612575,defined,0.0,0
256,0.7,1,0.15,defined,0.20431790586251686,defined,0.0,0
256,0.7,1,0.3,defined,0.20431790586251686,defined,0.0,0
256,0.7,1,0.6,defined,0.20431790586251686,defined,0.0,0
256,0.7,2,0.15,defined,0.19817362170338315,defined,0.0,0
256,0.7,2,0.3,defined,0.19817362170338315,defined,0.0,0
256,0.7,2,0.6,defined,0.19817362170338315,defined,0.0,0
256,0.7,3,0.15,defined,0.1911255745237385,defined,0.0,0
256,0.7,3,0.3,defined,0.1911255745237385,defined,0.0,0
256,0.7,3,0.6,defined,0.1911255745237385,defined,0.0,0
256,0.7,4,0.15,defined,0.18333343932361762,defined,0.0,0
256,0.7,4,0.3,defined,0.18333343932361762,defined,0.0,0
256,0.7,4,0.6,defined,0.18333343932361762,defined,0.0,0
256,0.7,5,0.15,defined,0.17489409250558646,defined,0.0,0
256,0.7,5,0.3,defined,0.17489409250558646,defined,0.0,0
256,0.7,5,0.6,defined,0.17489409250558646,defined,0.0,0
256,0.7,6,0.15,defined,0.16587417071499103,defined,0.0,0
256,0.7,6,0.3,defined,0.16587417071499103,defined,0.0,0
256,0.7,6,0.6,defined,0.16587417071499103,defined,0.0,0
256,0.8,1,0.15,defined,0.2563594854385989,defined,0.0,0
256,0.8,1,0.3,defined,0.2563594854385989,defined,0.0,0
256,0.8,1,0.6,defined,0.2563594854385989,defined,0.0,0
256,0.8,2,0.15,defined,0.2512191849742377,defined,0.0,0
256,0.8,2,0.3,defined,0.2512191849742377,defined,0.0,0
256,0.8,2,0.6,defined,0.2512191849742377,defined,0.0,0
256,0.8,3,0.15,defined,0.24535435607060885,defined,0.0,0
256,0.8,3,0.3,defined,0.24535435607060885,defined,0.0,0
256,0.8,3,0.6,defined,0.24535435607060885,defined,0.0,0
256,0.8,4,0.15,defined,0.23891749987076732,defined,0.0,0
256,0.8,4,0.3,defined,0.23891749987076732,defined,0.0,0
256,0.8,4,0.6,defined,0.23891749987076732,defined,0.0,0
256,0.8,5,0.15,defined,0.23201284679851275,defined,0.0,0
256,0.8,5,0.3,defined,0.23201284679851275,defined,0.0,0
256,0.8,5,0.6,defined,0.23201284679851275,defined,0.0,0
256,0.8,6,0.15,defined,0.22472644838989667,defined,0.0,0
256,0.8,6,0.3,defined,0.22472644838989667,defined,0.0,0
256,0.8,6,0.6,defined,0.22472644838989667,defined,0.0,0
256,0.9,1,0.15,defined,0.3227853356886627,defined,0.0,0
256,0.9,1,0.3,defined,0.3227853356886627,defined,0.0,0
256,0.9,1,0.6,defined,0.3227853356886627,defined,0.0,0
256,0.9,2,0.15,defined,0.3193232353778028,defined,0.0,0
256,0.9,2,0.3,defined,0.3193232353778028,defined,0.0,0
256,0.9,2,0.6,defined,0.3193232353778028,defined,0.0,0
256,0.9,3,0.15,defined,0.31554437287480913,defined,0.0,0
256,0.9,3,0.3,defined,0.31554437287480913,defined,0.0,0
256,0.9,3,0.6,defined,0.31554437287480913,defined,0.0,0
256,0.9,4,0.15,defined,0.3116674356413436,defined,0.0,0
256,0.9,4,0.3,defined,0.3116674356413436,defined,0.0,0
256,0.9,4,0.6,defined,0.3116674356413436,defined,0.0,0
256,0.9,5,0.15,defined,0.3079562691911013,defined,0.0,0
256,0.9,5,0.3,defined,0.3079562691911013,defined,0.0,0
256,0.9,5,0.6,defined,0.3079562691911013,defined,0.0,0
256,0.9,6,0.15,defined,0.30490203072593114,defined,0.0,0
256,0.9,6,0.3,defined,0.30490203072593114,defined,0.0,0
256,0.9,6,0.6,defined,0.30490203072593114,defined,0.0,0
256,1.0,1,0.15,no_peak_in_valid_interval,,no_peak_in_valid_interval,,0
256,1.0,1,0.3,no_peak_in_valid_interval,,no_peak_in_valid_interval,,0
256,1.0,1,0.6,no_peak_in_valid_interval,,no_peak_in_valid_interval,,0
256,1.0,2,0.15,no_peak_in_valid_interval,,no_peak_in_valid_interval,,0
256,1.0,2,0.3,no_peak_in_valid_interval,,no_peak_in_valid_interval,,0
256,1.0,2,0.6,no_peak_in_valid_interval,,no_peak_in_valid_interval,,0
256,1.0,3,0.15,no_peak_in_valid_interval,,no_peak_in_valid_interval,,0
256,1.0,3,0.3,no_peak_in_valid_interval,,no_peak_in_valid_interval,,0
256,1.0,3,0.6,no_peak_in_valid_interval,,no_peak_in_valid_interval,,0
256,1.0,4,0.15,no_peak_in_valid_interval,,no_peak_in_valid_interval,,0
256,1.0,4,0.3,no_peak_in_valid_interval,,no_peak_in_valid_interval,,0
256,1.0,4,0.6,no_peak_in_valid_interval,,no_peak_in_valid_interval,,0
256,1.0,5,0.15,no_peak_in_valid_interval,,no_peak_in_valid_interval,,0
256,1.0,5,0.3,no_peak_in_valid_interval,,no_peak_in_valid_interval,,0
256,1.0,5,0.6,no_peak_in_valid_interval,,no_peak_in_valid_interval,,0
256,1.0,6,0.15,no_peak_in_valid_interval,,no_peak_in_valid_interval,,0
256,1.0,6,0.3,no_peak_in_valid_interval,,no_peak_in_valid_interval,,0
256,1.0,6,0.6,no_peak_in_valid_interval,,no_peak_in_valid_interval,,0
32,0.2,1,0.15,defined,0.01707721181045252,defined,0.0,0
32,0.2,1,0.3,defined,0.01707721181045252,defined,0.0,0
32,0.2,1,0.6,defined,0.01707721181045252,defined,0.0,0
32,0.2,2,0.15,defined,-0.04581707303482982,defined,0.0,15
32,0.2,2,0.3,defined,-0.04581707303482982,defined,0.0,10
32,0.2,2,0.6,defined,-0.04581707303482982,defined,0.0,7
32,0.2,3,0.15,defined,-0.11739032478132269,defined,0.0,13
32,0.2,3,0.3,defined,-0.11739032478132269,defined,0.0,11
32,0.2,3,0.6,defined,-0.11739032478132269,defined,0.0,9
32,0.2,4,0.15,defined,-0.19628136363430052,defined,0.0,11
32,0.2,4,0.3,defined,-0.19628136363430052,defined,0.0,8
32,0.2,4,0.6,defined,-0.19628136363430052,defined,0.0,8
32,0.2,5,0.15,defined,-0.28191435735821035,defined,0.0,5
32,0.2,5,0.3,defined,-0.28191435735821035,defined,0.0,4
32,0.2,5,0.6,defined,-0.28191435735821035,defined,0.0,4
32,0.2,6,0.15,defined,-0.3742134480686694,defined,0.0,6
32,0.2,6,0.3,defined,-0.3742134480686694,defined,0.0,4
32,0.2,6,0.6,defined,-0.3742134480686694,defined,0.0,4
32,0.3,1,0.15,defined,0.009306469401532683,defined,0.0,0
32,0.3,1,0.3,defined,0.009306469401532683,defined,0.0,0
32,0.3,1,0.6,defined,0.009306469401532683,defined,0.0,0
32,0.3,2,0.15,defined,-0.054916060173693014,defined,0.0,5
32,0.3,2,0.3,defined,-0.054916060173693014,defined,0.0,5
32,0.3,2,0.6,defined,-0.054916060173693014,defined,0.0,5
32,0.3,3,0.15,defined,-0.12861063696985348,defined,0.0,12
32,0.3,3,0.3,defined,-0.12861063696985348,defined,0.0,7
32,0.3,3,0.6,defined,-0.12861063696985348,defined,0.0,5
32,0.3,4,0.15,defined,-0.21043412463371824,defined,0.0,10
32,0.3,4,0.3,defined,-0.21043412463371824,defined,0.0,8
32,0.3,4,0.6,defined,-0.21043412463371824,defined,0.0,8
32,0.3,5,0.15,defined,-0.2998305426381896,defined,0.0,14
32,0.3,5,0.3,defined,-0.2998305426381896,defined,0.0,10
32,0.3,5,0.6,defined,-0.2998305426381896,defined,0.0,10
32,0.3,6,0.15,defined,-0.3967682008795869,defined,0.0,9
32,0.3,6,0.3,defined,-0.3967682008795869,defined,0.0,7
32,0.3,6,0.6,defined,-0.3967682008795869,defined,0.0,6
32,0.35,1,0.15,defined,0.008069534707104118,defined,0.0,0
32,0.35,1,0.3,defined,0.008069534707104118,defined,0.0,0
32,0.35,1,0.6,defined,0.008069534707104118,defined,0.0,0
32,0.35,2,0.15,defined,-0.056568464392807494,defined,0.0,1
32,0.35,2,0.3,defined,-0.056568464392807494,defined,0.0,1
32,0.35,2,0.6,defined,-0.056568464392807494,defined,0.0,1
32,0.35,3,0.15,defined,-0.13105985779735474,defined,0.0,7
32,0.35,3,0.3,defined,-0.13105985779735474,defined,0.0,5
32,0.35,3,0.6,defined,-0.13105985779735474,defined,0.0,5
32,0.35,4,0.15,defined,-0.21408841119942615,defined,0.0,14
32,0.35,4,0.3,defined,-0.21408841119942615,defined,0.0,6
32,0.35,4,0.6,defined,-0.21408841119942615,defined,0.0,6
32,0.35,5,0.15,defined,-0.3051178062087164,defined,0.0,7
32,0.35,5,0.3,defined,-0.3051178062087164,defined,0.0,6
32,0.35,5,0.6,defined,-0.3051178062087164,defined,0.0,6
32,0.35,6,0.15,defined,-0.40414073698807607,defined,0.0,15
32,0.35,6,0.3,defined,-0.40414073698807607,defined,0.0,9
32,0.35,6,0.6,defined,-0.40414073698807607,defined,0.0,9
32,0.4,1,0.15,defined,0.008616027587588615,defined,0.0,0
32,0.4,1,0.3,defined,0.008616027587588615,defined,0.0,0
32,0.4,1,0.6,defined,0.008616027587588615,defined,0.0,0
32,0.4,2,0.15,defined,-0.05625411542926506,defined,0.0,1
32,0.4,2,0.3,defined,-0.05625411542926506,defined,0.0,1
32,0.4,2,0.6,defined,-0.05625411542926506,defined,0.0,1
32,0.4,3,0.15,defined,-0.13134369537154011,defined,0.0,6
32,0.4,3,0.3,defined,-0.13134369537154011,defined,0.0,5
32,0.4,3,0.6,defined,-0.13134369537154011,defined,0.0,5
32,0.4,4,0.15,defined,-0.2153794448443831,defined,0.0,15
32,0.4,4,0.3,defined,-0.2153794448443831,defined,0.0,6
32,0.4,4,0.6,defined,-0.2153794448443831,defined,0.0,6
32,0.4,5,0.15,defined,-0.30785553421322626,defined,0.0,7
32,0.4,5,0.3,defined,-0.30785553421322626,defined,0.0,6
32,0.4,5,0.6,defined,-0.30785553421322626,defined,0.0,6
32,0.4,6,0.15,defined,-0.40879324503913056,defined,0.0,7
32,0.4,6,0.3,defined,-0.40879324503913056,defined,0.0,6
32,0.4,6,0.6,defined,-0.40879324503913056,defined,0.0,6
32,0.5,1,0.15,defined,0.015180174730399454,defined,0.0,0
32,0.5,1,0.3,defined,0.015180174730399454,defined,0.0,0
32,0.5,1,0.6,defined,0.015180174730399454,defined,0.0,0
32,0.5,2,0.15,defined,-0.049520278320471435,defined,0.0,1
32,0.5,2,0.3,defined,-0.049520278320471435,defined,0.0,1
32,0.5,2,0.6,defined,-0.049520278320471435,defined,0.0,1
32,0.5,3,0.15,defined,-0.12509269401648188,defined,0.0,3
32,0.5,3,0.3,defined,-0.12509269401648188,defined,0.0,3
32,0.5,3,0.6,defined,-0.12509269401648188,defined,0.0,3
32,0.5,4,0.15,defined,-0.21041362536588712,defined,0.0,14
32,0.5,4,0.3,defined,-0.21041362536588712,defined,0.0,6
32,0.5,4,0.6,defined,-0.21041362536588712,defined,0.0,6
32,0.5,5,0.15,defined,-0.30509411196656533,defined,0.0,6
32,0.5,5,0.3,defined,-0.30509411196656533,defined,0.0,6
32,0.5,5,0.6,defined,-0.30509411196656533,defined,0.0,6
32,0.5,6,0.15,defined,-0.4092457200660058,defined,0.0,8
32,0.5,6,0.3,defined,-0.4092457200660058,defined,0.0,6
32,0.5,6,0.6,defined,-0.4092457200660058,defined,0.0,6
32,0.6,1,0.15,defined,0.02937792751781148,defined,0.0,0
32,0.6,1,0.3,defined,0.02937792751781148,defined,0.0,0
32,0.6,1,0.6,defined,0.02937792751781148,defined,0.0,0
32,0.6,2,0.15,defined,-0.0340823194916168,defined,0.0,1
32,0.6,2,0.3,defined,-0.0340823194916168,defined,0.0,1
32,0.6,2,0.6,defined,-0.0340823194916168,defined,0.0,1
32,0.6,3,0.15,defined,-0.10883229194487272,defined,0.0,1
32,0.6,3,0.3,defined,-0.10883229194487272,defined,0.0,1
32,0.6,3,0.6,defined,-0.10883229194487272,defined,0.0,1
32,0.6,4,0.15,defined,-0.19399729161743204,defined,0.0,10
32,0.6,4,0.3,defined,-0.19399729161743204,defined,0.0,6
32,0.6,4,0.6,defined,-0.19399729161743204,defined,0.0,6
32,0.6,5,0.15,defined,-0.28944578671308313,defined,0.0,9
32,0.6,5,0.3,defined,-0.28944578671308313,defined,0.0,6
32,0.6,5,0.6,defined,-0.28944578671308313,defined,0.0,6
32,0.6,6,0.15,defined,-0.39552649015302443,defined,0.0,6
32,0.6,6,0.3,defined,-0.39552649015302443,defined,0.0,6
32,0.6,6,0.6,defined,-0.39552649015302443,defined,0.0,6
32,0.7,1,0.15,defined,0.051875406487631094,defined,0.0,0
32,0.7,1,0.3,defined,0.051875406487631094,defined,0.0,0
32,0.7,1,0.6,defined,0.051875406487631094,defined,0.0,0
32,0.7,2,0.15,defined,-0.008776785515873919,defined,0.0,1
32,0.7,2,0.3,defined,-0.008776785515873919,defined,0.0,1
32,0.7,2,0.6,defined,-0.008776785515873919,defined,0.0,1
32,0.7,3,0.15,defined,-0.08042055472416726,defined,0.0,1
32,0.7,3,0.3,defined,-0.08042055472416726,defined,0.0,1
32,0.7,3,0.6,defined,-0.08042055472416726,defined,0.0,1
32,0.7,4,0.15,defined,-0.16212935903048595,defined,0.0,5
32,0.7,4,0.3,defined,-0.16212935903048595,defined,0.0,2
32,0.7,4,0.6,defined,-0.16212935903048595,defined,0.0,2
32,0.7,5,0.15,defined,0.054234644327192605,defined,0.0,7
32,0.7,5,0.3,defined,0.054234644327192605,defined,0.0,6
32,0.7,5,0.6,defined,0.054234644327192605,defined,0.0,6
32,0.7,6,0.15,defined,0.07535606901878888,defined,0.0,8
32,0.7,6,0.3,defined,0.07535606901878888,defined,0.0,6
32,0.7,6,0.6,defined,0.07535606901878888,defined,0.0,6
32,0.8,1,0.15,defined,0.08381236380695291,defined,0.0,0
32,0.8,1,0.3,defined,0.08381236380695291,defined,0.0,0
32,0.8,1,0.6,defined,0.08381236380695291,defined,0.0,0
32,0.8,2,0.15,defined,0.028710857468881468,defined,0.0,1
32,0.8,2,0.3,defined,0.028710857468881468,defined,0.0,1
32,0.8,2,0.6,defined,0.028710857468881468,defined,0.0,1
32,0.8,3,0.15,defined,0.08147409827675411,defined,0.0,1
32,0.8,3,0.3,defined,0.08147409827675411,defined,0.0,1
32,0.8,3,0.6,defined,0.08147409827675411,defined,0.0,1
32,0.8,4,0.15,defined,0.13239424425854285,defined,0.0,3
32,0.8,4,0.3,defined,0.13239424425854285,defined,0.0,2
32,0.8,4,0.6,defined,0.13239424425854285,defined,0.0,2
32,0.8,5,0.15,defined,,defined,,5
32,0.8,5,0.3,defined,,defined,,4
32,0.8,5,0.6,defined,,defined,,4
32,0.8,6,0.15,defined,,defined,,8
32,0.8,6,0.3,defined,,defined,,6
32,0.8,6,0.6,defined,,defined,,6
32,0.9,1,0.15,defined,0.12730284164220684,defined,0.0,0
32,0.9,1,0.3,defined,0.12730284164220684,defined,0.0,0
32,0.9,1,0.6,defined,0.12730284164220684,defined,0.0,0
32,0.9,2,0.15,root_branch_change,,root_branch_change,,1
32,0.9,2,0.3,root_branch_change,,root_branch_change,,1
32,0.9,2,0.6,root_branch_change,,root_branch_change,,1
32,0.9,3,0.15,defined,0.20676190366160685,defined,0.0,1
32,0.9,3,0.3,defined,0.20676190366160685,defined,0.0,1
32,0.9,3,0.6,defined,0.20676190366160685,defined,0.0,1
32,0.9,4,0.15,defined,0.2614819426893331,defined,0.0,1
32,0.9,4,0.3,defined,0.2614819426893331,defined,0.0,1
32,0.9,4,0.6,defined,0.2614819426893331,defined,0.0,1
32,0.9,5,0.15,defined,0.3189268815829709,defined,0.0,2
32,0.9,5,0.3,defined,0.3189268815829709,defined,0.0,2
32,0.9,5,0.6,defined,0.3189268815829709,defined,0.0,2
32,0.9,6,0.15,root_branch_change,,root_branch_change,,14
32,0.9,6,0.3,root_branch_change,,root_branch_change,,6
32,0.9,6,0.6,root_branch_change,,root_branch_change,,6
32,1.0,1,0.15,defined,0.18768567471594963,defined,0.0,0
32,1.0,1,0.3,defined,0.18768567471594963,defined,0.0,0
32,1.0,1,0.6,defined,0.18768567471594963,defined,0.0,0
32,1.0,2,0.15,root_branch_change,,root_branch_change,,1
32,1.0,2,0.3,root_branch_change,,root_branch_change,,1
32,1.0,2,0.6,root_branch_change,,root_branch_change,,1
32,1.0,3,0.15,root_branch_change,,root_branch_change,,1
32,1.0,3,0.3,root_branch_change,,root_branch_change,,1
32,1.0,3,0.6,root_branch_change,,root_branch_change,,1
32,1.0,4,0.15,root_branch_change,,root_branch_change,,1
32,1.0,4,0.3,root_branch_change,,root_branch_change,,1
32,1.0,4,0.6,root_branch_change,,root_branch_change,,1
32,1.0,5,0.15,root_branch_change,,root_branch_change,,2
32,1.0,5,0.3,root_branch_change,,root_branch_change,,2
32,1.0,5,0.6,root_branch_change,,root_branch_change,,2
32,1.0,6,0.15,root_branch_change,,root_branch_change,,8
32,1.0,6,0.3,root_branch_change,,root_branch_change,,3
32,1.0,6,0.6,root_branch_change,,root_branch_change,,2
40,0.2,1,0.15,defined,0.030108260748686107,defined,0.0,0
40,0.2,1,0.3,defined,0.030108260748686107,defined,0.0,0
40,0.2,1,0.6,defined,0.030108260748686107,defined,0.0,0
40,0.2,2,0.15,defined,-0.020332696842946564,defined,0.0,16
40,0.2,2,0.3,defined,-0.020332696842946564,defined,0.0,5
40,0.2,2,0.6,defined,-0.020332696842946564,defined,0.0,4
40,0.2,3,0.15,defined,-0.07766405456840109,defined,0.0,16
40,0.2,3,0.3,defined,-0.07766405456840109,defined,0.0,10
40,0.2,3,0.6,defined,-0.07766405456840109,defined,0.0,8
40,0.2,4,0.15,defined,-0.1406874688044033,defined,0.0,13
40,0.2,4,0.3,defined,-0.1406874688044033,defined,0.0,11
40,0.2,4,0.6,defined,-0.1406874688044033,defined,0.0,9
40,0.2,5,0.15,defined,-0.20878225297713365,defined,0.0,9
40,0.2,5,0.3,defined,-0.20878225297713365,defined,0.0,7
40,0.2,5,0.6,defined,-0.20878225297713365,defined,0.0,7
40,0.2,6,0.15,defined,-0.2816551073219417,defined,0.0,4
40,0.2,6,0.3,defined,-0.2816551073219417,defined,0.0,4
40,0.2,6,0.6,defined,-0.2816551073219417,defined,0.0,4
40,0.3,1,0.15,defined,0.025156775154973787,defined,0.0,0
40,0.3,1,0.3,defined,0.025156775154973787,defined,0.0,0
40,0.3,1,0.6,defined,0.025156775154973787,defined,0.0,0
40,0.3,2,0.15,defined,-0.026085308736003565,defined,0.0,0
40,0.3,2,0.3,defined,-0.026085308736003565,defined,0.0,0
40,0.3,2,0.6,defined,-0.026085308736003565,defined,0.0,0
40,0.3,3,0.15,defined,-0.0847613854819893,defined,0.0,5
40,0.3,3,0.3,defined,-0.0847613854819893,defined,0.0,5
40,0.3,3,0.6,defined,-0.0847613854819893,defined,0.0,5
40,0.3,4,0.15,defined,-0.14968745585823207,defined,0.0,9
40,0.3,4,0.3,defined,-0.14968745585823207,defined,0.0,7
40,0.3,4,0.6,defined,-0.14968745585823207,defined,0.0,7
40,0.3,5,0.15,defined,-0.22025053479669154,defined,0.0,9
40,0.3,5,0.3,defined,-0.22025053479669154,defined,0.0,7
40,0.3,5,0.6,defined,-0.22025053479669154,defined,0.0,7
40,0.3,6,0.15,defined,-0.296164724458689,defined,0.0,15
40,0.3,6,0.3,defined,-0.296164724458689,defined,0.0,10
40,0.3,6,0.6,defined,-0.296164724458689,defined,0.0,10
40,0.35,1,0.15,defined,0.025321370503657112,defined,0.0,0
40,0.35,1,0.3,defined,0.025321370503657112,defined,0.0,0
40,0.35,1,0.6,defined,0.025321370503657112,defined,0.0,0
40,0.35,2,0.15,defined,-0.02611477649109728,defined,0.0,0
40,0.35,2,0.3,defined,-0.02611477649109728,defined,0.0,0
40,0.35,2,0.6,defined,-0.02611477649109728,defined,0.0,0
40,0.35,3,0.15,defined,-0.08523906982455784,defined,0.0,6
40,0.35,3,0.3,defined,-0.08523906982455784,defined,0.0,5
40,0.35,3,0.6,defined,-0.08523906982455784,defined,0.0,5
40,0.35,4,0.15,defined,-0.15088866019880579,defined,0.0,11
40,0.35,4,0.3,defined,-0.15088866019880579,defined,0.0,7
40,0.35,4,0.6,defined,-0.15088866019880579,defined,0.0,7
40,0.35,5,0.15,defined,-0.22246393386236876,defined,0.0,6
40,0.35,5,0.3,defined,-0.22246393386236876,defined,0.0,5
40,0.35,5,0.6,defined,-0.22246393386236876,defined,0.0,5
40,0.35,6,0.15,defined,-0.2996877549625987,defined,0.0,8
40,0.35,6,0.3,defined,-0.2996877549625987,defined,0.0,6
40,0.35,6,0.6,defined,-0.2996877549625987,defined,0.0,6
40,0.4,1,0.15,defined,0.027268970474612415,defined,0.0,0
40,0.4,1,0.3,defined,0.027268970474612415,defined,0.0,0
40,0.4,1,0.6,defined,0.027268970474612415,defined,0.0,0
40,0.4,2,0.15,defined,-0.024208836089105734,defined,0.0,0
40,0.4,2,0.3,defined,-0.024208836089105734,defined,0.0,0
40,0.4,2,0.6,defined,-0.024208836089105734,defined,0.0,0
40,0.4,3,0.15,defined,-0.08361223228285808,defined,0.0,5
40,0.4,3,0.3,defined,-0.08361223228285808,defined,0.0,5
40,0.4,3,0.6,defined,-0.08361223228285808,defined,0.0,5
40,0.4,4,0.15,defined,-0.14981104305400827,defined,0.0,7
40,0.4,4,0.3,defined,-0.14981104305400827,defined,0.0,5
40,0.4,4,0.6,defined,-0.14981104305400827,defined,0.0,5
40,0.4,5,0.15,defined,-0.222228434152409,defined,0.0,6
40,0.4,5,0.3,defined,-0.222228434152409,defined,0.0,5
40,0.4,5,0.6,defined,-0.222228434152409,defined,0.0,5
40,0.4,6,0.15,defined,-0.30060223604000547,defined,0.0,7
40,0.4,6,0.3,defined,-0.30060223604000547,defined,0.0,6
40,0.4,6,0.6,defined,-0.30060223604000547,defined,0.0,6
40,0.5,1,0.15,defined,0.03664859691207152,defined,0.0,0
40,0.5,1,0.3,defined,0.03664859691207152,defined,0.0,0
40,0.5,1,0.6,defined,0.03664859691207152,defined,0.0,0
40,0.5,2,0.15,defined,-0.01438667568971086,defined,0.0,0
40,0.5,2,0.3,defined,-0.01438667568971086,defined,0.0,0
40,0.5,2,0.6,defined,-0.01438667568971086,defined,0.0,0
40,0.5,3,0.15,defined,-0.07374285693074278,defined,0.0,1
40,0.5,3,0.3,defined,-0.07374285693074278,defined,0.0,1
40,0.5,3,0.6,defined,-0.07374285693074278,defined,0.0,1
40,0.5,4,0.15,defined,-0.14039671176784285,defined,0.0,5
40,0.5,4,0.3,defined,-0.14039671176784285,defined,0.0,5
40,0.5,4,0.6,defined,-0.14039671176784285,defined,0.0,5
40,0.5,5,0.15,defined,-0.21385853615270464,defined,0.0,6
40,0.5,5,0.3,defined,-0.21385853615270464,defined,0.0,5
40,0.5,5,0.6,defined,-0.21385853615270464,defined,0.0,5
40,0.5,6,0.15,defined,-0.2939315152295044,defined,0.0,7
40,0.5,6,0.3,defined,-0.2939315152295044,defined,0.0,6
40,0.5,6,0.6,defined,-0.2939315152295044,defined,0.0,6
40,0.6,1,0.15,defined,0.0537040410978887,defined,0.0,0
40,0.6,1,0.3,defined,0.0537040410978887,defined,0.0,0
40,0.6,1,0.6,defined,0.0537040410978887,defined,0.0,0
40,0.6,2,0.15,defined,0.0039928578633876555,defined,0.0,0
40,0.6,2,0.3,defined,0.0039928578633876555,defined,0.0,0
40,0.6,2,0.6,defined,0.0039928578633876555,defined,0.0,0
40,0.6,3,0.15,defined,-0.054227212513860194,defined,0.0,1
40,0.6,3,0.3,defined,-0.054227212513860194,defined,0.0,1
40,0.6,3,0.6,defined,-0.054227212513860194,defined,0.0,1
40,0.6,4,0.15,defined,-0.12008839936443594,defined,0.0,1
40,0.6,4,0.3,defined,-0.12008839936443594,defined,0.0,1
40,0.6,4,0.6,defined,-0.12008839936443594,defined,0.0,1
40,0.6,5,0.15,defined,-0.1932637537716528,defined,0.0,5
40,0.6,5,0.3,defined,-0.1932637537716528,defined,0.0,5
40,0.6,5,0.6,defined,-0.1932637537716528,defined,0.0,5
40,0.6,6,0.15,defined,-0.27372372974510106,defined,0.0,6
40,0.6,6,0.3,defined,-0.27372372974510106,defined,0.0,5
40,0.6,6,0.6,defined,-0.27372372974510106,defined,0.0,5
40,0.7,1,0.15,defined,0.07913349221333932,defined,0.0,0
40,0.7,1,0.3,defined,0.07913349221333932,defined,0.0,0
40,0.7,1,0.6,defined,0.07913349221333932,defined,0.0,0
40,0.7,2,0.15,defined,0.03201423893969153,defined,0.0,0
40,0.7,2,0.3,defined,0.03201423893969153,defined,0.0,0
40,0.7,2,0.6,defined,0.03201423893969153,defined,0.0,0
40,0.7,3,0.15,defined,-0.023264867418234643,defined,0.0,1
40,0.7,3,0.3,defined,-0.023264867418234643,defined,0.0,1
40,0.7,3,0.6,defined,-0.023264867418234643,defined,0.0,1
40,0.7,4,0.15,defined,-0.08579406488607638,defined,0.0,1
40,0.7,4,0.3,defined,-0.08579406488607638,defined,0.0,1
40,0.7,4,0.6,defined,-0.08579406488607638,defined,0.0,1
40,0.7,5,0.15,defined,-0.15484053149815358,defined,0.0,3
40,0.7,5,0.3,defined,-0.15484053149815358,defined,0.0,3
40,0.7,5,0.6,defined,-0.15484053149815358,defined,0.0,3
40,0.7,6,0.15,defined,0.10109558830273596,defined,0.0,8
40,0.7,6,0.3,defined,0.10109558830273596,defined,0.0,5
40,0.7,6,0.6,defined,0.10109558830273596,defined,0.0,5
40,0.8,1,0.15,defined,0.11411494481939947,defined,0.0,0
40,0.8,1,0.3,defined,0.11411494481939947,defined,0.0,0
40,0.8,1,0.6,defined,0.11411494481939947,defined,0.0,0
40,0.8,2,0.15,defined,0.07171401279274192,defined,0.0,0
40,0.8,2,0.3,defined,0.07171401279274192,defined,0.0,0
40,0.8,2,0.6,defined,0.07171401279274192,defined,0.0,0
40,0.8,3,0.15,defined,0.02362327023174769,defined,0.0,1
40,0.8,3,0.3,defined,0.02362327023174769,defined,0.0,1
40,0.8,3,0.6,defined,0.02362327023174769,defined,0.0,1
40,0.8,4,0.15,defined,0.1427062169528122,defined,0.0,1
40,0.8,4,0.3,defined,0.1427062169528122,defined,0.0,1
40,0.8,4,0.6,defined,0.1427062169528122,defined,0.0,1
40,0.8,5,0.15,defined,0.18973693371313713,defined,0.0,1
40,0.8,5,0.3,defined,0.18973693371313713,defined,0.0,1
40,0.8,5,0.6,defined,0.18973693371313713,defined,0.0,1
40,0.8,6,0.15,defined,,defined,,5
40,0.8,6,0.3,defined,,defined,,5
40,0.8,6,0.6,defined,,defined,,5
40,0.9,1,0.15,defined,0.16080930244031041,defined,0.0,0
40,0.9,1,0.3,defined,0.16080930244031041,defined,0.0,0
40,0.9,1,0.6,defined,0.16080930244031041,defined,0.0,0
40,0.9,2,0.15,defined,0.1281769973865935,defined,0.0,0
40,0.9,2,0.3,defined,0.1281769973865935,defined,0.0,0
40,0.9,2,0.6,defined,0.1281769973865935,defined,0.0,0
40,0.9,3,0.15,defined,0.23114950131199882,defined,0.0,1
40,0.9,3,0.3,defined,0.23114950131199882,defined,0.0,1
40,0.9,3,0.6,defined,0.23114950131199882,defined,0.0,1
40,0.9,4,0.15,defined,0.2785753901301658,defined,0.0,1
40,0.9,4,0.3,defined,0.2785753901301658,defined,0.0,1
40,0.9,4,0.6,defined,0.2785753901301658,defined,0.0,1
40,0.9,5,0.15,defined,0.3317170917123229,defined,0.0,1
40,0.9,5,0.3,defined,0.3317170917123229,defined,0.0,1
40,0.9,5,0.6,defined,0.3317170917123229,defined,0.0,1
40,0.9,6,0.15,defined,0.3904176847616212,defined,0.0,1
40,0.9,6,0.3,defined,0.3904176847616212,defined,0.0,1
40,0.9,6,0.6,defined,0.3904176847616212,defined,0.0,1
40,1.0,1,0.15,defined,0.22453315208983826,defined,0.0,0
40,1.0,1,0.3,defined,0.22453315208983826,defined,0.0,0
40,1.0,1,0.6,defined,0.22453315208983826,defined,0.0,0
40,1.0,2,0.15,no_peak_in_valid_interval,,no_peak_in_valid_interval,,0
40,1.0,2,0.3,no_peak_in_valid_interval,,no_peak_in_valid_interval,,0
40,1.0,2,0.6,no_peak_in_valid_interval,,no_peak_in_valid_interval,,0
40,1.0,3,0.15,root_branch_change,,root_branch_change,,1
40,1.0,3,0.3,root_branch_change,,root_branch_change,,1
40,1.0,3,0.6,root_branch_change,,root_branch_change,,1
40,1.0,4,0.15,root_branch_change,,root_branch_change,,1
40,1.0,4,0.3,root_branch_change,,root_branch_change,,1
40,1.0,4,0.6,root_branch_change,,root_branch_change,,1
40,1.0,5,0.15,root_branch_change,,root_branch_change,,1
40,1.0,5,0.3,root_branch_change,,root_branch_change,,1
40,1.0,5,0.6,root_branch_change,,root_branch_change,,1
40,1.0,6,0.15,root_branch_change,,root_branch_change,,1
40,1.0,6,0.3,root_branch_change,,root_branch_change,,1
40,1.0,6,0.6,root_branch_change,,root_branch_change,,1
56,0.2,1,0.15,defined,0.04595384962816751,defined,0.0,0
56,0.2,1,0.3,defined,0.04595384962816751,defined,0.0,0
56,0.2,1,0.6,defined,0.04595384962816751,defined,0.0,0
56,0.2,2,0.15,defined,0.00985262403737619,defined,0.0,4
56,0.2,2,0.3,defined,0.00985262403737619,defined,0.0,4
56,0.2,2,0.6,defined,0.00985262403737619,defined,0.0,4
56,0.2,3,0.15,defined,-0.031148440304582525,defined,0.0,14
56,0.2,3,0.3,defined,-0.031148440304582525,defined,0.0,6
56,0.2,3,0.6,defined,-0.031148440304582525,defined,0.0,4
56,0.2,4,0.15,defined,-0.07613581142804038,defined,0.0,15
56,0.2,4,0.3,defined,-0.07613581142804038,defined,0.0,10
56,0.2,4,0.6,defined,-0.07613581142804038,defined,0.0,8
56,0.2,5,0.15,defined,-0.12458538380234074,defined,0.0,14
56,0.2,5,0.3,defined,-0.12458538380234074,defined,0.0,11
56,0.2,5,0.6,defined,-0.12458538380234074,defined,0.0,9
56,0.2,6,0.15,defined,-0.17617351408925108,defined,0.0,10
56,0.2,6,0.3,defined,-0.17617351408925108,defined,0.0,7
56,0.2,6,0.6,defined,-0.17617351408925108,defined,0.0,7
56,0.3,1,0.15,defined,0.04460006056455801,defined,0.0,0
56,0.3,1,0.3,defined,0.04460006056455801,defined,0.0,0
56,0.3,1,0.6,defined,0.04460006056455801,defined,0.0,0
56,0.3,2,0.15,defined,0.008172095411428484,defined,0.0,0
56,0.3,2,0.3,defined,0.008172095411428484,defined,0.0,0
56,0.3,2,0.6,defined,0.008172095411428484,defined,0.0,0
56,0.3,3,0.15,defined,-0.03346021451238816,defined,0.0,4
56,0.3,3,0.3,defined,-0.03346021451238816,defined,0.0,4
56,0.3,3,0.6,defined,-0.03346021451238816,defined,0.0,4
56,0.3,4,0.15,defined,-0.07939663160812604,defined,0.0,7
56,0.3,4,0.3,defined,-0.07939663160812604,defined,0.0,6
56,0.3,4,0.6,defined,-0.07939663160812604,defined,0.0,5
56,0.3,5,0.15,defined,-0.12912057775885655,defined,0.0,11
56,0.3,5,0.3,defined,-0.12912057775885655,defined,0.0,5
56,0.3,5,0.6,defined,-0.12912057775885655,defined,0.0,5
56,0.3,6,0.15,defined,-0.1823114545838765,defined,0.0,9
56,0.3,6,0.3,defined,-0.1823114545838765,defined,0.0,7
56,0.3,6,0.6,defined,-0.1823114545838765,defined,0.0,7
56,0.35,1,0.15,defined,0.046559059254611186,defined,0.0,0
56,0.35,1,0.3,defined,0.046559059254611186,defined,0.0,0
56,0.35,1,0.6,defined,0.046559059254611186,defined,0.0,0
56,0.35,2,0.15,defined,0.010121733221444315,defined,0.0,0
56,0.35,2,0.3,defined,0.010121733221444315,defined,0.0,0
56,0.35,2,0.6,defined,0.010121733221444315,defined,0.0,0
56,0.35,3,0.15,defined,-0.031654903047979015,defined,0.0,4
56,0.35,3,0.3,defined,-0.031654903047979015,defined,0.0,4
56,0.35,3,0.6,defined,-0.031654903047979015,defined,0.0,4
56,0.35,4,0.15,defined,-0.07788588898769677,defined,0.0,7
56,0.35,4,0.3,defined,-0.07788588898769677,defined,0.0,5
56,0.35,4,0.6,defined,-0.07788588898769677,defined,0.0,5
56,0.35,5,0.15,defined,-0.12806525136790292,defined,0.0,6
56,0.35,5,0.3,defined,-0.12806525136790292,defined,0.0,5
56,0.35,5,0.6,defined,-0.12806525136790292,defined,0.0,5
56,0.35,6,0.15,defined,-0.1818791142882712,defined,0.0,7
56,0.35,6,0.3,defined,-0.1818791142882712,defined,0.0,5
56,0.35,6,0.6,defined,-0.1818791142882712,defined,0.0,5
56,0.4,1,0.15,defined,0.05030512179677227,defined,0.0,0
56,0.4,1,0.3,defined,0.05030512179677227,defined,0.0,0
56,0.4,1,0.6,defined,0.05030512179677227,defined,0.0,0
56,0.4,2,0.15,defined,0.013972072452375034,defined,0.0,0
56,0.4,2,0.3,defined,0.013972072452375034,defined,0.0,0
56,0.4,2,0.6,defined,0.013972072452375034,defined,0.0,0
56,0.4,3,0.15,defined,-0.02781975419427354,defined,0.0,0
56,0.4,3,0.3,defined,-0.02781975419427354,defined,0.0,0
56,0.4,3,0.6,defined,-0.02781975419427354,defined,0.0,0
56,0.4,4,0.15,defined,-0.07420724593143564,defined,0.0,5
56,0.4,4,0.3,defined,-0.07420724593143564,defined,0.0,5
56,0.4,4,0.6,defined,-0.07420724593143564,defined,0.0,5
56,0.4,5,0.15,defined,-0.12470081728337663,defined,0.0,5
56,0.4,5,0.3,defined,-0.12470081728337663,defined,0.0,5
56,0.4,5,0.6,defined,-0.12470081728337663,defined,0.0,5
56,0.4,6,0.15,defined,-0.17899841291412086,defined,0.0,8
56,0.4,6,0.3,defined,-0.17899841291412086,defined,0.0,5
56,0.4,6,0.6,defined,-0.17899841291412086,defined,0.0,5
56,0.5,1,0.15,defined,0.06331515535814868,defined,0.0,0
56,0.5,1,0.3,defined,0.06331515535814868,defined,0.0,0
56,0.5,1,0.6,defined,0.06331515535814868,defined,0.0,0
56,0.5,2,0.15,defined,0.027581616248844476,defined,0.0,0
56,0.5,2,0.3,defined,0.027581616248844476,defined,0.0,0
56,0.5,2,0.6,defined,0.027581616248844476,defined,0.0,0
56,0.5,3,0.15,defined,-0.013782266352803687,defined,0.0,0
56,0.5,3,0.3,defined,-0.013782266352803687,defined,0.0,0
56,0.5,3,0.6,defined,-0.013782266352803687,defined,0.0,0
56,0.5,4,0.15,defined,-0.05997750600300754,defined,0.0,1
56,0.5,4,0.3,defined,-0.05997750600300754,defined,0.0,1
56,0.5,4,0.6,defined,-0.05997750600300754,defined,0.0,1
56,0.5,5,0.15,defined,-0.11056862986819281,defined,0.0,6
56,0.5,5,0.3,defined,-0.11056862986819281,defined,0.0,6
56,0.5,5,0.6,defined,-0.11056862986819281,defined,0.0,5
56,0.5,6,0.15,defined,-0.16529945938172472,defined,0.0,5
56,0.5,6,0.3,defined,-0.16529945938172472,defined,0.0,5
56,0.5,6,0.6,defined,-0.16529945938172472,defined,0.0,5
56,0.6,1,0.15,defined,0.08408461190024656,defined,0.0,0
56,0.6,1,0.3,defined,0.08408461190024656,defined,0.0,0
56,0.6,1,0.6,defined,0.08408461190024656,defined,0.0,0
56,0.6,2,0.15,defined,0.04960025387734426,defined,0.0,0
56,0.6,2,0.3,defined,0.04960025387734426,defined,0.0,0
56,0.6,2,0.6,defined,0.04960025387734426,defined,0.0,0
56,0.6,3,0.15,defined,0.009469247424116152,defined,0.0,0
56,0.6,3,0.3,defined,0.009469247424116152,defined,0.0,0
56,0.6,3,0.6,defined,0.009469247424116152,defined,0.0,0
56,0.6,4,0.15,defined,-0.035589733204799634,defined,0.0,1
56,0.6,4,0.3,defined,-0.035589733204799634,defined,0.0,1
56,0.6,4,0.6,defined,-0.035589733204799634,defined,0.0,1
56,0.6,5,0.15,defined,-0.08521818204158604,defined,0.0,3
56,0.6,5,0.3,defined,-0.08521818204158604,defined,0.0,3
56,0.6,5,0.6,defined,-0.08521818204158604,defined,0.0,3
56,0.6,6,0.15,defined,-0.13924140922474504,defined,0.0,7
56,0.6,6,0.3,defined,-0.13924140922474504,defined,0.0,6
56,0.6,6,0.6,defined,-0.13924140922474504,defined,0.0,5
56,0.7,1,0.15,defined,0.11336814173912642,defined,0.0,0
56,0.7,1,0.3,defined,0.11336814173912642,defined,0.0,0
56,0.7,1,0.6,defined,0.11336814173912642,defined,0.0,0
56,0.7,2,0.15,defined,0.08104959976664905,defined,0.0,0
56,0.7,2,0.3,defined,0.08104959976664905,defined,0.0,0
56,0.7,2,0.6,defined,0.08104959976664905,defined,0.0,0
56,0.7,3,0.15,defined,0.04340650963535831,defined,0.0,0
56,0.7,3,0.3,defined,0.04340650963535831,defined,0.0,0
56,0.7,3,0.6,defined,0.04340650963535831,defined,0.0,0
56,0.7,4,0.15,defined,0.0011691651042290531,defined,0.0,1
56,0.7,4,0.3,defined,0.0011691651042290531,defined,0.0,1
56,0.7,4,0.6,defined,0.0011691651042290531,defined,0.0,1
56,0.7,5,0.15,defined,-0.045202720729978135,defined,0.0,1
56,0.7,5,0.3,defined,-0.045202720729978135,defined,0.0,1
56,0.7,5,0.6,defined,-0.045202720729978135,defined,0.0,1
56,0.7,6,0.15,defined,-0.09510636166743446,defined,0.0,5
56,0.7,6,0.3,defined,-0.09510636166743446,defined,0.0,5
56,0.7,6,0.6,defined,-0.09510636166743446,defined,0.0,5
56,0.8,1,0.15,defined,0.15242351926385336,defined,0.0,0
56,0.8,1,0.3,defined,0.15242351926385336,defined,0.0,0
56,0.8,1,0.6,defined,0.15242351926385336,defined,0.0,0
56,0.8,2,0.15,defined,0.12374999559516466,defined,0.0,0
56,0.8,2,0.3,defined,0.12374999559516466,defined,0.0,0
56,0.8,2,0.6,defined,0.12374999559516466,defined,0.0,0
56,0.8,3,0.15,defined,0.0910451164950374,defined,0.0,0
56,0.8,3,0.3,defined,0.0910451164950374,defined,0.0,0
56,0.8,3,0.6,defined,0.0910451164950374,defined,0.0,0
56,0.8,4,0.15,defined,0.05675301343178702,defined,0.0,1
56,0.8,4,0.3,defined,0.05675301343178702,defined,0.0,1
56,0.8,4,0.6,defined,0.05675301343178702,defined,0.0,1
56,0.8,5,0.15,defined,0.1919310090287462,defined,0.0,1
56,0.8,5,0.3,defined,0.1919310090287462,defined,0.0,1
56,0.8,5,0.6,defined,0.1919310090287462,defined,0.0,1
56,0.8,6,0.15,defined,0.23513791460508637,defined,0.0,1
56,0.8,6,0.3,defined,0.23513791460508637,defined,0.0,1
56,0.8,6,0.6,defined,0.23513791460508637,defined,0.0,1
56,0.9,1,0.15,defined,0.2035479643732947,defined,0.0,0
56,0.9,1,0.3,defined,0.2035479643732947,defined,0.0,0
56,0.9,1,0.6,defined,0.2035479643732947,defined,0.0,0
56,0.9,2,0.15,defined,0.1816296343332875,defined,0.0,0
56,0.9,2,0.3,defined,0.1816296343332875,defined,0.0,0
56,0.9,2,0.6,defined,0.1816296343332875,defined,0.0,0
56,0.9,3,0.15,no_peak_in_valid_interval,,no_peak_in_valid_interval,,0
56,0.9,3,0.3,no_peak_in_valid_interval,,no_peak_in_valid_interval,,0
56,0.9,3,0.6,no_peak_in_valid_interval,,no_peak_in_valid_interval,,0
56,0.9,4,0.15,root_branch_change,,root_branch_change,,1
56,0.9,4,0.3,root_branch_change,,root_branch_change,,1
56,0.9,4,0.6,root_branch_change,,root_branch_change,,1
56,0.9,5,0.15,defined,0.3430507750152389,defined,0.0,1
56,0.9,5,0.3,defined,0.3430507750152389,defined,0.0,1
56,0.9,5,0.6,defined,0.3430507750152389,defined,0.0,1
56,0.9,6,0.15,defined,0.38944924143735954,defined,0.0,1
56,0.9,6,0.3,defined,0.38944924143735954,defined,0.0,1
56,0.9,6,0.6,defined,0.38944924143735954,defined,0.0,1
56,1.0,1,0.15,defined,0.27240136980735274,defined,0.0,0
56,1.0,1,0.3,defined,0.27240136980735274,defined,0.0,0
56,1.0,1,0.6,defined,0.27240136980735274,defined,0.0,0
56,1.0,2,0.15,no_peak_in_valid_interval,,no_peak_in_valid_interval,,0
56,1.0,2,0.3,no_peak_in_valid_interval,,no_peak_in_valid_interval,,0
56,1.0,2,0.6,no_peak_in_valid_interval,,no_peak_in_valid_interval,,0
56,1.0,3,0.15,no_peak_in_valid_interval,,no_peak_in_valid_interval,,0
56,1.0,3,0.3,no_peak_in_valid_interval,,no_peak_in_valid_interval,,0
56,1.0,3,0.6,no_peak_in_valid_interval,,no_peak_in_valid_interval,,0
56,1.0,4,0.15,root_branch_change,,root_branch_change,,1
56,1.0,4,0.3,root_branch_change,,root_branch_change,,1
56,1.0,4,0.6,root_branch_change,,root_branch_change,,1
56,1.0,5,0.15,root_branch_change,,root_branch_change,,1
56,1.0,5,0.3,root_branch_change,,root_branch_change,,1
56,1.0,5,0.6,root_branch_change,,root_branch_change,,1
56,1.0,6,0.15,root_branch_change,,root_branch_change,,1
56,1.0,6,0.3,root_branch_change,,root_branch_change,,1
56,1.0,6,0.6,root_branch_change,,root_branch_change,,1
72,0.2,1,0.15,defined,0.05538969454269892,defined,0.0,0
72,0.2,1,0.3,defined,0.05538969454269892,defined,0.0,0
72,0.2,1,0.6,defined,0.05538969454269892,defined,0.0,0
72,0.2,2,0.15,defined,0.027301669787600423,defined,0.0,4
72,0.2,2,0.3,defined,0.027301669787600423,defined,0.0,4
72,0.2,2,0.6,defined,0.027301669787600423,defined,0.0,4
72,0.2,3,0.15,defined,-0.004591262352930059,defined,0.0,6
72,0.2,3,0.3,defined,-0.004591262352930059,defined,0.0,4
72,0.2,3,0.6,defined,-0.004591262352930059,defined,0.0,4
72,0.2,4,0.15,defined,-0.03956348528864943,defined,0.0,15
72,0.2,4,0.3,defined,-0.03956348528864943,defined,0.0,7
72,0.2,4,0.6,defined,-0.03956348528864943,defined,0.0,4
72,0.2,5,0.15,defined,-0.07718714121482226,defined,0.0,18
72,0.2,5,0.3,defined,-0.07718714121482226,defined,0.0,9
72,0.2,5,0.6,defined,-0.07718714121482226,defined,0.0,8
72,0.2,6,0.15,defined,-0.11718269735149586,defined,0.0,15
72,0.2,6,0.3,defined,-0.11718269735149586,defined,0.0,10
72,0.2,6,0.6,defined,-0.11718269735149586,defined,0.0,9
72,0.3,1,0.15,defined,0.056306255016011386,defined,0.0,0
72,0.3,1,0.3,defined,0.056306255016011386,defined,0.0,0
72,0.3,1,0.6,defined,0.056306255016011386,defined,0.0,0
72,0.3,2,0.15,defined,0.028087515929940365,defined,0.0,0
72,0.3,2,0.3,defined,0.028087515929940365,defined,0.0,0
72,0.3,2,0.6,defined,0.028087515929940365,defined,0.0,0
72,0.3,3,0.15,defined,-0.004131042504895155,defined,0.0,4
72,0.3,3,0.3,defined,-0.004131042504895155,defined,0.0,4
72,0.3,3,0.6,defined,-0.004131042504895155,defined,0.0,4
72,0.3,4,0.15,defined,-0.03963560991927047,defined,0.0,7
72,0.3,4,0.3,defined,-0.03963560991927047,defined,0.0,4
72,0.3,4,0.6,defined,-0.03963560991927047,defined,0.0,4
72,0.3,5,0.15,defined,-0.07800596697435622,defined,0.0,6
72,0.3,5,0.3,defined,-0.07800596697435622,defined,0.0,5
72,0.3,5,0.6,defined,-0.07800596697435622,defined,0.0,5
72,0.3,6,0.15,defined,-0.11896695591975459,defined,0.0,7
72,0.3,6,0.3,defined,-0.11896695591975459,defined,0.0,5
72,0.3,6,0.6,defined,-0.11896695591975459,defined,0.0,5
72,0.35,1,0.15,defined,0.05940189062995554,defined,0.0,0
72,0.35,1,0.3,defined,0.05940189062995554,defined,0.0,0
72,0.35,1,0.6,defined,0.05940189062995554,defined,0.0,0
72,0.35,2,0.15,defined,0.031240498966373487,defined,0.0,0
72,0.35,2,0.3,defined,0.031240498966373487,defined,0.0,0
72,0.35,2,0.6,defined,0.031240498966373487,defined,0.0,0
72,0.35,3,0.15,defined,-0.0010027444028614108,defined,0.0,0
72,0.35,3,0.3,defined,-0.0010027444028614108,defined,0.0,0
72,0.35,3,0.6,defined,-0.0010027444028614108,defined,0.0,0
72,0.35,4,0.15,defined,-0.03662581610911797,defined,0.0,4
72,0.35,4,0.3,defined,-0.03662581610911797,defined,0.0,4
72,0.35,4,0.6,defined,-0.03662581610911797,defined,0.0,4
72,0.35,5,0.15,defined,-0.07521703977402122,defined,0.0,6
72,0.35,5,0.3,defined,-0.07521703977402122,defined,0.0,5
72,0.35,5,0.6,defined,-0.07521703977402122,defined,0.0,5
72,0.35,6,0.15,defined,-0.11650741314121116,defined,0.0,6
72,0.35,6,0.3,defined,-0.11650741314121116,defined,0.0,5
72,0.35,6,0.6,defined,-0.11650741314121116,defined,0.0,5
72,0.4,1,0.15,defined,0.064290379046362,defined,0.0,0
72,0.4,1,0.3,defined,0.064290379046362,defined,0.0,0
72,0.4,1,0.6,defined,0.064290379046362,defined,0.0,0
72,0.4,2,0.15,defined,0.036276852585574115,defined,0.0,0
72,0.4,2,0.3,defined,0.036276852585574115,defined,0.0,0
72,0.4,2,0.6,defined,0.036276852585574115,defined,0.0,0
72,0.4,3,0.15,defined,0.004112812102682772,defined,0.0,0
72,0.4,3,0.3,defined,0.004112812102682772,defined,0.0,0
72,0.4,3,0.6,defined,0.004112812102682772,defined,0.0,0
72,0.4,4,0.15,defined,-0.03151573617580139,defined,0.0,4
72,0.4,4,0.3,defined,-0.03151573617580139,defined,0.0,4
72,0.4,4,0.6,defined,-0.03151573617580139,defined,0.0,4
72,0.4,5,0.15,defined,-0.07020939272188942,defined,0.0,7
72,0.4,5,0.3,defined,-0.07020939272188942,defined,0.0,5
72,0.4,5,0.6,defined,-0.07020939272188942,defined,0.0,5
72,0.4,6,0.15,defined,-0.11170875516654244,defined,0.0,6
72,0.4,6,0.3,defined,-0.11170875516654244,defined,0.0,5
72,0.4,6,0.6,defined,-0.11170875516654244,defined,0.0,5
72,0.5,1,0.15,defined,0.07961827219157705,defined,0.0,0
72,0.5,1,0.3,defined,0.07961827219157705,defined,0.0,0
72,0.5,1,0.6,defined,0.07961827219157705,defined,0.0,0
72,0.5,2,0.15,defined,0.05221123662201821,defined,0.0,0
72,0.5,2,0.3,defined,0.05221123662201821,defined,0.0,0
72,0.5,2,0.6,defined,0.05221123662201821,defined,0.0,0
72,0.5,3,0.15,defined,0.02057194762960314,defined,0.0,0
72,0.5,3,0.3,defined,0.02057194762960314,defined,0.0,0
72,0.5,3,0.6,defined,0.02057194762960314,defined,0.0,0
72,0.5,4,0.15,defined,-0.01465799329273721,defined,0.0,0
72,0.5,4,0.3,defined,-0.01465799329273721,defined,0.0,0
72,0.5,4,0.6,defined,-0.01465799329273721,defined,0.0,0
72,0.5,5,0.15,defined,-0.05311577322469396,defined,0.0,5
72,0.5,5,0.3,defined,-0.05311577322469396,defined,0.0,5
72,0.5,5,0.6,defined,-0.05311577322469396,defined,0.0,5
72,0.5,6,0.15,defined,-0.09457414563474187,defined,0.0,7
72,0.5,6,0.3,defined,-0.09457414563474187,defined,0.0,5
72,0.5,6,0.6,defined,-0.09457414563474187,defined,0.0,5
72,0.6,1,0.15,defined,0.10277927756912492,defined,0.0,0
72,0.6,1,0.3,defined,0.10277927756912492,defined,0.0,0
72,0.6,1,0.6,defined,0.10277927756912492,defined,0.0,0
72,0.6,2,0.15,defined,0.07649284160450884,defined,0.0,0
72,0.6,2,0.3,defined,0.07649284160450884,defined,0.0,0
72,0.6,2,0.6,defined,0.07649284160450884,defined,0.0,0
72,0.6,3,0.15,defined,0.046012318733431395,defined,0.0,0
72,0.6,3,0.3,defined,0.046012318733431395,defined,0.0,0
72,0.6,3,0.6,defined,0.046012318733431395,defined,0.0,0
72,0.6,4,0.15,defined,0.011926727203142473,defined,0.0,0
72,0.6,4,0.3,defined,0.011926727203142473,defined,0.0,0
72,0.6,4,0.6,defined,0.011926727203142473,defined,0.0,0
72,0.6,5,0.15,defined,-0.025446211239465666,defined,0.0,1
72,0.6,5,0.3,defined,-0.025446211239465666,defined,0.0,1
72,0.6,5,0.6,defined,-0.025446211239465666,defined,0.0,1
72,0.6,6,0.15,defined,-0.06592434792666346,defined,0.0,5
72,0.6,6,0.3,defined,-0.06592434792666346,defined,0.0,5
72,0.6,6,0.6,defined,-0.06592434792666346,defined,0.0,5
72,0.7,1,0.15,defined,0.13457428641838462,defined,0.0,0
72,0.7,1,0.3,defined,0.13457428641838462,defined,0.0,0
72,0.7,1,0.6,defined,0.13457428641838462,defined,0.0,0
72,0.7,2,0.15,defined,0.11012727966736335,defined,0.0,0
72,0.7,2,0.3,defined,0.11012727966736335,defined,0.0,0
72,0.7,2,0.6,defined,0.11012727966736335,defined,0.0,0
72,0.7,3,0.15,defined,0.08176301269789943,defined,0.0,0
72,0.7,3,0.3,defined,0.08176301269789943,defined,0.0,0
72,0.7,3,0.6,defined,0.08176301269789943,defined,0.0,0
72,0.7,4,0.15,defined,0.050066481814112995,defined,0.0,0
72,0.7,4,0.3,defined,0.050066481814112995,defined,0.0,0
72,0.7,4,0.6,defined,0.050066481814112995,defined,0.0,0
72,0.7,5,0.15,defined,0.015396514465539354,defined,0.0,1
72,0.7,5,0.3,defined,0.015396514465539354,defined,0.0,1
72,0.7,5,0.6,defined,0.015396514465539354,defined,0.0,1
72,0.7,6,0.15,defined,-0.02194476831734416,defined,0.0,1
72,0.7,6,0.3,defined,-0.02194476831734416,defined,0.0,1
72,0.7,6,0.6,defined,-0.02194476831734416,defined,0.0,1
72,0.8,1,0.15,defined,0.17633251945083755,defined,0.0,0
72,0.8,1,0.3,defined,0.17633251945083755,defined,0.0,0
72,0.8,1,0.6,defined,0.17633251945083755,defined,0.0,0
72,0.8,2,0.15,defined,0.15486645459410284,defined,0.0,0
72,0.8,2,0.3,defined,0.15486645459410284,defined,0.0,0
72,0.8,2,0.6,defined,0.15486645459410284,defined,0.0,0
72,0.8,3,0.15,defined,0.130357078233301,defined,0.0,0
72,0.8,3,0.3,defined,0.130357078233301,defined,0.0,0
72,0.8,3,0.6,defined,0.130357078233301,defined,0.0,0
72,0.8,4,0.15,defined,0.10389396164179643,defined,0.0,0
72,0.8,4,0.3,defined,0.10389396164179643,defined,0.0,0
72,0.8,4,0.6,defined,0.10389396164179643,defined,0.0,0
72,0.8,5,0.15,defined,0.18941590595227267,defined,0.0,1
72,0.8,5,0.3,defined,0.18941590595227267,defined,0.0,1
72,0.8,5,0.6,defined,0.18941590595227267,defined,0.0,1
72,0.8,6,0.15,defined,0.227559797555088,defined,0.0,1
72,0.8,6,0.3,defined,0.227559797555088,defined,0.0,1
72,0.8,6,0.6,defined,0.227559797555088,defined,0.0,1
72,0.9,1,0.15,defined,0.23048923560647588,defined,0.0,0
72,0.9,1,0.3,defined,0.23048923560647588,defined,0.0,0
72,0.9,1,0.6,defined,0.23048923560647588,defined,0.0,0
72,0.9,2,0.15,defined,0.21431374654100985,defined,0.0,0
72,0.9,2,0.3,defined,0.21431374654100985,defined,0.0,0
72,0.9,2,0.6,defined,0.21431374654100985,defined,0.0,0
72,0.9,3,0.15,defined,0.19893871729797313,defined,0.0,0
72,0.9,3,0.3,defined,0.19893871729797313,defined,0.0,0
72,0.9,3,0.6,defined,0.19893871729797313,defined,0.0,0
72,0.9,4,0.15,no_peak_in_valid_interval,,no_peak_in_valid_interval,,0
72,0.9,4,0.3,no_peak_in_valid_interval,,no_peak_in_valid_interval,,0
72,0.9,4,0.6,no_peak_in_valid_interval,,no_peak_in_valid_interval,,0
72,0.9,5,0.15,root_branch_change,,root_branch_change,,1
72,0.9,5,0.3,root_branch_change,,root_branch_change,,1
72,0.9,5,0.6,root_branch_change,,root_branch_change,,1
72,0.9,6,0.15,defined,0.39046159783234274,defined,0.0,1
72,0.9,6,0.3,defined,0.39046159783234274,defined,0.0,1
72,0.9,6,0.6,defined,0.39046159783234274,defined,0.0,1
72,1.0,1,0.15,defined,0.3031724743387645,defined,0.0,0
72,1.0,1,0.3,defined,0.3031724743387645,defined,0.0,0
72,1.0,1,0.6,defined,0.3031724743387645,defined,0.0,0
72,1.0,2,0.15,no_peak_in_valid_interval,,no_peak_in_valid_interval,,0
72,1.0,2,0.3,no_peak_in_valid_interval,,no_peak_in_valid_interval,,0
72,1.0,2,0.6,no_peak_in_valid_interval,,no_peak_in_valid_interval,,0
72,1.0,3,0.15,no_peak_in_valid_interval,,no_peak_in_valid_interval,,0
72,1.0,3,0.3,no_peak_in_valid_interval,,no_peak_in_valid_interval,,0
72,1.0,3,0.6,no_peak_in_valid_interval,,no_peak_in_valid_interval,,0
72,1.0,4,0.15,no_peak_in_valid_interval,,no_peak_in_valid_interval,,0
72,1.0,4,0.3,no_peak_in_valid_interval,,no_peak_in_valid_interval,,0
72,1.0,4,0.6,no_peak_in_valid_interval,,no_peak_in_valid_interval,,0
72,1.0,5,0.15,root_branch_change,,root_branch_change,,1
72,1.0,5,0.3,root_branch_change,,root_branch_change,,1
72,1.0,5,0.6,root_branch_change,,root_branch_change,,1
72,1.0,6,0.15,root_branch_change,,root_branch_change,,1
72,1.0,6,0.3,root_branch_change,,root_branch_change,,1
72,1.0,6,0.6,root_branch_change,,root_branch_change,,1
96,0.2,1,0.15,defined,0.06420613006683218,defined,0.0,0
96,0.2,1,0.3,defined,0.06420613006683218,defined,0.0,0
96,0.2,1,0.6,defined,0.06420613006683218,defined,0.0,0
96,0.2,2,0.15,defined,0.04315158034131103,defined,0.0,0
96,0.2,2,0.3,defined,0.04315158034131103,defined,0.0,0
96,0.2,2,0.6,defined,0.04315158034131103,defined,0.0,0
96,0.2,3,0.15,defined,0.019248775438833198,defined,0.0,6
96,0.2,3,0.3,defined,0.019248775438833198,defined,0.0,4
96,0.2,3,0.6,defined,0.019248775438833198,defined,0.0,4
96,0.2,4,0.15,defined,-0.006951898777618926,defined,0.0,4
96,0.2,4,0.3,defined,-0.006951898777618926,defined,0.0,4
96,0.2,4,0.6,defined,-0.006951898777618926,defined,0.0,4
96,0.2,5,0.15,defined,-0.03512149153527666,defined,0.0,15
96,0.2,5,0.3,defined,-0.03512149153527666,defined,0.0,6
96,0.2,5,0.6,defined,-0.03512149153527666,defined,0.0,4
96,0.2,6,0.15,defined,-0.06503952732993556,defined,0.0,16
96,0.2,6,0.3,defined,-0.06503952732993556,defined,0.0,10
96,0.2,6,0.6,defined,-0.06503952732993556,defined,0.0,6
96,0.3,1,0.15,defined,0.06736575228188278,defined,0.0,0
96,0.3,1,0.3,defined,0.06736575228188278,defined,0.0,0
96,0.3,1,0.6,defined,0.06736575228188278,defined,0.0,0
96,0.3,2,0.15,defined,0.04630594090954179,defined,0.0,0
96,0.3,2,0.3,defined,0.04630594090954179,defined,0.0,0
96,0.3,2,0.6,defined,0.04630594090954179,defined,0.0,0
96,0.3,3,0.15,defined,0.022283127351036658,defined,0.0,0
96,0.3,3,0.3,defined,0.022283127351036658,defined,0.0,0
96,0.3,3,0.6,defined,0.022283127351036658,defined,0.0,0
96,0.3,4,0.15,defined,-0.004161958479408923,defined,0.0,6
96,0.3,4,0.3,defined,-0.004161958479408923,defined,0.0,5
96,0.3,4,0.6,defined,-0.004161958479408923,defined,0.0,4
96,0.3,5,0.15,defined,-0.03270706034750781,defined,0.0,7
96,0.3,5,0.3,defined,-0.03270706034750781,defined,0.0,4
96,0.3,5,0.6,defined,-0.03270706034750781,defined,0.0,4
96,0.3,6,0.15,defined,-0.0631363286944424,defined,0.0,7
96,0.3,6,0.3,defined,-0.0631363286944424,defined,0.0,4
96,0.3,6,0.6,defined,-0.0631363286944424,defined,0.0,4
96,0.35,1,0.15,defined,0.07158815798181109,defined,0.0,0
96,0.35,1,0.3,defined,0.07158815798181109,defined,0.0,0
96,0.35,1,0.6,defined,0.07158815798181109,defined,0.0,0
96,0.35,2,0.15,defined,0.05061973534140909,defined,0.0,0
96,0.35,2,0.3,defined,0.05061973534140909,defined,0.0,0
96,0.35,2,0.6,defined,0.05061973534140909,defined,0.0,0
96,0.35,3,0.15,defined,0.02664369002252651,defined,0.0,0
96,0.35,3,0.3,defined,0.02664369002252651,defined,0.0,0
96,0.35,3,0.6,defined,0.02664369002252651,defined,0.0,0
96,0.35,4,0.15,defined,0.00019208856508523553,defined,0.0,4
96,0.35,4,0.3,defined,0.00019208856508523553,defined,0.0,4
96,0.35,4,0.6,defined,0.00019208856508523553,defined,0.0,4
96,0.35,5,0.15,defined,-0.028419116143608078,defined,0.0,6
96,0.35,5,0.3,defined,-0.028419116143608078,defined,0.0,4
96,0.35,5,0.6,defined,-0.028419116143608078,defined,0.0,4
96,0.35,6,0.15,defined,-0.05897896158727918,defined,0.0,7
96,0.35,6,0.3,defined,-0.05897896158727918,defined,0.0,4
96,0.35,6,0.6,defined,-0.05897896158727918,defined,0.0,4
96,0.4,1,0.15,defined,0.0776120995116849,defined,0.0,0
96,0.4,1,0.3,defined,0.0776120995116849,defined,0.0,0
96,0.4,1,0.6,defined,0.0776120995116849,defined,0.0,0
96,0.4,2,0.15,defined,0.05680436647590259,defined,0.0,0
96,0.4,2,0.3,defined,0.05680436647590259,defined,0.0,0
96,0.4,2,0.6,defined,0.05680436647590259,defined,0.0,0
96,0.4,3,0.15,defined,0.03295512923295374,defined,0.0,0
96,0.4,3,0.3,defined,0.03295512923295374,defined,0.0,0
96,0.4,3,0.6,defined,0.03295512923295374,defined,0.0,0
96,0.4,4,0.15,defined,0.006585157396596604,defined,0.0,0
96,0.4,4,0.3,defined,0.006585157396596604,defined,0.0,0
96,0.4,4,0.6,defined,0.006585157396596604,defined,0.0,0
96,0.4,5,0.15,defined,-0.021998119961798342,defined,0.0,4
96,0.4,5,0.3,defined,-0.021998119961798342,defined,0.0,4
96,0.4,5,0.6,defined,-0.021998119961798342,defined,0.0,4
96,0.4,6,0.15,defined,-0.052590639860641164,defined,0.0,6
96,0.4,6,0.3,defined,-0.052590639860641164,defined,0.0,4
96,0.4,6,0.6,defined,-0.052590639860641164,defined,0.0,4
96,0.5,1,0.15,defined,0.09525398641038962,defined,0.0,0
96,0.5,1,0.3,defined,0.09525398641038962,defined,0.0,0
96,0.5,1,0.6,defined,0.09525398641038962,defined,0.0,0
96,0.5,2,0.15,defined,0.07500529533848455,defined,0.0,0
96,0.5,2,0.3,defined,0.07500529533848455,defined,0.0,0
96,0.5,2,0.6,defined,0.07500529533848455,defined,0.0,0
96,0.5,3,0.15,defined,0.051690162841582815,defined,0.0,0
96,0.5,3,0.3,defined,0.051690162841582815,defined,0.0,0
96,0.5,3,0.6,defined,0.051690162841582815,defined,0.0,0
96,0.5,4,0.15,defined,0.025799343570574212,defined,0.0,0
96,0.5,4,0.3,defined,0.025799343570574212,defined,0.0,0
96,0.5,4,0.6,defined,0.025799343570574212,defined,0.0,0
96,0.5,5,0.15,defined,-0.0023831302518423497,defined,0.0,0
96,0.5,5,0.3,defined,-0.0023831302518423497,defined,0.0,0
96,0.5,5,0.6,defined,-0.0023831302518423497,defined,0.0,0
96,0.5,6,0.15,defined,-0.03267353821200025,defined,0.0,4
96,0.5,6,0.3,defined,-0.03267353821200025,defined,0.0,4
96,0.5,6,0.6,defined,-0.03267353821200025,defined,0.0,4
96,0.6,1,0.15,defined,0.12082049439534492,defined,0.0,0
96,0.6,1,0.3,defined,0.12082049439534492,defined,0.0,0
96,0.6,1,0.6,defined,0.12082049439534492,defined,0.0,0
96,0.6,2,0.15,defined,0.10152257689798691,defined,0.0,0
96,0.6,2,0.3,defined,0.10152257689798691,defined,0.0,0
96,0.6,2,0.6,defined,0.10152257689798691,defined,0.0,0
96,0.6,3,0.15,defined,0.07922064104616659,defined,0.0,0
96,0.6,3,0.3,defined,0.07922064104616659,defined,0.0,0
96,0.6,3,0.6,defined,0.07922064104616659,defined,0.0,0
96,0.6,4,0.15,defined,0.05437037219222329,defined,0.0,0
96,0.6,4,0.3,defined,0.05437037219222329,defined,0.0,0
96,0.6,4,0.6,defined,0.05437037219222329,defined,0.0,0
96,0.6,5,0.15,defined,0.027229353219695166,defined,0.0,0
96,0.6,5,0.3,defined,0.027229353219695166,defined,0.0,0
96,0.6,5,0.6,defined,0.027229353219695166,defined,0.0,0
96,0.6,6,0.15,defined,-0.002042549142802219,defined,0.0,0
96,0.6,6,0.3,defined,-0.002042549142802219,defined,0.0,0
96,0.6,6,0.6,defined,-0.002042549142802219,defined,0.0,0
96,0.7,1,0.15,defined,0.1551675683564732,defined,0.0,0
96,0.7,1,0.3,defined,0.1551675683564732,defined,0.0,0
96,0.7,1,0.6,defined,0.1551675683564732,defined,0.0,0
96,0.7,2,0.15,defined,0.13736477199752306,defined,0.0,0
96,0.7,2,0.3,defined,0.13736477199752306,defined,0.0,0
96,0.7,2,0.6,defined,0.13736477199752306,defined,0.0,0
96,0.7,3,0.15,defined,0.11678122526860713,defined,0.0,0
96,0.7,3,0.3,defined,0.11678122526860713,defined,0.0,0
96,0.7,3,0.6,defined,0.11678122526860713,defined,0.0,0
96,0.7,4,0.15,defined,0.09385920976713057,defined,0.0,0
96,0.7,4,0.3,defined,0.09385920976713057,defined,0.0,0
96,0.7,4,0.6,defined,0.09385920976713057,defined,0.0,0
96,0.7,5,0.15,defined,0.06886799520733981,defined,0.0,0
96,0.7,5,0.3,defined,0.06886799520733981,defined,0.0,0
96,0.7,5,0.6,defined,0.06886799520733981,defined,0.0,0
96,0.7,6,0.15,defined,0.04200578882814991,defined,0.0,0
96,0.7,6,0.3,defined,0.04200578882814991,defined,0.0,0
96,0.7,6,0.6,defined,0.04200578882814991,defined,0.0,0
96,0.8,1,0.15,defined,0.1997138403097121,defined,0.0,0
96,0.8,1,0.3,defined,0.1997138403097121,defined,0.0,0
96,0.8,1,0.6,defined,0.1997138403097121,defined,0.0,0
96,0.8,2,0.15,defined,0.1842622798081195,defined,0.0,0
96,0.8,2,0.3,defined,0.1842622798081195,defined,0.0,0
96,0.8,2,0.6,defined,0.1842622798081195,defined,0.0,0
96,0.8,3,0.15,defined,0.1666147973371228,defined,0.0,0
96,0.8,3,0.3,defined,0.1666147973371228,defined,0.0,0
96,0.8,3,0.6,defined,0.1666147973371228,defined,0.0,0
96,0.8,4,0.15,defined,0.14738176172397593,defined,0.0,0
96,0.8,4,0.3,defined,0.14738176172397593,defined,0.0,0
96,0.8,4,0.6,defined,0.14738176172397593,defined,0.0,0
96,0.8,5,0.15,defined,0.12731160710315792,defined,0.0,0
96,0.8,5,0.3,defined,0.12731160710315792,defined,0.0,0
96,0.8,5,0.6,defined,0.12731160710315792,defined,0.0,0
96,0.8,6,0.15,defined,0.22101250519083693,defined,0.0,0
96,0.8,6,0.3,defined,0.22101250519083693,defined,0.0,0
96,0.8,6,0.6,defined,0.22101250519083693,defined,0.0,0
96,0.9,1,0.15,defined,0.257079012533957,defined,0.0,0
96,0.9,1,0.3,defined,0.257079012533957,defined,0.0,0
96,0.9,1,0.6,defined,0.257079012533957,defined,0.0,0
96,0.9,2,0.15,defined,0.24567792406981068,defined,0.0,0
96,0.9,2,0.3,defined,0.24567792406981068,defined,0.0,0
96,0.9,2,0.6,defined,0.24567792406981068,defined,0.0,0
96,0.9,3,0.15,defined,0.23398993982924854,defined,0.0,0
96,0.9,3,0.3,defined,0.23398993982924854,defined,0.0,0
96,0.9,3,0.6,defined,0.23398993982924854,defined,0.0,0
96,0.9,4,0.15,no_peak_in_valid_interval,,no_peak_in_valid_interval,,0
96,0.9,4,0.3,no_peak_in_valid_interval,,no_peak_in_valid_interval,,0
96,0.9,4,0.6,no_peak_in_valid_interval,,no_peak_in_valid_interval,,0
96,0.9,5,0.15,no_peak_in_valid_interval,,no_peak_in_valid_interval,,0
96,0.9,5,0.3,no_peak_in_valid_interval,,no_peak_in_valid_interval,,0
96,0.9,5,0.6,no_peak_in_valid_interval,,no_peak_in_valid_interval,,0
96,0.9,6,0.15,no_peak_in_valid_interval,,no_peak_in_valid_interval,,0
96,0.9,6,0.3,no_peak_in_valid_interval,,no_peak_in_valid_interval,,0
96,0.9,6,0.6,no_peak_in_valid_interval,,no_peak_in_valid_interval,,0
96,1.0,1,0.15,defined,0.33412363498048914,defined,0.0,0
96,1.0,1,0.3,defined,0.33412363498048914,defined,0.0,0
96,1.0,1,0.6,defined,0.33412363498048914,defined,0.0,0
96,1.0,2,0.15,no_peak_in_valid_interval,,no_peak_in_valid_interval,,0
96,1.0,2,0.3,no_peak_in_valid_interval,,no_peak_in_valid_interval,,0
96,1.0,2,0.6,no_peak_in_valid_interval,,no_peak_in_valid_interval,,0
96,1.0,3,0.15,no_peak_in_valid_interval,,no_peak_in_valid_interval,,0
96,1.0,3,0.3,no_peak_in_valid_interval,,no_peak_in_valid_interval,,0
96,1.0,3,0.6,no_peak_in_valid_interval,,no_peak_in_valid_interval,,0
96,1.0,4,0.15,no_peak_in_valid_interval,,no_peak_in_valid_interval,,0
96,1.0,4,0.3,no_peak_in_valid_interval,,no_peak_in_valid_interval,,0
96,1.0,4,0.6,no_peak_in_valid_interval,,no_peak_in_valid_interval,,0
96,1.0,5,0.15,no_peak_in_valid_interval,,no_peak_in_valid_interval,,0
96,1.0,5,0.3,no_peak_in_valid_interval,,no_peak_in_valid_interval,,0
96,1.0,5,0.6,no_peak_in_valid_interval,,no_peak_in_valid_interval,,0
96,1.0,6,0.15,root_branch_change,,root_branch_change,,1
96,1.0,6,0.3,root_branch_change,,root_branch_change,,1
96,1.0,6,0.6,root_branch_change,,root_branch_change,,1
