R0,eta,m,boundary,event_status,advance,A,B,C,analytic_scope,holdout,prediction_1,error_1,relative_error_1,prediction_2,error_2,relative_error_2,prediction_3,error_3,relative_error_3
128.0,0.2,2,scaled_1,defined,0.015659535834145547,2.0259902345198677,-0.24069208349533888,-0.16694734638273356,"simple first Airy peak/crossing, fixed finite m; actual root also requires simple continuous root",True,0.015828048707186466,0.00016851287304091994,0.010761038821692173,0.01566184264818503,2.3068140394821857e-06,0.00014731049910510043,0.015651652990813034,-7.882843332512185e-06,-0.0005033893351630309
128.0,0.2,2,actual_root,defined,0.01577113650897248,1.961517116377035,,,"simple first Airy peak/crossing, fixed finite m; actual root also requires simple continuous root",True,0.015324352471695587,-0.0004467840372768938,-0.0283292226291181,,,,,,
128.0,0.2,3,scaled_1,defined,0.03333866813557261,4.316205264200697,-0.7794466861352785,2.275191903719599,"simple first Airy peak/crossing, fixed finite m; actual root also requires simple continuous root",True,0.033720353626567945,0.00038168549099533433,0.01144873242815819,0.03318211921510345,-0.00015654892046915864,-0.004695716092572989,0.03332098590844571,-1.7682227126898653e-05,-0.0005303819293258325
128.0,0.2,3,actual_root,defined,0.033672978740527305,4.178850598227454,,,"simple first Airy peak/crossing, fixed finite m; actual root also requires simple continuous root",True,0.032647270298651984,-0.0010257084418753212,-0.030460876353680704,,,,,,
128.0,0.2,4,scaled_1,defined,0.052672267235349256,6.816546351518886,-1.6231156168231438,8.404651037840217,"simple first Airy peak/crossing, fixed finite m; actual root also requires simple continuous root",True,0.053254268371241295,0.0005820011358920393,0.011049479478290778,0.052133451907075835,-0.0005388153282734204,-0.0102295829770512,0.05264643109639714,-2.5836138952115006e-05,-0.000490507439838776
128.0,0.2,4,actual_root,defined,0.053290736449929696,6.599623292977231,,,"simple first Airy peak/crossing, fixed finite m; actual root also requires simple continuous root",True,0.05155955697638462,-0.0017311794735450775,-0.032485561072544744,,,,,,
128.0,0.2,5,scaled_1,defined,0.07345444205947928,9.49434707095773,-2.775836201420863,19.167880603716423,"simple first Airy peak/crossing, fixed finite m; actual root also requires simple continuous root",True,0.07417458649185726,0.0007201444323779865,0.009803960280507666,0.07225777731071684,-0.001196664748762441,-0.016291250946994455,0.07342769189834601,-2.675016113326545e-05,-0.00036417349833798576
128.0,0.2,5,actual_root,defined,0.07437518579139361,9.192208319267259,,,"simple first Airy peak/crossing, fixed finite m; actual root also requires simple continuous root",True,0.07181412749427546,-0.0025610582971181545,-0.03443431125404341,,,,,,
128.0,0.2,6,scaled_1,defined,0.0955540102195184,12.327349812540353,-4.240427450130673,35.42685123651413,"simple first Airy peak/crossing, fixed finite m; actual root also requires simple continuous root",True,0.09630742041047151,0.0007534101909531105,0.007884652765721544,0.09337926122578696,-0.0021747489937314346,-0.022759369164468704,0.0955415446264531,-1.2465593065294489e-05,-0.0001304559906659804
128.0,0.2,6,actual_root,defined,0.09675760788267689,11.93505637138253,,,"simple first Airy peak/crossing, fixed finite m; actual root also requires simple continuous root",True,0.09324262790142601,-0.0035149799812508736,-0.03632768583440954,,,,,,
128.0,0.3,2,scaled_1,defined,0.015786045049337352,2.0534910658270404,,,"simple first Airy peak/crossing, fixed finite m; actual root also requires simple continuous root",True,0.016042898951773753,0.00025685390243640124,0.01627094700627268,,,,,,
128.0,0.3,2,actual_root,defined,0.015714800315940858,1.9050154481849104,,,"simple first Airy peak/crossing, fixed finite m; actual root also requires simple continuous root",True,0.014882933188944613,-0.0008318671269962451,-0.052935265499518415,,,,,,
128.0,0.3,3,scaled_1,defined,0.03351716316888109,4.374793519383498,,,"simple first Airy peak/crossing, fixed finite m; actual root also requires simple continuous root",True,0.03417807437018358,0.0006609112013024887,0.01971859008390393,,,,,,
128.0,0.3,3,actual_root,defined,0.033625992138660576,4.058478449570595,,,"simple first Airy peak/crossing, fixed finite m; actual root also requires simple continuous root",True,0.03170686288727027,-0.001919129251390303,-0.0570727918889815,,,,,,
128.0,0.3,4,scaled_1,defined,0.05282210736234129,6.909074285818169,,,"simple first Airy peak/crossing, fixed finite m; actual root also requires simple continuous root",True,0.05397714285795444,0.0011550354956131534,0.02186651675386617,,,,,,
128.0,0.3,4,actual_root,defined,0.05332650197162479,6.409520579939707,,,"simple first Airy peak/crossing, fixed finite m; actual root also requires simple continuous root",True,0.05007437953077896,-0.003252122440845835,-0.060985107228227725,,,,,,
128.0,0.3,5,scaled_1,defined,0.07349200882741548,9.623223524911634,,,"simple first Airy peak/crossing, fixed finite m; actual root also requires simple continuous root",True,0.07518143378837214,0.0016894249609566564,0.022987872939002216,,,,,,
128.0,0.3,5,actual_root,defined,0.0745723958050393,8.9274259729539,,,"simple first Airy peak/crossing, fixed finite m; actual root also requires simple continuous root",True,0.06974551541370234,-0.004826880391336955,-0.06472744155835172,,,,,,
128.0,0.3,6,scaled_1,defined,0.09539455458073216,12.494681501451241,,,"simple first Airy peak/crossing, fixed finite m; actual root also requires simple continuous root",True,0.09761469923008782,0.00222014464935566,0.02327328492819532,,,,,,
128.0,0.3,6,actual_root,defined,0.0971989369530447,11.591266052491152,,,"simple first Airy peak/crossing, fixed finite m; actual root also requires simple continuous root",True,0.09055676603508712,-0.006642170917957574,-0.06833583911690623,,,,,,
128.0,0.35,2,scaled_1,defined,0.015883668186749883,2.0722126392143805,-0.45047406624876085,-0.09305224572508841,"simple first Airy peak/crossing, fixed finite m; actual root also requires simple continuous root",True,0.016189161243862348,0.0003054930571124645,0.019233155309005136,0.015878093600314322,-5.57458643556108e-06,-0.0003509634153785324,0.01587241414195708,-1.1254044792803619e-05,-0.000708529330913102
128.0,0.35,2,actual_root,defined,0.015614946572529487,1.8669269755283526,,,"simple first Airy peak/crossing, fixed finite m; actual root also requires simple continuous root",True,0.014585366996315255,-0.0010295795762142318,-0.06593551706577813,,,,,,
128.0,0.35,3,scaled_1,defined,0.03367841990737716,4.414678288930626,-1.440168079959697,2.5876583497841663,"simple first Airy peak/crossing, fixed finite m; actual root also requires simple continuous root",True,0.03448967413227052,0.0008112542248933582,0.024088250788620143,0.03349518915630576,-0.00018323075107139902,-0.005440598210228469,0.03365312728800646,-2.5292619370703706e-05,-0.0007510037418698325
128.0,0.35,3,actual_root,defined,0.033449015437482084,3.9773340968563,,,"simple first Airy peak/crossing, fixed finite m; actual root also requires simple continuous root",True,0.031072922631689842,-0.0023760928057922417,-0.07103625546866335,,,,,,
128.0,0.35,4,scaled_1,defined,0.05300912495845264,6.972063963948779,-2.980978192654167,9.165550028105748,"simple first Airy peak/crossing, fixed finite m; actual root also requires simple continuous root",True,0.054469249718349835,0.001460124759897194,0.027544781413419046,0.05241078302440943,-0.0005983419340432131,-0.011287527091084413,0.05297020380249205,-3.892115596058898e-05,-0.0007342350206892589
128.0,0.35,4,actual_root,defined,0.05310149813636765,6.281369992193406,,,"simple first Airy peak/crossing, fixed finite m; actual root also requires simple continuous root",True,0.04907320306401099,-0.0040282950723566635,-0.07586029045756437,,,,,,
128.0,0.35,5,scaled_1,defined,0.07366503331681792,9.71095796332364,-5.080087654194165,20.62671372632697,"simple first Airy peak/crossing, fixed finite m; actual root also requires simple continuous root",True,0.07586685908846594,0.002201825771648014,0.029889700343695237,0.07235888601297497,-0.0013061473038429583,-0.017730899519524976,0.07361784070818535,-4.719260863257635e-05,-0.0006406378509273294
128.0,0.35,5,actual_root,defined,0.07433301881520507,8.748932921683224,,,"simple first Airy peak/crossing, fixed finite m; actual root also requires simple continuous root",True,0.06835103845065019,-0.005981980364554884,-0.0804754126753056,,,,,,
128.0,0.35,6,scaled_1,defined,0.0955128801284085,12.608594875886425,-7.742390846933154,37.86921104846054,"simple first Airy peak/crossing, fixed finite m; actual root also requires simple continuous root",True,0.0985046474678627,0.0029917673394541933,0.03132318212404474,0.09315826360998858,-0.002354616518419922,-0.0246523454769069,0.0954696168233956,-4.326330501290554e-05,-0.0004529578100329705
128.0,0.35,6,actual_root,defined,0.09698238281173192,11.359512750692025,,,"simple first Airy peak/crossing, fixed finite m; actual root also requires simple continuous root",True,0.08874619336478144,-0.008236189446950481,-0.08492459360313998,,,,,,
128.0,0.4,2,scaled_1,defined,0.016006502989426907,2.094718966071688,,,"simple first Airy peak/crossing, fixed finite m; actual root also requires simple continuous root",True,0.01636499192243506,0.00035848893300815393,0.022396455568399528,,,,,,
128.0,0.4,2,actual_root,defined,0.01546227019148222,1.821528997839929,,,"simple first Airy peak/crossing, fixed finite m; actual root also requires simple continuous root",True,0.014230695295624445,-0.0012315748958577743,-0.07965032822516699,,,,,,
128.0,0.4,3,scaled_1,defined,0.03389210577563387,4.462626163902666,,,"simple first Airy peak/crossing, fixed finite m; actual root also requires simple continuous root",True,0.03486426690548958,0.0009721611298557087,0.028683999049555275,,,,,,
128.0,0.4,3,actual_root,defined,0.03315807588991282,3.880617445934595,,,"simple first Airy peak/crossing, fixed finite m; actual root also requires simple continuous root",True,0.030317323796364024,-0.0028407520935487957,-0.08567300777585211,,,,,,
128.0,0.4,4,scaled_1,defined,0.05327727918106161,7.047787636062937,,,"simple first Airy peak/crossing, fixed finite m; actual root also requires simple continuous root",True,0.055060840906741695,0.0017835617256800884,0.03347696716303201,,,,,,
128.0,0.4,4,actual_root,defined,0.05269478098061785,6.128626206016323,,,"simple first Airy peak/crossing, fixed finite m; actual root also requires simple continuous root",True,0.04787989223450252,-0.004814888746115326,-0.09137316175365326,,,,,,
128.0,0.4,5,scaled_1,defined,0.07394900614778686,9.816428796714074,,,"simple first Airy peak/crossing, fixed finite m; actual root also requires simple continuous root",True,0.0766908499743287,0.0027418438265418427,0.03707749392956379,,,,,,
128.0,0.4,5,actual_root,defined,0.07383888905832582,8.536185520856963,,,"simple first Airy peak/crossing, fixed finite m; actual root also requires simple continuous root",True,0.06668894938169502,-0.007149939676630801,-0.09683162582501773,,,,,,
128.0,0.4,6,scaled_1,defined,0.09577294131902281,12.745536979277732,,,"simple first Airy peak/crossing, fixed finite m; actual root also requires simple continuous root",True,0.09957450765060728,0.0038015663315844744,0.03969353221513092,,,,,,
128.0,0.4,6,actual_root,defined,0.09643394736823452,11.083283999826536,,,"simple first Airy peak/crossing, fixed finite m; actual root also requires simple continuous root",True,0.08658815624864481,-0.009845791119589706,-0.10209880844131995,,,,,,
128.0,0.5,2,scaled_1,defined,0.016337912691688175,2.1532231793465835,,,"simple first Airy peak/crossing, fixed finite m; actual root also requires simple continuous root",True,0.016822056088645183,0.0004841433969570083,0.029633124260929223,,,,,,
128.0,0.5,2,actual_root,defined,0.014976010314666569,1.7054250677343123,,,"simple first Airy peak/crossing, fixed finite m; actual root also requires simple continuous root",True,0.013323633341674315,-0.0016523769729922533,-0.11033492487475242,,,,,,
128.0,0.5,3,scaled_1,defined,0.03449671370860477,4.587264569859675,,,"simple first Airy peak/crossing, fixed finite m; actual root also requires simple continuous root",True,0.03583800445202871,0.0013412907434239424,0.0388816962321073,,,,,,
128.0,0.5,3,actual_root,defined,0.03218205141549993,3.6332675891693613,,,"simple first Airy peak/crossing, fixed finite m; actual root also requires simple continuous root",True,0.028384903040385635,-0.003797148375114294,-0.11798963111734584,,,,,,
128.0,0.5,4,scaled_1,defined,0.05408608060296428,7.244628013056157,,,"simple first Airy peak/crossing, fixed finite m; actual root also requires simple continuous root",True,0.056598656352001224,0.0025125757490369466,0.04645512710527671,,,,,,
128.0,0.5,4,actual_root,defined,0.05124661747415644,5.7379886759464895,,,"simple first Airy peak/crossing, fixed finite m; actual root also requires simple continuous root",True,0.04482803653083195,-0.006418580943324488,-0.1252488702607809,,,,,,
128.0,0.5,5,scaled_1,defined,0.07488755053801592,10.090595619673529,,,"simple first Airy peak/crossing, fixed finite m; actual root also requires simple continuous root",True,0.07883277827869944,0.003945227740683524,0.052682024079299644,,,,,,
128.0,0.5,5,actual_root,defined,0.07195155566938445,7.992090593871207,,,"simple first Airy peak/crossing, fixed finite m; actual root also requires simple continuous root",True,0.0624382077646188,-0.00951334790476565,-0.13221879382954885,,,,,,
128.0,0.5,6,scaled_1,defined,0.09676381327157431,13.10151199349986,,,"simple first Airy peak/crossing, fixed finite m; actual root also requires simple continuous root",True,0.10235556244921766,0.0055917491776433514,0.05778760663296435,,,,,,
128.0,0.5,6,actual_root,defined,0.09415326854087584,10.37683747474649,,,"simple first Airy peak/crossing, fixed finite m; actual root also requires simple continuous root",True,0.08106904277145695,-0.013084225769418895,-0.1389673026989869,,,,,,
128.0,0.6,2,scaled_1,defined,0.016808826615862527,2.2353208769315196,,,"simple first Airy peak/crossing, fixed finite m; actual root also requires simple continuous root",True,0.017463444351027497,0.0006546177351649703,0.03894487998033165,,,,,,
128.0,0.6,2,actual_root,defined,0.014192016669090035,1.5468133976383007,,,"simple first Airy peak/crossing, fixed finite m; actual root also requires simple continuous root",True,0.012084479669049224,-0.0021075370000408107,-0.14850158713743547,,,,,,
128.0,0.6,3,scaled_1,defined,0.03538738126261917,4.762166950165982,,,"simple first Airy peak/crossing, fixed finite m; actual root also requires simple continuous root",True,0.037204429298171734,0.0018170480355525626,0.05134734390396864,,,,,,
128.0,0.6,3,actual_root,defined,0.030547639680111288,3.295358494758395,,,"simple first Airy peak/crossing, fixed finite m; actual root also requires simple continuous root",True,0.02574498824029996,-0.004802651439811328,-0.15721841327525543,,,,,,
128.0,0.6,4,scaled_1,defined,0.05533136394781055,7.520849858258348,,,"simple first Airy peak/crossing, fixed finite m; actual root also requires simple continuous root",True,0.058756639517643344,0.0034252755698327975,0.06190477381080961,,,,,,
128.0,0.6,4,actual_root,defined,0.048720350052593994,5.20433171024176,,,"simple first Airy peak/crossing, fixed finite m; actual root also requires simple continuous root",True,0.04065884148626375,-0.008061508566330242,-0.16546491471485283,,,,,,
128.0,0.6,5,scaled_1,defined,0.07641521025853602,10.475327994646024,,,"simple first Airy peak/crossing, fixed finite m; actual root also requires simple continuous root",True,0.08183849995817206,0.005423289699636041,0.07097133779109413,,,,,,
128.0,0.6,5,actual_root,defined,0.0685091384591422,7.248792714277694,,,"simple first Airy peak/crossing, fixed finite m; actual root also requires simple continuous root",True,0.05663119308029448,-0.011877945378847711,-0.17337753248687454,,,,,,
128.0,0.6,6,scaled_1,defined,0.0984977531976536,13.601044034518559,,,"simple first Airy peak/crossing, fixed finite m; actual root also requires simple continuous root",True,0.10625815651967624,0.007760403322022644,0.07878761768758306,,,,,,
128.0,0.6,6,actual_root,defined,0.08978425358014624,9.411748152838602,,,"simple first Airy peak/crossing, fixed finite m; actual root also requires simple continuous root",True,0.07352928244405157,-0.01625497113609467,-0.18104478778770056,,,,,,
128.0,0.7,2,scaled_1,defined,0.017468562759722528,2.3532962370600696,-1.446718192021048,1.103438128181133,"simple first Airy peak/crossing, fixed finite m; actual root also requires simple continuous root",True,0.018385126852031794,0.000916564092309266,0.05246934764562307,0.01738611880120755,-8.244395851497721e-05,-0.004719561629023609,0.017453467319773295,-1.5095439949232986e-05,-0.00086414893754389
128.0,0.7,2,actual_root,defined,0.01299555620916143,1.3267498625963068,,,"simple first Airy peak/crossing, fixed finite m; actual root also requires simple continuous root",True,0.010365233301533647,-0.002630322907627783,-0.20240171834842235,,,,,,
128.0,0.7,3,scaled_1,defined,0.03666149947360406,5.013503734399543,-4.216431873722301,5.924854782820451,"simple first Airy peak/crossing, fixed finite m; actual root also requires simple continuous root",True,0.03916799792499643,0.0025064984513923708,0.06836868342488354,0.036256408500855666,-0.00040509097274839256,-0.011049492753018853,0.036618032938283675,-4.346653532038419e-05,-0.001185618044665077
128.0,0.7,3,actual_root,defined,0.027978868810372343,2.8265312653754417,,,"simple first Airy peak/crossing, fixed finite m; actual root also requires simple continuous root",True,0.02208227551074564,-0.005896593299626704,-0.21075166903962592,,,,,,
128.0,0.7,4,scaled_1,defined,0.05715618644794132,7.917783909050541,-8.326993281573513,15.71031483122,"simple first Airy peak/crossing, fixed finite m; actual root also requires simple continuous root",True,0.06185768678945735,0.004701500341516028,0.08225706845921608,0.05610761509385632,-0.0010485713540850025,-0.01834571932191551,0.05706649661431652,-8.96898336247981e-05,-0.0015692060509755823
128.0,0.7,4,actual_root,defined,0.04462004261228547,4.463916844792841,,,"simple first Airy peak/crossing, fixed finite m; actual root also requires simple continuous root",True,0.03487435034994407,-0.009745692262341399,-0.21841512674078142,,,,,,
128.0,0.7,5,scaled_1,defined,0.07871788336319015,11.028192957071242,-13.789182126696312,31.55610701184483,"simple first Airy peak/crossing, fixed finite m; actual root also requires simple continuous root",True,0.08615775747711908,0.007439874113928935,0.09451313724484556,0.07663585885524085,-0.0020820245079492955,-0.02644919323279069,0.07856189077735053,-0.0001559925858396205,-0.001981666416510449
128.0,0.7,5,actual_root,defined,0.06271861688707914,6.217514505848565,,,"simple first Airy peak/crossing, fixed finite m; actual root also requires simple continuous root",True,0.048574332076941916,-0.014144284810137221,-0.22551971826169417,,,,,,
128.0,0.7,6,scaled_1,defined,0.10120056514483963,14.318877471612947,-20.610343278013836,54.4619392972137,"simple first Airy peak/crossing, fixed finite m; actual root also requires simple continuous root",True,0.11186623024697614,0.010665665102136512,0.10539135909835746,0.09763408816253653,-0.003566476982303099,-0.035241670609237295,0.10095818113722,-0.0002423840076196393,-0.002395085514322336
128.0,0.7,6,actual_root,defined,0.08213319049565493,8.072748521337521,,,"simple first Airy peak/crossing, fixed finite m; actual root also requires simple continuous root",True,0.06306834782294939,-0.019064842672705543,-0.2321210531047631,,,,,,
128.0,0.8,2,scaled_1,defined,0.018410034242725,2.536074340461172,,,"simple first Airy peak/crossing, fixed finite m; actual root also requires simple continuous root",True,0.019813080784852905,0.0014030465421279066,0.07621096862882487,,,,,,
128.0,0.8,2,actual_root,defined,0.011152639642794643,1.0012781738525256,,,"simple first Airy peak/crossing, fixed finite m; actual root also requires simple continuous root",True,0.007822485733222856,-0.0033301539095717866,-0.2985978222405214,,,,,,
128.0,0.8,3,scaled_1,defined,0.03850128991815846,5.402897423785917,,,"simple first Airy peak/crossing, fixed finite m; actual root also requires simple continuous root",True,0.042210136123327475,0.0037088462051690155,0.09633044017623428,,,,,,
128.0,0.8,3,actual_root,defined,0.023889008497475883,2.1331406495825096,,,"simple first Airy peak/crossing, fixed finite m; actual root also requires simple continuous root",True,0.016665161324863356,-0.007223847172612527,-0.3023920885362739,,,,,,
128.0,0.8,4,scaled_1,defined,0.05982644554103875,8.532750058762307,,,"simple first Airy peak/crossing, fixed finite m; actual root also requires simple continuous root",True,0.06666210983408052,0.006835664293041777,0.11425823866391598,,,,,,
128.0,0.8,4,actual_root,defined,0.03782422117546877,3.3688509285669976,,,"simple first Airy peak/crossing, fixed finite m; actual root also requires simple continuous root",True,0.02631914787942967,-0.0115050732960391,-0.3041721134895652,,,,,,
128.0,0.8,5,scaled_1,defined,0.08213904490929566,11.884741385140401,,,"simple first Airy peak/crossing, fixed finite m; actual root also requires simple continuous root",True,0.09284954207140939,0.010710497162113725,0.13039471269651468,,,,,,
128.0,0.8,5,actual_root,defined,0.05261492659211067,4.69226471833589,,,"simple first Airy peak/crossing, fixed finite m; actual root also requires simple continuous root",True,0.03665831811199914,-0.01595660848011153,-0.30327151463714364,,,,,,
128.0,0.8,6,scaled_1,defined,0.10528720245735843,15.431009988496488,,,"simple first Airy peak/crossing, fixed finite m; actual root also requires simple continuous root",True,0.12055476553512881,0.015267563077770385,0.14500872586061717,,,,,,
128.0,0.8,6,actual_root,defined,0.0677766038455925,6.092381936710977,,,"simple first Airy peak/crossing, fixed finite m; actual root also requires simple continuous root",True,0.047596733880554506,-0.020179869965037997,-0.2977409433351283,,,,,,
128.0,0.9,2,scaled_1,defined,0.01984278905865408,2.896903419870246,-6.047287886764773,43.08036743823597,"simple first Airy peak/crossing, fixed finite m; actual root also requires simple continuous root",True,0.022632057967736298,0.0027892689090822168,0.14056838989908663,0.018456200279729815,-0.0013865887789242665,-0.06987872394478388,0.02108561723762996,0.0012428281789758772,0.0626337444450048
128.0,0.9,2,actual_root,defined,0.00803173383378808,0.3998837489754696,,,"simple first Airy peak/crossing, fixed finite m; actual root also requires simple continuous root",True,0.003124091788870856,-0.004907642044917223,-0.6110314592686878,,,,,,
128.0,0.9,3,scaled_1,defined,0.04131074491578057,6.171614047136879,-14.812475614270287,94.78890508968811,"simple first Airy peak/crossing, fixed finite m; actual root also requires simple continuous root",True,0.04821573474325687,0.006904989827476296,0.16714755063248962,0.03798721721101967,-0.003323527704760902,-0.08045189481662736,0.043772672843935205,0.002461927928154632,0.05959534095000508
128.0,0.9,3,actual_root,defined,0.016518908281557554,0.85191937897236,,,"simple first Airy peak/crossing, fixed finite m; actual root also requires simple continuous root",True,0.006655620148221563,-0.009863288133335991,-0.5970907983276235,,,,,,
128.0,0.9,4,scaled_1,defined,0.06392247105669968,9.746777699596784,-26.230151582425663,154.023589833309,"simple first Airy peak/crossing, fixed finite m; actual root also requires simple continuous root",True,0.07614670077809987,0.012224229721400193,0.19123524981625342,0.05803389017704105,-0.005888580879658628,-0.09212067027939855,0.06743474404870298,0.003512272992003296,0.054945826310248316
128.0,0.9,4,actual_root,defined,0.02416460973891843,1.3454290468267804,,,"simple first Airy peak/crossing, fixed finite m; actual root also requires simple continuous root",True,0.010511164428334222,-0.013653445310584208,-0.5650182418876223,,,,,,
128.0,0.9,5,scaled_1,defined,0.08741741462414443,13.575685623090193,-40.260818323453464,220.08717250685032,"simple first Airy peak/crossing, fixed finite m; actual root also requires simple continuous root",True,0.10606004393039213,0.0186426293062477,0.2132599023478631,0.07825858137899218,-0.00915883324515225,-0.10477126650943767,0.09169163634156849,0.004274221717424059,0.0488943963374036
128.0,0.9,5,actual_root,no_peak_in_valid_interval,,1.8739651534937416,,,"simple first Airy peak/crossing, fixed finite m; actual root also requires simple continuous root",True,0.014640352761669856,,,,,,,,
128.0,0.9,6,scaled_1,defined,0.11163823797401254,17.626512320454513,-56.87756382631835,292.4811921244049,"simple first Airy peak/crossing, fixed finite m; actual root also requires simple continuous root",True,0.13770712750355088,0.02606888952953834,0.23351219082843935,0.09843123777800364,-0.0132070001960089,-0.1183017614366438,0.11628287303950297,0.004644635065490427,0.041604338708495364
128.0,0.9,6,actual_root,no_peak_in_valid_interval,,2.433134560068062,,,"simple first Airy peak/crossing, fixed finite m; actual root also requires simple continuous root",True,0.019008863750531735,,,,,,,,
128.0,1.0,2,scaled_1,defined,0.022510463656242263,,,,"simple first Airy peak/crossing, fixed finite m; actual root also requires simple continuous root",True,,,,,,,,,
128.0,1.0,2,actual_root,no_peak_in_valid_interval,,,,,"simple first Airy peak/crossing, fixed finite m; actual root also requires simple continuous root",True,,,,,,,,,
128.0,1.0,3,scaled_1,defined,0.04645046511711021,,,,"simple first Airy peak/crossing, fixed finite m; actual root also requires simple continuous root",True,,,,,,,,,
128.0,1.0,3,actual_root,no_peak_in_valid_interval,,,,,"simple first Airy peak/crossing, fixed finite m; actual root also requires simple continuous root",True,,,,,,,,,
128.0,1.0,4,scaled_1,defined,0.07131407583961791,,,,"simple first Airy peak/crossing, fixed finite m; actual root also requires simple continuous root",True,,,,,,,,,
128.0,1.0,4,actual_root,no_peak_in_valid_interval,,,,,"simple first Airy peak/crossing, fixed finite m; actual root also requires simple continuous root",True,,,,,,,,,
128.0,1.0,5,scaled_1,defined,0.0968452686484331,,,,"simple first Airy peak/crossing, fixed finite m; actual root also requires simple continuous root",True,,,,,,,,,
128.0,1.0,5,actual_root,no_peak_in_valid_interval,,,,,"simple first Airy peak/crossing, fixed finite m; actual root also requires simple continuous root",True,,,,,,,,,
128.0,1.0,6,scaled_1,defined,0.1228993173068827,,,,"simple first Airy peak/crossing, fixed finite m; actual root also requires simple continuous root",True,,,,,,,,,
128.0,1.0,6,actual_root,no_peak_in_valid_interval,,,,,"simple first Airy peak/crossing, fixed finite m; actual root also requires simple continuous root",True,,,,,,,,,
16.0,0.2,2,scaled_1,defined,0.1247706262628867,2.0259902345198677,-0.24069208349533888,-0.16694734638273356,"simple first Airy peak/crossing, fixed finite m; actual root also requires simple continuous root",False,0.12662438965749173,0.0018537633946050375,0.014857370281200901,0.12286357585287706,-0.0019070504100096308,-0.015284450091574857,0.1222114377810695,-0.0025591884818171873,-0.020511145599486535
16.0,0.2,2,actual_root,defined,0.12412397427457918,1.961517116377035,,,"simple first Airy peak/crossing, fixed finite m; actual root also requires simple continuous root",False,0.12259481977356469,-0.0015291545010144847,-0.012319574118951317,,,,,,
16.0,0.2,3,scaled_1,defined,0.2726137899690694,4.316205264200697,-0.7794466861352785,2.275191903719599,"simple first Airy peak/crossing, fixed finite m; actual root also requires simple continuous root",False,0.26976282901254356,-0.0028509609565258165,-0.01045787506512156,0.2575839745416798,-0.01502981542738957,-0.05513226395882191,0.2664714429155845,-0.006142347053484876,-0.02253131455375674
16.0,0.2,3,actual_root,defined,0.2677365532097302,4.178850598227454,,,"simple first Airy peak/crossing, fixed finite m; actual root also requires simple continuous root",False,0.2611781623892159,-0.006558390820514348,-0.024495687054643084,,,,,,
16.0,0.2,4,scaled_1,defined,0.44243541894725097,6.816546351518886,-1.6231156168231438,8.404651037840217,"simple first Airy peak/crossing, fixed finite m; actual root also requires simple continuous root",False,0.42603414696993036,-0.01640127197732061,-0.037070431694520456,0.40067296545706876,-0.041762453490182205,-0.09439220211969807,0.4335036335736321,-0.008931785373618883,-0.020187772025285725
16.0,0.2,4,actual_root,defined,0.43134719099694585,6.599623292977231,,,"simple first Airy peak/crossing, fixed finite m; actual root also requires simple continuous root",False,0.41247645581107695,-0.018870735185868903,-0.043748366929790714,,,,,,
16.0,0.2,5,scaled_1,defined,0.6319573482995382,9.49434707095773,-2.775836201420863,19.167880603716423,"simple first Airy peak/crossing, fixed finite m; actual root also requires simple continuous root",False,0.5933966919348581,-0.03856065636468009,-0.061017814680751084,0.5500242512876571,-0.08193309701188112,-0.12964972593853924,0.6248987848959243,-0.007058563403613882,-0.011169366765980274
16.0,0.2,5,actual_root,defined,0.6192597849108888,9.192208319267259,,,"simple first Airy peak/crossing, fixed finite m; actual root also requires simple continuous root",False,0.5745130199542037,-0.04474676495668517,-0.07225847059182797,,,,,,
16.0,0.2,6,scaled_1,defined,0.8371912500939179,12.327349812540353,-4.240427450130673,35.42685123651413,"simple first Airy peak/crossing, fixed finite m; actual root also requires simple continuous root",False,0.7704593632837721,-0.06673188681014586,-0.07970925018943967,0.7042026843754803,-0.13298856571843765,-0.1588508787012749,0.8425888220181136,0.005397571924195654,0.006447238816208534
16.0,0.2,6,actual_root,defined,0.8410053789883645,11.93505637138253,,,"simple first Airy peak/crossing, fixed finite m; actual root also requires simple continuous root",False,0.7459410232114081,-0.09506435577695638,-0.11303656094483983,,,,,,
16.0,0.3,2,scaled_1,defined,0.12495442859947253,2.0534910658270404,,,"simple first Airy peak/crossing, fixed finite m; actual root also requires simple continuous root",False,0.12834319161419003,0.003388763014717494,0.02711999128562138,,,,,,
16.0,0.3,2,actual_root,defined,0.1293968827947493,1.9050154481849104,,,"simple first Airy peak/crossing, fixed finite m; actual root also requires simple continuous root",False,0.1190634655115569,-0.010333417283192411,-0.07985831698576067,,,,,,
16.0,0.3,3,scaled_1,defined,0.2712857140511617,4.374793519383498,,,"simple first Airy peak/crossing, fixed finite m; actual root also requires simple continuous root",False,0.27342459496146865,0.0021388809103069506,0.00788423716961218,,,,,,
16.0,0.3,3,actual_root,defined,0.28102236773741573,4.058478449570595,,,"simple first Airy peak/crossing, fixed finite m; actual root also requires simple continuous root",False,0.2536549030981622,-0.027367464639253547,-0.09738536067287501,,,,,,
16.0,0.3,4,scaled_1,defined,0.4382827958051725,6.909074285818169,,,"simple first Airy peak/crossing, fixed finite m; actual root also requires simple continuous root",False,0.43181714286363554,-0.006465652941536948,-0.014752239885799875,,,,,,
16.0,0.3,4,actual_root,defined,0.4560170018065556,6.409520579939707,,,"simple first Airy peak/crossing, fixed finite m; actual root also requires simple continuous root",False,0.40059503624623166,-0.055421965560323916,-0.12153486677199409,,,,,,
16.0,0.3,5,scaled_1,defined,0.6245238108408878,9.623223524911634,,,"simple first Airy peak/crossing, fixed finite m; actual root also requires simple continuous root",False,0.6014514703069771,-0.023072340533910718,-0.036943892504026465,,,,,,
16.0,0.3,5,actual_root,defined,0.6605103905456973,8.9274259729539,,,"simple first Airy peak/crossing, fixed finite m; actual root also requires simple continuous root",False,0.5579641233096188,-0.10254626723607851,-0.15525307202413172,,,,,,
16.0,0.3,6,scaled_1,defined,0.8271540274416008,12.494681501451241,,,"simple first Airy peak/crossing, fixed finite m; actual root also requires simple continuous root",False,0.7809175938407026,-0.04623643360089824,-0.05589821492365598,,,,,,
16.0,0.3,6,actual_root,defined,0.9095480571172112,11.591266052491152,,,"simple first Airy peak/crossing, fixed finite m; actual root also requires simple continuous root",False,0.724454128280697,-0.1850939288365142,-0.20350098863732893,,,,,,
16.0,0.35,2,scaled_1,defined,0.1252871710422209,2.0722126392143805,-0.45047406624876085,-0.09305224572508841,"simple first Airy peak/crossing, fixed finite m; actual root also requires simple continuous root",False,0.12951328995089878,0.004226118908677884,0.03373145768654726,0.12247463266576189,-0.002812538376459006,-0.022448734000955296,0.12211114733089826,-0.0031760237113226397,-0.025349951514607526
16.0,0.35,2,actual_root,defined,0.13161862288505466,1.8669269755283526,,,"simple first Airy peak/crossing, fixed finite m; actual root also requires simple continuous root",False,0.11668293597052204,-0.01493568691453262,-0.11347700338405967,,,,,,
16.0,0.35,3,scaled_1,defined,0.27112582631682514,4.414678288930626,-1.440168079959697,2.5876583497841663,"simple first Airy peak/crossing, fixed finite m; actual root also requires simple continuous root",False,0.27591739305816415,0.004791566741339015,0.017672852514388694,0.2534147668087939,-0.017711059508031257,-0.06532413288926202,0.26352280723763827,-0.007603019079186868,-0.028042400764515626
16.0,0.35,3,actual_root,defined,0.2868527369760777,3.9773340968563,,,"simple first Airy peak/crossing, fixed finite m; actual root also requires simple continuous root",False,0.24858338105351874,-0.03826935592255898,-0.13341115837340076,,,,,,
16.0,0.35,4,scaled_1,defined,0.43695049473804437,6.972063963948779,-2.980978192654167,9.165550028105748,"simple first Airy peak/crossing, fixed finite m; actual root also requires simple continuous root",False,0.4357539977467987,-0.001196496991245688,-0.002738289590364232,0.3891762134865773,-0.04777428125146704,-0.10933568408043146,0.42497914328386543,-0.011971351454178936,-0.027397500628431295
16.0,0.35,4,actual_root,defined,0.4671916495436811,6.281369992193406,,,"simple first Airy peak/crossing, fixed finite m; actual root also requires simple continuous root",False,0.3925856245120879,-0.07460602503159319,-0.15969040778974314,,,,,,
16.0,0.35,5,scaled_1,defined,0.6216892172902793,9.71095796332364,-5.080087654194165,20.62671372632697,"simple first Airy peak/crossing, fixed finite m; actual root also requires simple continuous root",False,0.6069348727077275,-0.01475434458255176,-0.02373266926980118,0.5275585031109437,-0.0941307141793356,-0.15141120605182393,0.6081316036044084,-0.013557613685870828,-0.02180770280199424
16.0,0.35,5,actual_root,defined,0.6797958521240549,8.748932921683224,,,"simple first Airy peak/crossing, fixed finite m; actual root also requires simple continuous root",False,0.5468083076052015,-0.13298754451885342,-0.19562864954725367,,,,,,
16.0,0.35,6,scaled_1,defined,0.8229930456086335,12.608594875886425,-7.742390846933154,37.86921104846054,"simple first Airy peak/crossing, fixed finite m; actual root also requires simple continuous root",False,0.7880371797429016,-0.03495586586573196,-0.04247407198912698,0.667062322759571,-0.1559307228490625,-0.18946784991815577,0.8149889284176199,-0.008004117191013571,-0.00972561947360592
16.0,0.35,6,actual_root,defined,0.9433493710767101,11.359512750692025,,,"simple first Airy peak/crossing, fixed finite m; actual root also requires simple continuous root",False,0.7099695469182515,-0.2333798241584586,-0.24739490088606939,,,,,,
16.0,0.4,2,scaled_1,defined,0.12578583587083414,2.094718966071688,,,"simple first Airy peak/crossing, fixed finite m; actual root also requires simple continuous root",False,0.1309199353794805,0.00513409950864635,0.04081619741286618,,,,,,
16.0,0.4,2,actual_root,defined,0.13353895704288,1.821528997839929,,,"simple first Airy peak/crossing, fixed finite m; actual root also requires simple continuous root",False,0.11384556236499556,-0.019693394677884432,-0.1474730304472933,,,,,,
16.0,0.4,3,scaled_1,defined,0.27131050039807525,4.462626163902666,,,"simple first Airy peak/crossing, fixed finite m; actual root also requires simple continuous root",False,0.2789141352439166,0.007603634845841367,0.028025582624649898,,,,,,
16.0,0.4,3,actual_root,defined,0.29209422517299855,3.880617445934595,,,"simple first Airy peak/crossing, fixed finite m; actual root also requires simple continuous root",False,0.2425385903709122,-0.04955563480208636,-0.1696563318659794,,,,,,
16.0,0.4,4,scaled_1,defined,0.43613001399461415,7.047787636062937,,,"simple first Airy peak/crossing, fixed finite m; actual root also requires simple continuous root",False,0.44048672725393356,0.004356713259319411,0.009989482767799634,,,,,,
16.0,0.4,4,actual_root,defined,0.4775330659507403,6.128626206016323,,,"simple first Airy peak/crossing, fixed finite m; actual root also requires simple continuous root",False,0.3830391378760202,-0.09449392807472012,-0.19787934032712115,,,,,,
16.0,0.4,5,scaled_1,defined,0.619476359556859,9.816428796714074,,,"simple first Airy peak/crossing, fixed finite m; actual root also requires simple continuous root",False,0.6135267997946297,-0.005949559762229328,-0.009604175640351043,,,,,,
16.0,0.4,5,actual_root,defined,0.6981261607368162,8.536185520856963,,,"simple first Airy peak/crossing, fixed finite m; actual root also requires simple continuous root",False,0.5335115950535602,-0.16461456568325605,-0.23579486766334407,,,,,,
16.0,0.4,6,scaled_1,defined,0.8194623216469263,12.745536979277732,,,"simple first Airy peak/crossing, fixed finite m; actual root also requires simple continuous root",False,0.7965960612048583,-0.022866260442068076,-0.02790398025392098,,,,,,
16.0,0.4,6,actual_root,defined,0.9769614121591892,11.083283999826536,,,"simple first Airy peak/crossing, fixed finite m; actual root also requires simple continuous root",False,0.6927052499891585,-0.2842561621700307,-0.29095945718244304,,,,,,
16.0,0.5,2,scaled_1,defined,0.12730679684155877,2.1532231793465835,,,"simple first Airy peak/crossing, fixed finite m; actual root also requires simple continuous root",False,0.13457644870916147,0.0072696518676027,0.05710340726465873,,,,,,
16.0,0.5,2,actual_root,defined,0.13633877085643953,1.7054250677343123,,,"simple first Airy peak/crossing, fixed finite m; actual root also requires simple continuous root",False,0.10658906673339452,-0.029749704123045007,-0.2182042858107509,,,,,,
16.0,0.5,3,scaled_1,defined,0.2727559860105322,4.587264569859675,,,"simple first Airy peak/crossing, fixed finite m; actual root also requires simple continuous root",False,0.2867040356162297,0.01394804960569751,0.05113746469769107,,,,,,
16.0,0.5,3,actual_root,defined,0.3005278520856279,3.6332675891693613,,,"simple first Airy peak/crossing, fixed finite m; actual root also requires simple continuous root",False,0.22707922432308508,-0.0734486277625428,-0.2443987379300054,,,,,,
16.0,0.5,4,scaled_1,defined,0.4360922301370766,7.244628013056157,,,"simple first Airy peak/crossing, fixed finite m; actual root also requires simple continuous root",False,0.4527892508160098,0.016697020678933194,0.03828781969741775,,,,,,
16.0,0.5,4,actual_root,defined,0.4953239253821557,5.7379886759464895,,,"simple first Airy peak/crossing, fixed finite m; actual root also requires simple continuous root",False,0.3586242922466556,-0.1366996331355001,-0.27598027498880184,,,,,,
16.0,0.5,5,scaled_1,defined,0.6170377488059805,10.090595619673529,,,"simple first Airy peak/crossing, fixed finite m; actual root also requires simple continuous root",False,0.6306622262295956,0.013624477423615056,0.022080460150095446,,,,,,
16.0,0.5,5,actual_root,defined,0.7314425392784181,7.992090593871207,,,"simple first Airy peak/crossing, fixed finite m; actual root also requires simple continuous root",False,0.4995056621169504,-0.23193687716146766,-0.3170951437829659,,,,,,
16.0,0.5,6,scaled_1,defined,0.8144952117878628,13.10151199349986,,,"simple first Airy peak/crossing, fixed finite m; actual root also requires simple continuous root",False,0.8188444995937413,0.00434928780587851,0.0053398568130702435,,,,,,
16.0,0.5,6,actual_root,defined,1.043777974979373,10.37683747474649,,,"simple first Airy peak/crossing, fixed finite m; actual root also requires simple continuous root",False,0.6485523421716556,-0.3952256328077174,-0.3786491402211546,,,,,,
16.0,0.6,2,scaled_1,defined,0.12958697228744517,2.2353208769315196,,,"simple first Airy peak/crossing, fixed finite m; actual root also requires simple continuous root",False,0.13970755480821997,0.010120582520774801,0.07809876519319926,,,,,,
16.0,0.6,2,actual_root,defined,0.13734221687169074,1.5468133976383007,,,"simple first Airy peak/crossing, fixed finite m; actual root also requires simple continuous root",False,0.0966758373523938,-0.04066637951929694,-0.29609526076959064,,,,,,
16.0,0.6,3,scaled_1,defined,0.27573697482732096,4.762166950165982,,,"simple first Airy peak/crossing, fixed finite m; actual root also requires simple continuous root",False,0.2976354343853739,0.02189845955805292,0.07941792924857731,,,,,,
16.0,0.6,3,actual_root,defined,0.3052989989613298,3.295358494758395,,,"simple first Airy peak/crossing, fixed finite m; actual root also requires simple continuous root",False,0.20595990592239968,-0.0993390930389301,-0.3253829635108392,,,,,,
16.0,0.6,4,scaled_1,defined,0.43833950301609836,7.520849858258348,,,"simple first Airy peak/crossing, fixed finite m; actual root also requires simple continuous root",False,0.47005311614114675,0.03171361312504839,0.07234942985251247,,,,,,
16.0,0.6,4,actual_root,defined,0.5078942346529941,5.20433171024176,,,"simple first Airy peak/crossing, fixed finite m; actual root also requires simple continuous root",False,0.32527073189011,-0.18262350276288408,-0.3595699464626862,,,,,,
16.0,0.6,5,scaled_1,defined,0.6174847854595629,10.475327994646024,,,"simple first Airy peak/crossing, fixed finite m; actual root also requires simple continuous root",False,0.6547079996653765,0.03722321420581365,0.06028199411927256,,,,,,
16.0,0.6,5,actual_root,defined,0.7585702276460596,7.248792714277694,,,"simple first Airy peak/crossing, fixed finite m; actual root also requires simple continuous root",False,0.45304954464235586,-0.3055206830037038,-0.40275860015199055,,,,,,
16.0,0.6,6,scaled_1,defined,0.8126984775688719,13.601044034518559,,,"simple first Airy peak/crossing, fixed finite m; actual root also requires simple continuous root",False,0.8500652521574099,0.03736677458853799,0.04597864474942535,,,,,,
16.0,0.6,6,actual_root,defined,1.1093335136915026,9.411748152838602,,,"simple first Airy peak/crossing, fixed finite m; actual root also requires simple continuous root",False,0.5882342595524126,-0.52109925413909,-0.4697408378162492,,,,,,
16.0,0.7,2,scaled_1,defined,0.1327296772045559,2.3532962370600696,-1.446718192021048,1.103438128181133,"simple first Airy peak/crossing, fixed finite m; actual root also requires simple continuous root",False,0.14708101481625435,0.014351337611698461,0.10812455747617729,0.12447604306592548,-0.008253634138630409,-0.0621837882262785,0.12878634825413304,-0.0039433289504228475,-0.029709474425569492
16.0,0.7,2,actual_root,defined,0.13548597820726271,1.3267498625963068,,,"simple first Airy peak/crossing, fixed finite m; actual root also requires simple continuous root",False,0.08292186641226917,-0.05256411179499354,-0.3879671718838861,,,,,,
16.0,0.7,3,scaled_1,defined,0.28042194124198916,5.013503734399543,-4.216431873722301,5.924854782820451,"simple first Airy peak/crossing, fixed finite m; actual root also requires simple continuous root",False,0.31334398339997144,0.03292204215798228,0.11740180533723756,0.2474622353730605,-0.03295970586892866,-0.11753611619315549,0.27060619936845287,-0.009815741873536288,-0.03500347308795579
16.0,0.7,3,actual_root,defined,0.30330502335509313,2.8265312653754417,,,"simple first Airy peak/crossing, fixed finite m; actual root also requires simple continuous root",False,0.1766582040859651,-0.12664681926912802,-0.41755595693137193,,,,,,
16.0,0.7,4,scaled_1,defined,0.4431021605914647,7.917783909050541,-8.326993281573513,15.71031483122,"simple first Airy peak/crossing, fixed finite m; actual root also requires simple continuous root",False,0.4948614943156588,0.05175933372419411,0.11681128716480273,0.3647522242910727,-0.078349936300392,-0.17682138176850323,0.4261206416005258,-0.01698151899093886,-0.03832416201327358
16.0,0.7,4,actual_root,defined,0.07129225635071311,4.463916844792841,,,"simple first Airy peak/crossing, fixed finite m; actual root also requires simple continuous root",False,0.2789948027995526,0.20770254644883945,2.913395606769316,,,,,,
16.0,0.7,5,scaled_1,defined,0.6211487027293573,11.028192957071242,-13.789182126696312,31.55610701184483,"simple first Airy peak/crossing, fixed finite m; actual root also requires simple continuous root",False,0.6892620598169527,0.06811335708759536,0.10965708660148848,0.4738060890873228,-0.1473426136420345,-0.2372098870924208,0.5970721321023417,-0.024076570627015625,-0.03876136345648315
16.0,0.7,5,actual_root,defined,0.7726598034476696,6.217514505848565,,,"simple first Airy peak/crossing, fixed finite m; actual root also requires simple continuous root",False,0.3885946566155353,-0.3840651468321343,-0.49706888480338307,,,,,,
16.0,0.7,6,scaled_1,defined,0.8145712382336385,14.318877471612947,-20.610343278013836,54.4619392972137,"simple first Airy peak/crossing, fixed finite m; actual root also requires simple continuous root",False,0.8949298419758092,0.08035860374217063,0.09865141312431394,0.572893228256843,-0.24167800997679556,-0.2966935224730787,0.785635178636584,-0.028936059597054475,-0.035523055859179406
16.0,0.7,6,actual_root,defined,1.1662779808108261,8.072748521337521,,,"simple first Airy peak/crossing, fixed finite m; actual root also requires simple continuous root",False,0.5045467825835951,-0.661731198227231,-0.5673872002343546,,,,,,
16.0,0.8,2,scaled_1,defined,0.1368834103011844,2.536074340461172,,,"simple first Airy peak/crossing, fixed finite m; actual root also requires simple continuous root",False,0.15850464627882324,0.021621235977638847,0.15795366239097688,,,,,,
16.0,0.8,2,actual_root,defined,0.00042699548578219865,1.0012781738525256,,,"simple first Airy peak/crossing, fixed finite m; actual root also requires simple continuous root",False,0.06257988586578285,0.06215289038000065,145.5586591650843,,,,,,
16.0,0.8,3,scaled_1,defined,0.2870474159339211,5.402897423785917,,,"simple first Airy peak/crossing, fixed finite m; actual root also requires simple continuous root",False,0.3376810889866198,0.050633673052698724,0.1763948053249666,,,,,,
16.0,0.8,3,actual_root,defined,-0.026238574035821527,2.1331406495825096,,,"simple first Airy peak/crossing, fixed finite m; actual root also requires simple continuous root",False,0.13332129059890685,0.15955986463472838,-6.0811179912785445,,,,,,
16.0,0.8,4,scaled_1,defined,0.45068470263294497,8.532750058762307,,,"simple first Airy peak/crossing, fixed finite m; actual root also requires simple continuous root",False,0.5332968786726442,0.08261217603969923,0.18330370557747058,,,,,,
16.0,0.8,4,actual_root,defined,,3.3688509285669976,,,"simple first Airy peak/crossing, fixed finite m; actual root also requires simple continuous root",False,0.21055318303543735,,,,,,,,
16.0,0.8,5,scaled_1,defined,0.628424931203953,11.884741385140401,,,"simple first Airy peak/crossing, fixed finite m; actual root also requires simple continuous root",False,0.7427963365712751,0.11437140536732204,0.18199692546921442,,,,,,
16.0,0.8,5,actual_root,defined,,4.69226471833589,,,"simple first Airy peak/crossing, fixed finite m; actual root also requires simple continuous root",False,0.29326654489599313,,,,,,,,
16.0,0.8,6,scaled_1,defined,0.8206613230707914,15.431009988496488,,,"simple first Airy peak/crossing, fixed finite m; actual root also requires simple continuous root",False,0.9644381242810305,0.14377680121023906,0.1751962681417078,,,,,,
16.0,0.8,6,actual_root,defined,,6.092381936710977,,,"simple first Airy peak/crossing, fixed finite m; actual root also requires simple continuous root",False,0.38077387104443605,,,,,,,,
16.0,0.9,2,scaled_1,defined,0.14226309620638217,2.896903419870246,-6.047287886764773,43.08036743823597,"simple first Airy peak/crossing, fixed finite m; actual root also requires simple continuous root",False,0.18105646374189038,0.038793367535508216,0.27268749640616835,0.08656759051119081,-0.055695505695191355,-0.3914965102010254,0.2548502758168001,0.11258717961041792,0.7914011617397025
16.0,0.9,2,actual_root,defined,-0.0601851139389645,0.3998837489754696,,,"simple first Airy peak/crossing, fixed finite m; actual root also requires simple continuous root",False,0.02499273431096685,0.08517784824993135,-1.415264384749902,,,,,,
16.0,0.9,3,scaled_1,defined,0.29594455515451346,6.171614047136879,-14.812475614270287,94.78890508968811,"simple first Airy peak/crossing, fixed finite m; actual root also requires simple continuous root",False,0.38572587794605495,0.0897813227915415,0.3033721054427456,0.15428094647308171,-0.14166360868143174,-0.4786829364286455,0.5245501069796759,0.2286055518251624,0.7724607459184604
16.0,0.9,3,actual_root,defined,-0.09981698983240128,0.85191937897236,,,"simple first Airy peak/crossing, fixed finite m; actual root also requires simple continuous root",False,0.0532449611857725,0.15306195101817377,-1.5334258353730559,,,,,,
16.0,0.9,4,scaled_1,defined,0.46149262280389003,9.746777699596784,-26.230151582425663,154.023589833309,"simple first Airy peak/crossing, fixed finite m; actual root also requires simple continuous root",False,0.609173606224799,0.14768098342090896,0.32000724632095706,0.199327487749398,-0.262165135054492,-0.5680808795201442,0.8009821355357613,0.3394895127318712,0.7356336720384289
16.0,0.9,4,actual_root,defined,-0.27949805441018616,1.3454290468267804,,,"simple first Airy peak/crossing, fixed finite m; actual root also requires simple continuous root",False,0.08408931542667378,0.3635873698368599,-1.3008583211934128,,,,,,
16.0,0.9,5,scaled_1,defined,0.6397972136706586,13.575685623090193,-40.260818323453464,220.08717250685032,"simple first Airy peak/crossing, fixed finite m; actual root also requires simple continuous root",False,0.848480351443137,0.2086831377724785,0.3261707511591322,0.21940506513917668,-0.4203921485314819,-0.6570709273952583,1.0791205827440606,0.4393233690734021,0.6866603350035029
16.0,0.9,5,actual_root,defined,,1.8739651534937416,,,"simple first Airy peak/crossing, fixed finite m; actual root also requires simple continuous root",False,0.11712282209335885,,,,,,,,
16.0,0.9,6,scaled_1,defined,0.8315778203450532,17.626512320454513,-56.87756382631835,292.4811921244049,"simple first Airy peak/crossing, fixed finite m; actual root also requires simple continuous root",False,1.101657020028407,0.2700791996833538,0.3247792245965479,0.2129450852421828,-0.6186327351028704,-0.743926449176069,1.3554497419781395,0.5238719216330863,0.629973417780325
16.0,0.9,6,actual_root,defined,,2.433134560068062,,,"simple first Airy peak/crossing, fixed finite m; actual root also requires simple continuous root",False,0.15207091000425388,,,,,,,,
16.0,1.0,2,scaled_1,defined,0.14919021473132332,,,,"simple first Airy peak/crossing, fixed finite m; actual root also requires simple continuous root",False,,,,,,,,,
16.0,1.0,2,actual_root,defined,,,,,"simple first Airy peak/crossing, fixed finite m; actual root also requires simple continuous root",False,,,,,,,,,
16.0,1.0,3,scaled_1,defined,0.3075882697670753,,,,"simple first Airy peak/crossing, fixed finite m; actual root also requires simple continuous root",False,,,,,,,,,
16.0,1.0,3,actual_root,root_branch_change,,,,,"simple first Airy peak/crossing, fixed finite m; actual root also requires simple continuous root",False,,,,,,,,,
16.0,1.0,4,scaled_1,defined,0.4760825189043687,,,,"simple first Airy peak/crossing, fixed finite m; actual root also requires simple continuous root",False,,,,,,,,,
16.0,1.0,4,actual_root,root_branch_change,,,,,"simple first Airy peak/crossing, fixed finite m; actual root also requires simple continuous root",False,,,,,,,,,
16.0,1.0,5,scaled_1,defined,0.6558866502375218,,,,"simple first Airy peak/crossing, fixed finite m; actual root also requires simple continuous root",False,,,,,,,,,
16.0,1.0,5,actual_root,root_branch_change,,,,,"simple first Airy peak/crossing, fixed finite m; actual root also requires simple continuous root",False,,,,,,,,,
16.0,1.0,6,scaled_1,defined,0.8480338533273633,,,,"simple first Airy peak/crossing, fixed finite m; actual root also requires simple continuous root",False,,,,,,,,,
16.0,1.0,6,actual_root,root_branch_change,,,,,"simple first Airy peak/crossing, fixed finite m; actual root also requires simple continuous root",False,,,,,,,,,
192.0,0.2,2,scaled_1,defined,0.010459651287266794,2.0259902345198677,-0.24069208349533888,-0.16694734638273356,"simple first Airy peak/crossing, fixed finite m; actual root also requires simple continuous root",True,0.010552032471457645,9.238118419085083e-05,0.008832147616939427,0.010461561352188214,1.910064921419735e-06,0.00018261267693933352,0.010457032615578439,-2.618671688355348e-06,-0.00025035936824616947
192.0,0.2,2,actual_root,defined,0.010487786983754008,1.961517116377035,,,"simple first Airy peak/crossing, fixed finite m; actual root also requires simple continuous root",True,0.010216234981130392,-0.00027155200262361616,-0.025892211869316267,,,,,,
192.0,0.2,3,scaled_1,defined,0.022254818967858095,4.316205264200697,-0.7794466861352785,2.275191903719599,"simple first Airy peak/crossing, fixed finite m; actual root also requires simple continuous root",True,0.022480235751045297,0.0002254167831872017,0.010128897633935543,0.022187258046579693,-6.756092127840202e-05,-0.0030357884005247603,0.02224897657695403,-5.84239090406502e-06,-0.00026252250860827014
192.0,0.2,3,actual_root,defined,0.02238908936378263,4.178850598227454,,,"simple first Airy peak/crossing, fixed finite m; actual root also requires simple continuous root",True,0.02176484686576799,-0.0006242424980146405,-0.027881549261420023,,,,,,
192.0,0.2,4,scaled_1,defined,0.03512944319255875,6.816546351518886,-1.6231156168231438,8.404651037840217,"simple first Airy peak/crossing, fixed finite m; actual root also requires simple continuous root",True,0.03550284558082753,0.0003734023882687801,0.010629328401876735,0.034892750373601795,-0.0002366928189569545,-0.006737733292826334,0.03512074112441126,-8.702068147486974e-06,-0.0002477143773611043
192.0,0.2,4,actual_root,defined,0.03542700784343852,6.599623292977231,,,"simple first Airy peak/crossing, fixed finite m; actual root also requires simple continuous root",True,0.034373037984256415,-0.0010539698591821023,-0.02975046224168518,,,,,,
192.0,0.2,5,scaled_1,defined,0.048935858677790156,9.49434707095773,-2.775836201420863,19.167880603716423,"simple first Airy peak/crossing, fixed finite m; actual root also requires simple continuous root",True,0.04944972432790484,0.0005138656501146865,0.010500799699830497,0.048406345566110155,-0.0005295131116800009,-0.010820554210900639,0.04892630760505646,-9.551072733697541e-06,-0.0001951753375083281
192.0,0.2,5,actual_root,defined,0.04943460528367016,9.192208319267259,,,"simple first Airy peak/crossing, fixed finite m; actual root also requires simple continuous root",True,0.04787608499618364,-0.0015585202874865214,-0.03152690870177435,,,,,,
192.0,0.2,6,scaled_1,defined,0.0635781080318818,12.327349812540353,-4.240427450130673,35.42685123651413,"simple first Airy peak/crossing, fixed finite m; actual root also requires simple continuous root",True,0.06420494694031434,0.0006268389084325421,0.009859351399985169,0.0626110589651763,-0.0009670490667054998,-0.015210409630632051,0.06357207380991681,-6.034221964990039e-06,-9.491037326817158e-05
192.0,0.2,6,actual_root,defined,0.06429828884999522,11.93505637138253,,,"simple first Airy peak/crossing, fixed finite m; actual root also requires simple continuous root",True,0.062161751934284006,-0.0021365369157112166,-0.03322851904652786,,,,,,
192.0,0.3,2,scaled_1,defined,0.010554130230803788,2.0534910658270404,,,"simple first Airy peak/crossing, fixed finite m; actual root also requires simple continuous root",True,0.01069526596784917,0.0001411357370453819,0.013372559742863168,,,,,,
192.0,0.3,2,actual_root,defined,0.010402577603001645,1.9050154481849104,,,"simple first Airy peak/crossing, fixed finite m; actual root also requires simple continuous root",True,0.009921955459296408,-0.00048062214370523694,-0.046202216608944524,,,,,,
192.0,0.3,3,scaled_1,defined,0.022406008320679835,4.374793519383498,,,"simple first Airy peak/crossing, fixed finite m; actual root also requires simple continuous root",True,0.02278538291345572,0.0003793745927758857,0.016931824149406315,,,,,,
192.0,0.3,3,actual_root,defined,0.022246589691021376,4.058478449570595,,,"simple first Airy peak/crossing, fixed finite m; actual root also requires simple continuous root",True,0.021137908591513516,-0.0011086810995078605,-0.04983600250223158,,,,,,
192.0,0.3,4,scaled_1,defined,0.035295198537837635,6.909074285818169,,,"simple first Airy peak/crossing, fixed finite m; actual root also requires simple continuous root",True,0.03598476190530296,0.0006895633674653262,0.019537030418630204,,,,,,
192.0,0.3,4,actual_root,defined,0.035260451323623626,6.409520579939707,,,"simple first Airy peak/crossing, fixed finite m; actual root also requires simple continuous root",True,0.03338291968718597,-0.0018775316364376543,-0.053247521400265084,,,,,,
192.0,0.3,5,scaled_1,defined,0.04907176809858664,9.623223524911634,,,"simple first Airy peak/crossing, fixed finite m; actual root also requires simple continuous root",True,0.05012095585891476,0.00104918776032812,0.02138067978761781,,,,,,
192.0,0.3,5,actual_root,defined,0.04928088552876694,8.9274259729539,,,"simple first Airy peak/crossing, fixed finite m; actual root also requires simple continuous root",True,0.04649701027580156,-0.002783875252965383,-0.056489960013813866,,,,,,
192.0,0.3,6,scaled_1,defined,0.06363854992891319,12.494681501451241,,,"simple first Airy peak/crossing, fixed finite m; actual root also requires simple continuous root",True,0.06507646615339188,0.001437916224478697,0.02259505010854124,,,,,,
192.0,0.3,6,actual_root,defined,0.06419713252107759,11.591266052491152,,,"simple first Airy peak/crossing, fixed finite m; actual root also requires simple continuous root",True,0.06037117735672475,-0.003825955164352836,-0.05959697908776027,,,,,,
192.0,0.35,2,scaled_1,defined,0.010624784680261512,2.0722126392143805,-0.45047406624876085,-0.09305224572508841,"simple first Airy peak/crossing, fixed finite m; actual root also requires simple continuous root",True,0.010792774162574898,0.00016798948231338574,0.015811095223931725,0.010623450384312094,-1.3342959494181544e-06,-0.0001255833402343654,0.010620926180597763,-3.8584996637485575e-06,-0.0003631602691127277
192.0,0.35,2,actual_root,defined,0.010311393753418274,1.8669269755283526,,,"simple first Airy peak/crossing, fixed finite m; actual root also requires simple continuous root",True,0.009723577997543503,-0.000587815755874771,-0.05700643093761281,,,,,,
192.0,0.35,3,scaled_1,defined,0.022530662221255382,4.414678288930626,-1.440168079959697,2.5876583497841663,"simple first Airy peak/crossing, fixed finite m; actual root also requires simple continuous root",True,0.022993116088180346,0.00046245386692496393,0.02052553370973206,0.0224517870330742,-7.887518818118153e-05,-0.0035007931594114813,0.02252198175827451,-8.680462980872883e-06,-0.00038527331756293216
192.0,0.35,3,actual_root,defined,0.022071093204135334,3.9773340968563,,,"simple first Airy peak/crossing, fixed finite m; actual root also requires simple continuous root",True,0.020715281754459896,-0.0013558114496754377,-0.06142928386625666,,,,,,
192.0,0.35,4,scaled_1,defined,0.035454534980811414,6.972063963948779,-2.980978192654167,9.165550028105748,"simple first Airy peak/crossing, fixed finite m; actual root also requires simple continuous root",True,0.036312833145566555,0.0008582981647551405,0.024208416926626335,0.03519234580052926,-0.00026218918028215327,-0.007395081628458938,0.035440977257454875,-1.3557723356538709e-05,-0.0003823974384060142
192.0,0.35,4,actual_root,defined,0.035011741829765644,6.281369992193406,,,"simple first Airy peak/crossing, fixed finite m; actual root also requires simple continuous root",True,0.03271546870934066,-0.002296273120424984,-0.06558580066053099,,,,,,
192.0,0.35,5,scaled_1,defined,0.04924500033076007,9.71095796332364,-5.080087654194165,20.62671372632697,"simple first Airy peak/crossing, fixed finite m; actual root also requires simple continuous root",True,0.050577906058977294,0.001332905728217225,0.027066823418917668,0.048668407377560695,-0.0005765929531993744,-0.011708659748738293,0.0492279427976542,-1.7057533105865885e-05,-0.00034638101312411165
192.0,0.35,5,actual_root,defined,0.04897293282951398,8.748932921683224,,,"simple first Airy peak/crossing, fixed finite m; actual root also requires simple continuous root",True,0.045567358967100124,-0.0034055738624138576,-0.06953992063880352,,,,,,
192.0,0.35,6,scaled_1,defined,0.06380401414706516,12.608594875886425,-7.742390846933154,37.86921104846054,"simple first Airy peak/crossing, fixed finite m; actual root also requires simple continuous root",True,0.06566976497857513,0.0018657508315099713,0.029241903608282483,0.06275956221838754,-0.0010444519286776227,-0.016369689942551446,0.0637868303132351,-1.71838338300645e-05,-0.0002693221431249858
192.0,0.35,6,actual_root,defined,0.06384609699001997,11.359512750692025,,,"simple first Airy peak/crossing, fixed finite m; actual root also requires simple continuous root",True,0.05916412890985429,-0.004681968080165681,-0.07333209547480306,,,,,,
192.0,0.4,2,scaled_1,defined,0.010712688107092694,2.094718966071688,,,"simple first Airy peak/crossing, fixed finite m; actual root also requires simple continuous root",True,0.010909994614956708,0.00019730650786401426,0.018418020378412853,,,,,,
192.0,0.4,2,actual_root,defined,0.010184378088876678,1.821528997839929,,,"simple first Airy peak/crossing, fixed finite m; actual root also requires simple continuous root",True,0.009487130197082963,-0.0006972478917937151,-0.06846249085697687,,,,,,
192.0,0.4,3,scaled_1,defined,0.022691327354680907,4.462626163902666,,,"simple first Airy peak/crossing, fixed finite m; actual root also requires simple continuous root",True,0.023242844603659718,0.0005515172489788112,0.024305199971699352,,,,,,
192.0,0.4,3,actual_root,defined,0.0218183041648584,3.880617445934595,,,"simple first Airy peak/crossing, fixed finite m; actual root also requires simple continuous root",True,0.020211549197576017,-0.0016067549672823846,-0.07364252304586992,,,,,,
192.0,0.4,4,scaled_1,defined,0.035669720852084086,7.047787636062937,,,"simple first Airy peak/crossing, fixed finite m; actual root also requires simple continuous root",True,0.03670722727116113,0.0010375064190770444,0.029086474306300205,,,,,,
192.0,0.4,4,actual_root,defined,0.03463967774088125,6.128626206016323,,,"simple first Airy peak/crossing, fixed finite m; actual root also requires simple continuous root",True,0.031919928156335015,-0.0027197495845462383,-0.07851544130667326,,,,,,
192.0,0.4,5,scaled_1,defined,0.049494725180992176,9.816428796714074,,,"simple first Airy peak/crossing, fixed finite m; actual root also requires simple continuous root",True,0.051127233316219135,0.0016325081352269594,0.0329834771131107,,,,,,
192.0,0.4,5,actual_root,defined,0.04849163085182936,8.536185520856963,,,"simple first Airy peak/crossing, fixed finite m; actual root also requires simple continuous root",True,0.04445929958779668,-0.004032331264032678,-0.08315520004583547,,,,,,
192.0,0.4,6,scaled_1,defined,0.06406734623817059,12.745536979277732,,,"simple first Airy peak/crossing, fixed finite m; actual root also requires simple continuous root",True,0.06638300510040486,0.0023156588622342683,0.03614413579151223,,,,,,
192.0,0.4,6,actual_root,defined,0.06326838672512422,11.083283999826536,,,"simple first Airy peak/crossing, fixed finite m; actual root also requires simple continuous root",True,0.05772543749909654,-0.005542949226027681,-0.0876100927009499,,,,,,
192.0,0.5,2,scaled_1,defined,0.010947756574781961,2.1532231793465835,,,"simple first Airy peak/crossing, fixed finite m; actual root also requires simple continuous root",True,0.011214704059096789,0.00026694748431482784,0.024383761411880357,,,,,,
192.0,0.5,2,actual_root,defined,0.009807720562115582,1.7054250677343123,,,"simple first Airy peak/crossing, fixed finite m; actual root also requires simple continuous root",True,0.008882422227782877,-0.0009252983343327054,-0.09434387210284804,,,,,,
192.0,0.5,3,scaled_1,defined,0.02313567227995106,4.587264569859675,,,"simple first Airy peak/crossing, fixed finite m; actual root also requires simple continuous root",True,0.023892002968019143,0.0007563306880680847,0.032691104840878414,,,,,,
192.0,0.5,3,actual_root,defined,0.02104630939454681,3.6332675891693613,,,"simple first Airy peak/crossing, fixed finite m; actual root also requires simple continuous root",True,0.018923268693590425,-0.0021230407009563863,-0.1008747263549435,,,,,,
192.0,0.5,4,scaled_1,defined,0.0362898309351397,7.244628013056157,,,"simple first Airy peak/crossing, fixed finite m; actual root also requires simple continuous root",True,0.037732437568000814,0.0014426066328611167,0.03975236576437811,,,,,,
192.0,0.5,4,actual_root,defined,0.03346711885354868,5.7379886759464895,,,"simple first Airy peak/crossing, fixed finite m; actual root also requires simple continuous root",True,0.0298853576872213,-0.0035817611663273817,-0.10702328999401126,,,,,,
192.0,0.5,5,scaled_1,defined,0.05025292775258727,10.090595619673529,,,"simple first Airy peak/crossing, fixed finite m; actual root also requires simple continuous root",True,0.05255518551913296,0.00230225776654569,0.04581340569609217,,,,,,
192.0,0.5,5,actual_root,defined,0.046922376259917964,7.992090593871207,,,"simple first Airy peak/crossing, fixed finite m; actual root also requires simple continuous root",True,0.0416254718430792,-0.005296904416838763,-0.1128865338681384,,,,,,
192.0,0.5,6,scaled_1,defined,0.06492340213238834,13.10151199349986,,,"simple first Airy peak/crossing, fixed finite m; actual root also requires simple continuous root",True,0.06823704163281177,0.003313639500423432,0.05103921531509447,,,,,,
192.0,0.5,6,actual_root,defined,0.06131340039854066,10.37683747474649,,,"simple first Airy peak/crossing, fixed finite m; actual root also requires simple continuous root",True,0.05404602851430463,-0.007267371884236033,-0.11852827990288736,,,,,,
192.0,0.6,2,scaled_1,defined,0.011280488102482195,2.2353208769315196,,,"simple first Airy peak/crossing, fixed finite m; actual root also requires simple continuous root",True,0.01164229623401833,0.00036180813153613607,0.03207380108459337,,,,,,
192.0,0.6,2,actual_root,defined,0.009229432951616073,1.5468133976383007,,,"simple first Airy peak/crossing, fixed finite m; actual root also requires simple continuous root",True,0.008056319779366149,-0.0011731131722499243,-0.1271056605968964,,,,,,
192.0,0.6,3,scaled_1,defined,0.023781492050216763,4.762166950165982,,,"simple first Airy peak/crossing, fixed finite m; actual root also requires simple continuous root",True,0.024802952865447824,0.0010214608152310616,0.04295192299432496,,,,,,
192.0,0.6,3,actual_root,defined,0.019831513750335233,3.295358494758395,,,"simple first Airy peak/crossing, fixed finite m; actual root also requires simple continuous root",True,0.017163325493533308,-0.0026681882568019254,-0.13454284379863954,,,,,,
192.0,0.6,4,scaled_1,defined,0.03721891094160655,7.520849858258348,,,"simple first Airy peak/crossing, fixed finite m; actual root also requires simple continuous root",True,0.03917109301176223,0.0019521820701556766,0.052451348542102476,,,,,,
192.0,0.6,4,actual_root,defined,0.03157423962978892,5.20433171024176,,,"simple first Airy peak/crossing, fixed finite m; actual root also requires simple continuous root",True,0.027105894324175834,-0.0044683453056130855,-0.14151869872417755,,,,,,
192.0,0.6,5,scaled_1,defined,0.051429907587775825,10.475327994646024,,,"simple first Airy peak/crossing, fixed finite m; actual root also requires simple continuous root",True,0.05455899997211471,0.003129092384338887,0.060841882303569,,,,,,
192.0,0.6,5,actual_root,defined,0.04432038347390499,7.248792714277694,,,"simple first Airy peak/crossing, fixed finite m; actual root also requires simple continuous root",True,0.037754128720196324,-0.0065662547537086655,-0.14815428565898472,,,,,,
192.0,0.6,6,scaled_1,defined,0.0663096011033685,13.601044034518559,,,"simple first Airy peak/crossing, fixed finite m; actual root also requires simple continuous root",True,0.07083877101311749,0.004529169909748984,0.06830338042131434,,,,,,
192.0,0.6,6,actual_root,defined,0.057978889830291966,9.411748152838602,,,"simple first Airy peak/crossing, fixed finite m; actual root also requires simple continuous root",True,0.049019521629367714,-0.008959368200924252,-0.15452810888840599,,,,,,
192.0,0.7,2,scaled_1,defined,0.011748140872154256,2.3532962370600696,-1.446718192021048,1.103438128181133,"simple first Airy peak/crossing, fixed finite m; actual root also requires simple continuous root",True,0.012256751234687863,0.0005086103625336069,0.04329283825146566,0.011712960129476351,-3.5180742677904525e-05,-0.0029945795731212946,0.011742892804394459,-5.248067759797137e-06,-0.00044671474549954043
192.0,0.7,2,actual_root,defined,0.008371916963606563,1.3267498625963068,,,"simple first Airy peak/crossing, fixed finite m; actual root also requires simple continuous root",True,0.006910155534355765,-0.0014617614292507979,-0.17460295361327632,,,,,,
192.0,0.7,3,scaled_1,defined,0.024703599983270402,5.013503734399543,-4.216431873722301,5.924854782820451,"simple first Airy peak/crossing, fixed finite m; actual root also requires simple continuous root",True,0.026111998616664286,0.0014083986333938842,0.05701187820186815,0.02452713007674678,-0.00017646990652362207,-0.007143489476964077,0.024687852048937003,-1.5747934333398828e-05,-0.0006374752806904068
192.0,0.7,3,actual_root,defined,0.01799351165616067,2.8265312653754417,,,"simple first Airy peak/crossing, fixed finite m; actual root also requires simple continuous root",True,0.014721517007163759,-0.003271994648996912,-0.18184302828273308,,,,,,
192.0,0.7,4,scaled_1,defined,0.03856858344002312,7.917783909050541,-8.326993281573513,15.71031483122,"simple first Airy peak/crossing, fixed finite m; actual root also requires simple continuous root",True,0.041238457859638235,0.002669874419615116,0.069224072586616,0.03810851527327321,-0.0004600681667499065,-0.011928573095388507,0.03853468483792219,-3.38986021009291e-05,-0.0008789174783575815
192.0,0.7,4,actual_root,defined,0.028648700206395317,4.463916844792841,,,"simple first Airy peak/crossing, fixed finite m; actual root also requires simple continuous root",True,0.023249566899962715,-0.005399133306432602,-0.18845997436307219,,,,,,
192.0,0.7,5,scaled_1,defined,0.05317290264480723,11.028192957071242,-13.789182126696312,31.55610701184483,"simple first Airy peak/crossing, fixed finite m; actual root also requires simple continuous root",True,0.05743850498474606,0.004265602339938827,0.08022135576146507,0.052255439872276724,-0.0009174627725305057,-0.017254329308654046,0.05311145405988102,-6.14485849262103e-05,-0.0011556372112443115
192.0,0.7,5,actual_root,defined,0.040206275403884884,6.217514505848565,,,"simple first Airy peak/crossing, fixed finite m; actual root also requires simple continuous root",True,0.03238288805129461,-0.00782338735259027,-0.1945812506630332,,,,,,
192.0,0.7,6,scaled_1,defined,0.06840726466933045,14.318877471612947,-20.610343278013836,54.4619392972137,"simple first Airy peak/crossing, fixed finite m; actual root also requires simple continuous root",True,0.07457748683131743,0.006170222161986982,0.09019834650329653,0.0668304899305024,-0.0015767747388280434,-0.023049814174706664,0.06830786458591727,-9.940008341317863e-05,-0.0014530632659215715
192.0,0.7,6,actual_root,defined,0.05257552344045158,8.072748521337521,,,"simple first Airy peak/crossing, fixed finite m; actual root also requires simple continuous root",True,0.04204556521529959,-0.010529958225151986,-0.2002825181013841,,,,,,
192.0,0.8,2,scaled_1,defined,0.012423429703517508,2.536074340461172,,,"simple first Airy peak/crossing, fixed finite m; actual root also requires simple continuous root",True,0.01320872052323527,0.0007852908197177617,0.06321046912636519,,,,,,
192.0,0.8,2,actual_root,defined,0.007076081795116401,1.0012781738525256,,,"simple first Airy peak/crossing, fixed finite m; actual root also requires simple continuous root",True,0.0052149904888152375,-0.0018610913063011637,-0.2630115592481713,,,,,,
192.0,0.8,3,scaled_1,defined,0.026047269995036287,5.402897423785917,,,"simple first Airy peak/crossing, fixed finite m; actual root also requires simple continuous root",True,0.028140090748884985,0.0020928207538486975,0.08034702885360029,,,,,,
192.0,0.8,3,actual_root,defined,0.015153252167117798,2.1331406495825096,,,"simple first Airy peak/crossing, fixed finite m; actual root also requires simple continuous root",True,0.011110107549908904,-0.004043144617208894,-0.26681695603155225,,,,,,
192.0,0.8,4,scaled_1,defined,0.0405545471688627,8.532750058762307,,,"simple first Airy peak/crossing, fixed finite m; actual root also requires simple continuous root",True,0.044441406556053685,0.003886859387190987,0.09584275151703017,,,,,,
192.0,0.8,4,actual_root,defined,0.024011896394439847,3.3688509285669976,,,"simple first Airy peak/crossing, fixed finite m; actual root also requires simple continuous root",True,0.017546098586286446,-0.006465797808153401,-0.2692747670546592,,,,,,
192.0,0.8,5,scaled_1,defined,0.05576495728879485,11.884741385140401,,,"simple first Airy peak/crossing, fixed finite m; actual root also requires simple continuous root",True,0.061899694714272924,0.006134737425478071,0.11001061820432445,,,,,,
192.0,0.8,5,actual_root,defined,0.03349123820990382,4.69226471833589,,,"simple first Airy peak/crossing, fixed finite m; actual root also requires simple continuous root",True,0.02443887874133276,-0.009052359468571063,-0.2702903789891577,,,,,,
192.0,0.8,6,scaled_1,defined,0.07156341746949893,15.431009988496488,,,"simple first Airy peak/crossing, fixed finite m; actual root also requires simple continuous root",True,0.08036984369008587,0.008806426220586944,0.12305765336514754,,,,,,
192.0,0.8,6,actual_root,defined,0.04344055243968764,6.092381936710977,,,"simple first Airy peak/crossing, fixed finite m; actual root also requires simple continuous root",True,0.03173115592036967,-0.011709396519317967,-0.2695498989239411,,,,,,
192.0,0.9,2,scaled_1,defined,0.013482422795173532,2.896903419870246,-6.047287886764773,43.08036743823597,"simple first Airy peak/crossing, fixed finite m; actual root also requires simple continuous root",True,0.015088038645157531,0.0016056158499839993,0.11908956382518884,0.012814989628692163,-0.0006674331664813689,-0.049503948705739896,0.013983619387758894,0.0005011965925853616,0.03717407473416284
192.0,0.9,2,actual_root,defined,0.004905754899799664,0.3998837489754696,,,"simple first Airy peak/crossing, fixed finite m; actual root also requires simple continuous root",True,0.0020827278592472375,-0.002823027040552426,-0.5754521165881544,,,,,,
192.0,0.9,3,scaled_1,defined,0.028159366785972417,6.171614047136879,-14.812475614270287,94.78890508968811,"simple first Airy peak/crossing, fixed finite m; actual root also requires simple continuous root",True,0.032143823162171244,0.003984456376198826,0.14149666100388603,0.02657612343348393,-0.0015832433524884879,-0.056224394693320315,0.029147437048113057,0.0009880702621406397,0.03508851138772221
192.0,0.9,3,actual_root,defined,0.010207807419891746,0.85191937897236,,,"simple first Airy peak/crossing, fixed finite m; actual root also requires simple continuous root",True,0.0044370800988143754,-0.00577072732107737,-0.5653248620102366,,,,,,
192.0,0.9,4,scaled_1,defined,0.04368490609986003,9.746777699596784,-26.230151582425663,154.023589833309,"simple first Airy peak/crossing, fixed finite m; actual root also requires simple continuous root",True,0.05076446718539992,0.007079561085539886,0.1620596612788088,0.04090510190089592,-0.002779804198964113,-0.06363305881005475,0.04508325917719011,0.0013983530773300779,0.03200998244413208
192.0,0.9,4,actual_root,defined,0.015498389098326015,1.3454290468267804,,,"simple first Airy peak/crossing, fixed finite m; actual root also requires simple continuous root",True,0.0070074429522228145,-0.008490946146103202,-0.5478599157779767,,,,,,
192.0,0.9,5,scaled_1,defined,0.05986449618313888,13.575685623090193,-40.260818323453464,220.08717250685032,"simple first Airy peak/crossing, fixed finite m; actual root also requires simple continuous root",True,0.07070669595359476,0.010842199770455876,0.1811123530930113,0.055573496541589246,-0.0042909996415496365,-0.07167853928683386,0.06154374319162316,0.0016792470084842775,0.028050799982465156
192.0,0.9,5,actual_root,defined,0.02008340704453282,1.8739651534937416,,,"simple first Airy peak/crossing, fixed finite m; actual root also requires simple continuous root",True,0.00976023517444657,-0.010323171870086249,-0.514014970029523,,,,,,
192.0,0.9,6,scaled_1,defined,0.07657562502336765,17.626512320454513,-56.87756382631835,292.4811921244049,"simple first Airy peak/crossing, fixed finite m; actual root also requires simple continuous root",True,0.09180475166903392,0.015229126645666266,0.19887694865068328,0.07042566521983143,-0.00614995980353622,-0.08031223776050815,0.07835972533605334,0.0017841003126856936,0.02329854065365136
192.0,0.9,6,actual_root,no_peak_in_valid_interval,,2.433134560068062,,,"simple first Airy peak/crossing, fixed finite m; actual root also requires simple continuous root",True,0.012672575833687824,,,,,,,,
192.0,1.0,2,scaled_1,defined,0.015735285799568843,,,,"simple first Airy peak/crossing, fixed finite m; actual root also requires simple continuous root",True,,,,,,,,,
192.0,1.0,2,actual_root,no_peak_in_valid_interval,,,,,"simple first Airy peak/crossing, fixed finite m; actual root also requires simple continuous root",True,,,,,,,,,
192.0,1.0,3,scaled_1,defined,0.032543506660831334,,,,"simple first Airy peak/crossing, fixed finite m; actual root also requires simple continuous root",True,,,,,,,,,
192.0,1.0,3,actual_root,no_peak_in_valid_interval,,,,,"simple first Airy peak/crossing, fixed finite m; actual root also requires simple continuous root",True,,,,,,,,,
192.0,1.0,4,scaled_1,defined,0.05005346419123041,,,,"simple first Airy peak/crossing, fixed finite m; actual root also requires simple continuous root",True,,,,,,,,,
192.0,1.0,4,actual_root,no_peak_in_valid_interval,,,,,"simple first Airy peak/crossing, fixed finite m; actual root also requires simple continuous root",True,,,,,,,,,
192.0,1.0,5,scaled_1,defined,0.06806920118375259,,,,"simple first Airy peak/crossing, fixed finite m; actual root also requires simple continuous root",True,,,,,,,,,
192.0,1.0,5,actual_root,no_peak_in_valid_interval,,,,,"simple first Airy peak/crossing, fixed finite m; actual root also requires simple continuous root",True,,,,,,,,,
192.0,1.0,6,scaled_1,defined,0.08647432647425346,,,,"simple first Airy peak/crossing, fixed finite m; actual root also requires simple continuous root",True,,,,,,,,,
192.0,1.0,6,actual_root,no_peak_in_valid_interval,,,,,"simple first Airy peak/crossing, fixed finite m; actual root also requires simple continuous root",True,,,,,,,,,
24.0,0.2,2,scaled_1,defined,0.08289314093211564,2.0259902345198677,-0.24069208349533888,-0.16694734638273356,"simple first Airy peak/crossing, fixed finite m; actual root also requires simple continuous root",False,0.08441625977166116,0.0015231188395455203,0.018374485782760488,0.08236913202967872,-0.0005240089024369232,-0.006321498938809112,0.08207929288665314,-0.0008138480454625008,-0.009818038456631678
24.0,0.2,2,actual_root,defined,0.08346823037879533,1.961517116377035,,,"simple first Airy peak/crossing, fixed finite m; actual root also requires simple continuous root",False,0.08172987984904313,-0.0017383505297522,-0.020826493168277577,,,,,,
24.0,0.2,3,scaled_1,defined,0.17905832934408905,4.316205264200697,-0.7794466861352785,2.275191903719599,"simple first Airy peak/crossing, fixed finite m; actual root also requires simple continuous root",False,0.17984188600836237,0.0007835566642733216,0.0043759855637186965,0.1732125573183113,-0.00584577202577774,-0.03264730575333449,0.17716254326226893,-0.0018957860818201167,-0.010587533619712614
24.0,0.2,3,actual_root,defined,0.17878258431587155,4.178850598227454,,,"simple first Airy peak/crossing, fixed finite m; actual root also requires simple continuous root",False,0.17411877492614392,-0.00466380938972763,-0.026086486038750013,,,,,,
24.0,0.2,4,scaled_1,defined,0.2875138503483047,6.816546351518886,-1.6231156168231438,8.404651037840217,"simple first Airy peak/crossing, fixed finite m; actual root also requires simple continuous root",False,0.28402276464662024,-0.0034910857016844377,-0.01214232183060124,0.27021788598426094,-0.017295964364043737,-0.06015697797894182,0.28480929403606686,-0.002704556312237816,-0.009406699221485916
24.0,0.2,4,actual_root,defined,0.2845915862027315,6.599623292977231,,,"simple first Airy peak/crossing, fixed finite m; actual root also requires simple continuous root",False,0.2749843038740513,-0.009607282328680189,-0.03375813901200983,,,,,,
24.0,0.2,5,scaled_1,defined,0.40743147974963423,9.49434707095773,-2.775836201420863,19.167880603716423,"simple first Airy peak/crossing, fixed finite m; actual root also requires simple continuous root",False,0.39559779462323874,-0.011833685126395488,-0.029044601889052023,0.37198882829328517,-0.03544265145634906,-0.08699045905370026,0.4052663987858484,-0.002165080963785815,-0.00531397565332029
24.0,0.2,5,actual_root,defined,0.40083860842935076,9.192208319267259,,,"simple first Airy peak/crossing, fixed finite m; actual root also requires simple continuous root",False,0.38300867996946913,-0.017829928459881628,-0.04448156461211799,,,,,,
24.0,0.2,6,scaled_1,defined,0.5376213598677402,12.327349812540353,-4.240427450130673,35.42685123651413,"simple first Airy peak/crossing, fixed finite m; actual root also requires simple continuous root",False,0.5136395755225147,-0.023981784345225465,-0.04460720152771684,0.4775740076610171,-0.06004735220672308,-0.11169078591203163,0.5390789577244097,0.0014575978566695458,0.0027111978159277904
24.0,0.2,6,actual_root,defined,0.5285165836107237,11.93505637138253,,,"simple first Airy peak/crossing, fixed finite m; actual root also requires simple continuous root",False,0.49729401547427204,-0.03122256813645169,-0.059075853255436385,,,,,,
24.0,0.3,2,scaled_1,defined,0.08311082488545193,2.0534910658270404,,,"simple first Airy peak/crossing, fixed finite m; actual root also requires simple continuous root",False,0.08556212774279336,0.0024513028573414225,0.029494387292148136,,,,,,
24.0,0.3,2,actual_root,defined,0.08587949154039354,1.9050154481849104,,,"simple first Airy peak/crossing, fixed finite m; actual root also requires simple continuous root",False,0.07937564367437126,-0.006503847866022275,-0.07573225864947257,,,,,,
24.0,0.3,3,scaled_1,defined,0.17851538456801067,4.374793519383498,,,"simple first Airy peak/crossing, fixed finite m; actual root also requires simple continuous root",False,0.18228306330764577,0.0037676787396350997,0.021105624866744704,,,,,,
24.0,0.3,3,actual_root,defined,0.18489980956572635,4.058478449570595,,,"simple first Airy peak/crossing, fixed finite m; actual root also requires simple continuous root",False,0.16910326873210813,-0.015796540833618228,-0.08543297513783014,,,,,,
24.0,0.3,4,scaled_1,defined,0.2853031520978024,6.909074285818169,,,"simple first Airy peak/crossing, fixed finite m; actual root also requires simple continuous root",False,0.2878780952424237,0.002574943144621311,0.009025288103857389,,,,,,
24.0,0.3,4,actual_root,defined,0.29576674672015524,6.409520579939707,,,"simple first Airy peak/crossing, fixed finite m; actual root also requires simple continuous root",False,0.2670633574974878,-0.028703389222667464,-0.097047384606173,,,,,,
24.0,0.3,5,scaled_1,defined,0.4028553326551231,9.623223524911634,,,"simple first Airy peak/crossing, fixed finite m; actual root also requires simple continuous root",False,0.4009676468713181,-0.0018876857838049932,-0.004685765908480615,,,,,,
24.0,0.3,5,actual_root,defined,0.4185581286202657,8.9274259729539,,,"simple first Airy peak/crossing, fixed finite m; actual root also requires simple continuous root",False,0.3719760822064125,-0.04658204641385322,-0.11129170174619758,,,,,,
24.0,0.3,6,scaled_1,defined,0.5303374936180411,12.494681501451241,,,"simple first Airy peak/crossing, fixed finite m; actual root also requires simple continuous root",False,0.5206117292271351,-0.009725764390906,-0.018338821048754055,,,,,,
24.0,0.3,6,actual_root,defined,0.5545994260290102,11.591266052491152,,,"simple first Airy peak/crossing, fixed finite m; actual root also requires simple continuous root",False,0.482969418853798,-0.07163000717521223,-0.12915629518063254,,,,,,
24.0,0.35,2,scaled_1,defined,0.08338388467739791,2.0722126392143805,-0.45047406624876085,-0.09305224572508841,"simple first Airy peak/crossing, fixed finite m; actual root also requires simple continuous root",False,0.08634219330059918,0.002958308623201275,0.03547818184109089,0.08251083356217498,-0.0008730511152229281,-0.010470261952902009,0.0823492845244578,-0.0010346001529401017,-0.012407675139421048
24.0,0.35,2,actual_root,defined,0.08677342014241929,1.8669269755283526,,,"simple first Airy peak/crossing, fixed finite m; actual root also requires simple continuous root",False,0.07778862398034803,-0.008984796162071262,-0.10354318346937018,,,,,,
24.0,0.35,3,scaled_1,defined,0.17858905369402786,4.414678288930626,-1.440168079959697,2.5876583497841663,"simple first Airy peak/crossing, fixed finite m; actual root also requires simple continuous root",False,0.18394492870544277,0.005355875011414907,0.029989940036252126,0.1716960504424392,-0.0068930032515886475,-0.03859700865764291,0.17618851285525894,-0.002400540838768922,-0.013441701991890882
24.0,0.35,3,actual_root,defined,0.18732767677241563,3.9773340968563,,,"simple first Airy peak/crossing, fixed finite m; actual root also requires simple continuous root",False,0.16572225403567917,-0.021605422736736463,-0.11533492065342212,,,,,,
24.0,0.35,4,scaled_1,defined,0.2847289304809068,6.972063963948779,-2.980978192654167,9.165550028105748,"simple first Airy peak/crossing, fixed finite m; actual root also requires simple continuous root",False,0.29050266516453244,0.005773734683625631,0.02027800502700516,0.2651489307674258,-0.01957999971348101,-0.06876715927816122,0.28106134401066496,-0.003667586470241846,-0.012880975825137603
24.0,0.35,4,actual_root,defined,0.3004185560872918,6.281369992193406,,,"simple first Airy peak/crossing, fixed finite m; actual root also requires simple continuous root",False,0.2617237496747253,-0.03869480641256651,-0.12880298379878727,,,,,,
24.0,0.35,5,scaled_1,defined,0.4012664804014189,9.71095796332364,-5.080087654194165,20.62671372632697,"simple first Airy peak/crossing, fixed finite m; actual root also requires simple continuous root",False,0.40462324847181835,0.003356768070399474,0.008365433531954703,0.36141622555033204,-0.03985025485108684,-0.0993111979132208,0.39722649243631636,-0.0040399879651025206,-0.010068092308784422
24.0,0.35,5,actual_root,defined,0.4261977701591365,8.748932921683224,,,"simple first Airy peak/crossing, fixed finite m; actual root also requires simple continuous root",False,0.364538871736801,-0.06165889842233552,-0.1446720342983327,,,,,,
24.0,0.35,6,scaled_1,defined,0.5275130892818961,12.608594875886425,-7.742390846933154,37.86921104846054,"simple first Airy peak/crossing, fixed finite m; actual root also requires simple continuous root",False,0.525358119828601,-0.0021549694532950747,-0.00408514878034332,0.4595077484251944,-0.06800534085670173,-0.1289168785352368,0.5252529064954383,-0.0022601827864577873,-0.0042846003869488345
24.0,0.35,6,actual_root,defined,0.566160693302502,11.359512750692025,,,"simple first Airy peak/crossing, fixed finite m; actual root also requires simple continuous root",False,0.47331303127883434,-0.09284766202366762,-0.16399524573504565,,,,,,
24.0,0.4,2,scaled_1,defined,0.08377178238424667,2.094718966071688,,,"simple first Airy peak/crossing, fixed finite m; actual root also requires simple continuous root",False,0.08727995691965366,0.0035081745354069993,0.04187775925926477,,,,,,
24.0,0.4,2,actual_root,defined,0.08743823333207795,1.821528997839929,,,"simple first Airy peak/crossing, fixed finite m; actual root also requires simple continuous root",False,0.0758970415766637,-0.011541191755414251,-0.13199250848976385,,,,,,
24.0,0.4,3,scaled_1,defined,0.17890130415303362,4.462626163902666,,,"simple first Airy peak/crossing, fixed finite m; actual root also requires simple continuous root",False,0.18594275682927774,0.00704145267624412,0.039359426190771665,,,,,,
24.0,0.4,3,actual_root,defined,0.18928859566034834,3.880617445934595,,,"simple first Airy peak/crossing, fixed finite m; actual root also requires simple continuous root",False,0.16169239358060813,-0.0275962020797402,-0.14578903701762197,,,,,,
24.0,0.4,4,scaled_1,defined,0.2845200277947128,7.047787636062937,,,"simple first Airy peak/crossing, fixed finite m; actual root also requires simple continuous root",False,0.29365781816928904,0.009137790374576238,0.03211651019930782,,,,,,
24.0,0.4,4,actual_root,defined,0.30437822639527573,6.128626206016323,,,"simple first Airy peak/crossing, fixed finite m; actual root also requires simple continuous root",False,0.2553594252506801,-0.049018801144595614,-0.16104568886257378,,,,,,
24.0,0.4,5,scaled_1,defined,0.40016010465840424,9.816428796714074,,,"simple first Airy peak/crossing, fixed finite m; actual root also requires simple continuous root",False,0.4090178665297531,0.008857761871348846,0.02213554466882763,,,,,,
24.0,0.4,5,actual_root,defined,0.4329414229728658,8.536185520856963,,,"simple first Airy peak/crossing, fixed finite m; actual root also requires simple continuous root",False,0.35567439670237344,-0.07726702627049237,-0.17846993189038188,,,,,,
24.0,0.4,6,scaled_1,defined,0.525259878930612,12.745536979277732,,,"simple first Airy peak/crossing, fixed finite m; actual root also requires simple continuous root",False,0.5310640408032389,0.0058041618726268895,0.011050076553426675,,,,,,
24.0,0.4,6,actual_root,defined,0.5766447635909001,11.083283999826536,,,"simple first Airy peak/crossing, fixed finite m; actual root also requires simple continuous root",False,0.4618034999927723,-0.1148412635981278,-0.19915426420069215,,,,,,
24.0,0.5,2,scaled_1,defined,0.08491679216401937,2.1532231793465835,,,"simple first Airy peak/crossing, fixed finite m; actual root also requires simple continuous root",False,0.08971763247277431,0.004800840308754939,0.05653581802150474,,,,,,
24.0,0.5,2,actual_root,defined,0.08797414894541175,1.7054250677343123,,,"simple first Airy peak/crossing, fixed finite m; actual root also requires simple continuous root",False,0.07105937782226301,-0.016914771123148736,-0.19226978977249792,,,,,,
24.0,0.5,3,scaled_1,defined,0.1802831887828653,4.587264569859675,,,"simple first Airy peak/crossing, fixed finite m; actual root also requires simple continuous root",False,0.19113602374415314,0.010852834961287833,0.06019881850636159,,,,,,
24.0,0.5,3,actual_root,defined,0.1915636679729684,3.6332675891693613,,,"simple first Airy peak/crossing, fixed finite m; actual root also requires simple continuous root",False,0.1513861495487234,-0.040177518424244996,-0.20973454334730351,,,,,,
24.0,0.5,4,scaled_1,defined,0.28525402995664784,7.244628013056157,,,"simple first Airy peak/crossing, fixed finite m; actual root also requires simple continuous root",False,0.3018595005440065,0.016605470587358673,0.058212921969524246,,,,,,
24.0,0.5,4,actual_root,defined,0.3098366215410081,5.7379886759464895,,,"simple first Airy peak/crossing, fixed finite m; actual root also requires simple continuous root",False,0.2390828614977704,-0.07075376004323772,-0.22835828667165214,,,,,,
24.0,0.5,5,scaled_1,defined,0.3994697896667555,10.090595619673529,,,"simple first Airy peak/crossing, fixed finite m; actual root also requires simple continuous root",False,0.4204414841530637,0.0209716944863082,0.052498824764203436,,,,,,
24.0,0.5,5,actual_root,defined,0.44324905247426205,7.992090593871207,,,"simple first Airy peak/crossing, fixed finite m; actual root also requires simple continuous root",False,0.3330037747446336,-0.11024527772962844,-0.24872084241179512,,,,,,
24.0,0.5,6,scaled_1,defined,0.5225740172187556,13.10151199349986,,,"simple first Airy peak/crossing, fixed finite m; actual root also requires simple continuous root",False,0.5458963330624942,0.02332231584373856,0.04462968895366178,,,,,,
24.0,0.5,6,actual_root,defined,0.59381674738365,10.37683747474649,,,"simple first Airy peak/crossing, fixed finite m; actual root also requires simple continuous root",False,0.43236822811443704,-0.16144851926921294,-0.27188273146648917,,,,,,
24.0,0.6,2,scaled_1,defined,0.08661298079602338,2.2353208769315196,,,"simple first Airy peak/crossing, fixed finite m; actual root also requires simple continuous root",False,0.09313836987214665,0.006525389076123267,0.07533962018338554,,,,,,
24.0,0.6,2,actual_root,defined,0.08715604438521643,1.5468133976383007,,,"simple first Airy peak/crossing, fixed finite m; actual root also requires simple continuous root",False,0.06445055823492919,-0.022705486150287238,-0.2605153355736574,,,,,,
24.0,0.6,3,scaled_1,defined,0.182775895138427,4.762166950165982,,,"simple first Airy peak/crossing, fixed finite m; actual root also requires simple continuous root",False,0.1984236229235826,0.01564772778515558,0.08561155054557182,,,,,,
24.0,0.6,3,actual_root,defined,0.19089737161625997,3.295358494758395,,,"simple first Airy peak/crossing, fixed finite m; actual root also requires simple continuous root",False,0.13730660394826646,-0.053590767667993505,-0.28073077808384467,,,,,,
24.0,0.6,4,scaled_1,defined,0.2876588961969671,7.520849858258348,,,"simple first Airy peak/crossing, fixed finite m; actual root also requires simple continuous root",False,0.3133687440940978,0.02570984789713071,0.0893761612695842,,,,,,
24.0,0.6,4,actual_root,defined,0.3107459237733381,5.20433171024176,,,"simple first Airy peak/crossing, fixed finite m; actual root also requires simple continuous root",False,0.21684715459340667,-0.09389876917993142,-0.3021721670222852,,,,,,
24.0,0.6,5,scaled_1,defined,0.4009831000067174,10.475327994646024,,,"simple first Airy peak/crossing, fixed finite m; actual root also requires simple continuous root",False,0.4364719997769177,0.03548889977020031,0.08850472693139882,,,,,,
24.0,0.6,5,actual_root,defined,0.4475965207863649,7.248792714277694,,,"simple first Airy peak/crossing, fixed finite m; actual root also requires simple continuous root",False,0.3020330297615706,-0.14556349102479432,-0.32521139969778917,,,,,,
24.0,0.6,6,scaled_1,defined,0.5225458355517901,13.601044034518559,,,"simple first Airy peak/crossing, fixed finite m; actual root also requires simple continuous root",False,0.5667101681049399,0.04416433255314978,0.08451762419370118,,,,,,
24.0,0.6,6,actual_root,defined,0.6039044347895975,9.411748152838602,,,"simple first Airy peak/crossing, fixed finite m; actual root also requires simple continuous root",False,0.3921561730349417,-0.21174826175465583,-0.35063206950687437,,,,,,
24.0,0.7,2,scaled_1,defined,0.08896351601426886,2.3532962370600696,-1.446718192021048,1.103438128181133,"simple first Airy peak/crossing, fixed finite m; actual root also requires simple continuous root",False,0.0980540098775029,0.009090493863234045,0.10218226831070863,0.08574942178009533,-0.0032140942341735285,-0.03612822849377963,0.08766511297485424,-0.001298403039414614,-0.014594781069650654
24.0,0.7,2,actual_root,defined,0.08429347379129881,1.3267498625963068,,,"simple first Airy peak/crossing, fixed finite m; actual root also requires simple continuous root",False,0.05528124427484612,-0.029012229516452694,-0.3441812065817067,,,,,,
24.0,0.7,3,scaled_1,defined,0.18655672441774993,5.013503734399543,-4.216431873722301,5.924854782820451,"simple first Airy peak/crossing, fixed finite m; actual root also requires simple continuous root",False,0.2088959889333143,0.022339264515564367,0.11974515839772591,0.17303450759363778,-0.013522216824112143,-0.07248313812496149,0.18332071381381218,-0.0032360106039377445,-0.017345987468623536
24.0,0.7,3,actual_root,defined,0.18516793872589798,2.8265312653754417,,,"simple first Airy peak/crossing, fixed finite m; actual root also requires simple continuous root",False,0.11777213605731007,-0.06739580266858791,-0.36397123137150195,,,,,,
24.0,0.7,4,scaled_1,defined,0.2919694058031618,7.917783909050541,-8.326993281573513,15.71031483122,"simple first Airy peak/crossing, fixed finite m; actual root also requires simple continuous root",False,0.3299076628771059,0.037938257073944104,0.12993915225323674,0.2590851467957213,-0.032884259007440464,-0.11262912604483698,0.28635999893325603,-0.005609406869905742,-0.01921231046271834
24.0,0.7,4,actual_root,defined,0.30217516227564756,4.463916844792841,,,"simple first Airy peak/crossing, fixed finite m; actual root also requires simple continuous root",False,0.18599653519970172,-0.11617862707594584,-0.3844744425750201,,,,,,
24.0,0.7,5,scaled_1,defined,0.40499091941725585,11.028192957071242,-13.789182126696312,31.55610701184483,"simple first Airy peak/crossing, fixed finite m; actual root also requires simple continuous root",False,0.45950803987796845,0.05451712046071261,0.13461319216529016,0.34222866425049714,-0.06276225516675871,-0.154972005933041,0.3970135722571722,-0.007977347160083637,-0.019697595125249462
24.0,0.7,5,actual_root,defined,0.010087702573374307,6.217514505848565,,,"simple first Airy peak/crossing, fixed finite m; actual root also requires simple continuous root",False,0.2590631044103569,0.2489754018369826,24.68108075411873,,,,,,
24.0,0.7,6,scaled_1,defined,0.525538081221642,14.318877471612947,-20.610343278013836,54.4619392972137,"simple first Airy peak/crossing, fixed finite m; actual root also requires simple continuous root",False,0.5966198946505394,0.07108181342889741,0.13525530493178314,0.42132536529382025,-0.10421271592782178,-0.19829717322400997,0.5158773432403718,-0.009660737981270207,-0.018382565082273948
24.0,0.7,6,actual_root,defined,0.021856811497296347,8.072748521337521,,,"simple first Airy peak/crossing, fixed finite m; actual root also requires simple continuous root",False,0.3363645217223967,0.3145077102251004,14.38945979215699,,,,,,
24.0,0.8,2,scaled_1,defined,0.0921266846463946,2.536074340461172,,,"simple first Airy peak/crossing, fixed finite m; actual root also requires simple continuous root",False,0.10566976418588216,0.013543079539487551,0.1470049594367723,,,,,,
24.0,0.8,2,actual_root,defined,0.0775319564290609,1.0012781738525256,,,"simple first Airy peak/crossing, fixed finite m; actual root also requires simple continuous root",False,0.0417199239105219,-0.035812032518539,-0.4619002817413203,,,,,,
24.0,0.8,3,scaled_1,defined,0.1918940329414053,5.402897423785917,,,"simple first Airy peak/crossing, fixed finite m; actual root also requires simple continuous root",False,0.22512072599107988,0.03322669304967457,0.17315125718276148,,,,,,
24.0,0.8,3,actual_root,defined,-0.021099616262848384,2.1331406495825096,,,"simple first Airy peak/crossing, fixed finite m; actual root also requires simple continuous root",False,0.08888086039927123,0.10998047666211962,-5.212439662031683,,,,,,
24.0,0.8,4,scaled_1,defined,0.29853439940857635,8.532750058762307,,,"simple first Airy peak/crossing, fixed finite m; actual root also requires simple continuous root",False,0.3555312524484295,0.056996853039853135,0.19092222923980975,,,,,,
24.0,0.8,4,actual_root,defined,-0.06132366540566794,3.3688509285669976,,,"simple first Airy peak/crossing, fixed finite m; actual root also requires simple continuous root",False,0.14036878869029157,0.2016924540959595,-3.2889823653189154,,,,,,
24.0,0.8,5,scaled_1,defined,0.4119109517224039,11.884741385140401,,,"simple first Airy peak/crossing, fixed finite m; actual root also requires simple continuous root",False,0.4951975577141834,0.0832866059917795,0.2021956581720319,,,,,,
24.0,0.8,5,actual_root,defined,,4.69226471833589,,,"simple first Airy peak/crossing, fixed finite m; actual root also requires simple continuous root",False,0.19551102993066208,,,,,,,,
24.0,0.8,6,scaled_1,defined,0.5320441589779169,15.431009988496488,,,"simple first Airy peak/crossing, fixed finite m; actual root also requires simple continuous root",False,0.642958749520687,0.11091459054277009,0.2084687683741186,,,,,,
24.0,0.8,6,actual_root,defined,,6.092381936710977,,,"simple first Airy peak/crossing, fixed finite m; actual root also requires simple continuous root",False,0.2538492473629574,,,,,,,,
24.0,0.9,2,scaled_1,defined,0.09635452854746329,2.896903419870246,-6.047287886764773,43.08036743823597,"simple first Airy peak/crossing, fixed finite m; actual root also requires simple continuous root",False,0.12070430916126025,0.02434978061379696,0.25271028752740454,0.0692710812088739,-0.02708344733858939,-0.28108120860399777,0.14406338578914468,0.04770885724168139,0.49513871284399963
24.0,0.9,2,actual_root,defined,-0.03835317725417621,0.3998837489754696,,,"simple first Airy peak/crossing, fixed finite m; actual root also requires simple continuous root",False,0.0166618228739779,0.05501500012815411,-1.4344313578913106,,,,,,
24.0,0.9,3,scaled_1,defined,0.19920355372772725,6.171614047136879,-14.812475614270287,94.78890508968811,"simple first Airy peak/crossing, fixed finite m; actual root also requires simple continuous root",False,0.25715058529736995,0.057947031569642704,0.29089356331888083,0.13116792181688028,-0.06803563191084697,-0.3415382438600394,0.29573199315314436,0.09652843942541711,0.48457187444232463
24.0,0.9,3,actual_root,defined,-0.0955551901350357,0.85191937897236,,,"simple first Airy peak/crossing, fixed finite m; actual root also requires simple continuous root",False,0.035496640790515004,0.1310518309255507,-1.3714778939830712,,,,,,
24.0,0.9,4,scaled_1,defined,0.3078807997992504,9.746777699596784,-26.230151582425663,154.023589833309,"simple first Airy peak/crossing, fixed finite m; actual root also requires simple continuous root",False,0.40611573748319935,0.09823493768394892,0.319068086571172,0.18302376785542293,-0.1248570319438275,-0.40553692216350895,0.45042583353825105,0.14254503373900063,0.4629877336681768
24.0,0.9,4,actual_root,defined,-0.1492410495532549,1.3454290468267804,,,"simple first Airy peak/crossing, fixed finite m; actual root also requires simple continuous root",False,0.056059543617782516,0.2053005931710374,-1.3756308588393995,,,,,,
24.0,0.9,5,scaled_1,defined,0.42235450513602146,13.575685623090193,-40.260818323453464,220.08717250685032,"simple first Airy peak/crossing, fixed finite m; actual root also requires simple continuous root",False,0.5656535676287581,0.1432990624927366,0.3392862175024898,0.22322835401988206,-0.1991261511161394,-0.471466857094397,0.6053241396220528,0.18296963448603132,0.43321340783876566
24.0,0.9,5,actual_root,defined,,1.8739651534937416,,,"simple first Airy peak/crossing, fixed finite m; actual root also requires simple continuous root",False,0.07808188139557257,,,,,,,,
24.0,0.9,6,scaled_1,defined,0.5427546138822653,17.626512320454513,-56.87756382631835,292.4811921244049,"simple first Airy peak/crossing, fixed finite m; actual root also requires simple continuous root",False,0.7344380133522713,0.191683399470006,0.35316770151231935,0.25068450923052715,-0.29207010465173816,-0.5381255123058137,0.7584643566687301,0.21570974278646482,0.39743511573953516
24.0,0.9,6,actual_root,defined,,2.433134560068062,,,"simple first Airy peak/crossing, fixed finite m; actual root also requires simple continuous root",False,0.10138060666950259,,,,,,,,
24.0,1.0,2,scaled_1,defined,0.1020805617382617,,,,"simple first Airy peak/crossing, fixed finite m; actual root also requires simple continuous root",False,,,,,,,,,
24.0,1.0,2,actual_root,root_branch_change,,,,,"simple first Airy peak/crossing, fixed finite m; actual root also requires simple continuous root",False,,,,,,,,,
24.0,1.0,3,scaled_1,defined,0.20917028643089855,,,,"simple first Airy peak/crossing, fixed finite m; actual root also requires simple continuous root",False,,,,,,,,,
24.0,1.0,3,actual_root,defined,-0.17175640159860978,,,,"simple first Airy peak/crossing, fixed finite m; actual root also requires simple continuous root",False,,,,,,,,,
24.0,1.0,4,scaled_1,defined,0.3208487300205849,,,,"simple first Airy peak/crossing, fixed finite m; actual root also requires simple continuous root",False,,,,,,,,,
24.0,1.0,4,actual_root,root_branch_change,,,,,"simple first Airy peak/crossing, fixed finite m; actual root also requires simple continuous root",False,,,,,,,,,
24.0,1.0,5,scaled_1,defined,0.4372661011553295,,,,"simple first Airy peak/crossing, fixed finite m; actual root also requires simple continuous root",False,,,,,,,,,
24.0,1.0,5,actual_root,root_branch_change,,,,,"simple first Airy peak/crossing, fixed finite m; actual root also requires simple continuous root",False,,,,,,,,,
24.0,1.0,6,scaled_1,defined,0.5586970334645713,,,,"simple first Airy peak/crossing, fixed finite m; actual root also requires simple continuous root",False,,,,,,,,,
24.0,1.0,6,actual_root,root_branch_change,,,,,"simple first Airy peak/crossing, fixed finite m; actual root also requires simple continuous root",False,,,,,,,,,
256.0,0.2,2,scaled_1,defined,0.007853886114436937,2.0259902345198677,-0.24069208349533888,-0.16694734638273356,"simple first Airy peak/crossing, fixed finite m; actual root also requires simple continuous root",True,0.007914024353593233,6.013823915629671e-05,0.007657131549915294,0.007855261637896129,1.3755234591922988e-06,0.00017513921632551115,0.007852714223553131,-1.1718908838054265e-06,-0.00014921159623785074
256.0,0.2,2,actual_root,defined,0.007849709114142553,1.961517116377035,,,"simple first Airy peak/crossing, fixed finite m; actual root also requires simple continuous root",True,0.007662176235847793,-0.00018753287829475964,-0.023890423908433506,,,,,,
256.0,0.2,3,scaled_1,defined,0.016707209289567385,4.316205264200697,-0.7794466861352785,2.275191903719599,"simple first Airy peak/crossing, fixed finite m; actual root also requires simple continuous root",True,0.016860176813283972,0.00015296752371658784,0.009155779464144653,0.016669882212176728,-3.732707739065658e-05,-0.002234189848448539,0.016704598885512293,-2.610404055091581e-06,-0.00015624417039664524
256.0,0.2,3,actual_root,defined,0.01675518823458637,4.178850598227454,,,"simple first Airy peak/crossing, fixed finite m; actual root also requires simple continuous root",True,0.016323635149325992,-0.00043155308526037633,-0.02575638537856331,,,,,,
256.0,0.2,4,scaled_1,defined,0.026363171981368977,6.816546351518886,-1.6231156168231438,8.404651037840217,"simple first Airy peak/crossing, fixed finite m; actual root also requires simple continuous root",True,0.026627134185620648,0.00026396220425167066,0.010012535837425575,0.026230865724482185,-0.0001323062568867918,-0.005018601592414353,0.02635911052181251,-4.0614595564654465e-06,-0.00015405807614257138
256.0,0.2,4,actual_root,defined,0.026509002045945237,6.599623292977231,,,"simple first Airy peak/crossing, fixed finite m; actual root also requires simple continuous root",True,0.02577977848819231,-0.0007292235577529282,-0.027508525461993723,,,,,,
256.0,0.2,5,scaled_1,defined,0.036706639422435905,9.49434707095773,-2.775836201420863,19.167880603716423,"simple first Airy peak/crossing, fixed finite m; actual root also requires simple continuous root",True,0.03708729324592863,0.00038065382349272703,0.010370162713943872,0.036409598860816114,-0.00029704056161979076,-0.008092284292258937,0.03670207750772341,-4.561914712493398e-06,-0.00012428036955366325
256.0,0.2,5,actual_root,defined,0.036985598831510993,9.192208319267259,,,"simple first Airy peak/crossing, fixed finite m; actual root also requires simple continuous root",True,0.03590706374713773,-0.0010785350843732638,-0.02916094692116688,,,,,,
256.0,0.2,6,scaled_1,defined,0.047662373383835645,12.327349812540353,-4.240427450130673,35.42685123651413,"simple first Airy peak/crossing, fixed finite m; actual root also requires simple continuous root",True,0.048153710205235754,0.0004913368214001096,0.010308693976341996,0.04711844959729369,-0.0005439237865419513,-0.011412016396279989,0.04765902044746023,-3.3529363754128405e-06,-7.034765869527524e-05
256.0,0.2,6,actual_root,defined,0.04809990460399694,11.93505637138253,,,"simple first Airy peak/crossing, fixed finite m; actual root also requires simple continuous root",True,0.046621313950713006,-0.0014785906532839357,-0.030739991387863787,,,,,,
256.0,0.3,2,scaled_1,defined,0.007929455983026343,2.0534910658270404,,,"simple first Airy peak/crossing, fixed finite m; actual root also requires simple continuous root",True,0.008021449475886877,9.199349286053392e-05,0.011601488558288691,,,,,,
256.0,0.3,2,actual_root,defined,0.007764580076562083,1.9050154481849104,,,"simple first Airy peak/crossing, fixed finite m; actual root also requires simple continuous root",True,0.007441466594472306,-0.0003231134820897768,-0.041613774203336125,,,,,,
256.0,0.3,3,scaled_1,defined,0.01683541987466053,4.374793519383498,,,"simple first Airy peak/crossing, fixed finite m; actual root also requires simple continuous root",True,0.01708903718509179,0.0002536173104312617,0.01506450758694699,,,,,,
256.0,0.3,3,actual_root,defined,0.01659884214482607,4.058478449570595,,,"simple first Airy peak/crossing, fixed finite m; actual root also requires simple continuous root",True,0.015853431443635137,-0.0007454107011909336,-0.04490739141243543,,,,,,
256.0,0.3,4,scaled_1,defined,0.026517699977503847,6.909074285818169,,,"simple first Airy peak/crossing, fixed finite m; actual root also requires simple continuous root",True,0.02698857142897722,0.00047087145147337375,0.01775687378139262,,,,,,
256.0,0.3,4,actual_root,defined,0.026299353142326426,6.409520579939707,,,"simple first Airy peak/crossing, fixed finite m; actual root also requires simple continuous root",True,0.02503718976538948,-0.001262163376936947,-0.04799218330984763,,,,,,
256.0,0.3,5,scaled_1,defined,0.03685961936306769,9.623223524911634,,,"simple first Airy peak/crossing, fixed finite m; actual root also requires simple continuous root",True,0.03759071689418607,0.0007310975311183784,0.019834646796459264,,,,,,
256.0,0.3,5,actual_root,defined,0.03674361189031869,8.9274259729539,,,"simple first Airy peak/crossing, fixed finite m; actual root also requires simple continuous root",True,0.03487275770685117,-0.0018708541834675171,-0.05091644743723344,,,,,,
256.0,0.3,6,scaled_1,defined,0.047784659664036694,12.494681501451241,,,"simple first Airy peak/crossing, fixed finite m; actual root also requires simple continuous root",True,0.04880734961504391,0.0010226899510072177,0.021402055768473042,,,,,,
256.0,0.3,6,actual_root,defined,0.04784841624432987,11.591266052491152,,,"simple first Airy peak/crossing, fixed finite m; actual root also requires simple continuous root",True,0.04527838301754356,-0.0025700332267863044,-0.053711981054145305,,,,,,
256.0,0.35,2,scaled_1,defined,0.00798499657393148,2.0722126392143805,-0.45047406624876085,-0.09305224572508841,"simple first Airy peak/crossing, fixed finite m; actual root also requires simple continuous root",True,0.008094580621931174,0.00010958404799969387,0.013723743897079626,0.00798460160185091,-3.949720805696e-07,-4.9464276773650784e-05,0.0079831817372616,-1.8148366698802348e-06,-0.00022728083263117603
256.0,0.35,2,actual_root,defined,0.007685225803587645,1.8669269755283526,,,"simple first Airy peak/crossing, fixed finite m; actual root also requires simple continuous root",True,0.0072926834981576275,-0.0003925423054300173,-0.05107752400024073,,,,,,
256.0,0.35,3,scaled_1,defined,0.016936813084796415,4.414678288930626,-1.440168079959697,2.5876583497841663,"simple first Airy peak/crossing, fixed finite m; actual root also requires simple continuous root",True,0.01724483706613526,0.00030802398133884454,0.018186655293217287,0.01689323353098885,-4.357955380756423e-05,-0.0025730669394163695,0.016932718063914023,-4.095020882392136e-06,-0.00024178225631291247
256.0,0.35,3,actual_root,defined,0.016441727477814305,3.9773340968563,,,"simple first Airy peak/crossing, fixed finite m; actual root also requires simple continuous root",True,0.015536461315844921,-0.0009052661619693841,-0.05505906621983048,,,,,,
256.0,0.35,4,scaled_1,defined,0.02665316686435626,6.972063963948779,-2.980978192654167,9.165550028105748,"simple first Airy peak/crossing, fixed finite m; actual root also requires simple continuous root",True,0.027234624859174918,0.0005814579948186585,0.021815718851640565,0.02650684698010896,-0.0001463198842472993,-0.0054897748170771934,0.026646702174629618,-6.464689726641548e-06,-0.00024254865320664352
256.0,0.35,4,actual_root,defined,0.026069212225354563,6.281369992193406,,,"simple first Airy peak/crossing, fixed finite m; actual root also requires simple continuous root",True,0.024536601532005493,-0.0015326106933490694,-0.058790065464980674,,,,,,
256.0,0.35,5,scaled_1,defined,0.03701625471872831,9.71095796332364,-5.080087654194165,20.62671372632697,"simple first Airy peak/crossing, fixed finite m; actual root also requires simple continuous root",True,0.03793342954423297,0.0009171748255046575,0.02477762357304653,0.03669317376928322,-0.0003230809494450884,-0.008728083159683526,0.03700791244308582,-8.34227564248946e-06,-0.0002253679013687114
256.0,0.35,5,actual_root,defined,0.0364472929452333,8.748932921683224,,,"simple first Airy peak/crossing, fixed finite m; actual root also requires simple continuous root",True,0.03417551922532509,-0.002271773719908207,-0.06233038276180995,,,,,,
256.0,0.35,6,scaled_1,defined,0.04794883784069992,12.608594875886425,-7.742390846933154,37.86921104846054,"simple first Airy peak/crossing, fixed finite m; actual root also requires simple continuous root",True,0.04925232373393135,0.0013034858932314264,0.027184931938538076,0.04736209159356681,-0.0005867462471331117,-0.01223692321975466,0.04793992989691856,-8.90794378136106e-06,-0.00018578018117886106
256.0,0.35,6,actual_root,defined,0.047494327638115896,11.359512750692025,,,"simple first Airy peak/crossing, fixed finite m; actual root also requires simple continuous root",True,0.04437309668239072,-0.0031212309557251752,-0.0657179733021481,,,,,,
256.0,0.4,2,scaled_1,defined,0.00805369866274884,2.094718966071688,,,"simple first Airy peak/crossing, fixed finite m; actual root also requires simple continuous root",True,0.00818249596121753,0.00012879729846869067,0.01599231655691602,,,,,,
256.0,0.4,2,actual_root,defined,0.007578756784994908,1.821528997839929,,,"simple first Airy peak/crossing, fixed finite m; actual root also requires simple continuous root",True,0.007115347647812222,-0.0004634091371826859,-0.06114579875424743,,,,,,
256.0,0.4,3,scaled_1,defined,0.017065716879217957,4.462626163902666,,,"simple first Airy peak/crossing, fixed finite m; actual root also requires simple continuous root",True,0.01743213345274479,0.00036641657352683155,0.021470915996095134,,,,,,
256.0,0.4,3,actual_root,defined,0.01622614906527589,3.880617445934595,,,"simple first Airy peak/crossing, fixed finite m; actual root also requires simple continuous root",True,0.015158661898182012,-0.0010674871670938793,-0.06578807841586466,,,,,,
256.0,0.4,4,scaled_1,defined,0.02683137176660541,7.047787636062937,,,"simple first Airy peak/crossing, fixed finite m; actual root also requires simple continuous root",True,0.027530420453370848,0.0006990486867654369,0.026053408407373333,,,,,,
256.0,0.4,4,actual_root,defined,0.025745780349891126,6.128626206016323,,,"simple first Airy peak/crossing, fixed finite m; actual root also requires simple continuous root",True,0.02393994611725126,-0.001805834232639865,-0.0701409787583891,,,,,,
256.0,0.4,5,scaled_1,defined,0.03723152830034854,9.816428796714074,,,"simple first Airy peak/crossing, fixed finite m; actual root also requires simple continuous root",True,0.03834542498716435,0.0011138966868158157,0.029918102685174707,,,,,,
256.0,0.4,5,actual_root,defined,0.036019841211196085,8.536185520856963,,,"simple first Airy peak/crossing, fixed finite m; actual root also requires simple continuous root",True,0.03334447469084751,-0.002675366520348575,-0.0742748005095866,,,,,,
256.0,0.4,6,scaled_1,defined,0.04818810550928426,12.745536979277732,,,"simple first Airy peak/crossing, fixed finite m; actual root also requires simple continuous root",True,0.04978725382530364,0.001599148316019379,0.03318554027220007,,,,,,
256.0,0.4,6,actual_root,defined,0.04696865048969495,11.083283999826536,,,"simple first Airy peak/crossing, fixed finite m; actual root also requires simple continuous root",True,0.043294078124322406,-0.0036745723653725457,-0.07823457406294347,,,,,,
256.0,0.5,2,scaled_1,defined,0.008236533645099353,2.1532231793465835,,,"simple first Airy peak/crossing, fixed finite m; actual root also requires simple continuous root",True,0.008411028044322592,0.00017449439922323853,0.021185416917110608,,,,,,
256.0,0.5,2,actual_root,defined,0.007272991962880948,1.7054250677343123,,,"simple first Airy peak/crossing, fixed finite m; actual root also requires simple continuous root",True,0.006661816670837158,-0.0006111752920437905,-0.08403354426390623,,,,,,
256.0,0.5,3,scaled_1,defined,0.01741809036573891,4.587264569859675,,,"simple first Airy peak/crossing, fixed finite m; actual root also requires simple continuous root",True,0.017919002226014356,0.0005009118602754478,0.028758138794636928,,,,,,
256.0,0.5,3,actual_root,defined,0.015593712112447408,3.6332675891693613,,,"simple first Airy peak/crossing, fixed finite m; actual root also requires simple continuous root",True,0.014192451520192818,-0.0014012605922545905,-0.0898606170326858,,,,,,
256.0,0.5,4,scaled_1,defined,0.027334033606765937,7.244628013056157,,,"simple first Airy peak/crossing, fixed finite m; actual root also requires simple continuous root",True,0.028299328176000612,0.0009652945692346752,0.03531475021658486,,,,,,
256.0,0.5,4,actual_root,defined,0.024775813403023192,5.7379886759464895,,,"simple first Airy peak/crossing, fixed finite m; actual root also requires simple continuous root",True,0.022414018265415975,-0.002361795137607217,-0.09532664373872893,,,,,,
256.0,0.5,5,scaled_1,defined,0.037861869651930904,10.090595619673529,,,"simple first Airy peak/crossing, fixed finite m; actual root also requires simple continuous root",True,0.03941638913934972,0.0015545194874188178,0.04105765250659087,,,,,,
256.0,0.5,5,actual_root,defined,0.034708018209823555,7.992090593871207,,,"simple first Airy peak/crossing, fixed finite m; actual root also requires simple continuous root",True,0.0312191038823094,-0.003488914327514154,-0.1005218536656948,,,,,,
256.0,0.5,6,scaled_1,defined,0.04892143268756785,13.10151199349986,,,"simple first Airy peak/crossing, fixed finite m; actual root also requires simple continuous root",True,0.05117778122460883,0.0022563485370409794,0.046121881823268304,,,,,,
256.0,0.5,6,actual_root,defined,0.04531550411740842,10.37683747474649,,,"simple first Airy peak/crossing, fixed finite m; actual root also requires simple continuous root",True,0.040534521385728474,-0.004780982731679949,-0.1055043483416371,,,,,,
256.0,0.6,2,scaled_1,defined,0.008494839731267662,2.2353208769315196,,,"simple first Airy peak/crossing, fixed finite m; actual root also requires simple continuous root",True,0.008731722175513748,0.00023688244424608686,0.027885451843685054,,,,,,
256.0,0.6,2,actual_root,defined,0.006814526001613169,1.5468133976383007,,,"simple first Airy peak/crossing, fixed finite m; actual root also requires simple continuous root",True,0.006042239834524612,-0.000772286167088557,-0.11332940352795448,,,,,,
256.0,0.6,3,scaled_1,defined,0.01792674893789989,4.762166950165982,,,"simple first Airy peak/crossing, fixed finite m; actual root also requires simple continuous root",True,0.018602214649085867,0.0006754657111859783,0.0376792085127014,,,,,,
256.0,0.6,3,actual_root,defined,0.014627401974251109,3.295358494758395,,,"simple first Airy peak/crossing, fixed finite m; actual root also requires simple continuous root",True,0.01287249412014998,-0.0017549078541011284,-0.11997399519000884,,,,,,
256.0,0.6,4,scaled_1,defined,0.02807716348202441,7.520849858258348,,,"simple first Airy peak/crossing, fixed finite m; actual root also requires simple continuous root",True,0.029378319758821672,0.0013011562767972634,0.046342155525442984,,,,,,
256.0,0.6,4,actual_root,defined,0.02326506224468164,5.20433171024176,,,"simple first Airy peak/crossing, fixed finite m; actual root also requires simple continuous root",True,0.020329420743131876,-0.0029356415015497628,-0.12618240478685358,,,,,,
256.0,0.6,5,scaled_1,defined,0.038819121839970994,10.475327994646024,,,"simple first Airy peak/crossing, fixed finite m; actual root also requires simple continuous root",True,0.04091924997908603,0.0021001281391150387,0.05410035156829833,,,,,,
256.0,0.6,5,actual_root,defined,0.03262403969466515,7.248792714277694,,,"simple first Airy peak/crossing, fixed finite m; actual root also requires simple continuous root",True,0.02831559654014724,-0.004308443154517911,-0.1320634475326012,,,,,,
256.0,0.6,6,scaled_1,defined,0.05006969012780199,13.601044034518559,,,"simple first Airy peak/crossing, fixed finite m; actual root also requires simple continuous root",True,0.05312907825983812,0.0030593881320361282,0.061102597683890085,,,,,,
256.0,0.6,6,actual_root,defined,0.042635022308982196,9.411748152838602,,,"simple first Airy peak/crossing, fixed finite m; actual root also requires simple continuous root",True,0.03676464122202579,-0.005870381086956408,-0.13768917591769753,,,,,,
256.0,0.7,2,scaled_1,defined,0.008858687101513857,2.3532962370600696,-1.446718192021048,1.103438128181133,"simple first Airy peak/crossing, fixed finite m; actual root also requires simple continuous root",True,0.009192563426015897,0.00033387632450204013,0.03768914294816714,0.008839360742417009,-1.932635909684781e-05,-0.0021816279179276052,0.008856197872058444,-2.48922945541262e-06,-0.00028099304410325506
256.0,0.7,2,actual_root,defined,0.006144284159133706,1.3267498625963068,,,"simple first Airy peak/crossing, fixed finite m; actual root also requires simple continuous root",True,0.005182616650766823,-0.0009616675083668827,-0.1565141655984983,,,,,,
256.0,0.7,3,scaled_1,defined,0.018652680373805325,5.013503734399543,-4.216431873722301,5.924854782820451,"simple first Airy peak/crossing, fixed finite m; actual root also requires simple continuous root",True,0.019583998962498215,0.00093131858869289,0.049929477695912085,0.01855459664957773,-9.808372422759337e-05,-0.005258425184046798,0.018645002758934732,-7.677614870593014e-06,-0.00041160920129071544
256.0,0.7,3,actual_root,defined,0.013192331338778368,2.8265312653754417,,,"simple first Airy peak/crossing, fixed finite m; actual root also requires simple continuous root",True,0.01104113775537282,-0.0021511935834055487,-0.1630639443600234,,,,,,
256.0,0.7,4,scaled_1,defined,0.02915259509726778,7.917783909050541,-8.326993281573513,15.71031483122,"simple first Airy peak/crossing, fixed finite m; actual root also requires simple continuous root",True,0.030928843394728674,0.0017762482974608938,0.06092933721798805,0.028895886050594517,-0.0002567090466732633,-0.008805701372956755,0.02913560643070957,-1.6988666558210436e-05,-0.0005827497175303833
256.0,0.7,4,actual_root,defined,0.020984466538899238,4.463916844792841,,,"simple first Airy peak/crossing, fixed finite m; actual root also requires simple continuous root",True,0.017437175174972036,-0.003547291363927202,-0.16904367606160164,,,,,,
256.0,0.7,5,scaled_1,defined,0.04022545122286411,11.028192957071242,-13.789182126696312,31.55610701184483,"simple first Airy peak/crossing, fixed finite m; actual root also requires simple continuous root",True,0.04307887873855954,0.0028534275156954295,0.07093587340727066,0.03971237919590907,-0.0005130720269550387,-0.012754910420082722,0.04019388717643649,-3.156404642762345e-05,-0.0007846784925480829
256.0,0.7,5,actual_root,defined,0.029423813356930395,6.217514505848565,,,"simple first Airy peak/crossing, fixed finite m; actual root also requires simple continuous root",True,0.024287166038470958,-0.005136647318459437,-0.17457449366431516,,,,,,
256.0,0.7,6,scaled_1,defined,0.051784570218455755,14.318877471612947,-20.610343278013836,54.4619392972137,"simple first Airy peak/crossing, fixed finite m; actual root also requires simple continuous root",True,0.05593311512348807,0.004148544905032317,0.08011160250112101,0.05090129303412923,-0.000883277184326528,-0.01705676383139572,0.05173231627780009,-5.2253940655666575e-05,-0.001009063905237231
256.0,0.7,6,actual_root,defined,0.03844373514752583,8.072748521337521,,,"simple first Airy peak/crossing, fixed finite m; actual root also requires simple continuous root",True,0.03153417391147469,-0.0069095612360511385,-0.17973178749505106,,,,,,
256.0,0.8,2,scaled_1,defined,0.00938810744404367,2.536074340461172,,,"simple first Airy peak/crossing, fixed finite m; actual root also requires simple continuous root",True,0.009906540392426453,0.000518432948382783,0.05522230667606018,,,,,,
256.0,0.8,2,actual_root,defined,0.005140300464361203,1.0012781738525256,,,"simple first Airy peak/crossing, fixed finite m; actual root also requires simple continuous root",True,0.003911242866611428,-0.0012290575977497746,-0.23910228716610876,,,,,,
256.0,0.8,3,scaled_1,defined,0.019717096221016,5.402897423785917,,,"simple first Airy peak/crossing, fixed finite m; actual root also requires simple continuous root",True,0.021105068061663738,0.0013879718406477372,0.07039433317611596,,,,,,
256.0,0.8,3,actual_root,defined,0.01100512936799003,2.1331406495825096,,,"simple first Airy peak/crossing, fixed finite m; actual root also requires simple continuous root",True,0.008332580662431678,-0.0026725487055583516,-0.2428457327663804,,,,,,
256.0,0.8,4,scaled_1,defined,0.030742100984845144,8.532750058762307,,,"simple first Airy peak/crossing, fixed finite m; actual root also requires simple continuous root",True,0.03333105491704026,0.0025889539321951177,0.084215256903599,,,,,,
256.0,0.8,4,actual_root,defined,0.017441985567831553,3.3688509285669976,,,"simple first Airy peak/crossing, fixed finite m; actual root also requires simple continuous root",True,0.013159573939714835,-0.004282411628116718,-0.2455231723167354,,,,,,
256.0,0.8,5,scaled_1,defined,0.042321666179321815,11.884741385140401,,,"simple first Airy peak/crossing, fixed finite m; actual root also requires simple continuous root",True,0.04642477103570469,0.004103104856382878,0.09695045651079864,,,,,,
256.0,0.8,5,actual_root,defined,0.024346638640086127,4.69226471833589,,,"simple first Airy peak/crossing, fixed finite m; actual root also requires simple continuous root",True,0.01832915905599957,-0.006017479584086556,-0.24715853687411812,,,,,,
256.0,0.8,6,scaled_1,defined,0.05436393456462271,15.431009988496488,,,"simple first Airy peak/crossing, fixed finite m; actual root also requires simple continuous root",True,0.060277382767564405,0.005913448202941693,0.10877520639924147,,,,,,
256.0,0.8,6,actual_root,defined,0.03163303704870221,6.092381936710977,,,"simple first Airy peak/crossing, fixed finite m; actual root also requires simple continuous root",True,0.023798366940277253,-0.007834670108424958,-0.24767366144334177,,,,,,
256.0,0.9,2,scaled_1,defined,0.010235383182392865,2.896903419870246,-6.047287886764773,43.08036743823597,"simple first Airy peak/crossing, fixed finite m; actual root also requires simple continuous root",True,0.011316028983868149,0.0010806458014752836,0.10557941820236243,0.009839640339638469,-0.0003957428427543968,-0.038664194168632836,0.010496994579113504,0.0002616113967206391,0.02555951175044124
256.0,0.9,2,actual_root,defined,0.0034621003108598614,0.3998837489754696,,,"simple first Airy peak/crossing, fixed finite m; actual root also requires simple continuous root",True,0.001562045894435428,-0.0019000544164244333,-0.548815529828634,,,,,,
256.0,0.9,3,scaled_1,defined,0.021423809790531878,6.171614047136879,-14.812475614270287,94.78890508968811,"simple first Airy peak/crossing, fixed finite m; actual root also requires simple continuous root",True,0.024107867371628434,0.0026840575810965564,0.1252838597494811,0.02049154031736323,-0.0009322694731686496,-0.04351557833474886,0.021937904225592112,0.000514094435060234,0.023996405872098198
256.0,0.9,3,actual_root,defined,0.0072409628138535576,0.85191937897236,,,"simple first Airy peak/crossing, fixed finite m; actual root also requires simple continuous root",True,0.0033278100741107814,-0.003913152739742776,-0.5404188421263609,,,,,,
256.0,0.9,4,scaled_1,defined,0.03329603865114217,9.746777699596784,-26.230151582425663,154.023589833309,"simple first Airy peak/crossing, fixed finite m; actual root also requires simple continuous root",True,0.03807335038904994,0.004777311737907769,0.14347988323661712,0.0316695047878718,-0.0016265338632703713,-0.048850672006730614,0.03401971825578728,0.0007236796046451097,0.021734705807721813
256.0,0.9,4,actual_root,defined,0.011117900047319107,1.3454290468267804,,,"simple first Airy peak/crossing, fixed finite m; actual root also requires simple continuous root",True,0.005255582214167111,-0.005862317833151996,-0.5272864307289392,,,,,,
256.0,0.9,5,scaled_1,defined,0.045697717433053675,13.575685623090193,-40.260818323453464,220.08717250685032,"simple first Airy peak/crossing, fixed finite m; actual root also requires simple continuous root",True,0.053030021965196066,0.0073323045321423905,0.16045231455781317,0.043200720616696685,-0.0024969968163569903,-0.05464160917916842,0.046558984357340766,0.0008612669242870907,0.01884704472491063
256.0,0.9,5,actual_root,defined,0.014829066497561383,1.8739651534937416,,,"simple first Airy peak/crossing, fixed finite m; actual root also requires simple continuous root",True,0.007320176380834928,-0.007508890116726455,-0.5063629674842499,,,,,,
256.0,0.9,6,scaled_1,defined,0.0585296621566051,17.626512320454513,-56.87756382631835,292.4811921244049,"simple first Airy peak/crossing, fixed finite m; actual root also requires simple continuous root",True,0.06885356375177544,0.01032390159517034,0.17638751386514337,0.054967439770740686,-0.0035622223858644136,-0.06086183064465912,0.05943034858611552,0.000900686429510418,0.015388546530483863
256.0,0.9,6,actual_root,defined,0.01788330496273155,2.433134560068062,,,"simple first Airy peak/crossing, fixed finite m; actual root also requires simple continuous root",True,0.009504431875265867,-0.008378873087465682,-0.4685304592706486,,,,,,
256.0,1.0,2,scaled_1,defined,0.012310358487332418,,,,"simple first Airy peak/crossing, fixed finite m; actual root also requires simple continuous root",True,,,,,,,,,
256.0,1.0,2,actual_root,no_peak_in_valid_interval,,,,,"simple first Airy peak/crossing, fixed finite m; actual root also requires simple continuous root",True,,,,,,,,,
256.0,1.0,3,scaled_1,defined,0.025453137320674835,,,,"simple first Airy peak/crossing, fixed finite m; actual root also requires simple continuous root",True,,,,,,,,,
256.0,1.0,3,actual_root,no_peak_in_valid_interval,,,,,"simple first Airy peak/crossing, fixed finite m; actual root also requires simple continuous root",True,,,,,,,,,
256.0,1.0,4,scaled_1,defined,0.0391533803594275,,,,"simple first Airy peak/crossing, fixed finite m; actual root also requires simple continuous root",True,,,,,,,,,
256.0,1.0,4,actual_root,no_peak_in_valid_interval,,,,,"simple first Airy peak/crossing, fixed finite m; actual root also requires simple continuous root",True,,,,,,,,,
256.0,1.0,5,scaled_1,defined,0.05326036325063588,,,,"simple first Airy peak/crossing, fixed finite m; actual root also requires simple continuous root",True,,,,,,,,,
256.0,1.0,5,actual_root,no_peak_in_valid_interval,,,,,"simple first Airy peak/crossing, fixed finite m; actual root also requires simple continuous root",True,,,,,,,,,
256.0,1.0,6,scaled_1,defined,0.06768160133724477,,,,"simple first Airy peak/crossing, fixed finite m; actual root also requires simple continuous root",True,,,,,,,,,
256.0,1.0,6,actual_root,no_peak_in_valid_interval,,,,,"simple first Airy peak/crossing, fixed finite m; actual root also requires simple continuous root",True,,,,,,,,,
32.0,0.2,2,scaled_1,defined,0.062182562088829926,2.0259902345198677,-0.24069208349533888,-0.16694734638273356,"simple first Airy peak/crossing, fixed finite m; actual root also requires simple continuous root",False,0.06331219482874587,0.0011296327399159395,0.01816639105835202,0.06198254635673436,-0.0002000157320955695,-0.0032165887891502467,0.06181951183878247,-0.0003630502500474586,-0.00583845756514228
32.0,0.2,2,actual_root,defined,0.06289428484528234,1.961517116377035,,,"simple first Airy peak/crossing, fixed finite m; actual root also requires simple continuous root",False,0.061297409886782346,-0.0015968749584999928,-0.025389826157150006,,,,,,
32.0,0.2,3,scaled_1,defined,0.1336316736948656,4.316205264200697,-0.7794466861352785,2.275191903719599,"simple first Airy peak/crossing, fixed finite m; actual root also requires simple continuous root",False,0.13488141450627178,0.0012497408114061914,0.009352130201256388,0.13057553921455586,-0.0030561344803097246,-0.022869836138459946,0.13279740630803202,-0.0008342673868335648,-0.006243036278498839
32.0,0.2,3,actual_root,defined,0.1344675365917752,4.178850598227454,,,"simple first Airy peak/crossing, fixed finite m; actual root also requires simple continuous root",False,0.13058908119460794,-0.003878455397167274,-0.02884306127315864,,,,,,
32.0,0.2,4,scaled_1,defined,0.21344471107244695,6.816546351518886,-1.6231156168231438,8.404651037840217,"simple first Airy peak/crossing, fixed finite m; actual root also requires simple continuous root",False,0.21301707348496518,-0.00042763758748176617,-0.0020035051950133276,0.2040505417716415,-0.009394169300805444,-0.04401219057433986,0.21225820880078233,-0.0011865022716646134,-0.005558827228386527
32.0,0.2,4,actual_root,defined,0.21335857544475303,6.599623292977231,,,"simple first Airy peak/crossing, fixed finite m; actual root also requires simple continuous root",False,0.20623822790553847,-0.007120347539214561,-0.03337268035452505,,,,,,
32.0,0.2,5,scaled_1,defined,0.3010752033428244,9.49434707095773,-2.775836201420863,19.167880603716423,"simple first Airy peak/crossing, fixed finite m; actual root also requires simple continuous root",False,0.29669834596742906,-0.004376857375395338,-0.014537422301137018,0.28136387251830564,-0.019711330824518758,-0.06546979161905311,0.30008250592037244,-0.0009926974224519491,-0.0032971742987468727
32.0,0.2,5,actual_root,defined,0.2989915691686629,9.192208319267259,,,"simple first Airy peak/crossing, fixed finite m; actual root also requires simple continuous root",False,0.28725650997710184,-0.011735059191561037,-0.039248796292785174,,,,,,
32.0,0.2,6,scaled_1,defined,0.39597249468010143,12.327349812540353,-4.240427450130673,35.42685123651413,"simple first Airy peak/crossing, fixed finite m; actual root also requires simple continuous root",False,0.38522968164188603,-0.010742813038215393,-0.027130200159216376,0.3618044081644096,-0.03416808651569181,-0.08628904021047105,0.39640094257506797,0.0004284478949665438,0.00108201428312004
32.0,0.2,6,actual_root,defined,0.3912906598791219,11.93505637138253,,,"simple first Airy peak/crossing, fixed finite m; actual root also requires simple continuous root",False,0.37297051160570405,-0.01832014827341788,-0.04681979446960826,,,,,,
32.0,0.3,2,scaled_1,defined,0.062408774032654976,2.0534910658270404,,,"simple first Airy peak/crossing, fixed finite m; actual root also requires simple continuous root",False,0.06417159580709501,0.0017628217744400376,0.028246377240444636,,,,,,
32.0,0.3,2,actual_root,defined,0.0642225295752257,1.9050154481849104,,,"simple first Airy peak/crossing, fixed finite m; actual root also requires simple continuous root",False,0.05953173275577845,-0.00469079681944725,-0.07303973933248432,,,,,,
32.0,0.3,3,scaled_1,defined,0.13343883669739248,4.374793519383498,,,"simple first Airy peak/crossing, fixed finite m; actual root also requires simple continuous root",False,0.13671229748073432,0.0032734607833418417,0.024531544671400812,,,,,,
32.0,0.3,3,actual_root,defined,0.13791710637138616,4.058478449570595,,,"simple first Airy peak/crossing, fixed finite m; actual root also requires simple continuous root",False,0.1268274515490811,-0.011089654822305062,-0.08040811697747341,,,,,,
32.0,0.3,4,scaled_1,defined,0.2122007997932147,6.909074285818169,,,"simple first Airy peak/crossing, fixed finite m; actual root also requires simple continuous root",False,0.21590857143181777,0.003707771638603058,0.017472939038006476,,,,,,
32.0,0.3,4,actual_root,defined,0.21974059403525092,6.409520579939707,,,"simple first Airy peak/crossing, fixed finite m; actual root also requires simple continuous root",False,0.20029751812311583,-0.019443075912135094,-0.08848194844242581,,,,,,
32.0,0.3,5,scaled_1,defined,0.29821809508083735,9.623223524911634,,,"simple first Airy peak/crossing, fixed finite m; actual root also requires simple continuous root",False,0.30072573515348855,0.002507640072651196,0.008408745525557244,,,,,,
32.0,0.3,5,actual_root,defined,0.30913701203972227,8.9274259729539,,,"simple first Airy peak/crossing, fixed finite m; actual root also requires simple continuous root",False,0.2789820616548094,-0.030154950384912893,-0.09754558403067622,,,,,,
32.0,0.3,6,scaled_1,defined,0.3910727571614227,12.494681501451241,,,"simple first Airy peak/crossing, fixed finite m; actual root also requires simple continuous root",False,0.3904587969203513,-0.0006139602410714096,-0.0015699386618689623,,,,,,
32.0,0.3,6,actual_root,defined,0.4060746702811196,11.591266052491152,,,"simple first Airy peak/crossing, fixed finite m; actual root also requires simple continuous root",False,0.3622270641403485,-0.0438476061407711,-0.1079791707037921,,,,,,
32.0,0.35,2,scaled_1,defined,0.06264749474073131,2.0722126392143805,-0.45047406624876085,-0.09305224572508841,"simple first Airy peak/crossing, fixed finite m; actual root also requires simple continuous root",False,0.06475664497544939,0.0021091502347180824,0.03366695258041633,0.0622681038270652,-0.00037939091366610833,-0.006055963055445871,0.06217723249334929,-0.0004702622473820167,-0.007506481293916258
32.0,0.35,2,actual_root,defined,0.06463799909991161,1.8669269755283526,,,"simple first Airy peak/crossing, fixed finite m; actual root also requires simple continuous root",False,0.05834146798526102,-0.006296531114650589,-0.0974122219488567,,,,,,
32.0,0.35,3,scaled_1,defined,0.13360609965237127,4.414678288930626,-1.440168079959697,2.5876583497841663,"simple first Airy peak/crossing, fixed finite m; actual root also requires simple continuous root",False,0.13795869652908208,0.004352596876710801,0.03257783056339337,0.13000281672136402,-0.0036032829310072567,-0.026969449301960106,0.13252982682857511,-0.0010762728237961594,-0.008055566524256794
32.0,0.35,3,actual_root,defined,0.13912939250445885,3.9773340968563,,,"simple first Airy peak/crossing, fixed finite m; actual root also requires simple continuous root",False,0.12429169052675937,-0.014837701977699486,-0.10664678189566568,,,,,,
32.0,0.35,4,scaled_1,defined,0.21198822150376964,6.972063963948779,-2.980978192654167,9.165550028105748,"simple first Airy peak/crossing, fixed finite m; actual root also requires simple continuous root",False,0.21787699887339934,0.0058887773696297,0.027778795104071306,0.20140926532187606,-0.010578956181893584,-0.04990350929334753,0.21035999777119807,-0.001628223732571571,-0.0076807273584424945
32.0,0.35,4,actual_root,defined,0.22215794590653026,6.281369992193406,,,"simple first Airy peak/crossing, fixed finite m; actual root also requires simple continuous root",False,0.19629281225604395,-0.025865133650486316,-0.11642677710644973,,,,,,
32.0,0.35,5,scaled_1,defined,0.2973434003825808,9.71095796332364,-5.080087654194165,20.62671372632697,"simple first Airy peak/crossing, fixed finite m; actual root also requires simple continuous root",False,0.30346743635386375,0.006124035971282971,0.020595836206229564,0.275403651749936,-0.021939748632644807,-0.07378589403503068,0.29554692687330214,-0.00179647350927864,-0.006041746704205251
32.0,0.35,5,actual_root,defined,0.31318734091582057,8.748932921683224,,,"simple first Airy peak/crossing, fixed finite m; actual root also requires simple continuous root",False,0.27340415380260075,-0.03978318711321982,-0.12702680445795178,,,,,,
32.0,0.35,6,scaled_1,defined,0.3893063880100366,12.608594875886425,-7.742390846933154,37.86921104846054,"simple first Airy peak/crossing, fixed finite m; actual root also requires simple continuous root",False,0.3940185898714508,0.004712201861414189,0.012104095916588724,0.3512475190084579,-0.03805886900157868,-0.09776071026247196,0.38822917042297017,-0.0010772175870664147,-0.0027670174963546792
32.0,0.35,6,actual_root,defined,0.4122102716951802,11.359512750692025,,,"simple first Airy peak/crossing, fixed finite m; actual root also requires simple continuous root",False,0.35498477345912577,-0.05722549823605444,-0.13882598801024382,,,,,,
32.0,0.4,2,scaled_1,defined,0.06297494352045784,2.094718966071688,,,"simple first Airy peak/crossing, fixed finite m; actual root also requires simple continuous root",False,0.06545996768974024,0.00248502416928241,0.03946052239769192,,,,,,
32.0,0.4,2,actual_root,defined,0.06487014301685368,1.821528997839929,,,"simple first Airy peak/crossing, fixed finite m; actual root also requires simple continuous root",False,0.05692278118249778,-0.007947361834355897,-0.12251185930469001,,,,,,
32.0,0.4,3,scaled_1,defined,0.1339574656734125,4.462626163902666,,,"simple first Airy peak/crossing, fixed finite m; actual root also requires simple continuous root",False,0.1394570676219583,0.005499601948545818,0.041054837226868826,,,,,,
32.0,0.4,3,actual_root,defined,0.13995972295912873,3.880617445934595,,,"simple first Airy peak/crossing, fixed finite m; actual root also requires simple continuous root",False,0.1212692951854561,-0.018690427773672635,-0.13354147449356302,,,,,,
32.0,0.4,4,scaled_1,defined,0.21205924044921318,7.047787636062937,,,"simple first Airy peak/crossing, fixed finite m; actual root also requires simple continuous root",False,0.22024336362696678,0.008184123177753605,0.03859357017603602,,,,,,
32.0,0.4,4,actual_root,defined,0.2239954724319717,6.128626206016323,,,"simple first Airy peak/crossing, fixed finite m; actual root also requires simple continuous root",False,0.1915195689380101,-0.03247590349396162,-0.1449846425080073,,,,,,
32.0,0.4,5,scaled_1,defined,0.29685120193353903,9.816428796714074,,,"simple first Airy peak/crossing, fixed finite m; actual root also requires simple continuous root",False,0.3067633998973148,0.009912197963775793,0.033391132995968124,,,,,,
32.0,0.4,5,actual_root,defined,0.31647156180081487,8.536185520856963,,,"simple first Airy peak/crossing, fixed finite m; actual root also requires simple continuous root",False,0.2667557975267801,-0.04971576427403479,-0.1570939391556628,,,,,,
32.0,0.4,6,scaled_1,defined,0.38801311516867953,12.745536979277732,,,"simple first Airy peak/crossing, fixed finite m; actual root also requires simple continuous root",False,0.39829803060242913,0.010284915433749597,0.026506618028306783,,,,,,
32.0,0.4,6,actual_root,defined,0.4174092726267192,11.083283999826536,,,"simple first Airy peak/crossing, fixed finite m; actual root also requires simple continuous root",False,0.34635262499457925,-0.07105664763213992,-0.17023255661041453,,,,,,
32.0,0.5,2,scaled_1,defined,0.06391874834773871,2.1532231793465835,,,"simple first Airy peak/crossing, fixed finite m; actual root also requires simple continuous root",False,0.06728822435458073,0.003369476006842023,0.052714987291537396,,,,,,
32.0,0.5,2,actual_root,defined,0.06470045305087088,1.7054250677343123,,,"simple first Airy peak/crossing, fixed finite m; actual root also requires simple continuous root",False,0.05329453336669726,-0.011405919684173621,-0.17628809608497933,,,,,,
32.0,0.5,3,scaled_1,defined,0.13525218657538507,4.587264569859675,,,"simple first Airy peak/crossing, fixed finite m; actual root also requires simple continuous root",False,0.14335201780811485,0.008099831232729782,0.059886878266586875,,,,,,
32.0,0.5,3,actual_root,defined,0.14027286874688133,3.6332675891693613,,,"simple first Airy peak/crossing, fixed finite m; actual root also requires simple continuous root",False,0.11353961216154254,-0.026733256585338788,-0.19058037968538477,,,,,,
32.0,0.5,4,scaled_1,defined,0.21310493429781463,7.244628013056157,,,"simple first Airy peak/crossing, fixed finite m; actual root also requires simple continuous root",False,0.2263946254080049,0.013289691110190266,0.06236219332030056,,,,,,
32.0,0.5,4,actual_root,defined,0.22559380009628657,5.7379886759464895,,,"simple first Airy peak/crossing, fixed finite m; actual root also requires simple continuous root",False,0.1793121461233278,-0.046281653972958775,-0.20515481344436381,,,,,,
32.0,0.5,5,scaled_1,defined,0.29707981035978687,10.090595619673529,,,"simple first Airy peak/crossing, fixed finite m; actual root also requires simple continuous root",False,0.3153311131147978,0.018251302755010912,0.06143568872252597,,,,,,
32.0,0.5,5,actual_root,defined,0.3202742866969648,7.992090593871207,,,"simple first Airy peak/crossing, fixed finite m; actual root also requires simple continuous root",False,0.2497528310584752,-0.07052145563848958,-0.22019081321134953,,,,,,
32.0,0.5,6,scaled_1,defined,0.3869276757741819,13.10151199349986,,,"simple first Airy peak/crossing, fixed finite m; actual root also requires simple continuous root",False,0.40942224979687064,0.02249457402268873,0.058136379047274395,,,,,,
32.0,0.5,6,actual_root,defined,0.42442589479640525,10.37683747474649,,,"simple first Airy peak/crossing, fixed finite m; actual root also requires simple continuous root",False,0.3242761710858278,-0.10014972371057745,-0.23596515890864464,,,,,,
32.0,0.6,2,scaled_1,defined,0.06530207819695735,2.2353208769315196,,,"simple first Airy peak/crossing, fixed finite m; actual root also requires simple continuous root",False,0.06985377740410999,0.004551699207152635,0.06970221060077555,,,,,,
32.0,0.6,2,actual_root,defined,0.06346024700942829,1.5468133976383007,,,"simple first Airy peak/crossing, fixed finite m; actual root also requires simple continuous root",False,0.0483379186761969,-0.015122328333231391,-0.23829608370393937,,,,,,
32.0,0.6,3,scaled_1,defined,0.13743269815620768,4.762166950165982,,,"simple first Airy peak/crossing, fixed finite m; actual root also requires simple continuous root",False,0.14881771719268694,0.01138501903647926,0.08284068630842792,,,,,,
32.0,0.6,3,actual_root,defined,0.1382102194626842,3.295358494758395,,,"simple first Airy peak/crossing, fixed finite m; actual root also requires simple continuous root",False,0.10297995296119984,-0.03523026650148435,-0.25490348426077336,,,,,,
32.0,0.6,4,scaled_1,defined,0.21548553341774007,7.520849858258348,,,"simple first Airy peak/crossing, fixed finite m; actual root also requires simple continuous root",False,0.23502655807057338,0.019541024652833305,0.09068369622266517,,,,,,
32.0,0.6,4,actual_root,defined,0.22337521913524352,5.20433171024176,,,"simple first Airy peak/crossing, fixed finite m; actual root also requires simple continuous root",False,0.162635365945055,-0.060739853190188514,-0.2719184940269193,,,,,,
32.0,0.6,5,scaled_1,defined,0.29908610348807474,10.475327994646024,,,"simple first Airy peak/crossing, fixed finite m; actual root also requires simple continuous root",False,0.32735399983268826,0.02826789634461352,0.0945142419354854,,,,,,
32.0,0.6,5,actual_root,defined,0.3188237142308946,7.248792714277694,,,"simple first Airy peak/crossing, fixed finite m; actual root also requires simple continuous root",False,0.22652477232117793,-0.09229894190971669,-0.28949835846549693,,,,,,
32.0,0.6,6,scaled_1,defined,0.3880378916018738,13.601044034518559,,,"simple first Airy peak/crossing, fixed finite m; actual root also requires simple continuous root",False,0.42503262607870496,0.03699473447683116,0.09533794322021441,,,,,,
32.0,0.6,6,actual_root,defined,0.4249044176708359,9.411748152838602,,,"simple first Airy peak/crossing, fixed finite m; actual root also requires simple continuous root",False,0.2941171297762063,-0.13078728789462962,-0.3078040200465688,,,,,,
32.0,0.7,2,scaled_1,defined,0.06722229431639982,2.3532962370600696,-1.446718192021048,1.103438128181133,"simple first Airy peak/crossing, fixed finite m; actual root also requires simple continuous root",False,0.07354050740812718,0.006318213091727351,0.09398984601728974,0.06554844300153323,-0.001673851314866595,-0.0249002407889883,0.06662601929858512,-0.0005962750178147014,-0.008870197363514142
32.0,0.7,2,actual_root,defined,0.06065219200350501,1.3267498625963068,,,"simple first Airy peak/crossing, fixed finite m; actual root also requires simple continuous root",False,0.04146093320613459,-0.019191258797370422,-0.3164149252225111,,,,,,
32.0,0.7,3,scaled_1,defined,0.14067226169147243,5.013503734399543,-4.216431873722301,5.924854782820451,"simple first Airy peak/crossing, fixed finite m; actual root also requires simple continuous root",False,0.15667199169998572,0.01599973000851329,0.11373763253771015,0.13337927630685964,-0.007292985384612788,-0.0518438055727577,0.13916526730570775,-0.0015069943857646817,-0.01071280412815056
32.0,0.7,3,actual_root,defined,0.13229596121179835,2.8265312653754417,,,"simple first Airy peak/crossing, fixed finite m; actual root also requires simple continuous root",False,0.08832910204298255,-0.04396685916881579,-0.3323371232658217,,,,,,
32.0,0.7,4,scaled_1,defined,0.21943432045833322,7.917783909050541,-8.326993281573513,15.71031483122,"simple first Airy peak/crossing, fixed finite m; actual root also requires simple continuous root",False,0.2474307471578294,0.027996426699496174,0.12758453937843425,0.20143017359302118,-0.018004146865312043,-0.08204799881671526,0.21677227792038445,-0.002662042537948772,-0.012131386432115792
32.0,0.7,4,actual_root,defined,0.21400476551811703,4.463916844792841,,,"simple first Airy peak/crossing, fixed finite m; actual root also requires simple continuous root",False,0.1394974013997763,-0.07450736411834075,-0.3481574998479796,,,,,,
32.0,0.7,5,scaled_1,defined,0.30315475953879956,11.028192957071242,-13.789182126696312,31.55610701184483,"simple first Airy peak/crossing, fixed finite m; actual root also requires simple continuous root",False,0.3446310299084763,0.04147627036967677,0.1368155012072914,0.26845584093345054,-0.034698918605349016,-0.11445942217149338,0.29927235168720523,-0.0038824078515943272,-0.012806686121309052
32.0,0.7,5,actual_root,defined,-0.0023592378395615107,6.217514505848565,,,"simple first Airy peak/crossing, fixed finite m; actual root also requires simple continuous root",False,0.19429732830776766,0.19665656614732918,-83.3559732086528,,,,,,
32.0,0.7,6,scaled_1,defined,0.39167967036478557,14.318877471612947,-20.610343278013836,54.4619392972137,"simple first Airy peak/crossing, fixed finite m; actual root also requires simple continuous root",False,0.4474649209879046,0.05578525062311901,0.1424256984570176,0.3336077843123877,-0.05807188605239788,-0.1482637227464816,0.38679327190732293,-0.004886398457462637,-0.012475496757112148
32.0,0.7,6,actual_root,defined,-0.02348066253115779,8.072748521337521,,,"simple first Airy peak/crossing, fixed finite m; actual root also requires simple continuous root",False,0.25227339129179754,0.2757540538229553,-11.743878753720939,,,,,,
32.0,0.8,2,scaled_1,defined,0.0698352450596455,2.536074340461172,,,"simple first Airy peak/crossing, fixed finite m; actual root also requires simple continuous root",False,0.07925232313941162,0.00941707807976612,0.13484706857866824,,,,,,
32.0,0.8,2,actual_root,defined,0.05510150633807144,1.0012781738525256,,,"simple first Airy peak/crossing, fixed finite m; actual root also requires simple continuous root",False,0.031289942932891425,-0.023811563405180015,-0.4321399719834487,,,,,,
32.0,0.8,3,scaled_1,defined,0.14524479661045459,5.402897423785917,,,"simple first Airy peak/crossing, fixed finite m; actual root also requires simple continuous root",False,0.1688405444933099,0.023595747882855317,0.1624550306345151,,,,,,
32.0,0.8,3,actual_root,defined,0.0023382655301987937,2.1331406495825096,,,"simple first Airy peak/crossing, fixed finite m; actual root also requires simple continuous root",False,0.06666064529945342,0.06432237976925463,27.508586573478716,,,,,,
32.0,0.8,4,scaled_1,defined,0.2253157992362359,8.532750058762307,,,"simple first Airy peak/crossing, fixed finite m; actual root also requires simple continuous root",False,0.2666484393363221,0.04133264010008619,0.1834431506365443,,,,,,
32.0,0.8,4,actual_root,defined,-0.04858188045158994,3.3688509285669976,,,"simple first Airy peak/crossing, fixed finite m; actual root also requires simple continuous root",False,0.10527659151771868,0.15385847196930863,-3.166992931091314,,,,,,
32.0,0.8,5,scaled_1,defined,0.3097235225226508,11.884741385140401,,,"simple first Airy peak/crossing, fixed finite m; actual root also requires simple continuous root",False,0.37139816828563754,0.06167464576298676,0.19912806512290765,,,,,,
32.0,0.8,5,actual_root,defined,,4.69226471833589,,,"simple first Airy peak/crossing, fixed finite m; actual root also requires simple continuous root",False,0.14663327244799657,,,,,,,,
32.0,0.8,6,scaled_1,defined,0.39835670238857723,15.431009988496488,,,"simple first Airy peak/crossing, fixed finite m; actual root also requires simple continuous root",False,0.48221906214051524,0.08386235975193801,0.21052077007639858,,,,,,
32.0,0.8,6,actual_root,defined,,6.092381936710977,,,"simple first Airy peak/crossing, fixed finite m; actual root also requires simple continuous root",False,0.19038693552221803,,,,,,,,
32.0,0.9,2,scaled_1,defined,0.07340574638282638,2.896903419870246,-6.047287886764773,43.08036743823597,"simple first Airy peak/crossing, fixed finite m; actual root also requires simple continuous root",False,0.09052823187094519,0.017122485488118816,0.23325810759857218,0.05712137036689334,-0.016284376015933036,-0.22184061627827606,0.09919204169329565,0.025786295310469276,0.3512844236470035
32.0,0.9,2,actual_root,root_branch_change,,0.3998837489754696,,,"simple first Airy peak/crossing, fixed finite m; actual root also requires simple continuous root",False,0.012496367155483424,,,,,,,,
32.0,0.9,3,scaled_1,defined,0.15160375383979952,6.171614047136879,-14.812475614270287,94.78890508968811,"simple first Airy peak/crossing, fixed finite m; actual root also requires simple continuous root",False,0.19286293897302748,0.04125918513322796,0.27215147440759785,0.11103479871512989,-0.040568955124669626,-0.26759861874884083,0.20360208884177844,0.051998335001978924,0.34298843983062477
32.0,0.9,3,actual_root,defined,-0.0794590620194,0.85191937897236,,,"simple first Airy peak/crossing, fixed finite m; actual root also requires simple continuous root",False,0.02662248059288625,0.10608154261228625,-1.3350464996224891,,,,,,
32.0,0.9,4,scaled_1,defined,0.23372040217529644,9.746777699596784,-26.230151582425663,154.023589833309,"simple first Airy peak/crossing, fixed finite m; actual root also requires simple continuous root",False,0.3045868031123995,0.07086640093710306,0.30321016170403214,0.1596843183039289,-0.07403608387136754,-0.3167720198249468,0.3100979802505197,0.07637757807522327,0.32679037586944626
32.0,0.9,4,actual_root,defined,-0.13417910104712627,1.3454290468267804,,,"simple first Airy peak/crossing, fixed finite m; actual root also requires simple continuous root",False,0.04204465771333689,0.17622375876046315,-1.3133472901906682,,,,,,
32.0,0.9,5,scaled_1,defined,0.3194866243403012,13.575685623090193,-40.260818323453464,220.08717250685032,"simple first Airy peak/crossing, fixed finite m; actual root also requires simple continuous root",False,0.4242401757215685,0.10475355138126735,0.32788086699269486,0.20182847531036893,-0.11765814902993224,-0.36827253495472995,0.4167573547115899,0.09727073037128875,0.3044594764245305
32.0,0.9,5,actual_root,defined,-0.19162403994076405,1.8739651534937416,,,"simple first Airy peak/crossing, fixed finite m; actual root also requires simple continuous root",False,0.058561411046679425,0.2501854509874435,-1.3056057635815543,,,,,,
32.0,0.9,6,scaled_1,defined,0.4088483495100577,17.626512320454513,-56.87756382631835,292.4811921244049,"simple first Airy peak/crossing, fixed finite m; actual root also requires simple continuous root",False,0.5508285100142035,0.1419801605041458,0.34726851820311205,0.2366213922098256,-0.17222695730023213,-0.4212489973522452,0.5222475563938147,0.11339920688375699,0.2773625160029351
32.0,0.9,6,actual_root,root_branch_change,,2.433134560068062,,,"simple first Airy peak/crossing, fixed finite m; actual root also requires simple continuous root",False,0.07603545500212694,,,,,,,,
32.0,1.0,2,scaled_1,defined,0.0784394719651424,,,,"simple first Airy peak/crossing, fixed finite m; actual root also requires simple continuous root",False,,,,,,,,,
32.0,1.0,2,actual_root,root_branch_change,,,,,"simple first Airy peak/crossing, fixed finite m; actual root also requires simple continuous root",False,,,,,,,,,
32.0,1.0,3,scaled_1,defined,0.16057702742102498,,,,"simple first Airy peak/crossing, fixed finite m; actual root also requires simple continuous root",False,,,,,,,,,
32.0,1.0,3,actual_root,root_branch_change,,,,,"simple first Airy peak/crossing, fixed finite m; actual root also requires simple continuous root",False,,,,,,,,,
32.0,1.0,4,scaled_1,defined,0.24569046400829936,,,,"simple first Airy peak/crossing, fixed finite m; actual root also requires simple continuous root",False,,,,,,,,,
32.0,1.0,4,actual_root,root_branch_change,,,,,"simple first Airy peak/crossing, fixed finite m; actual root also requires simple continuous root",False,,,,,,,,,
32.0,1.0,5,scaled_1,defined,0.3336361137225023,,,,"simple first Airy peak/crossing, fixed finite m; actual root also requires simple continuous root",False,,,,,,,,,
32.0,1.0,5,actual_root,root_branch_change,,,,,"simple first Airy peak/crossing, fixed finite m; actual root also requires simple continuous root",False,,,,,,,,,
32.0,1.0,6,scaled_1,defined,0.4244582161744055,,,,"simple first Airy peak/crossing, fixed finite m; actual root also requires simple continuous root",False,,,,,,,,,
32.0,1.0,6,actual_root,root_branch_change,,,,,"simple first Airy peak/crossing, fixed finite m; actual root also requires simple continuous root",False,,,,,,,,,
40.0,0.2,2,scaled_1,defined,0.04978867210140715,2.0259902345198677,-0.24069208349533888,-0.16694734638273356,"simple first Airy peak/crossing, fixed finite m; actual root also requires simple continuous root",False,0.05064975586299669,0.00086108376158954,0.01729477259075571,0.04969833686472583,-9.033523668132426e-05,-0.0018143732875087295,0.04959399477323662,-0.00019467732817052968,-0.003910072712403744
40.0,0.2,2,actual_root,defined,0.05044095759163267,1.961517116377035,,,"simple first Airy peak/crossing, fixed finite m; actual root also requires simple continuous root",False,0.04903792790942588,-0.0014030296822067911,-0.027815286410017143,,,,,,
40.0,0.2,3,scaled_1,defined,0.10668999258481127,4.316205264200697,-0.7794466861352785,2.275191903719599,"simple first Airy peak/crossing, fixed finite m; actual root also requires simple continuous root",False,0.10790513160501743,0.0012151390202061602,0.01138943766670719,0.10482409805144509,-0.0018658945333661775,-0.017488936761176722,0.10624609299126984,-0.00044389959354142194,-0.0041606488367552565
40.0,0.2,3,actual_root,defined,0.1077723153170872,4.178850598227454,,,"simple first Airy peak/crossing, fixed finite m; actual root also requires simple continuous root",False,0.10447126495568634,-0.0033010503614008535,-0.030629854723715627,,,,,,
40.0,0.2,4,scaled_1,defined,0.16988244927831836,6.816546351518886,-1.6231156168231438,8.404651037840217,"simple first Airy peak/crossing, fixed finite m; actual root also requires simple continuous root",False,0.17041365878797216,0.0005312095096537961,0.003126924010752375,0.16399773096928436,-0.005884718309034004,-0.03463994270175062,0.16925063786793448,-0.0006318114103838757,-0.003719109378678543
40.0,0.2,4,actual_root,defined,0.17079572955308941,6.599623292977231,,,"simple first Airy peak/crossing, fixed finite m; actual root also requires simple continuous root",False,0.16499058232443078,-0.00580514722865863,-0.03398883124214287,,,,,,
40.0,0.2,5,scaled_1,defined,0.238915077296043,9.49434707095773,-2.775836201420863,19.167880603716423,"simple first Airy peak/crossing, fixed finite m; actual root also requires simple continuous root",False,0.23735867677394323,-0.0015564005220997656,-0.006514450823759474,0.22638622076389342,-0.01252885653214958,-0.05244062733062635,0.23836614614121618,-0.0005489311548268205,-0.0022975994693990465
40.0,0.2,5,actual_root,defined,0.23889051372581976,9.192208319267259,,,"simple first Airy peak/crossing, fixed finite m; actual root also requires simple continuous root",False,0.22980520798168147,-0.009085305744138295,-0.03803125374231357,,,,,,
40.0,0.2,6,scaled_1,defined,0.3134314890181858,12.327349812540353,-4.240427450130673,35.42685123651413,"simple first Airy peak/crossing, fixed finite m; actual root also requires simple continuous root",False,0.30818374531350884,-0.005247743704676955,-0.01674287328664821,0.2914219840696176,-0.02200950494856818,-0.07022110323858097,0.31356376609243897,0.00013227707425317314,0.0004220286693833057
40.0,0.2,6,actual_root,defined,0.3117633680706278,11.93505637138253,,,"simple first Airy peak/crossing, fixed finite m; actual root also requires simple continuous root",False,0.2983764092845632,-0.013386958786064607,-0.04293948602400229,,,,,,
40.0,0.3,2,scaled_1,defined,0.05000982357067178,2.0534910658270404,,,"simple first Airy peak/crossing, fixed finite m; actual root also requires simple continuous root",False,0.051337276645676014,0.0013274530750042313,0.02654384639306576,,,,,,
40.0,0.3,2,actual_root,defined,0.051242083890977355,1.9050154481849104,,,"simple first Airy peak/crossing, fixed finite m; actual root also requires simple continuous root",False,0.04762538620462276,-0.0036166976863545933,-0.07058061288158145,,,,,,
40.0,0.3,3,scaled_1,defined,0.10666938660475593,4.374793519383498,,,"simple first Airy peak/crossing, fixed finite m; actual root also requires simple continuous root",False,0.10936983798458746,0.002700451379831534,0.02531608614041784,,,,,,
40.0,0.3,3,actual_root,defined,0.1099181606369631,4.058478449570595,,,"simple first Airy peak/crossing, fixed finite m; actual root also requires simple continuous root",False,0.10146196123926488,-0.00845619939769822,-0.07693177677551659,,,,,,
40.0,0.3,4,scaled_1,defined,0.16915466302729515,6.909074285818169,,,"simple first Airy peak/crossing, fixed finite m; actual root also requires simple continuous root",False,0.17272685714545422,0.0035721941181590666,0.021117916906509694,,,,,,
40.0,0.3,4,actual_root,defined,0.17484423101320584,6.409520579939707,,,"simple first Airy peak/crossing, fixed finite m; actual root also requires simple continuous root",False,0.16023801449849268,-0.014606216514713166,-0.08353845265623874,,,,,,
40.0,0.3,5,scaled_1,defined,0.23704197680152533,9.623223524911634,,,"simple first Airy peak/crossing, fixed finite m; actual root also requires simple continuous root",False,0.24058058812279084,0.0035386113212655113,0.014928205413290077,,,,,,
40.0,0.3,5,actual_root,defined,0.24540730995166532,8.9274259729539,,,"simple first Airy peak/crossing, fixed finite m; actual root also requires simple continuous root",False,0.2231856493238475,-0.02222166062781783,-0.09055011699608516,,,,,,
40.0,0.3,6,scaled_1,defined,0.31003336112540086,12.494681501451241,,,"simple first Airy peak/crossing, fixed finite m; actual root also requires simple continuous root",False,0.31236703753628103,0.00233367641088017,0.007527178373350135,,,,,,
40.0,0.3,6,actual_root,defined,0.3213214996136628,11.591266052491152,,,"simple first Airy peak/crossing, fixed finite m; actual root also requires simple continuous root",False,0.2897816513122788,-0.03153984830138401,-0.09815666968847582,,,,,,
40.0,0.35,2,scaled_1,defined,0.05022251685761883,2.0722126392143805,-0.45047406624876085,-0.09305224572508841,"simple first Airy peak/crossing, fixed finite m; actual root also requires simple continuous root",False,0.05180531598035951,0.0015827991227406815,0.031515726844752276,0.050024660885129926,-0.00019785597248890563,-0.003939586959566933,0.049966503231551745,-0.00025601362606708644,-0.005097586542563901
40.0,0.35,2,actual_root,defined,0.05143614699475439,1.8669269755283526,,,"simple first Airy peak/crossing, fixed finite m; actual root also requires simple continuous root",False,0.04667317438820882,-0.004762972606545575,-0.09259971605243521,,,,,,
40.0,0.35,3,scaled_1,defined,0.10687313361144855,4.414678288930626,-1.440168079959697,2.5876583497841663,"simple first Airy peak/crossing, fixed finite m; actual root also requires simple continuous root",False,0.11036695722326566,0.003493823611817104,0.032691318142868,0.10467419304058548,-0.0021989405708630755,-0.020575241845697305,0.10629147950920058,-0.0005816541022479749,-0.00544247260834192
40.0,0.35,3,actual_root,defined,0.11056044032821495,3.9773340968563,,,"simple first Airy peak/crossing, fixed finite m; actual root also requires simple continuous root",False,0.0994333524214075,-0.011127087906807456,-0.10064257951374883,,,,,,
40.0,0.35,4,scaled_1,defined,0.16912384013100162,6.972063963948779,-2.980978192654167,9.165550028105748,"simple first Airy peak/crossing, fixed finite m; actual root also requires simple continuous root",False,0.17430159909871948,0.005177758967717855,0.030615192770618353,0.16251824816862026,-0.006605591962381363,-0.0390577221831336,0.16824671693618634,-0.0008771231948152824,-0.005186277665738146
40.0,0.35,4,actual_root,defined,0.17621003070246288,6.281369992193406,,,"simple first Airy peak/crossing, fixed finite m; actual root also requires simple continuous root",False,0.15703424980483516,-0.019175780897627726,-0.10882343542636762,,,,,,
40.0,0.35,5,scaled_1,defined,0.2365603198528159,9.71095796332364,-5.080087654194165,20.62671372632697,"simple first Airy peak/crossing, fixed finite m; actual root also requires simple continuous root",False,0.242773949083091,0.006213629230275103,0.026266574352541986,0.22269313945739674,-0.013867180395419149,-0.05862006106538531,0.2355848355363511,-0.0009754843164647975,-0.004123617676336118
40.0,0.35,5,actual_root,defined,0.24778530436602586,8.748932921683224,,,"simple first Airy peak/crossing, fixed finite m; actual root also requires simple continuous root",False,0.2187233230420806,-0.029061981323945274,-0.11728694483436847,,,,,,
40.0,0.35,6,scaled_1,defined,0.3089071860023643,12.608594875886425,-7.742390846933154,37.86921104846054,"simple first Airy peak/crossing, fixed finite m; actual root also requires simple continuous root",False,0.31521487189716063,0.0063076858947963554,0.020419356300594698,0.28461038488272455,-0.02429680111963972,-0.07865404956767098,0.3082786417880124,-0.0006285442143518782,-0.0020347348421576295
40.0,0.35,6,actual_root,defined,0.3250091254662558,11.359512750692025,,,"simple first Airy peak/crossing, fixed finite m; actual root also requires simple continuous root",False,0.2839878187673006,-0.04102130669895521,-0.12621586129345239,,,,,,
40.0,0.4,2,scaled_1,defined,0.05050785842693352,2.094718966071688,,,"simple first Airy peak/crossing, fixed finite m; actual root also requires simple continuous root",False,0.052367974151792195,0.0018601157248586755,0.036828243817733544,,,,,,
40.0,0.4,2,actual_root,defined,0.05147780656371815,1.821528997839929,,,"simple first Airy peak/crossing, fixed finite m; actual root also requires simple continuous root",False,0.045538224945998226,-0.005939581617719923,-0.11538140441877673,,,,,,
40.0,0.4,3,scaled_1,defined,0.10722751307385164,4.462626163902666,,,"simple first Airy peak/crossing, fixed finite m; actual root also requires simple continuous root",False,0.11156565409756665,0.004338141023715006,0.040457349978145665,,,,,,
40.0,0.4,3,actual_root,defined,0.11088120275747049,3.880617445934595,,,"simple first Airy peak/crossing, fixed finite m; actual root also requires simple continuous root",False,0.09701543614836487,-0.013865766609105615,-0.12505065118597322,,,,,,
40.0,0.4,4,scaled_1,defined,0.1693254085951459,7.047787636062937,,,"simple first Airy peak/crossing, fixed finite m; actual root also requires simple continuous root",False,0.17619469090157341,0.006869282306427527,0.04056852638608929,,,,,,
40.0,0.4,4,actual_root,defined,0.17708001352862068,6.128626206016323,,,"simple first Airy peak/crossing, fixed finite m; actual root also requires simple continuous root",False,0.15321565515040808,-0.023864358378212602,-0.13476596202289937,,,,,,
40.0,0.4,5,scaled_1,defined,0.2363942964607964,9.816428796714074,,,"simple first Airy peak/crossing, fixed finite m; actual root also requires simple continuous root",False,0.24541071991785185,0.009016423457055445,0.03814145938394384,,,,,,
40.0,0.4,5,actual_root,defined,0.2494974046270214,8.536185520856963,,,"simple first Airy peak/crossing, fixed finite m; actual root also requires simple continuous root",False,0.21340463802142406,-0.03609276660559735,-0.14466189201267698,,,,,,
40.0,0.4,6,scaled_1,defined,0.3081777419052651,12.745536979277732,,,"simple first Airy peak/crossing, fixed finite m; actual root also requires simple continuous root",False,0.3186384244819433,0.010460682576678204,0.033943666768425654,,,,,,
40.0,0.4,6,actual_root,defined,0.3278712065146179,11.083283999826536,,,"simple first Airy peak/crossing, fixed finite m; actual root also requires simple continuous root",False,0.2770820999956634,-0.05078910651895446,-0.15490566268035516,,,,,,
40.0,0.5,2,scaled_1,defined,0.05131721188123056,2.1532231793465835,,,"simple first Airy peak/crossing, fixed finite m; actual root also requires simple continuous root",False,0.053830579483664584,0.002513367602434022,0.04897708800413793,,,,,,
40.0,0.5,2,actual_root,defined,0.05103527260178238,1.7054250677343123,,,"simple first Airy peak/crossing, fixed finite m; actual root also requires simple continuous root",False,0.04263562669335781,-0.008399645908424569,-0.16458510908651863,,,,,,
40.0,0.5,3,scaled_1,defined,0.10842533225956869,4.587264569859675,,,"simple first Airy peak/crossing, fixed finite m; actual root also requires simple continuous root",False,0.11468161424649188,0.006256281986923198,0.05770129412143049,,,,,,
40.0,0.5,3,actual_root,defined,0.1103914538428143,3.6332675891693613,,,"simple first Airy peak/crossing, fixed finite m; actual root also requires simple continuous root",False,0.09083168972923403,-0.019559764113580277,-0.17718549246965531,,,,,,
40.0,0.5,4,scaled_1,defined,0.17047590550930858,7.244628013056157,,,"simple first Airy peak/crossing, fixed finite m; actual root also requires simple continuous root",False,0.18111570032640392,0.010639794817095344,0.06241230856236381,,,,,,
40.0,0.5,4,actual_root,defined,0.17704530867991436,5.7379886759464895,,,"simple first Airy peak/crossing, fixed finite m; actual root also requires simple continuous root",False,0.14344971689866223,-0.033595591781252127,-0.1897570290438513,,,,,,
40.0,0.5,5,scaled_1,defined,0.23707058897962383,10.090595619673529,,,"simple first Airy peak/crossing, fixed finite m; actual root also requires simple continuous root",False,0.2522648904918382,0.015194301512214375,0.06409188747373604,,,,,,
40.0,0.5,5,actual_root,defined,0.2505071330647762,7.992090593871207,,,"simple first Airy peak/crossing, fixed finite m; actual root also requires simple continuous root",False,0.19980226484678015,-0.050704868217996024,-0.2024088799295178,,,,,,
40.0,0.5,6,scaled_1,defined,0.30798208504327645,13.10151199349986,,,"simple first Airy peak/crossing, fixed finite m; actual root also requires simple continuous root",False,0.32753779983749653,0.01955571479422008,0.063496273789666,,,,,,
40.0,0.5,6,actual_root,defined,0.3305801121415759,10.37683747474649,,,"simple first Airy peak/crossing, fixed finite m; actual root also requires simple continuous root",False,0.25942093686866224,-0.07115917527291366,-0.21525546353024005,,,,,,
40.0,0.6,2,scaled_1,defined,0.05249461919189931,2.2353208769315196,,,"simple first Airy peak/crossing, fixed finite m; actual root also requires simple continuous root",False,0.05588302192328799,0.0033884027313886844,0.06454761999514733,,,,,,
40.0,0.6,2,actual_root,defined,0.04971118323450104,1.5468133976383007,,,"simple first Airy peak/crossing, fixed finite m; actual root also requires simple continuous root",False,0.03867033494095752,-0.011040848293543522,-0.22209988930379843,,,,,,
40.0,0.6,3,scaled_1,defined,0.11036591019582229,4.762166950165982,,,"simple first Airy peak/crossing, fixed finite m; actual root also requires simple continuous root",False,0.11905417375414955,0.008688263558327261,0.07872234771508405,,,,,,
40.0,0.6,3,actual_root,defined,0.10793125361174889,3.295358494758395,,,"simple first Airy peak/crossing, fixed finite m; actual root also requires simple continuous root",False,0.08238396236895987,-0.025547291242789025,-0.23669966194118278,,,,,,
40.0,0.6,4,scaled_1,defined,0.1727469199948392,7.520849858258348,,,"simple first Airy peak/crossing, fixed finite m; actual root also requires simple continuous root",False,0.1880212464564587,0.015274326461619497,0.08842025352507481,,,,,,
40.0,0.6,4,actual_root,defined,0.17379244046232464,5.20433171024176,,,"simple first Airy peak/crossing, fixed finite m; actual root also requires simple continuous root",False,0.13010829275604402,-0.043684147706280624,-0.2513581579847291,,,,,,
40.0,0.6,5,scaled_1,defined,0.23924400111155647,10.475327994646024,,,"simple first Airy peak/crossing, fixed finite m; actual root also requires simple continuous root",False,0.2618831998661506,0.022639198754594136,0.09462807280186625,,,,,,
40.0,0.6,5,actual_root,defined,0.2469677948695415,7.248792714277694,,,"simple first Airy peak/crossing, fixed finite m; actual root also requires simple continuous root",False,0.18121981785694236,-0.06574797701259916,-0.2662208529955492,,,,,,
40.0,0.6,6,scaled_1,defined,0.3096508765323502,13.601044034518559,,,"simple first Airy peak/crossing, fixed finite m; actual root also requires simple continuous root",False,0.340026100862964,0.030375224330613793,0.09809506974684891,,,,,,
40.0,0.6,6,actual_root,defined,0.32742777084298974,9.411748152838602,,,"simple first Airy peak/crossing, fixed finite m; actual root also requires simple continuous root",False,0.23529370382096504,-0.0921340670220247,-0.2813874546585281,,,,,,
40.0,0.7,2,scaled_1,defined,0.054130883576478904,2.3532962370600696,-1.446718192021048,1.103438128181133,"simple first Airy peak/crossing, fixed finite m; actual root also requires simple continuous root",False,0.05883240592650174,0.004701522350022837,0.08685471286239552,0.053113750152517555,-0.0010171334239613486,-0.01879026087804922,0.053803398982630764,-0.0003274845938481402,-0.006049866032307658
40.0,0.7,2,actual_root,defined,0.047119253273647785,1.3267498625963068,,,"simple first Airy peak/crossing, fixed finite m; actual root also requires simple continuous root",False,0.03316874656490767,-0.013950506708740117,-0.2960680770495607,,,,,,
40.0,0.7,3,scaled_1,defined,0.1132146255593488,5.013503734399543,-4.216431873722301,5.924854782820451,"simple first Airy peak/crossing, fixed finite m; actual root also requires simple continuous root",False,0.12533759335998856,0.012122967800639761,0.10707952034240241,0.10867068296012114,-0.004543942599227663,-0.040135650113912714,0.11237371719938392,-0.0008409083599648787,-0.007427559432452143
40.0,0.7,3,actual_root,defined,0.10239835963157395,2.8265312653754417,,,"simple first Airy peak/crossing, fixed finite m; actual root also requires simple continuous root",False,0.07066328163438604,-0.031735077997187916,-0.30991783570918247,,,,,,
40.0,0.7,4,scaled_1,defined,0.17636491877876131,7.917783909050541,-8.326993281573513,15.71031483122,"simple first Airy peak/crossing, fixed finite m; actual root also requires simple continuous root",False,0.19794459772626352,0.021579678947502207,0.1223581146235355,0.16502926668789838,-0.01133565209086293,-0.06427384861658793,0.1748482134574109,-0.0015167053213504256,-0.008599813000526691
40.0,0.7,4,actual_root,defined,0.1649275570994157,4.463916844792841,,,"simple first Airy peak/crossing, fixed finite m; actual root also requires simple continuous root",False,0.11159792111982103,-0.05332963597959467,-0.32335188198688,,,,,,
40.0,0.7,5,scaled_1,defined,0.2431924569288964,11.028192957071242,-13.789182126696312,31.55610701184483,"simple first Airy peak/crossing, fixed finite m; actual root also requires simple continuous root",False,0.2757048239267811,0.03251236699788468,0.13368986607750957,0.22119829568772503,-0.021994161241171373,-0.09043932331997424,0.24092086257012804,-0.002271594358768364,-0.009340727041680093
40.0,0.7,5,actual_root,defined,0.2339740237114929,6.217514505848565,,,"simple first Airy peak/crossing, fixed finite m; actual root also requires simple continuous root",False,0.15543786264621412,-0.07853616106527878,-0.3356618816887109,,,,,,
40.0,0.7,6,scaled_1,defined,0.31350869481030047,14.318877471612947,-20.610343278013836,54.4619392972137,"simple first Airy peak/crossing, fixed finite m; actual root also requires simple continuous root",False,0.3579719367903237,0.044463241980023216,0.14182458960804029,0.2765024016447428,-0.03700629316555765,-0.11803912866898193,0.3105411137055014,-0.0029675811047990552,-0.009465705908394965
40.0,0.7,6,actual_root,defined,-0.021962096089396643,8.072748521337521,,,"simple first Airy peak/crossing, fixed finite m; actual root also requires simple continuous root",False,0.20181871303343804,0.22378080912283468,-10.189410346441232,,,,,,
40.0,0.8,2,scaled_1,defined,0.05637585015379715,2.536074340461172,,,"simple first Airy peak/crossing, fixed finite m; actual root also requires simple continuous root",False,0.0634018585115293,0.00702600835773215,0.12462798057261615,,,,,,
40.0,0.8,2,actual_root,defined,0.04240093202665755,1.0012781738525256,,,"simple first Airy peak/crossing, fixed finite m; actual root also requires simple continuous root",False,0.02503195434631314,-0.017368977680344413,-0.4096366954722717,,,,,,
40.0,0.8,3,scaled_1,defined,0.11724128713677326,5.402897423785917,,,"simple first Airy peak/crossing, fixed finite m; actual root also requires simple continuous root",False,0.13507243559464793,0.017831148457874674,0.15208932700536562,,,,,,
40.0,0.8,3,actual_root,defined,0.09049167458765178,2.1331406495825096,,,"simple first Airy peak/crossing, fixed finite m; actual root also requires simple continuous root",False,0.05332851623956274,-0.037163158348089045,-0.4106804136118862,,,,,,
40.0,0.8,4,scaled_1,defined,0.1816955803434058,8.532750058762307,,,"simple first Airy peak/crossing, fixed finite m; actual root also requires simple continuous root",False,0.21331875146905768,0.03162317112565188,0.17404480101213188,,,,,,
40.0,0.8,4,actual_root,defined,-0.028591272133412712,3.3688509285669976,,,"simple first Airy peak/crossing, fixed finite m; actual root also requires simple continuous root",False,0.08422127321417494,0.11281254534758765,-3.9456987020787775,,,,,,
40.0,0.8,5,scaled_1,defined,0.24935997802107035,11.884741385140401,,,"simple first Airy peak/crossing, fixed finite m; actual root also requires simple continuous root",False,0.29711853462851,0.04775855660743966,0.1915245461058076,,,,,,
40.0,0.8,5,actual_root,defined,-0.07562198889373765,4.69226471833589,,,"simple first Airy peak/crossing, fixed finite m; actual root also requires simple continuous root",False,0.11730661795839725,0.19292860685213492,-2.5512236543161264,,,,,,
40.0,0.8,6,scaled_1,defined,0.320066701954146,15.431009988496488,,,"simple first Airy peak/crossing, fixed finite m; actual root also requires simple continuous root",False,0.38577524971241217,0.06570854775826618,0.20529641901855772,,,,,,
40.0,0.8,6,actual_root,defined,,6.092381936710977,,,"simple first Airy peak/crossing, fixed finite m; actual root also requires simple continuous root",False,0.15230954841777442,,,,,,,,
40.0,0.9,2,scaled_1,defined,0.05949699445537915,2.896903419870246,-6.047287886764773,43.08036743823597,"simple first Airy peak/crossing, fixed finite m; actual root also requires simple continuous root",False,0.07242258549675615,0.012925591041377,0.21724779813996792,0.04851858126060229,-0.01097841319477686,-0.18452046687854662,0.07544381090949977,0.01594681645412062,0.2680272608741644
40.0,0.9,2,actual_root,defined,0.03263230505371692,0.3998837489754696,,,"simple first Airy peak/crossing, fixed finite m; actual root also requires simple continuous root",False,0.00999709372438674,-0.02263521132933018,-0.6936442673010609,,,,,,
40.0,0.9,3,scaled_1,defined,0.12291549783407262,6.171614047136879,-14.812475614270287,94.78890508968811,"simple first Airy peak/crossing, fixed finite m; actual root also requires simple continuous root",False,0.154290351178422,0.03137485334434938,0.25525547141909843,0.09573890026992721,-0.027176597564145408,-0.22109984536556918,0.1549819659509823,0.03206646811690968,0.26088222137941613
40.0,0.9,3,actual_root,defined,-0.07034019887168841,0.85191937897236,,,"simple first Airy peak/crossing, fixed finite m; actual root also requires simple continuous root",False,0.021297984474309,0.09163818334599741,-1.3027853889517695,,,,,,
40.0,0.9,4,scaled_1,defined,0.18936234634189275,9.746777699596784,-26.230151582425663,154.023589833309,"simple first Airy peak/crossing, fixed finite m; actual root also requires simple continuous root",False,0.2436694424899196,0.05430709614802684,0.28678930736301533,0.1399856645250009,-0.04937668181689184,-0.2607523764399417,0.23625040817081905,0.0468880618289263,0.24761027065153776
40.0,0.9,4,actual_root,defined,-0.11776608768985539,1.3454290468267804,,,"simple first Airy peak/crossing, fixed finite m; actual root also requires simple continuous root",False,0.03363572617066951,0.1514018138605249,-1.2856147030990057,,,,,,
40.0,0.9,5,scaled_1,defined,0.2584896801129034,13.575685623090193,-40.260818323453464,220.08717250685032,"simple first Airy peak/crossing, fixed finite m; actual root also requires simple continuous root",False,0.3393921405772548,0.0809024604643514,0.3129813941856972,0.18024728262181153,-0.07824239749109188,-0.30269060434798434,0.31780176543859295,0.059312085325689545,0.22945629898951148
40.0,0.9,5,actual_root,defined,-0.17090778927201247,1.8739651534937416,,,"simple first Airy peak/crossing, fixed finite m; actual root also requires simple continuous root",False,0.04684912883734354,0.21775691810935602,-1.2741193308795287,,,,,,
40.0,0.9,6,scaled_1,defined,0.3301647108499187,17.626512320454513,-56.87756382631835,292.4811921244049,"simple first Airy peak/crossing, fixed finite m; actual root also requires simple continuous root",False,0.4406628080113628,0.1104980971614441,0.334675674080967,0.21583449619540326,-0.11433021465451546,-0.3462823581605787,0.3986352412731563,0.06847053042323759,0.2073829460664616
40.0,0.9,6,actual_root,defined,-0.22960838232131078,2.433134560068062,,,"simple first Airy peak/crossing, fixed finite m; actual root also requires simple continuous root",False,0.06082836400170155,0.2904367463230123,-1.2649222270839362,,,,,,
40.0,1.0,2,scaled_1,defined,0.06405050240330035,,,,"simple first Airy peak/crossing, fixed finite m; actual root also requires simple continuous root",False,,,,,,,,,
40.0,1.0,2,actual_root,no_peak_in_valid_interval,,,,,"simple first Airy peak/crossing, fixed finite m; actual root also requires simple continuous root",False,,,,,,,,,
40.0,1.0,3,scaled_1,defined,0.13116968070370122,,,,"simple first Airy peak/crossing, fixed finite m; actual root also requires simple continuous root",False,,,,,,,,,
40.0,1.0,3,actual_root,root_branch_change,,,,,"simple first Airy peak/crossing, fixed finite m; actual root also requires simple continuous root",False,,,,,,,,,
40.0,1.0,4,scaled_1,defined,0.20056031151737352,,,,"simple first Airy peak/crossing, fixed finite m; actual root also requires simple continuous root",False,,,,,,,,,
40.0,1.0,4,actual_root,root_branch_change,,,,,"simple first Airy peak/crossing, fixed finite m; actual root also requires simple continuous root",False,,,,,,,,,
40.0,1.0,5,scaled_1,defined,0.2719664895734861,,,,"simple first Airy peak/crossing, fixed finite m; actual root also requires simple continuous root",False,,,,,,,,,
40.0,1.0,5,actual_root,root_branch_change,,,,,"simple first Airy peak/crossing, fixed finite m; actual root also requires simple continuous root",False,,,,,,,,,
40.0,1.0,6,scaled_1,defined,0.34533030811382465,,,,"simple first Airy peak/crossing, fixed finite m; actual root also requires simple continuous root",False,,,,,,,,,
40.0,1.0,6,actual_root,root_branch_change,,,,,"simple first Airy peak/crossing, fixed finite m; actual root also requires simple continuous root",False,,,,,,,,,
56.0,0.2,2,scaled_1,defined,0.0356272427036161,2.0259902345198677,-0.24069208349533888,-0.16694734638273356,"simple first Airy peak/crossing, fixed finite m; actual root also requires simple continuous root",False,0.03617839704499764,0.0005511543413815392,0.015470025170530474,0.035604042891841804,-2.3199811774295143e-05,-0.0006511817927448088,0.03555080713087792,-7.643557273817603e-05,-0.002145424875397892
56.0,0.2,2,actual_root,defined,0.03610122559079132,1.961517116377035,,,"simple first Airy peak/crossing, fixed finite m; actual root also requires simple continuous root",False,0.03502709136387563,-0.001074134226915692,-0.029753400593404828,,,,,,
56.0,0.2,3,scaled_1,defined,0.0761134779066191,4.316205264200697,-0.7794466861352785,2.275191903719599,"simple first Airy peak/crossing, fixed finite m; actual root also requires simple continuous root",False,0.07707509400358388,0.0009616160969647819,0.012633979203322626,0.07521513070589604,-0.000898347200723057,-0.011802734882581597,0.07594063832825561,-0.00017283957836349007,-0.002270814356631302
56.0,0.2,3,actual_root,defined,0.07710228993275003,4.178850598227454,,,"simple first Airy peak/crossing, fixed finite m; actual root also requires simple continuous root",False,0.07462233211120453,-0.002479957821545503,-0.03216451578427263,,,,,,
56.0,0.2,4,scaled_1,defined,0.12077803518154301,6.816546351518886,-1.6231156168231438,8.404651037840217,"simple first Airy peak/crossing, fixed finite m; actual root also requires simple continuous root",False,0.12172404199140867,0.0009460068098656599,0.007832606387773281,0.11785086435284077,-0.0029271708287022385,-0.02423595336935537,0.1205309188929684,-0.0002471162885746142,-0.00204603666720667
56.0,0.2,4,actual_root,defined,0.12208966105620789,6.599623292977231,,,"simple first Airy peak/crossing, fixed finite m; actual root also requires simple continuous root",False,0.11785041594602198,-0.004239245110185905,-0.0347223923263595,,,,,,
56.0,0.2,5,scaled_1,defined,0.1692571235081845,9.49434707095773,-2.775836201420863,19.167880603716423,"simple first Airy peak/crossing, fixed finite m; actual root also requires simple continuous root",False,0.16954191198138804,0.00028478847320353995,0.001682578950302017,0.16291804206587726,-0.006339081442307243,-0.03745237607089969,0.16903024889104193,-0.00022687461714257506,-0.001340413995229007
56.0,0.2,5,actual_root,defined,0.17053923343050825,9.192208319267259,,,"simple first Airy peak/crossing, fixed finite m; actual root also requires simple continuous root",False,0.1641465771297725,-0.006392656300735766,-0.037484959748811476,,,,,,
56.0,0.2,6,scaled_1,defined,0.22131209626617138,12.327349812540353,-4.240427450130673,35.42685123651413,"simple first Airy peak/crossing, fixed finite m; actual root also requires simple continuous root",False,0.2201312466525063,-0.0011808496136650748,-0.005335675878488226,0.21001247962963612,-0.011299616636535253,-0.05105738379046954,0.22130930719230008,-2.7890738713010066e-06,-1.260244658270552e-05
56.0,0.2,6,actual_root,defined,0.2221273637174186,11.93505637138253,,,"simple first Airy peak/crossing, fixed finite m; actual root also requires simple continuous root",False,0.21312600663183087,-0.009001357085587719,-0.04052340483831105,,,,,,
56.0,0.3,2,scaled_1,defined,0.03582734554842041,2.0534910658270404,,,"simple first Airy peak/crossing, fixed finite m; actual root also requires simple continuous root",False,0.03666948331834001,0.0008421377699196,0.02350544694363295,,,,,,
56.0,0.3,2,actual_root,defined,0.03642796515312952,1.9050154481849104,,,"simple first Airy peak/crossing, fixed finite m; actual root also requires simple continuous root",False,0.03401813300330197,-0.0024098321498275538,-0.06615335607403604,,,,,,
56.0,0.3,3,scaled_1,defined,0.07623641905804224,4.374793519383498,,,"simple first Airy peak/crossing, fixed finite m; actual root also requires simple continuous root",False,0.0781213128461339,0.00188489378809166,0.024724322199034626,,,,,,
56.0,0.3,3,actual_root,defined,0.07806027507694617,4.058478449570595,,,"simple first Airy peak/crossing, fixed finite m; actual root also requires simple continuous root",False,0.07247282945661777,-0.005587445620328396,-0.07157860531263432,,,,,,
56.0,0.3,4,scaled_1,defined,0.12053758013390461,6.909074285818169,,,"simple first Airy peak/crossing, fixed finite m; actual root also requires simple continuous root",False,0.1233763265324673,0.002838746398562686,0.023550716676153084,,,,,,
56.0,0.3,4,actual_root,defined,0.12399669217268405,6.409520579939707,,,"simple first Airy peak/crossing, fixed finite m; actual root also requires simple continuous root",False,0.11445572464178047,-0.009540967530903582,-0.07694533913546943,,,,,,
56.0,0.3,5,scaled_1,defined,0.16837091877345098,9.623223524911634,,,"simple first Airy peak/crossing, fixed finite m; actual root also requires simple continuous root",False,0.1718432772305649,0.003472358457113911,0.020623267262597125,,,,,,
56.0,0.3,5,actual_root,defined,0.17372063832341456,8.9274259729539,,,"simple first Airy peak/crossing, fixed finite m; actual root also requires simple continuous root",False,0.15941832094560535,-0.01430231737780921,-0.0823294083871755,,,,,,
56.0,0.3,6,scaled_1,defined,0.21951289596032444,12.494681501451241,,,"simple first Airy peak/crossing, fixed finite m; actual root also requires simple continuous root",False,0.22311931252591502,0.0036064165655905756,0.01642917856745151,,,,,,
56.0,0.3,6,actual_root,defined,0.2269115151484345,11.591266052491152,,,"simple first Airy peak/crossing, fixed finite m; actual root also requires simple continuous root",False,0.20698689379448484,-0.01992462135394965,-0.08780788996501976,,,,,,
56.0,0.35,2,scaled_1,defined,0.036002079992490235,2.0722126392143805,-0.45047406624876085,-0.09305224572508841,"simple first Airy peak/crossing, fixed finite m; actual root also requires simple continuous root",False,0.037003797128828224,0.0010017171363379887,0.027823868413906626,0.03592884839315873,-7.323159933150802e-05,-0.002034093567560085,0.03589917612092496,-0.00010290387156527275,-0.002858275732589276
56.0,0.35,2,actual_root,defined,0.03643732603316687,1.8669269755283526,,,"simple first Airy peak/crossing, fixed finite m; actual root also requires simple continuous root",False,0.03333798170586344,-0.0030993443273034313,-0.08505959862373738,,,,,,
56.0,0.35,3,scaled_1,defined,0.07645422195443308,4.414678288930626,-1.440168079959697,2.5876583497841663,"simple first Airy peak/crossing, fixed finite m; actual root also requires simple continuous root",False,0.07883354087376118,0.002379318919328105,0.031120830982312338,0.07539692382364814,-0.0010572981307849366,-0.013829166052008079,0.07622206998110483,-0.00023215197332825122,-0.003036483367349084
56.0,0.35,3,actual_root,defined,0.0782139623025902,3.9773340968563,,,"simple first Airy peak/crossing, fixed finite m; actual root also requires simple continuous root",False,0.07102382315814822,-0.007190139144441984,-0.09192909977665036,,,,,,
56.0,0.35,4,scaled_1,defined,0.12066073491992724,6.972063963948779,-2.980978192654167,9.165550028105748,"simple first Airy peak/crossing, fixed finite m; actual root also requires simple continuous root",False,0.12450114221337105,0.003840407293443815,0.031828144391730935,0.11738774994656206,-0.003272984973365173,-0.02712551830168437,0.12031043809327946,-0.00035029682664777795,-0.002903155089186566
56.0,0.35,4,actual_root,defined,0.12444494824230795,6.281369992193406,,,"simple first Airy peak/crossing, fixed finite m; actual root also requires simple continuous root",False,0.11216732128916797,-0.012277626953139983,-0.09865910289290408,,,,,,
56.0,0.35,5,scaled_1,defined,0.16826205170696318,9.71095796332364,-5.080087654194165,20.62671372632697,"simple first Airy peak/crossing, fixed finite m; actual root also requires simple continuous root",False,0.1734099636307793,0.005147911923816112,0.030594610440038254,0.16128754813538726,-0.0069745035715759185,-0.04145024680741661,0.16786494409403743,-0.0003971076129257456,-0.0023600545036579516
56.0,0.35,5,actual_root,defined,0.1746243106225141,8.748932921683224,,,"simple first Airy peak/crossing, fixed finite m; actual root also requires simple continuous root",False,0.15623094503005758,-0.018393365592456523,-0.10533107061030876,,,,,,
56.0,0.35,6,scaled_1,defined,0.21903994723271103,12.608594875886425,-7.742390846933154,37.86921104846054,"simple first Airy peak/crossing, fixed finite m; actual root also requires simple continuous root",False,0.2251534799265433,0.006113532693832274,0.027910583302584408,0.20667811391651883,-0.0123618333161922,-0.056436433045059214,0.21875375519472692,-0.00028619203798410653,-0.001306574629878139
56.0,0.35,6,actual_root,defined,0.22843817354288237,11.359512750692025,,,"simple first Airy peak/crossing, fixed finite m; actual root also requires simple continuous root",False,0.20284844197664328,-0.025589731566239088,-0.11202038244906291,,,,,,
56.0,0.4,2,scaled_1,defined,0.03623049235125675,2.094718966071688,,,"simple first Airy peak/crossing, fixed finite m; actual root also requires simple continuous root",False,0.03740569582270871,0.0011752034714519605,0.03243686174778675,,,,,,
56.0,0.4,2,actual_root,defined,0.03633304934439723,1.821528997839929,,,"simple first Airy peak/crossing, fixed finite m; actual root also requires simple continuous root",False,0.03252730353285587,-0.003805745811541361,-0.1047461162829216,,,,,,
56.0,0.4,3,scaled_1,defined,0.07678329539618522,4.462626163902666,,,"simple first Airy peak/crossing, fixed finite m; actual root also requires simple continuous root",False,0.07968975292683332,0.002906457530648096,0.037852732363874236,,,,,,
56.0,0.4,3,actual_root,defined,0.07812487599104581,3.880617445934595,,,"simple first Airy peak/crossing, fixed finite m; actual root also requires simple continuous root",False,0.0692967401059749,-0.008828135885070906,-0.11300031869596482,,,,,,
56.0,0.4,4,scaled_1,defined,0.12095567496833592,7.047787636062937,,,"simple first Airy peak/crossing, fixed finite m; actual root also requires simple continuous root",False,0.125853350643981,0.004897675675645086,0.04049149142383945,,,,,,
56.0,0.4,4,actual_root,defined,0.12451236772820791,6.128626206016323,,,"simple first Airy peak/crossing, fixed finite m; actual root also requires simple continuous root",False,0.10943975367886291,-0.015072614049344998,-0.12105314776638323,,,,,,
56.0,0.4,5,scaled_1,defined,0.16838746224233644,9.816428796714074,,,"simple first Airy peak/crossing, fixed finite m; actual root also requires simple continuous root",False,0.17529337136989417,0.00690590912755773,0.04101201500156243,,,,,,
56.0,0.4,5,actual_root,defined,0.1750059390801489,8.536185520856963,,,"simple first Airy peak/crossing, fixed finite m; actual root also requires simple continuous root",False,0.1524318843010172,-0.022574054779131686,-0.12899022111925734,,,,,,
56.0,0.4,6,scaled_1,defined,0.21886457516935043,12.745536979277732,,,"simple first Airy peak/crossing, fixed finite m; actual root also requires simple continuous root",False,0.2275988746299595,0.00873429946060908,0.03990732375877073,,,,,,
56.0,0.4,6,actual_root,defined,0.22930353471089313,11.083283999826536,,,"simple first Airy peak/crossing, fixed finite m; actual root also requires simple continuous root",False,0.19791578571118815,-0.03138774899970498,-0.13688297059737342,,,,,,
56.0,0.5,2,scaled_1,defined,0.03686576098896085,2.1532231793465835,,,"simple first Airy peak/crossing, fixed finite m; actual root also requires simple continuous root",False,0.03845041391690328,0.0015846529279424301,0.04298440844383876,,,,,,
56.0,0.5,2,actual_root,defined,0.0357335391093042,1.7054250677343123,,,"simple first Airy peak/crossing, fixed finite m; actual root also requires simple continuous root",False,0.03045401906668415,-0.005279520042620049,-0.14774691156313097,,,,,,
56.0,0.5,3,scaled_1,defined,0.07780761248695799,4.587264569859675,,,"simple first Airy peak/crossing, fixed finite m; actual root also requires simple continuous root",False,0.0819154387474942,0.004107826260536213,0.05279465760788845,,,,,,
56.0,0.5,3,actual_root,defined,0.07709742171095237,3.6332675891693613,,,"simple first Airy peak/crossing, fixed finite m; actual root also requires simple continuous root",False,0.0648797783780243,-0.01221764333292806,-0.15847019344866675,,,,,,
56.0,0.5,4,scaled_1,defined,0.1221057749608265,7.244628013056157,,,"simple first Airy peak/crossing, fixed finite m; actual root also requires simple continuous root",False,0.1293683573760028,0.0072625824151763,0.059477796340969565,,,,,,
56.0,0.5,4,actual_root,defined,0.12329266136115621,5.7379886759464895,,,"simple first Airy peak/crossing, fixed finite m; actual root also requires simple continuous root",False,0.10246408349904446,-0.020828577862111758,-0.16893607155659854,,,,,,
56.0,0.5,5,scaled_1,defined,0.16939666996439906,10.090595619673529,,,"simple first Airy peak/crossing, fixed finite m; actual root also requires simple continuous root",False,0.18018920749417017,0.010792537529771107,0.06371162746020509,,,,,,
56.0,0.5,5,actual_root,defined,0.1738837852263415,7.992090593871207,,,"simple first Airy peak/crossing, fixed finite m; actual root also requires simple continuous root",False,0.14271590346198584,-0.031167881764355643,-0.17924547549839082,,,,,,
56.0,0.5,6,scaled_1,defined,0.21947154516291864,13.10151199349986,,,"simple first Airy peak/crossing, fixed finite m; actual root also requires simple continuous root",False,0.2339555713124975,0.01448402614957886,0.0659950069555807,,,,,,
56.0,0.5,6,actual_root,defined,0.22861461473987338,10.37683747474649,,,"simple first Airy peak/crossing, fixed finite m; actual root also requires simple continuous root",False,0.1853006691919016,-0.04331394554797177,-0.18946271478424975,,,,,,
56.0,0.6,2,scaled_1,defined,0.03778134496827282,2.2353208769315196,,,"simple first Airy peak/crossing, fixed finite m; actual root also requires simple continuous root",False,0.039916444230919994,0.0021350992626471763,0.05651199724202891,,,,,,
56.0,0.6,2,actual_root,defined,0.034484358022902305,1.5468133976383007,,,"simple first Airy peak/crossing, fixed finite m; actual root also requires simple continuous root",False,0.027621667814969657,-0.006862690207932648,-0.199008785472384,,,,,,
56.0,0.6,3,scaled_1,defined,0.07939964199475501,4.762166950165982,,,"simple first Airy peak/crossing, fixed finite m; actual root also requires simple continuous root",False,0.08503869553867825,0.005639053543923245,0.07102114571619542,,,,,,
56.0,0.6,3,actual_root,defined,0.0746153644761304,3.295358494758395,,,"simple first Airy peak/crossing, fixed finite m; actual root also requires simple continuous root",False,0.05884568740639991,-0.015769677069730495,-0.21134624457641354,,,,,,
56.0,0.6,4,scaled_1,defined,0.1241142578008958,7.520849858258348,,,"simple first Airy peak/crossing, fixed finite m; actual root also requires simple continuous root",False,0.13430089032604192,0.010186632525146122,0.08207463594946139,,,,,,
56.0,0.6,4,actual_root,defined,0.1196743451050462,5.20433171024176,,,"simple first Airy peak/crossing, fixed finite m; actual root also requires simple continuous root",False,0.09293449482574571,-0.02673985027930048,-0.22343845087122993,,,,,,
56.0,0.6,5,scaled_1,defined,0.17155605286161468,10.475327994646024,,,"simple first Airy peak/crossing, fixed finite m; actual root also requires simple continuous root",False,0.18705942847582185,0.015503375614207171,0.09036915547778973,,,,,,
56.0,0.6,5,actual_root,defined,0.16930279394183262,7.248792714277694,,,"simple first Airy peak/crossing, fixed finite m; actual root also requires simple continuous root",False,0.1294427270406731,-0.03986006690115951,-0.23543655702961544,,,,,,
56.0,0.6,6,scaled_1,defined,0.22151902414574665,13.601044034518559,,,"simple first Airy peak/crossing, fixed finite m; actual root also requires simple continuous root",False,0.24287578633068854,0.021356762184941896,0.09641051041688585,,,,,,
56.0,0.6,6,actual_root,defined,0.2233260211249916,9.411748152838602,,,"simple first Airy peak/crossing, fixed finite m; actual root also requires simple continuous root",False,0.1680669313006893,-0.055259089824302304,-0.24743686179486793,,,,,,
56.0,0.7,2,scaled_1,defined,0.039056226828232135,2.3532962370600696,-1.446718192021048,1.103438128181133,"simple first Airy peak/crossing, fixed finite m; actual root also requires simple continuous root",False,0.042023147090358384,0.002966920262126249,0.07596535823019096,0.03857089976270801,-0.00048532706552412846,-0.012426368467660208,0.03892276141072495,-0.00013346541750718782,-0.003417263477451723
56.0,0.7,2,actual_root,defined,0.03231854197247737,1.3267498625963068,,,"simple first Airy peak/crossing, fixed finite m; actual root also requires simple continuous root",False,0.02369196183207691,-0.00862658014040046,-0.2669235557639605,,,,,,
56.0,0.7,3,scaled_1,defined,0.08170764043467944,5.013503734399543,-4.216431873722301,5.924854782820451,"simple first Airy peak/crossing, fixed finite m; actual root also requires simple continuous root",False,0.08952685239999184,0.007819211965312392,0.09569743935468804,0.07946534508740119,-0.002242295347278253,-0.027442909076181674,0.08135464827069853,-0.0003529921639809086,-0.004320185506557438
56.0,0.7,3,actual_root,defined,0.0699616321037681,2.8265312653754417,,,"simple first Airy peak/crossing, fixed finite m; actual root also requires simple continuous root",False,0.05047377259599003,-0.019487859507778073,-0.27855067015694257,,,,,,
56.0,0.7,4,scaled_1,defined,0.127189125694752,7.917783909050541,-8.326993281573513,15.71031483122,"simple first Airy peak/crossing, fixed finite m; actual root also requires simple continuous root",False,0.14138899837590252,0.014199872681150527,0.11164376359681537,0.12151861832385116,-0.005670507370900829,-0.04458327187899525,0.12652828504299019,-0.0006608406517618071,-0.005195732325008618
56.0,0.7,4,actual_root,defined,0.11219897663489736,4.463916844792841,,,"simple first Airy peak/crossing, fixed finite m; actual root also requires simple continuous root",False,0.07971280079987217,-0.032486175835025194,-0.28954074991911277,,,,,,
56.0,0.7,5,scaled_1,defined,0.17512521376106577,11.028192957071242,-13.789182126696312,31.55610701184483,"simple first Airy peak/crossing, fixed finite m; actual root also requires simple continuous root",False,0.1969320170905579,0.02180680332949214,0.12452120891766345,0.16402742833933057,-0.011097785421735201,-0.06337057459285446,0.17408996246300557,-0.0010352512980602024,-0.005911491988084938
56.0,0.7,5,actual_root,defined,0.15857086246910457,6.217514505848565,,,"simple first Airy peak/crossing, fixed finite m; actual root also requires simple continuous root",False,0.11102704474729581,-0.047543817721808754,-0.2998269479115183,,,,,,
56.0,0.7,6,scaled_1,defined,0.2253119914527028,14.318877471612947,-20.610343278013836,54.4619392972137,"simple first Airy peak/crossing, fixed finite m; actual root also requires simple continuous root",False,0.2556942405645169,0.030382249111814086,0.1348452380005344,0.20651258037948683,-0.018799411073215977,-0.0834372416310666,0.22387927020640447,-0.0014327212462983407,-0.006358832643841309
56.0,0.7,6,actual_root,defined,0.20847450340656087,8.072748521337521,,,"simple first Airy peak/crossing, fixed finite m; actual root also requires simple continuous root",False,0.14415622359531288,-0.06431827981124799,-0.3085186857877597,,,,,,
56.0,0.8,2,scaled_1,defined,0.04082654223321744,2.536074340461172,,,"simple first Airy peak/crossing, fixed finite m; actual root also requires simple continuous root",False,0.045287041793949497,0.004460499560732058,0.10925489440795429,,,,,,
56.0,0.8,2,actual_root,defined,0.028673523668688708,1.0012781738525256,,,"simple first Airy peak/crossing, fixed finite m; actual root also requires simple continuous root",False,0.017879967390223673,-0.010793556278465035,-0.3764293640077283,,,,,,
56.0,0.8,3,scaled_1,defined,0.08498437049537419,5.402897423785917,,,"simple first Airy peak/crossing, fixed finite m; actual root also requires simple continuous root",False,0.09648031113903423,0.011495940643660038,0.13527123371803734,,,,,,
56.0,0.8,3,actual_root,defined,0.06137840276881597,2.1331406495825096,,,"simple first Airy peak/crossing, fixed finite m; actual root also requires simple continuous root",False,0.038091797313973386,-0.023286605454842582,-0.37939412569193837,,,,,,
56.0,0.8,4,scaled_1,defined,0.13168182542049398,8.532750058762307,,,"simple first Airy peak/crossing, fixed finite m; actual root also requires simple continuous root",False,0.15237053676361262,0.020688711343118643,0.15711136504262652,,,,,,
56.0,0.8,4,actual_root,defined,0.09567050583206635,3.3688509285669976,,,"simple first Airy peak/crossing, fixed finite m; actual root also requires simple continuous root",False,0.060158052295839246,-0.035512453536227104,-0.3711954193966875,,,,,,
56.0,0.8,5,scaled_1,defined,0.18053927180739832,11.884741385140401,,,"simple first Airy peak/crossing, fixed finite m; actual root also requires simple continuous root",False,0.21222752473465004,0.03168825292725172,0.17551999966554185,,,,,,
56.0,0.8,5,actual_root,defined,-0.03950748976489285,4.69226471833589,,,"simple first Airy peak/crossing, fixed finite m; actual root also requires simple continuous root",False,0.08379044139885518,0.12329793116374803,-3.120874849237145,,,,,,
56.0,0.8,6,scaled_1,defined,0.23135744076095938,15.431009988496488,,,"simple first Airy peak/crossing, fixed finite m; actual root also requires simple continuous root",False,0.27555374979458014,0.04419630903362076,0.19103041980519136,,,,,,
56.0,0.8,6,actual_root,defined,-0.08271439534123301,6.092381936710977,,,"simple first Airy peak/crossing, fixed finite m; actual root also requires simple continuous root",False,0.10879253458412459,0.19150692992535762,-2.315279331189062,,,,,,
56.0,0.9,2,scaled_1,defined,0.04335337172296705,2.896903419870246,-6.047287886764773,43.08036743823597,"simple first Airy peak/crossing, fixed finite m; actual root also requires simple continuous root",False,0.05173041821196868,0.00837704648900163,0.19322710451523598,0.037300010436801596,-0.006053361286165453,-0.1396283851887488,0.05103737250256562,0.00768400077959857,0.1772411342928574
56.0,0.9,2,actual_root,defined,0.021918330040007206,0.3998837489754696,,,"simple first Airy peak/crossing, fixed finite m; actual root also requires simple continuous root",False,0.007140781231704814,-0.014777548808302392,-0.674209612745549,,,,,,
56.0,0.9,3,scaled_1,defined,0.0897034428532015,6.171614047136879,-14.812475614270287,94.78890508968811,"simple first Airy peak/crossing, fixed finite m; actual root also requires simple continuous root",False,0.11020739369887285,0.020503950845671345,0.22857484833916342,0.0748609595161284,-0.014842483337073109,-0.16546169093378765,0.10508701343503404,0.01538357058183254,0.1714936472060225
56.0,0.9,3,actual_root,no_peak_in_valid_interval,,0.85191937897236,,,"simple first Airy peak/crossing, fixed finite m; actual root also requires simple continuous root",False,0.015212846053077858,,,,,,,,
56.0,0.9,4,scaled_1,defined,0.13823796138831337,9.746777699596784,-26.230151582425663,154.023589833309,"simple first Airy peak/crossing, fixed finite m; actual root also requires simple continuous root",False,0.174049601778514,0.03581164039020063,0.2590579319207766,0.11145761171181555,-0.026780349676497825,-0.19372645116829562,0.16057227683723296,0.02233431544891959,0.16156427094712444
56.0,0.9,4,actual_root,root_branch_change,,1.3454290468267804,,,"simple first Airy peak/crossing, fixed finite m; actual root also requires simple continuous root",False,0.024025518693335364,,,,,,,,
56.0,0.9,5,scaled_1,defined,0.188584013021983,13.575685623090193,-40.260818323453464,220.08717250685032,"simple first Airy peak/crossing, fixed finite m; actual root also requires simple continuous root",False,0.242422957555182,0.05383894453319901,0.28549050192776987,0.14635013339860464,-0.04223387962337835,-0.22395259781885754,0.21653099197859518,0.02794697895661219,0.14819378646563452
56.0,0.9,5,actual_root,defined,-0.1395028106419442,1.8739651534937416,,,"simple first Airy peak/crossing, fixed finite m; actual root also requires simple continuous root",False,0.03346366345524539,0.17296647409718957,-1.239878059096136,,,,,,
56.0,0.9,6,scaled_1,defined,0.2405569627146429,17.626512320454513,-56.87756382631835,292.4811921244049,"simple first Airy peak/crossing, fixed finite m; actual root also requires simple continuous root",False,0.31475914857954485,0.07420218586490193,0.3084599382513952,0.17903443121191068,-0.061522531502732236,-0.255750367016865,0.2723001174760704,0.0317431547614275,0.13195691533186815
56.0,0.9,6,actual_root,defined,-0.18590127706406484,2.433134560068062,,,"simple first Airy peak/crossing, fixed finite m; actual root also requires simple continuous root",False,0.043448831429786824,0.22935010849385168,-1.2337199190665786,,,,,,
56.0,1.0,2,scaled_1,defined,0.04725899172557979,,,,"simple first Airy peak/crossing, fixed finite m; actual root also requires simple continuous root",False,,,,,,,,,
56.0,1.0,2,actual_root,no_peak_in_valid_interval,,,,,"simple first Airy peak/crossing, fixed finite m; actual root also requires simple continuous root",False,,,,,,,,,
56.0,1.0,3,scaled_1,defined,0.09694111911197101,,,,"simple first Airy peak/crossing, fixed finite m; actual root also requires simple continuous root",False,,,,,,,,,
56.0,1.0,3,actual_root,no_peak_in_valid_interval,,,,,"simple first Airy peak/crossing, fixed finite m; actual root also requires simple continuous root",False,,,,,,,,,
56.0,1.0,4,scaled_1,defined,0.14827046576093816,,,,"simple first Airy peak/crossing, fixed finite m; actual root also requires simple continuous root",False,,,,,,,,,
56.0,1.0,4,actual_root,root_branch_change,,,,,"simple first Airy peak/crossing, fixed finite m; actual root also requires simple continuous root",False,,,,,,,,,
56.0,1.0,5,scaled_1,defined,0.20092757021259913,,,,"simple first Airy peak/crossing, fixed finite m; actual root also requires simple continuous root",False,,,,,,,,,
56.0,1.0,5,actual_root,root_branch_change,,,,,"simple first Airy peak/crossing, fixed finite m; actual root also requires simple continuous root",False,,,,,,,,,
56.0,1.0,6,scaled_1,defined,0.25477669177680545,,,,"simple first Airy peak/crossing, fixed finite m; actual root also requires simple continuous root",False,,,,,,,,,
56.0,1.0,6,actual_root,root_branch_change,,,,,"simple first Airy peak/crossing, fixed finite m; actual root also requires simple continuous root",False,,,,,,,,,
72.0,0.2,2,scaled_1,defined,0.027750744374916154,2.0259902345198677,-0.24069208349533888,-0.16694734638273356,"simple first Airy peak/crossing, fixed finite m; actual root also requires simple continuous root",False,0.028138753257220386,0.00038800888230423186,0.013981927009314834,0.027744783339587346,-5.961035328808095e-06,-0.00021480632188721627,0.027712578990362283,-3.816538455387111e-05,-0.0013752922818304194
72.0,0.2,2,actual_root,defined,0.028088024755098494,1.961517116377035,,,"simple first Airy peak/crossing, fixed finite m; actual root also requires simple continuous root",False,0.027243293283014378,-0.0008447314720841162,-0.0300744349041768,,,,,,
72.0,0.2,3,scaled_1,defined,0.05919631631572017,4.316205264200697,-0.7794466861352785,2.275191903719599,"simple first Airy peak/crossing, fixed finite m; actual root also requires simple continuous root",False,0.05994729533612079,0.0007509790204006175,0.012686245819677594,0.05867148043487163,-0.0005248358808485412,-0.008866022643188793,0.05911036776197803,-8.594855374213783e-05,-0.0014519240231729309
72.0,0.2,3,actual_root,defined,0.059980956895628976,4.178850598227454,,,"simple first Airy peak/crossing, fixed finite m; actual root also requires simple continuous root",False,0.05803959164204797,-0.0019413652535810039,-0.03236636015926045,,,,,,
72.0,0.2,4,scaled_1,defined,0.09376231875079086,6.816546351518886,-1.6231156168231438,8.404651037840217,"simple first Airy peak/crossing, fixed finite m; actual root also requires simple continuous root",False,0.09467425488220675,0.0009119361314158941,0.009726040733268472,0.09201750474492566,-0.0017448140058651945,-0.01860890418572842,0.09363877230623743,-0.000123546444553424,-0.0013176556019459781
72.0,0.2,4,actual_root,defined,0.09495317983134835,6.599623292977231,,,"simple first Airy peak/crossing, fixed finite m; actual root also requires simple continuous root",False,0.09166143462468376,-0.003291745206664587,-0.03466703497988419,,,,,,
72.0,0.2,5,scaled_1,defined,0.1311377842767977,9.49434707095773,-2.775836201420863,19.167880603716423,"simple first Airy peak/crossing, fixed finite m; actual root also requires simple continuous root",False,0.1318659315410796,0.0007281472642818865,0.005552535970448893,0.12732238385245043,-0.003815400424347276,-0.02909459272465638,0.13101989168495745,-0.0001178925918402518,-0.0008989978936308033
72.0,0.2,5,actual_root,defined,0.13257683575752116,9.192208319267259,,,"simple first Airy peak/crossing, fixed finite m; actual root also requires simple continuous root",False,0.12766955998982304,-0.004907275767698116,-0.0370145790526587,,,,,,
72.0,0.2,6,scaled_1,defined,0.17112654549661224,12.327349812540353,-4.240427450130673,35.42685123651413,"simple first Airy peak/crossing, fixed finite m; actual root also requires simple continuous root",False,0.17121319184083825,8.664634422600459e-05,0.0005063290676180915,0.16427237006973414,-0.006854175426878106,-0.04005325653589961,0.1711062534101111,-2.0292086501144668e-05,-0.0001185794199389503
72.0,0.2,6,actual_root,defined,0.17257239189419477,11.93505637138253,,,"simple first Airy peak/crossing, fixed finite m; actual root also requires simple continuous root",False,0.16576467182475735,-0.006807720069437417,-0.039448488803535124,,,,,,
72.0,0.3,2,scaled_1,defined,0.02792936025813675,2.0534910658270404,,,"simple first Airy peak/crossing, fixed finite m; actual root also requires simple continuous root",False,0.028520709247597784,0.0005913489894610359,0.0211730230837907,,,,,,
72.0,0.3,2,actual_root,defined,0.02821873908607102,1.9050154481849104,,,"simple first Airy peak/crossing, fixed finite m; actual root also requires simple continuous root",False,0.026458547891457088,-0.0017601911946139338,-0.06237667775463353,,,,,,
72.0,0.3,3,scaled_1,defined,0.05936604130284062,4.374793519383498,,,"simple first Airy peak/crossing, fixed finite m; actual root also requires simple continuous root",False,0.060761021102548586,0.001394979799707964,0.023497942074187376,,,,,,
72.0,0.3,3,actual_root,defined,0.06043729752090654,4.058478449570595,,,"simple first Airy peak/crossing, fixed finite m; actual root also requires simple continuous root",False,0.05636775624403604,-0.004069541276870502,-0.06733493130566867,,,,,,
72.0,0.3,4,scaled_1,defined,0.09372661927744597,6.909074285818169,,,"simple first Airy peak/crossing, fixed finite m; actual root also requires simple continuous root",False,0.09595936508080789,0.002232745803361927,0.023821896282769334,,,,,,
72.0,0.3,4,actual_root,defined,0.09594186493528185,6.409520579939707,,,"simple first Airy peak/crossing, fixed finite m; actual root also requires simple continuous root",False,0.08902111916582926,-0.006920745769452591,-0.07213478468571588,,,,,,
72.0,0.3,5,scaled_1,defined,0.13069883420271067,9.623223524911634,,,"simple first Airy peak/crossing, fixed finite m; actual root also requires simple continuous root",False,0.13365588229043934,0.0029570480877286753,0.022624900258424393,,,,,,
72.0,0.3,5,actual_root,defined,0.1343122219903676,8.9274259729539,,,"simple first Airy peak/crossing, fixed finite m; actual root also requires simple continuous root",False,0.1239920274021375,-0.010320194588230108,-0.07683734536809492,,,,,,
72.0,0.3,6,scaled_1,defined,0.1700909309978672,12.494681501451241,,,"simple first Airy peak/crossing, fixed finite m; actual root also requires simple continuous root",False,0.1735372430757117,0.003446312077844488,0.020261586303432614,,,,,,
72.0,0.3,6,actual_root,defined,0.17527321093576598,11.591266052491152,,,"simple first Airy peak/crossing, fixed finite m; actual root also requires simple continuous root",False,0.16098980628459933,-0.014283404651166648,-0.08149222904577941,,,,,,
72.0,0.35,2,scaled_1,defined,0.02807773929896159,2.0722126392143805,-0.45047406624876085,-0.09305224572508841,"simple first Airy peak/crossing, fixed finite m; actual root also requires simple continuous root",False,0.028780731100199727,0.0007029918012381384,0.025037336295238605,0.02804338557475256,-3.4353724209030406e-05,-0.0012235217316908745,0.028025435681672872,-5.230361728871674e-05,-0.0018628144072358101
72.0,0.35,2,actual_root,defined,0.02816139166358205,1.8669269755283526,,,"simple first Airy peak/crossing, fixed finite m; actual root also requires simple continuous root",False,0.025929541326782674,-0.002231850336799377,-0.07925213226182913,,,,,,
72.0,0.35,3,scaled_1,defined,0.05957451082417871,4.414678288930626,-1.440168079959697,2.5876583497841663,"simple first Airy peak/crossing, fixed finite m; actual root also requires simple continuous root",False,0.06131497623514759,0.0017404654109688805,0.029214934153727053,0.058957678514342235,-0.0006168323098364736,-0.010353963487118189,0.059456841004655536,-0.00011766981952317235,-0.0019751705535686124
72.0,0.35,3,actual_root,defined,0.06040463503281695,3.9773340968563,,,"simple first Airy peak/crossing, fixed finite m; actual root also requires simple continuous root",False,0.05524075134522639,-0.005163883687590562,-0.08548820276432595,,,,,,
72.0,0.35,4,scaled_1,defined,0.09390117460007708,6.972063963948779,-2.980978192654167,9.165550028105748,"simple first Airy peak/crossing, fixed finite m; actual root also requires simple continuous root",False,0.09683422172151082,0.002933047121433746,0.031235467862095717,0.09195489326180022,-0.001946281338276859,-0.02072691152763558,0.09372293917771568,-0.00017823542236139467,-0.0018981170695733594
72.0,0.35,4,actual_root,defined,0.09602770673907352,6.281369992193406,,,"simple first Airy peak/crossing, fixed finite m; actual root also requires simple continuous root",False,0.08724124989157508,-0.00878645684749843,-0.09149918441115117,,,,,,
72.0,0.35,5,scaled_1,defined,0.13074389314986315,9.71095796332364,-5.080087654194165,20.62671372632697,"simple first Airy peak/crossing, fixed finite m; actual root also requires simple continuous root",False,0.13487441615727278,0.0041305230074096255,0.031592473712520386,0.12655922071907194,-0.004184672430791209,-0.03200663778609218,0.1305381392619591,-0.0002057538879040588,-0.0015737170046498203
72.0,0.35,5,actual_root,defined,0.13461893040397677,8.748932921683224,,,"simple first Airy peak/crossing, fixed finite m; actual root also requires simple continuous root",False,0.12151295724560034,-0.01310597315837643,-0.09735609337443724,,,,,,
72.0,0.35,6,scaled_1,defined,0.16991205485417663,12.608594875886425,-7.742390846933154,37.86921104846054,"simple first Airy peak/crossing, fixed finite m; actual root also requires simple continuous root",False,0.17511937327620034,0.00520731842202371,0.030647139348016123,0.1624464633908691,-0.007465591463307525,-0.043937974087328344,0.16975148095422954,-0.00016057389994708626,-0.0009450412455131296
72.0,0.35,6,actual_root,defined,0.1759093037711667,11.359512750692025,,,"simple first Airy peak/crossing, fixed finite m; actual root also requires simple continuous root",False,0.1577710104262781,-0.01813829334488859,-0.10311162034092274,,,,,,
72.0,0.4,2,scaled_1,defined,0.028268859678526347,2.094718966071688,,,"simple first Airy peak/crossing, fixed finite m; actual root also requires simple continuous root",False,0.029093318973217888,0.0008244592946915416,0.029164929327440088,,,,,,
72.0,0.4,2,actual_root,defined,0.02801352646078789,1.821528997839929,,,"simple first Airy peak/crossing, fixed finite m; actual root also requires simple continuous root",False,0.0252990138588879,-0.0027145126018999904,-0.09690006739064597,,,,,,
72.0,0.4,3,scaled_1,defined,0.0598716253414867,4.462626163902666,,,"simple first Airy peak/crossing, fixed finite m; actual root also requires simple continuous root",False,0.06198091894309258,0.0021092936016058814,0.0352302712608053,,,,,,
72.0,0.4,3,actual_root,defined,0.060177566943679234,3.880617445934595,,,"simple first Airy peak/crossing, fixed finite m; actual root also requires simple continuous root",False,0.053897464526869374,-0.00628010241680986,-0.10435952690954536,,,,,,
72.0,0.4,4,scaled_1,defined,0.0942126249733751,7.047787636062937,,,"simple first Airy peak/crossing, fixed finite m; actual root also requires simple continuous root",False,0.09788593938976302,0.003673314416387921,0.038989619675983085,,,,,,
72.0,0.4,4,actual_root,defined,0.0958061152221634,6.128626206016323,,,"simple first Airy peak/crossing, fixed finite m; actual root also requires simple continuous root",False,0.08511980841689337,-0.010686306805270024,-0.11154096771891547,,,,,,
72.0,0.4,5,scaled_1,defined,0.1309758919407642,9.816428796714074,,,"simple first Airy peak/crossing, fixed finite m; actual root also requires simple continuous root",False,0.13633928884325103,0.005363396902486828,0.04094949706402842,,,,,,
72.0,0.4,5,actual_root,defined,0.13449977176825142,8.536185520856963,,,"simple first Airy peak/crossing, fixed finite m; actual root also requires simple continuous root",False,0.11855813223412448,-0.015941639534126945,-0.11852540212183436,,,,,,
72.0,0.4,6,scaled_1,defined,0.16997134478836595,12.745536979277732,,,"simple first Airy peak/crossing, fixed finite m; actual root also requires simple continuous root",False,0.17702134693441296,0.0070500021460470075,0.04147759232490087,,,,,,
72.0,0.4,6,actual_root,defined,0.17599913421290445,11.083283999826536,,,"simple first Airy peak/crossing, fixed finite m; actual root also requires simple continuous root",False,0.1539344999975908,-0.022064634215313655,-0.1253678565749209,,,,,,
72.0,0.5,2,scaled_1,defined,0.028794328017217444,2.1532231793465835,,,"simple first Airy peak/crossing, fixed finite m; actual root also requires simple continuous root",False,0.02990587749092477,0.0011115494737073267,0.038603070474250364,,,,,,
72.0,0.5,2,actual_root,defined,0.02740703556955884,1.7054250677343123,,,"simple first Airy peak/crossing, fixed finite m; actual root also requires simple continuous root",False,0.023686459274087673,-0.003720576295471168,-0.13575259848984306,,,,,,
72.0,0.5,3,scaled_1,defined,0.06076030304753563,4.587264569859675,,,"simple first Airy peak/crossing, fixed finite m; actual root also requires simple continuous root",False,0.0637120079147177,0.0029517048671820756,0.04857949547869797,,,,,,
72.0,0.5,3,actual_root,defined,0.05904632456197391,3.6332675891693613,,,"simple first Airy peak/crossing, fixed finite m; actual root also requires simple continuous root",False,0.05046204984957446,-0.008584274712399448,-0.14538203310842074,,,,,,
72.0,0.5,4,scaled_1,defined,0.09528654166177308,7.244628013056157,,,"simple first Airy peak/crossing, fixed finite m; actual root also requires simple continuous root",False,0.10061983351466884,0.005333291852895758,0.055971092663082346,,,,,,
72.0,0.5,4,actual_root,defined,0.09427626548431425,5.7379886759464895,,,"simple first Airy peak/crossing, fixed finite m; actual root also requires simple continuous root",False,0.07969428716592347,-0.014581978318390781,-0.15467284627239442,,,,,,
72.0,0.5,5,scaled_1,defined,0.13205124870588666,10.090595619673529,,,"simple first Airy peak/crossing, fixed finite m; actual root also requires simple continuous root",False,0.14014716138435457,0.008095912678467904,0.061308868774877394,,,,,,
72.0,0.5,5,actual_root,defined,0.132734045416271,7.992090593871207,,,"simple first Airy peak/crossing, fixed finite m; actual root also requires simple continuous root",False,0.11100125824821121,-0.021732787168059806,-0.16373182253206398,,,,,,
72.0,0.5,6,scaled_1,defined,0.17086395944634958,13.10151199349986,,,"simple first Airy peak/crossing, fixed finite m; actual root also requires simple continuous root",False,0.18196544435416473,0.011101484907815151,0.06497265393935203,,,,,,
72.0,0.5,6,actual_root,defined,0.17419241782631892,10.37683747474649,,,"simple first Airy peak/crossing, fixed finite m; actual root also requires simple continuous root",False,0.14412274270481235,-0.030069675121506573,-0.17262332940052522,,,,,,
72.0,0.6,2,scaled_1,defined,0.029547513859323027,2.2353208769315196,,,"simple first Airy peak/crossing, fixed finite m; actual root also requires simple continuous root",False,0.03104612329071555,0.0014986094313925238,0.05071863028908176,,,,,,
72.0,0.6,2,actual_root,defined,0.02628643596461608,1.5468133976383007,,,"simple first Airy peak/crossing, fixed finite m; actual root also requires simple continuous root",False,0.021483519411643066,-0.004802916552973012,-0.18271463500940835,,,,,,
72.0,0.6,3,scaled_1,defined,0.06211179686857715,4.762166950165982,,,"simple first Airy peak/crossing, fixed finite m; actual root also requires simple continuous root",False,0.06614120764119419,0.004029410772617037,0.06487351800726196,,,,,,
72.0,0.6,3,actual_root,defined,0.05676695883569352,3.295358494758395,,,"simple first Airy peak/crossing, fixed finite m; actual root also requires simple continuous root",False,0.045768867982755486,-0.010998090852938035,-0.19374106132355878,,,,,,
72.0,0.6,4,scaled_1,defined,0.09706189389044685,7.520849858258348,,,"simple first Airy peak/crossing, fixed finite m; actual root also requires simple continuous root",False,0.10445624803136594,0.007394354140919088,0.07618184484701121,,,,,,
72.0,0.6,4,actual_root,defined,0.09085255036598244,5.20433171024176,,,"simple first Airy peak/crossing, fixed finite m; actual root also requires simple continuous root",False,0.07228238486446889,-0.018570165501513552,-0.2043989456180055,,,,,,
72.0,0.6,5,scaled_1,defined,0.1340683197496687,10.475327994646024,,,"simple first Airy peak/crossing, fixed finite m; actual root also requires simple continuous root",False,0.1454906665923059,0.011422346842637182,0.08519795626561813,,,,,,
72.0,0.6,5,actual_root,defined,0.12822548880859058,7.248792714277694,,,"simple first Airy peak/crossing, fixed finite m; actual root also requires simple continuous root",False,0.10067767658719019,-0.02754781222140039,-0.21483881619295336,,,,,,
72.0,0.6,6,scaled_1,defined,0.1729387583910792,13.601044034518559,,,"simple first Airy peak/crossing, fixed finite m; actual root also requires simple continuous root",False,0.1889033893683133,0.015964630977234107,0.09231378278507185,,,,,,
72.0,0.6,6,actual_root,defined,0.16870362549578838,9.411748152838602,,,"simple first Airy peak/crossing, fixed finite m; actual root also requires simple continuous root",False,0.13071872434498058,-0.0379849011508078,-0.22515758650223008,,,,,,
72.0,0.7,2,scaled_1,defined,0.030598062233088502,2.3532962370600696,-1.446718192021048,1.103438128181133,"simple first Airy peak/crossing, fixed finite m; actual root also requires simple continuous root",False,0.032684669959167634,0.0020866077260791316,0.06819411341096923,0.03031665087573239,-0.0002814113573561122,-0.00919703199543781,0.030529505452927826,-6.855678016067651e-05,-0.002240559537346772
72.0,0.7,2,actual_root,defined,0.024447006751021266,1.3267498625963068,,,"simple first Airy peak/crossing, fixed finite m; actual root also requires simple continuous root",False,0.018427081424948706,-0.00601992532607256,-0.2462438607467182,,,,,,
72.0,0.7,3,scaled_1,defined,0.06405924499263019,5.013503734399543,-4.216431873722301,5.924854782820451,"simple first Airy peak/crossing, fixed finite m; actual root also requires simple continuous root",False,0.06963199631110477,0.005572751318474581,0.08699370901289437,0.06273045100943778,-0.0013287939831924112,-0.020743203941059322,0.06387336281167938,-0.00018588218095080822,-0.00290172294369366
72.0,0.7,3,actual_root,defined,0.05281127372048519,2.8265312653754417,,,"simple first Airy peak/crossing, fixed finite m; actual root also requires simple continuous root",False,0.03925737868577003,-0.013553895034715165,-0.25664775870493134,,,,,,
72.0,0.7,4,scaled_1,defined,0.0997285038070074,7.917783909050541,-8.326993281573513,15.71031483122,"simple first Airy peak/crossing, fixed finite m; actual root also requires simple continuous root",False,0.10996922095903529,0.010240717152027887,0.10268595999239613,0.0963394213842773,-0.0033890824227301025,-0.03398308701480759,0.09936996051067004,-0.00035854329633736026,-0.003595193777610522
72.0,0.7,4,actual_root,defined,0.08450780460427162,4.463916844792841,,,"simple first Airy peak/crossing, fixed finite m; actual root also requires simple continuous root",False,0.06199884506656724,-0.022508959537704383,-0.26635361838007826,,,,,,
72.0,0.7,5,scaled_1,defined,0.13726721609724338,11.028192957071242,-13.789182126696312,31.55610701184483,"simple first Airy peak/crossing, fixed finite m; actual root also requires simple continuous root",False,0.15316934662598947,0.01590213052874609,0.11584798600039094,0.13059892026301886,-0.0066682958342245136,-0.048578939850434016,0.13668613226376053,-0.0005810838334828483,-0.004233230992833676
72.0,0.7,5,actual_root,defined,0.11917777195284526,6.217514505848565,,,"simple first Airy peak/crossing, fixed finite m; actual root also requires simple continuous root",False,0.08635436813678563,-0.03282340381605964,-0.2754154846009941,,,,,,
72.0,0.7,6,scaled_1,defined,0.17648066544215593,14.318877471612947,-20.610343278013836,54.4619392972137,"simple first Airy peak/crossing, fixed finite m; actual root also requires simple continuous root",False,0.1988732982168465,0.022392632774690557,0.1268843400980379,0.16513785031298964,-0.011342815129166295,-0.06427228218313845,0.17564362564038424,-0.0008370398017716885,-0.0047429547008708455
72.0,0.7,6,actual_root,defined,0.15651905473572877,8.072748521337521,,,"simple first Airy peak/crossing, fixed finite m; actual root also requires simple continuous root",False,0.1121215072407989,-0.04439754749492987,-0.2836558626672769,,,,,,
72.0,0.8,2,scaled_1,defined,0.03206957944428676,2.536074340461172,,,"simple first Airy peak/crossing, fixed finite m; actual root also requires simple continuous root",False,0.03522325472862739,0.003153675284340629,0.09833852950330661,,,,,,
72.0,0.8,2,actual_root,defined,0.021466064856734718,1.0012781738525256,,,"simple first Airy peak/crossing, fixed finite m; actual root also requires simple continuous root",False,0.0139066413035073,-0.007559423553227418,-0.35215693252020247,,,,,,
72.0,0.8,3,scaled_1,defined,0.06683666507071362,5.402897423785917,,,"simple first Airy peak/crossing, fixed finite m; actual root also requires simple continuous root",False,0.07504024199702662,0.008203576926313003,0.1227406681292905,,,,,,
72.0,0.8,3,actual_root,defined,0.04597544121753655,2.1331406495825096,,,"simple first Airy peak/crossing, fixed finite m; actual root also requires simple continuous root",False,0.029626953466423744,-0.016348487751112806,-0.35559175329625664,,,,,,
72.0,0.8,4,scaled_1,defined,0.1036172757819872,8.532750058762307,,,"simple first Airy peak/crossing, fixed finite m; actual root also requires simple continuous root",False,0.11851041748280983,0.01489314170082262,0.14373222600600005,,,,,,
72.0,0.8,4,actual_root,defined,0.07243855780904113,3.3688509285669976,,,"simple first Airy peak/crossing, fixed finite m; actual root also requires simple continuous root",False,0.04678959623009719,-0.02564896157894394,-0.35407885461439526,,,,,,
72.0,0.8,5,scaled_1,defined,0.14206347305227562,11.884741385140401,,,"simple first Airy peak/crossing, fixed finite m; actual root also requires simple continuous root",False,0.16506585257139447,0.02300237951911885,0.16191621269638098,,,,,,
72.0,0.8,5,actual_root,defined,-0.013083386501435118,4.69226471833589,,,"simple first Airy peak/crossing, fixed finite m; actual root also requires simple continuous root",False,0.0651703433102207,0.07825372981165582,-5.981152494659709,,,,,,
72.0,0.8,6,scaled_1,defined,0.18197936877473597,15.431009988496488,,,"simple first Airy peak/crossing, fixed finite m; actual root also requires simple continuous root",False,0.21431958317356234,0.03234021439882637,0.17771363103725707,,,,,,
72.0,0.8,6,actual_root,defined,-0.05122727810425046,6.092381936710977,,,"simple first Airy peak/crossing, fixed finite m; actual root also requires simple continuous root",False,0.08461641578765246,0.13584369389190293,-2.651784340668134,,,,,,
72.0,0.9,2,scaled_1,defined,0.034211683850637026,2.896903419870246,-6.047287886764773,43.08036743823597,"simple first Airy peak/crossing, fixed finite m; actual root also requires simple continuous root",False,0.04023476972042009,0.0060230858697830625,0.17605347623574838,0.030336440385886204,-0.0038752434647508216,-0.11327251478382477,0.038646696450360736,0.00443501259972371,0.12963444357449042
72.0,0.9,2,actual_root,defined,0.016175489065466037,0.3998837489754696,,,"simple first Airy peak/crossing, fixed finite m; actual root also requires simple continuous root",False,0.005553940957992633,-0.010621548107473403,-0.6566446346373505,,,,,,
72.0,0.9,3,scaled_1,defined,0.07090659017012485,6.171614047136879,-14.812475614270287,94.78890508968811,"simple first Airy peak/crossing, fixed finite m; actual root also requires simple continuous root",False,0.08571686176578999,0.014810271595665142,0.20887017074338415,0.06147148687456108,-0.009435103295563768,-0.13306384178009834,0.07975638368970153,0.008849793519576682,0.12480918202868786
72.0,0.9,3,actual_root,defined,0.03155051830850275,0.85191937897236,,,"simple first Airy peak/crossing, fixed finite m; actual root also requires simple continuous root",False,0.011832213596838333,-0.019718304711664417,-0.6249756190645656,,,,,,
72.0,0.9,4,scaled_1,defined,0.10936998655494462,9.746777699596784,-26.230151582425663,154.023589833309,"simple first Airy peak/crossing, fixed finite m; actual root also requires simple continuous root",False,0.13537191249439978,0.02600192593945516,0.23774279177032243,0.0924378429215196,-0.016932143633425017,-0.1548152666629318,0.12214918355294495,0.012779196998000328,0.11684372834388522
72.0,0.9,4,actual_root,no_peak_in_valid_interval,,1.3454290468267804,,,"simple first Airy peak/crossing, fixed finite m; actual root also requires simple continuous root",False,0.01868651453926084,,,,,,,,
72.0,0.9,5,scaled_1,defined,0.14924987359137115,13.575685623090193,-40.260818323453464,220.08717250685032,"simple first Airy peak/crossing, fixed finite m; actual root also requires simple continuous root",False,0.18855118920958602,0.03930131561821487,0.26332562080298516,0.12265142612478613,-0.026598447466585018,-0.17821420431757606,0.16510651341391622,0.015856639822545066,0.10624223284743749
72.0,0.9,5,actual_root,root_branch_change,,1.8739651534937416,,,"simple first Airy peak/crossing, fixed finite m; actual root also requires simple continuous root",False,0.026027293798524188,,,,,,,,
72.0,0.9,6,scaled_1,defined,0.19035554446379618,17.626512320454513,-56.87756382631835,292.4811921244049,"simple first Airy peak/crossing, fixed finite m; actual root also requires simple continuous root",False,0.24481267111742377,0.05445712665362759,0.2860811162975335,0.15171426584205253,-0.03864127862174366,-0.2029952882674918,0.20813424889074175,0.01777870442694557,0.0933973553385355
72.0,0.9,6,actual_root,defined,-0.15997236222586686,2.433134560068062,,,"simple first Airy peak/crossing, fixed finite m; actual root also requires simple continuous root",False,0.03379353555650086,0.19376589778236772,-1.211246087050883,,,,,,
72.0,1.0,2,scaled_1,defined,0.037688419228658065,,,,"simple first Airy peak/crossing, fixed finite m; actual root also requires simple continuous root",False,,,,,,,,,
72.0,1.0,2,actual_root,no_peak_in_valid_interval,,,,,"simple first Airy peak/crossing, fixed finite m; actual root also requires simple continuous root",False,,,,,,,,,
72.0,1.0,3,scaled_1,defined,0.07744082972905897,,,,"simple first Airy peak/crossing, fixed finite m; actual root also requires simple continuous root",False,,,,,,,,,
72.0,1.0,3,actual_root,no_peak_in_valid_interval,,,,,"simple first Airy peak/crossing, fixed finite m; actual root also requires simple continuous root",False,,,,,,,,,
72.0,1.0,4,scaled_1,defined,0.11854970482144811,,,,"simple first Airy peak/crossing, fixed finite m; actual root also requires simple continuous root",False,,,,,,,,,
72.0,1.0,4,actual_root,no_peak_in_valid_interval,,,,,"simple first Airy peak/crossing, fixed finite m; actual root also requires simple continuous root",False,,,,,,,,,
72.0,1.0,5,scaled_1,defined,0.16069549203345557,,,,"simple first Airy peak/crossing, fixed finite m; actual root also requires simple continuous root",False,,,,,,,,,
72.0,1.0,5,actual_root,root_branch_change,,,,,"simple first Airy peak/crossing, fixed finite m; actual root also requires simple continuous root",False,,,,,,,,,
72.0,1.0,6,scaled_1,defined,0.20372175340810406,,,,"simple first Airy peak/crossing, fixed finite m; actual root also requires simple continuous root",False,,,,,,,,,
72.0,1.0,6,actual_root,root_branch_change,,,,,"simple first Airy peak/crossing, fixed finite m; actual root also requires simple continuous root",False,,,,,,,,,
96.0,0.2,2,scaled_1,defined,0.020847370653157865,2.0259902345198677,-0.24069208349533888,-0.16694734638273356,"simple first Airy peak/crossing, fixed finite m; actual root also requires simple continuous root",False,0.02110406494291529,0.00025669428975742467,0.01231302949557055,0.020848173975167483,8.033220096174964e-07,3.85334929273593e-05,0.020830059028728382,-1.7311624429482836e-05,-0.000830398457316273
96.0,0.2,2,actual_root,defined,0.02105454972552115,1.961517116377035,,,"simple first Airy peak/crossing, fixed finite m; actual root also requires simple continuous root",False,0.020432469962260783,-0.0006220797632603657,-0.029546096752015333,,,,,,
96.0,0.2,3,scaled_1,defined,0.04441753032009986,4.316205264200697,-0.7794466861352785,2.275191903719599,"simple first Airy peak/crossing, fixed finite m; actual root also requires simple continuous root",False,0.04496047150209059,0.0005429411819907332,0.012223578800486369,0.04413180541583421,-0.00028572490426564956,-0.006432705785453206,0.044378679537331565,-3.885078276829462e-05,-0.0008746722856564097
96.0,0.2,3,actual_root,defined,0.04495735462799898,4.178850598227454,,,"simple first Airy peak/crossing, fixed finite m; actual root also requires simple continuous root",False,0.04352969373153598,-0.0014276608964629983,-0.03175589196197647,,,,,,
96.0,0.2,4,scaled_1,defined,0.07024832615217502,6.816546351518886,-1.6231156168231438,8.404651037840217,"simple first Airy peak/crossing, fixed finite m; actual root also requires simple continuous root",False,0.07100569116165506,0.0007573650094800377,0.010781253461319494,0.06928008132886014,-0.0009682448233148816,-0.013783172871869245,0.07019204433209801,-5.6281820077011546e-05,-0.0008011837884235332
96.0,0.2,4,actual_root,defined,0.0711580288444511,6.599623292977231,,,"simple first Airy peak/crossing, fixed finite m; actual root also requires simple continuous root",False,0.06874607596851283,-0.0024119528759382752,-0.033895723576192895,,,,,,
96.0,0.2,5,scaled_1,defined,0.0980841819268744,9.49434707095773,-2.775836201420863,19.167880603716423,"simple first Airy peak/crossing, fixed finite m; actual root also requires simple continuous root",False,0.09889944865580969,0.0008152667289352822,0.00831190833138717,0.09594832786456549,-0.0021358540623089145,-0.02177572387667236,0.09802817602035069,-5.6005906523715066e-05,-0.0005709983549179179
96.0,0.2,5,actual_root,defined,0.09932762160210884,9.192208319267259,,,"simple first Airy peak/crossing, fixed finite m; actual root also requires simple continuous root",False,0.09575216999236728,-0.003575451609741556,-0.03599654911766905,,,,,,
96.0,0.2,6,scaled_1,defined,0.12776421727830867,12.327349812540353,-4.240427450130673,35.42685123651413,"simple first Airy peak/crossing, fixed finite m; actual root also requires simple continuous root",False,0.12840989388062868,0.0006456766023200111,0.0050536575582311475,0.12390169789794148,-0.003862519380367191,-0.030231620892361973,0.12774575727690352,-1.8460001405151694e-05,-0.00014448490976890884
96.0,0.2,6,actual_root,defined,0.12924565739676774,11.93505637138253,,,"simple first Airy peak/crossing, fixed finite m; actual root also requires simple continuous root",False,0.12432350386856801,-0.0049221535281997325,-0.03808370530461497,,,,,,
96.0,0.3,2,scaled_1,defined,0.020999546231969965,2.0534910658270404,,,"simple first Airy peak/crossing, fixed finite m; actual root also requires simple continuous root",False,0.02139053193569834,0.00039098570372837413,0.0186187691585989,,,,,,
96.0,0.3,2,actual_root,defined,0.02105981137234099,1.9050154481849104,,,"simple first Airy peak/crossing, fixed finite m; actual root also requires simple continuous root",False,0.019843910918592816,-0.0012159004537481734,-0.05773558139960752,,,,,,
96.0,0.3,3,scaled_1,defined,0.04460311250191084,4.374793519383498,,,"simple first Airy peak/crossing, fixed finite m; actual root also requires simple continuous root",False,0.04557076582691144,0.0009676533250006017,0.021694748880117874,,,,,,
96.0,0.3,3,actual_root,defined,0.045082624930846124,4.058478449570595,,,"simple first Airy peak/crossing, fixed finite m; actual root also requires simple continuous root",False,0.04227581718302703,-0.002806807747819093,-0.06225919081075153,,,,,,
96.0,0.3,4,scaled_1,defined,0.07034078382876073,6.909074285818169,,,"simple first Airy peak/crossing, fixed finite m; actual root also requires simple continuous root",False,0.07196952381060592,0.0016287399818451925,0.023154987664201123,,,,,,
96.0,0.3,4,actual_root,defined,0.0715277107612917,6.409520579939707,,,"simple first Airy peak/crossing, fixed finite m; actual root also requires simple continuous root",False,0.06676583937437194,-0.004761871386919761,-0.066573798269757,,,,,,
96.0,0.3,5,scaled_1,defined,0.09795408839175522,9.623223524911634,,,"simple first Airy peak/crossing, fixed finite m; actual root also requires simple continuous root",False,0.10024191171782952,0.002287823326074301,0.023356077971186207,,,,,,
96.0,0.3,5,actual_root,defined,0.10007281262939059,8.9274259729539,,,"simple first Airy peak/crossing, fixed finite m; actual root also requires simple continuous root",False,0.09299402055160312,-0.007078792077787471,-0.0707364157336424,,,,,,
96.0,0.3,6,scaled_1,defined,0.12728222109538997,12.494681501451241,,,"simple first Airy peak/crossing, fixed finite m; actual root also requires simple continuous root",False,0.13015293230678376,0.0028707112113937894,0.022553905696243097,,,,,,
96.0,0.3,6,actual_root,defined,0.13050208097632518,11.591266052491152,,,"simple first Airy peak/crossing, fixed finite m; actual root also requires simple continuous root",False,0.1207423547134495,-0.009759726262875676,-0.07478598187753206,,,,,,
96.0,0.35,2,scaled_1,defined,0.021120742588039365,2.0722126392143805,-0.45047406624876085,-0.09305224572508841,"simple first Airy peak/crossing, fixed finite m; actual root also requires simple continuous root",False,0.021585548325149796,0.0004648057371104304,0.022007073623142824,0.021106628357846772,-1.4114230192593252e-05,-0.0006682639179829839,0.02109653154298945,-2.4211045049914864e-05,-0.0011463159947617339
96.0,0.35,2,actual_root,defined,0.020968422640402003,1.8669269755283526,,,"simple first Airy peak/crossing, fixed finite m; actual root also requires simple continuous root",False,0.019447155995087007,-0.0015212666453149962,-0.07255036162728885,,,,,,
96.0,0.35,3,scaled_1,defined,0.04479029054279357,4.414678288930626,-1.440168079959697,2.5876583497841663,"simple first Airy peak/crossing, fixed finite m; actual root also requires simple continuous root",False,0.04598623217636069,0.0011959416335671214,0.026700912610167018,0.04445512239348525,-0.00033516814930831945,-0.007483053698615616,0.044735901294286486,-5.4389248507084875e-05,-0.0012143089015044513
96.0,0.35,3,actual_root,defined,0.044944467959284584,3.9773340968563,,,"simple first Airy peak/crossing, fixed finite m; actual root also requires simple continuous root",False,0.04143056350891979,-0.0035139044503647923,-0.07818324723630182,,,,,,
96.0,0.35,4,scaled_1,defined,0.0705339344219054,6.972063963948779,-2.980978192654167,9.165550028105748,"simple first Airy peak/crossing, fixed finite m; actual root also requires simple continuous root",False,0.07262566629113311,0.002091731869227703,0.029655681146550126,0.06945644949149478,-0.001077484930410627,-0.015276121192468139,0.07045097531919722,-8.295910270818274e-05,-0.0011761587296684035
96.0,0.35,4,actual_root,defined,0.07139606941672585,6.281369992193406,,,"simple first Airy peak/crossing, fixed finite m; actual root also requires simple continuous root",False,0.06543093741868132,-0.005965131998044534,-0.08354986551468464,,,,,,
96.0,0.35,5,scaled_1,defined,0.09809113121710727,9.71095796332364,-5.080087654194165,20.62671372632697,"simple first Airy peak/crossing, fixed finite m; actual root also requires simple continuous root",False,0.10115581211795459,0.0030646809008473136,0.031243200713672956,0.09575493425276879,-0.002336196964338483,-0.023816597233115053,0.09799307593314281,-9.805528396446272e-05,-0.0009996345515420227
96.0,0.35,5,actual_root,defined,0.10000727412541917,8.748932921683224,,,"simple first Airy peak/crossing, fixed finite m; actual root also requires simple continuous root",False,0.09113471793420025,-0.00887255619121892,-0.08871910837297538,,,,,,
96.0,0.35,6,scaled_1,defined,0.1273005719728661,12.608594875886425,-7.742390846933154,37.86921104846054,"simple first Airy peak/crossing, fixed finite m; actual root also requires simple continuous root",False,0.13133952995715026,0.004038957984284164,0.0317277284908434,0.12310823353172443,-0.004192338441141669,-0.03293259705097993,0.1272173059111147,-8.326606175140805e-05,-0.0006540902406091001
96.0,0.35,6,actual_root,defined,0.13056711956909028,11.359512750692025,,,"simple first Airy peak/crossing, fixed finite m; actual root also requires simple continuous root",False,0.11832825781970858,-0.0122388617493817,-0.09373617025307386,,,,,,
96.0,0.4,2,scaled_1,defined,0.021274794853151063,2.094718966071688,,,"simple first Airy peak/crossing, fixed finite m; actual root also requires simple continuous root",False,0.021819989229913416,0.0005451943767623528,0.02562630476700473,,,,,,
96.0,0.4,2,actual_root,defined,0.020807733035782316,1.821528997839929,,,"simple first Airy peak/crossing, fixed finite m; actual root also requires simple continuous root",False,0.018974260394165925,-0.0018334726416163911,-0.08811496372350767,,,,,,
96.0,0.4,3,scaled_1,defined,0.04504572257444159,4.462626163902666,,,"simple first Airy peak/crossing, fixed finite m; actual root also requires simple continuous root",False,0.046485689207319436,0.0014399666328778482,0.03196677843269559,,,,,,
96.0,0.4,3,actual_root,defined,0.04465697027873117,3.880617445934595,,,"simple first Airy peak/crossing, fixed finite m; actual root also requires simple continuous root",False,0.040423098395152034,-0.004233871883579134,-0.09480875789721017,,,,,,
96.0,0.4,4,scaled_1,defined,0.0708325522440307,7.047787636062937,,,"simple first Airy peak/crossing, fixed finite m; actual root also requires simple continuous root",False,0.07341445454232226,0.002581902298291555,0.036450787335693395,,,,,,
96.0,0.4,4,actual_root,defined,0.07102694211508831,6.128626206016323,,,"simple first Airy peak/crossing, fixed finite m; actual root also requires simple continuous root",False,0.06383985631267003,-0.00718708580241828,-0.1011881630884898,,,,,,
96.0,0.4,5,scaled_1,defined,0.09837229899755748,9.816428796714074,,,"simple first Airy peak/crossing, fixed finite m; actual root also requires simple continuous root",False,0.10225446663243827,0.0038821676348807926,0.039464032806401976,,,,,,
96.0,0.4,5,actual_root,defined,0.09961021947348325,8.536185520856963,,,"simple first Airy peak/crossing, fixed finite m; actual root also requires simple continuous root",False,0.08891859917559336,-0.010691620297889892,-0.10733457223970937,,,,,,
96.0,0.4,6,scaled_1,defined,0.1275028386367346,12.745536979277732,,,"simple first Airy peak/crossing, fixed finite m; actual root also requires simple continuous root",False,0.13276601020080972,0.005263171564075131,0.04127885794817723,,,,,,
96.0,0.4,6,actual_root,defined,0.13020273937232607,11.083283999826536,,,"simple first Airy peak/crossing, fixed finite m; actual root also requires simple continuous root",False,0.11545087499819308,-0.014751864374132992,-0.11329918590997345,,,,,,
96.0,0.5,2,scaled_1,defined,0.02169390488765288,2.1532231793465835,,,"simple first Airy peak/crossing, fixed finite m; actual root also requires simple continuous root",False,0.022429408118193578,0.0007355032305406961,0.03390368098088735,,,,,,
96.0,0.5,2,actual_root,defined,0.02024869107190508,1.7054250677343123,,,"simple first Airy peak/crossing, fixed finite m; actual root also requires simple continuous root",False,0.017764844455565754,-0.0024838466163393247,-0.12266702116788403,,,,,,
96.0,0.5,3,scaled_1,defined,0.04578534731772052,4.587264569859675,,,"simple first Airy peak/crossing, fixed finite m; actual root also requires simple continuous root",False,0.047784005936038286,0.0019986586183177654,0.04365280019497013,,,,,,
96.0,0.5,3,actual_root,defined,0.04356382356880681,3.6332675891693613,,,"simple first Airy peak/crossing, fixed finite m; actual root also requires simple continuous root",False,0.03784653738718085,-0.005717286181625959,-0.13123931081475898,,,,,,
96.0,0.5,4,scaled_1,defined,0.0717808356750573,7.244628013056157,,,"simple first Airy peak/crossing, fixed finite m; actual root also requires simple continuous root",False,0.07546487513600163,0.0036840394609443244,0.05132344066905966,,,,,,
96.0,0.5,4,actual_root,defined,0.06945464283981541,5.7379886759464895,,,"simple first Airy peak/crossing, fixed finite m; actual root also requires simple continuous root",False,0.0597707153744426,-0.009683927465372812,-0.13942807952676456,,,,,,
96.0,0.5,5,scaled_1,defined,0.09941123834813757,10.090595619673529,,,"simple first Airy peak/crossing, fixed finite m; actual root also requires simple continuous root",False,0.10511037103826593,0.005699132690128353,0.057328857228093506,,,,,,
96.0,0.5,5,actual_root,defined,0.09763711666223197,7.992090593871207,,,"simple first Airy peak/crossing, fixed finite m; actual root also requires simple continuous root",False,0.0832509436861584,-0.014386172976073572,-0.1473432795628472,,,,,,
96.0,0.5,6,scaled_1,defined,0.1285118781931217,13.10151199349986,,,"simple first Airy peak/crossing, fixed finite m; actual root also requires simple continuous root",False,0.13647408326562355,0.007962205072501838,0.061956958255147465,,,,,,
96.0,0.5,6,actual_root,defined,0.12792752462238988,10.37683747474649,,,"simple first Airy peak/crossing, fixed finite m; actual root also requires simple continuous root",False,0.10809205702860926,-0.019835467593780617,-0.15505238338918828,,,,,,
96.0,0.6,2,scaled_1,defined,0.0222916884980279,2.2353208769315196,,,"simple first Airy peak/crossing, fixed finite m; actual root also requires simple continuous root",False,0.02328459246803666,0.0009929039700087607,0.04454144288336888,,,,,,
96.0,0.6,2,actual_root,defined,0.019297917497358014,1.5468133976383007,,,"simple first Airy peak/crossing, fixed finite m; actual root also requires simple continuous root",False,0.016112639558732298,-0.0031852779386257156,-0.1650581177508815,,,,,,
96.0,0.6,3,scaled_1,defined,0.046889727594074115,4.762166950165982,,,"simple first Airy peak/crossing, fixed finite m; actual root also requires simple continuous root",False,0.04960590573089565,0.002716178136821533,0.05792693359909391,,,,,,
96.0,0.6,3,actual_root,defined,0.04159985334917833,3.295358494758395,,,"simple first Airy peak/crossing, fixed finite m; actual root also requires simple continuous root",False,0.034326650987066616,-0.007273202362111715,-0.17483721158972243,,,,,,
96.0,0.6,4,scaled_1,defined,0.07328369839505765,7.520849858258348,,,"simple first Airy peak/crossing, fixed finite m; actual root also requires simple continuous root",False,0.07834218602352445,0.005058487628466807,0.06902609637954568,,,,,,
96.0,0.6,4,actual_root,defined,0.06645012220312163,5.20433171024176,,,"simple first Airy peak/crossing, fixed finite m; actual root also requires simple continuous root",False,0.05421178864835167,-0.012238333554769963,-0.18417322871672676,,,,,,
96.0,0.6,5,scaled_1,defined,0.10119658317627277,10.475327994646024,,,"simple first Airy peak/crossing, fixed finite m; actual root also requires simple continuous root",False,0.10911799994422942,0.007921416767956657,0.07827751213851226,,,,,,
96.0,0.6,5,actual_root,defined,0.09359114117564976,7.248792714277694,,,"simple first Airy peak/crossing, fixed finite m; actual root also requires simple continuous root",False,0.07550825744039265,-0.018082883735257113,-0.193211488909186,,,,,,
96.0,0.6,6,scaled_1,defined,0.1304601026369365,13.601044034518559,,,"simple first Airy peak/crossing, fixed finite m; actual root also requires simple continuous root",False,0.14167754202623498,0.011217439389298478,0.08598367748119909,,,,,,
96.0,0.6,6,actual_root,defined,0.12286304353814714,9.411748152838602,,,"simple first Airy peak/crossing, fixed finite m; actual root also requires simple continuous root",False,0.09803904325873543,-0.024824000279411715,-0.20204611219568425,,,,,,
96.0,0.7,2,scaled_1,defined,0.02312726537681009,2.3532962370600696,-1.446718192021048,1.103438128181133,"simple first Airy peak/crossing, fixed finite m; actual root also requires simple continuous root",False,0.024513502469375725,0.0013862370925656342,0.05993951597734621,0.022975428957199777,-0.0001518364196103142,-0.006565256079197408,0.02309515965687221,-3.2105719937881166e-05,-0.0013882194636843598
96.0,0.7,2,actual_root,defined,0.01780279635895013,1.3267498625963068,,,"simple first Airy peak/crossing, fixed finite m; actual root also requires simple continuous root",False,0.01382031106871153,-0.0039824852902386,-0.22369998566188484,,,,,,
96.0,0.7,3,scaled_1,defined,0.04847388954334697,5.013503734399543,-4.216431873722301,5.924854782820451,"simple first Airy peak/crossing, fixed finite m; actual root also requires simple continuous root",False,0.05222399723332857,0.003750107689981602,0.07736345742645906,0.04774131206586901,-0.0007325774774779581,-0.015112826397453889,0.04838419995462991,-8.968958871705818e-05,-0.0018502659795198559
96.0,0.7,3,actual_root,defined,0.038386343087866065,2.8265312653754417,,,"simple first Airy peak/crossing, fixed finite m; actual root also requires simple continuous root",False,0.029443034014327518,-0.008943309073538547,-0.23298153338199934,,,,,,
96.0,0.7,4,scaled_1,defined,0.07550782285501811,7.917783909050541,-8.326993281573513,15.71031483122,"simple first Airy peak/crossing, fixed finite m; actual root also requires simple continuous root",False,0.08247691571927647,0.0069690928642583555,0.0922963025650951,0.0736241012091034,-0.0018837216459147155,-0.024947370678818703,0.07532877946769932,-0.00017904338731879188,-0.0023711899052177876
96.0,0.7,4,actual_root,defined,0.061308358589342624,4.463916844792841,,,"simple first Airy peak/crossing, fixed finite m; actual root also requires simple continuous root",False,0.04649913379992543,-0.014809224789417194,-0.24155311168274396,,,,,,
96.0,0.7,5,scaled_1,defined,0.10394223822839288,11.028192957071242,-13.789182126696312,31.55610701184483,"simple first Airy peak/crossing, fixed finite m; actual root also requires simple continuous root",False,0.11487700996949211,0.010934771741099233,0.10520046448367021,0.10021708801605819,-0.003725150212334688,-0.03583865689085311,0.10364114476647539,-0.00030109346191749264,-0.002896738294743069
96.0,0.7,5,actual_root,defined,0.08629957314913338,6.217514505848565,,,"simple first Airy peak/crossing, fixed finite m; actual root also requires simple continuous root",False,0.06476577610258923,-0.02153379704654415,-0.24952379555031895,,,,,,
96.0,0.7,6,scaled_1,defined,0.1336044206769349,14.318877471612947,-20.610343278013836,54.4619392972137,"simple first Airy peak/crossing, fixed finite m; actual root also requires simple continuous root",False,0.14915497366263486,0.015550552985699961,0.1163925033835693,0.12724315749304496,-0.006361263183889937,-0.04761266993756089,0.13315265611470445,-0.00045176456223045003,-0.003381359388719998
96.0,0.7,6,actual_root,defined,0.11316177952832328,8.072748521337521,,,"simple first Airy peak/crossing, fixed finite m; actual root also requires simple continuous root",False,0.08409113043059918,-0.029070649097724097,-0.2568945912559461,,,,,,
96.0,0.8,2,scaled_1,defined,0.02430891644197286,2.536074340461172,,,"simple first Airy peak/crossing, fixed finite m; actual root also requires simple continuous root",False,0.02641744104647054,0.002108524604497678,0.08673873265930543,,,,,,
96.0,0.8,2,actual_root,defined,0.015451560501592604,1.0012781738525256,,,"simple first Airy peak/crossing, fixed finite m; actual root also requires simple continuous root",False,0.010429980977630475,-0.005021579523962129,-0.3249885034876931,,,,,,
96.0,0.8,3,scaled_1,defined,0.050746779989341184,5.402897423785917,,,"simple first Airy peak/crossing, fixed finite m; actual root also requires simple continuous root",False,0.05628018149776997,0.0055334015084287855,0.10903946042667174,,,,,,
96.0,0.8,3,actual_root,defined,0.03309904297258928,2.1331406495825096,,,"simple first Airy peak/crossing, fixed finite m; actual root also requires simple continuous root",False,0.02222021509981781,-0.010878827872771474,-0.32867499769647995,,,,,,
96.0,0.8,4,scaled_1,defined,0.07875368763526103,8.532750058762307,,,"simple first Airy peak/crossing, fixed finite m; actual root also requires simple continuous root",False,0.08888281311210737,0.010129125476846343,0.12861779277890154,,,,,,
96.0,0.8,4,actual_root,defined,0.05233207858573616,3.3688509285669976,,,"simple first Airy peak/crossing, fixed finite m; actual root also requires simple continuous root",False,0.03509219717257289,-0.017239881413163266,-0.3294323840953307,,,,,,
96.0,0.8,5,scaled_1,defined,0.10803119306081044,11.884741385140401,,,"simple first Airy peak/crossing, fixed finite m; actual root also requires simple continuous root",False,0.12379938942854585,0.01576819636773541,0.14595966147351108,,,,,,
96.0,0.8,5,actual_root,defined,0.07240223320655417,4.69226471833589,,,"simple first Airy peak/crossing, fixed finite m; actual root also requires simple continuous root",False,0.04887775748266552,-0.023524475723888653,-0.3249136757532931,,,,,,
96.0,0.8,6,scaled_1,defined,0.1384020172685092,15.431009988496488,,,"simple first Airy peak/crossing, fixed finite m; actual root also requires simple continuous root",False,0.16073968738017175,0.022337670111662544,0.16139699805333013,,,,,,
96.0,0.8,6,actual_root,defined,-0.021298664881124835,6.092381936710977,,,"simple first Airy peak/crossing, fixed finite m; actual root also requires simple continuous root",False,0.06346231184073935,0.08476097672186418,-3.9796380287189037,,,,,,
96.0,0.9,2,scaled_1,defined,0.026068011770481847,2.896903419870246,-6.047287886764773,43.08036743823597,"simple first Airy peak/crossing, fixed finite m; actual root also requires simple continuous root",False,0.030176077290315063,0.004108065519833216,0.1575902894322378,0.023746923796266767,-0.0023210879742150796,-0.08903970101944511,0.028421442832533693,0.002353431062051846,0.09028042041613459
96.0,0.9,2,actual_root,defined,0.011401088464146308,0.3998837489754696,,,"simple first Airy peak/crossing, fixed finite m; actual root also requires simple continuous root",False,0.004165455718494475,-0.007235632745651833,-0.6346440314366619,,,,,,
96.0,0.9,3,scaled_1,defined,0.05414632957914195,6.171614047136879,-14.812475614270287,94.78890508968811,"simple first Airy peak/crossing, fixed finite m; actual root also requires simple continuous root",False,0.06428764632434249,0.010141316745200538,0.18729462964572097,0.048539813389281275,-0.005606516189860675,-0.10354379019663774,0.05882506784779778,0.0046787382686558285,0.08640914915233987
96.0,0.9,3,actual_root,defined,0.023089072704708447,0.85191937897236,,,"simple first Airy peak/crossing, fixed finite m; actual root also requires simple continuous root",False,0.008874160197628751,-0.014214912507079696,-0.6156554093305322,,,,,,
96.0,0.9,4,scaled_1,defined,0.08364019918068696,9.746777699596784,-26.230151582425663,154.023589833309,"simple first Airy peak/crossing, fixed finite m; actual root also requires simple continuous root",False,0.10152893437079984,0.017888735190112873,0.21387724282516404,0.07364243816732778,-0.009997761013359183,-0.11953296514468043,0.09035506727250453,0.006714868091817566,0.08028278456524851
96.0,0.9,4,actual_root,no_peak_in_valid_interval,,1.3454290468267804,,,"simple first Airy peak/crossing, fixed finite m; actual root also requires simple continuous root",False,0.014014885904445629,,,,,,,,
96.0,0.9,5,scaled_1,defined,0.11424007446555681,13.575685623090193,-40.260818323453464,220.08717250685032,"simple first Airy peak/crossing, fixed finite m; actual root also requires simple continuous root",False,0.14141339190718952,0.027173317441632705,0.23786151723689059,0.09861024020608002,-0.015629834259476796,-0.13681568689968918,0.12249122680621569,0.008251152340658874,0.07222642649052703
96.0,0.9,5,actual_root,no_peak_in_valid_interval,,1.8739651534937416,,,"simple first Airy peak/crossing, fixed finite m; actual root also requires simple continuous root",False,0.01952047034889314,,,,,,,,
96.0,0.9,6,scaled_1,defined,0.14576705065934564,17.626512320454513,-56.87756382631835,292.4811921244049,"simple first Airy peak/crossing, fixed finite m; actual root also requires simple continuous root",False,0.18360950333806783,0.03784245267872219,0.2596090989530903,0.1231403153228498,-0.02262673533649584,-0.15522530801130097,0.15487655578773749,0.009109505128391843,0.06249358196647988
96.0,0.9,6,actual_root,no_peak_in_valid_interval,,2.433134560068062,,,"simple first Airy peak/crossing, fixed finite m; actual root also requires simple continuous root",False,0.025345151667375648,,,,,,,,
96.0,1.0,2,scaled_1,defined,0.029109925357297728,,,,"simple first Airy peak/crossing, fixed finite m; actual root also requires simple continuous root",False,,,,,,,,,
96.0,1.0,2,actual_root,no_peak_in_valid_interval,,,,,"simple first Airy peak/crossing, fixed finite m; actual root also requires simple continuous root",False,,,,,,,,,
96.0,1.0,3,scaled_1,defined,0.05994233521095382,,,,"simple first Airy peak/crossing, fixed finite m; actual root also requires simple continuous root",False,,,,,,,,,
96.0,1.0,3,actual_root,no_peak_in_valid_interval,,,,,"simple first Airy peak/crossing, fixed finite m; actual root also requires simple continuous root",False,,,,,,,,,
96.0,1.0,4,scaled_1,defined,0.09188870794007442,,,,"simple first Airy peak/crossing, fixed finite m; actual root also requires simple continuous root",False,,,,,,,,,
96.0,1.0,4,actual_root,no_peak_in_valid_interval,,,,,"simple first Airy peak/crossing, fixed finite m; actual root also requires simple continuous root",False,,,,,,,,,
96.0,1.0,5,scaled_1,defined,0.12465484414304906,,,,"simple first Airy peak/crossing, fixed finite m; actual root also requires simple continuous root",False,,,,,,,,,
96.0,1.0,5,actual_root,no_peak_in_valid_interval,,,,,"simple first Airy peak/crossing, fixed finite m; actual root also requires simple continuous root",False,,,,,,,,,
96.0,1.0,6,scaled_1,defined,0.15808334829760629,,,,"simple first Airy peak/crossing, fixed finite m; actual root also requires simple continuous root",False,,,,,,,,,
96.0,1.0,6,actual_root,root_branch_change,,,,,"simple first Airy peak/crossing, fixed finite m; actual root also requires simple continuous root",False,,,,,,,,,
