R0,eta,kind,value,source,tag,m,status,half,peak,advance,balanced_advance,advance_change,relative_advance_change,all_maxima,Pin,source_ids,separate_channel_power_normalization,radius_r0,transition_w,transmitted_input_fraction,beta,scale,peak_status,half_status,paired_advance_status
96,0.35,power,-0.05,balanced,R96_eta0.35_power-0.05,1,defined,0.07139919859976454,1.0318949493123972,0.0,0.0,0.0,,"[1.0318949493123972, 3.2259765569610837, 4.764150700423586, 6.06970993598204, 7.2375931122453565]",6.601920036562305,,,,,,,,defined,defined,defined
96,0.35,power,-0.05,balanced,R96_eta0.35_power-0.05,2,defined,0.05050445132716009,1.0169463645543557,0.02089474727260445,0.021120742572081526,-0.00022599529947707475,-0.010700158799142169,"[1.0169463645543557, 3.2207938410688293, 4.7603365259906525, 6.066457088621439, 7.234624676105615]",6.601920036562305,,,,,,,,defined,defined,defined
96,0.35,power,-0.05,balanced,R96_eta0.35_power-0.05,4,defined,0.000969765343935915,0.9817389676602384,0.07042943325582862,0.0705339343982784,-0.00010450114244978104,-0.001481572569873994,"[0.9817389676602384, 3.2100806742981383, 4.752966584197866, 6.060401776654263, 7.229172741658417]",6.601920036562305,,,,,,,,defined,defined,defined
96,0.35,phase,-0.3,,R96_eta0.35_phase-0.3,1,defined,-0.06938836095648374,0.8873090220890644,0.0,0.0,0.0,,"[0.8873090220890644, 3.0795644493601317, 4.617483862520501, 5.922914914872287, 7.090706188481981]",6.601920036562305,"['phase-0.3', 'phase+0.3']",True,,,,,,defined,defined,defined
96,0.35,phase,-0.3,,R96_eta0.35_phase-0.3,2,defined,-0.10241451986313323,0.857923439258017,0.03302615890664949,0.021120742572081526,0.011905416334567966,0.5636836060065972,"[0.857923439258017, 3.0601578982334705, 4.600546503206212, 5.907576324331423, 7.076624061851685]",6.601920036562305,"['phase-0.3', 'phase+0.3']",True,,,,,,defined,defined,defined
96,0.35,phase,-0.3,,R96_eta0.35_phase-0.3,4,defined,-0.16827024295273207,0.8016877958829297,0.09888188199624834,0.0705339343982784,0.028347947597969936,0.4019050948994255,"[0.8016877958829297, 3.026218459944893, 4.570397311074901, 5.879429415127111, 7.049881716956705]",6.601920036562305,"['phase-0.3', 'phase+0.3']",True,,,,,,defined,defined,defined
96,0.7,phase,-0.1,,R96_eta0.7_phase-0.1,1,defined,0.1014621128396703,1.1435239808120947,0.0,0.0,0.0,,"[1.1435239808120947, 3.2526397943193883, 4.77918325303469, 6.080986472324254, 7.24787312420478]",4.371319931785022,"['phase-0.1', 'phase+0.1']",True,,,,,,defined,defined,defined
96,0.7,phase,-0.1,,R96_eta0.7_phase-0.1,2,defined,0.07331189963491758,1.1189037668585118,0.028150213204752722,0.023127265231098565,0.005022947973654157,0.21718728623823383,"[1.1189037668585118, 3.2327251448874073, 4.757643583568115, 6.056920372842593, 7.2207795660498215]",4.371319931785022,"['phase-0.1', 'phase+0.1']",True,,,,,,defined,defined,defined
96,0.7,phase,-0.1,,R96_eta0.7_phase-0.1,4,defined,0.013533614549140704,1.0687656189234944,0.0879284982905296,0.07550782282588628,0.012420675464643316,0.1644952138705441,"[1.0687656189234944, 3.1946957950817527, 4.715581790853768, 6.00821378162052, 7.163650094696522]",4.371319931785022,"['phase-0.1', 'phase+0.1']",True,,,,,,defined,defined,defined
24,0.35,power,-0.02,balanced,R24_eta0.35_power-0.02,1,defined,-0.018318292306102803,0.960754603201474,0.0,0.0,0.0,,"[0.960754603201474, 3.130953901033842, 4.589721623922768, 5.8030757209381, 6.871501294383449, 7.839629755405182]",1.315558870687382,,,,,,,,defined,defined,defined
24,0.35,power,-0.02,balanced,R24_eta0.35_power-0.02,2,defined,-0.10179020225169029,0.9029447351602984,0.08347190994558748,0.0833838846802665,8.802526532097898e-05,0.0010556628017333294,"[0.9029447351602984, 3.1179380438531954, 4.5819723839619275, 5.797154264890002, 6.866149589443862, 7.834162412150959]",1.315558870687382,,,,,,,,defined,defined,defined
24,0.35,power,-0.02,balanced,R24_eta0.35_power-0.02,4,defined,-0.30433925841473675,0.7624026141079796,0.2860209661086339,0.28472893048700415,0.0012920356216297724,0.004537774294378367,"[0.7624026141079796, 3.1088037854623933, 4.626787420164409, 6.171594852500719, 7.278371828757739]",1.315558870687382,,,,,,,,defined,defined,defined
24,0.7,ring,0.005,,R24_eta0.7_ring+0.005,1,defined,0.07001303707330872,1.1328904679542136,0.0,0.0,0.0,,"[1.1328904679542136, 3.216379849858284, 4.653073525709354, 5.84954419101332, 6.901339509554037, 7.851100982560236]",0.8252866976571162,"['ring+0.005', 'ring-0.005']",True,,,,,,defined,defined,defined
24,0.7,ring,0.005,,R24_eta0.7_ring+0.005,2,defined,-0.00961485465211942,1.0729670057601963,0.07962789172542814,0.08896351592958343,-0.00933562420415529,-0.10493767143313716,"[1.0729670057601963, 3.18271902285446, 4.609261617307035, 5.783679100566832, 6.782212577805091]",0.8252866976571162,"['ring+0.005', 'ring-0.005']",True,,,,,,defined,defined,defined
24,0.7,ring,0.005,,R24_eta0.7_ring+0.005,4,defined,-0.19653337606042487,0.9437293940814432,0.2665464131337336,0.2919694058488882,-0.02542299271515458,-0.08707416669646721,"[0.9437293940814432, 3.117792695172871]",0.8252866976571162,"['ring+0.005', 'ring-0.005']",True,,,,,,defined,defined,defined
24,0.7,finite_aperture,,,R24_eta0.7_aperture3,1,defined,-6.4563691679193855,-6.114569615096822,0.0,0.0,0.0,,"[-6.114569615096822, -5.082586316511797, 1.0140214425316803, 3.2319709895398416, 5.024604063189108, 6.777830292366647]",0.8247615193634835,"['aperture3', 'aperture3']",,3,0.5,0.9993636413925929,,,defined,defined,defined
24,0.7,finite_aperture,,,R24_eta0.7_aperture3,2,defined,,-7.524212717346378,,0.08896351592958343,,,"[-7.524212717346378, -6.775985828766738, -5.717005556222511, 0.962951699227105, 3.1593430491025365, 4.844207699077835]",0.8247615193634835,"['aperture3', 'aperture3']",,3,0.5,0.9993636413925929,,,defined,no_valid_rising_crossing,missing_order_half
24,0.7,finite_aperture,,,R24_eta0.7_aperture3,4,defined,-6.003661772807826,-5.687052475573479,-0.45270739511155966,0.2919694058488882,-0.7446768009604479,-2.5505302474940237,"[-5.687052475573479, -4.488880311097918, 0.8520968035110258, 3.049276693428547]",0.8247615193634835,"['aperture3', 'aperture3']",,3,0.5,0.9993636413925929,,,defined,defined,defined
96,0.35,power,0.02,balanced,R96_eta0.35_power+0.02,1,defined,0.07076227346612071,1.0310543171639845,0.0,0.0,0.0,,"[1.0310543171639845, 3.225725209791197, 4.7639887842648845, 6.069588708859788, 7.237495852999123]",6.601920036562305,,,,,,,,defined,defined,defined
96,0.35,power,0.02,balanced,R96_eta0.35_power+0.02,2,defined,0.049560940152400645,1.015576047807904,0.021201333313720067,0.021120742572081526,8.059074163854069e-05,0.003815715350134973,"[1.015576047807904, 3.2203996973763567, 4.760091015658591, 6.066280616866004, 7.234490336936946]",6.601920036562305,,,,,,,,defined,defined,defined
96,0.35,power,0.02,balanced,R96_eta0.35_power+0.02,4,defined,0.0001952267951594866,0.980032050391335,0.07056704667096123,0.0705339343982784,3.3112272682822574e-05,0.00046945166132162877,"[0.980032050391335, 3.209612251008617, 4.752695340355423, 6.060235253683168, 7.22908467471111]",6.601920036562305,,,,,,,,defined,defined,defined
24,0.35,phase,0.1,,R24_eta0.35_phase+0.1,1,defined,0.08215574947241092,1.0621487636715725,0.0,0.0,0.0,,"[1.0621487636715725, 3.2379821696743836, 4.700876613166271, 5.917687833708646, 6.9891390176365205, 7.960007910172531]",1.315558870687382,"['phase+0.1', 'phase-0.1']",True,,,,,,defined,defined,defined
24,0.35,phase,0.1,,R24_eta0.35_phase+0.1,2,defined,0.013407865745312275,1.0181612209118323,0.06874788372709864,0.0833838846802665,-0.01463600095316786,-0.17552553481154368,"[1.0181612209118323, 3.2393377180100904, 4.708287382567428, 5.927440531603883, 6.999818099734395, 7.970833475847752]",1.315558870687382,"['phase+0.1', 'phase-0.1']",True,,,,,,defined,defined,defined
24,0.35,phase,0.1,,R24_eta0.35_phase+0.1,4,defined,-0.16328756198433644,0.9070586743124563,0.24544331145674736,0.28472893048700415,-0.03928561903025679,-0.13797550871652609,"[0.9070586743124563, 3.281557650295381, 4.824963552843288, 6.150094335907518, 7.294290893293567]",1.315558870687382,"['phase+0.1', 'phase-0.1']",True,,,,,,defined,defined,defined
24,0.35,power,0.05,balanced,R24_eta0.35_power+0.05,1,defined,-0.0191722580871736,0.9598644176713325,0.0,0.0,0.0,,"[0.9598644176713325, 3.1307330187722897, 4.589600740012903, 5.803001969526306, 6.871456310045694, 7.839604752961606]",1.315558870687382,,,,,,,,defined,defined,defined
24,0.35,power,0.05,balanced,R24_eta0.35_power+0.05,2,defined,-0.10234936257730612,0.9021811593381234,0.08317710449013252,0.0833838846802665,-0.00020678019013398163,-0.002479857959686998,"[0.9021811593381234, 3.1176348516447097, 4.581766779385382, 5.797016701004973, 6.866073741341136, 7.834151060111211]",1.315558870687382,,,,,,,,defined,defined,defined
24,0.35,power,0.05,balanced,R24_eta0.35_power+0.05,4,defined,-0.30098826578195537,0.7650577320731715,0.28181600769478177,0.28472893048700415,-0.0029129227922223833,-0.010230512183079118,"[0.7650577320731715, 3.106953915469813, 4.611527375188162, 6.145755775761976, 7.270752096060809]",1.315558870687382,,,,,,,,defined,defined,defined
96,0.35,scale,-0.02,,R96_eta0.35_scale-0.02,1,defined,-3.755045506796772,-2.8142415804183334,0.0,0.0,0.0,,"[-2.8142415804183334, -0.6603827964255345, 0.847680918036537, 2.126774737893518, 3.265310263386711, 4.310227066695107, 5.3237612407530905, 6.229659759038601, 7.107319313309958, 7.952326449245918]",6.601920036562305,"['scale-0.02', 'scale+0.02']",True,,,,,,defined,defined,defined
96,0.35,scale,-0.02,,R96_eta0.35_scale-0.02,2,defined,-3.777480550644259,-2.8311108430183642,0.022435043847486735,0.021120742572081526,0.0013143012754052094,0.06222798610985013,"[-2.8311108430183642, -0.6660035530403581, 0.8436352803079435, 2.122752593901779, 3.25584130970711, 4.294309558341292, 5.343414384163839, 6.227386860215689, 7.1026229216683054, 7.952622568189395]",6.601920036562305,"['scale-0.02', 'scale+0.02']",True,,,,,,defined,defined,defined
96,0.35,scale,-0.02,,R96_eta0.35_scale-0.02,4,defined,-3.826135360334078,-2.8656450767141575,0.0710898535373059,0.0705339343982784,0.0005559191390274998,0.007881584144851966,"[-2.8656450767141575, -0.6764633935457544, 0.8363880068585199, 2.1149628224247183, 3.230695460214261, 4.239632239682758, 5.477613861538535, 6.224763158481121, 7.076871272541416, 7.958845690133466]",6.601920036562305,"['scale-0.02', 'scale+0.02']",True,,,,,,defined,defined,defined
24,0.35,ring,0.01,,R24_eta0.35_ring+0.01,1,defined,0.12996271653421396,1.1006541324990606,0.0,0.0,0.0,,"[1.1006541324990606, 3.259565134628641, 4.712668888104651, 5.92183673050531, 6.9868614717715145, 7.952117135766043]",1.315558870687382,"['ring+0.01', 'ring-0.01']",True,,,,,,defined,defined,defined
24,0.35,ring,0.01,,R24_eta0.35_ring+0.01,2,defined,0.06921557485970106,1.0618755118070846,0.060747141674512894,0.0833838846802665,-0.022636743005753607,-0.271476234197455,"[1.0618755118070846, 3.2624002846318123, 4.72042639612925, 5.931397700829494, 6.9972090567240315, 7.962733176304327]",1.315558870687382,"['ring+0.01', 'ring-0.01']",True,,,,,,defined,defined,defined
24,0.35,ring,0.01,,R24_eta0.35_ring+0.01,4,defined,-0.0924848437536725,0.9620598197481924,0.22244756028788645,0.28472893048700415,-0.0622813701991177,-0.2187391709461726,"[0.9620598197481924, 3.3076170820403523, 4.837979915790158, 6.163142006682718, 7.303793171241485]",1.315558870687382,"['ring+0.01', 'ring-0.01']",True,,,,,,defined,defined,defined
96,0.7,common_phase,,,R96_eta0.7_common_phase,1,defined,0.39497937765589647,1.4402515590234366,0.0,0.0,0.0,,"[1.4402515590234366, 3.556268850697674, 5.087533902348632, 6.393360871659852, 7.563860172300014]",4.371319931785022,"['common_phase', 'common_phase']",,,,,0.3,,defined,defined,defined
96,0.7,common_phase,,,R96_eta0.7_common_phase,2,defined,0.3715610911103595,1.4204387093560646,0.02341828654553696,0.023127265231098565,0.0002910213144383944,0.012583472863322658,"[1.4204387093560646, 3.5420592465291576, 5.071982203241152, 6.375461493386813, 7.543071396598134]",4.371319931785022,"['common_phase', 'common_phase']",,,,,0.3,,defined,defined,defined
96,0.7,common_phase,,,R96_eta0.7_common_phase,4,defined,0.3186808817967552,1.377451651540459,0.07629849585914128,0.07550782282588628,0.0007906730332550016,0.0104714055267918,"[1.377451651540459, 3.5142716741629814, 5.041884609800334, 6.340251950458427, 7.500864334225659]",4.371319931785022,"['common_phase', 'common_phase']",,,,,0.3,,defined,defined,defined
96,0.35,ring,-0.01,,R96_eta0.35_ring-0.01,1,defined,-0.43307688082136575,0.5193948422345581,0.0,0.0,0.0,,"[0.5193948422345581, 2.7548634827645464, 4.309317296938665, 5.62057671086376, 6.789432041935931, 7.860714540202657]",6.601920036562305,"['ring-0.01', 'ring+0.01']",True,,,,,,defined,defined,defined
96,0.35,ring,-0.01,,R96_eta0.35_ring-0.01,2,defined,-0.468084715831106,0.48338505361710526,0.03500783500974025,0.021120742572081526,0.013887092437658725,0.6575096680556768,"[0.48338505361710526, 2.7516499896149034, 4.315598183496542, 5.630093510317753, 6.7989422548218466, 7.868095822558182]",6.601920036562305,"['ring-0.01', 'ring+0.01']",True,,,,,,defined,defined,defined
96,0.35,ring,-0.01,,R96_eta0.35_ring-0.01,4,defined,-0.5335497514952153,0.42144860184012245,0.10047287067384958,0.0705339343982784,0.029938936275571176,0.4244614529301222,"[0.42144860184012245, 2.7464695426904, 4.326558466347213, 5.649402000244653, 6.8219877351301506, 7.890221399042568]",6.601920036562305,"['ring-0.01', 'ring+0.01']",True,,,,,,defined,defined,defined
24,0.35,power,0.005,balanced,R24_eta0.35_power+0.005,1,defined,-0.018639410051697558,0.9604199004535788,0.0,0.0,0.0,,"[0.9604199004535788, 3.1308708890963084, 4.589676213032901, 5.803048024699854, 6.871484406062976, 7.839620371012564]",1.315558870687382,,,,,,,,defined,defined,defined
24,0.35,power,0.005,balanced,R24_eta0.35_power+0.005,2,defined,-0.10200177914038996,0.9026557955145942,0.0833623690886924,0.0833838846802665,-2.1515591574094994e-05,-0.0002580305733727328,"[0.9026557955145942, 3.1178232581442087, 4.581894503280202, 5.797102126538391, 6.866120820963016, 7.834158102696838]",1.315558870687382,,,,,,,,defined,defined,defined
24,0.35,power,0.005,balanced,R24_eta0.35_power+0.005,4,defined,-0.3030574304869084,0.7634200553662338,0.28441802043521086,0.28472893048700415,-0.00031091005179328945,-0.0010919510401050739,"[0.7634200553662338, 3.1080811894715765, 4.620308269233336, 6.16255356518875, 7.275617245453063]",1.315558870687382,,,,,,,,defined,defined,defined
24,0.35,scale,0.02,,R24_eta0.35_scale+0.02,1,defined,0.944571462624649,1.9149506019162368,0.0,0.0,0.0,,"[1.9149506019162368, 4.158636076326025, 5.637701955615529, 6.892343032048694]",1.315558870687382,"['scale+0.02', 'scale-0.02']",True,,,,,,defined,defined,defined
24,0.35,scale,0.02,,R24_eta0.35_scale+0.02,2,defined,0.8925561093194767,1.834291967167236,0.05201535330517226,0.0833838846802665,-0.03136853137509424,-0.37619417103647923,"[1.834291967167236, 4.148836211196861, 5.6231640053096115, 6.894373047276257]",1.315558870687382,"['scale+0.02', 'scale-0.02']",True,,,,,,defined,defined,defined
24,0.35,scale,0.02,,R24_eta0.35_scale+0.02,4,defined,0.8174461561826224,1.6968600017648836,0.12712530644202658,0.28472893048700415,-0.15760362404497757,-0.5535216381960563,"[1.6968600017648836, 4.144491777743345, 5.607803388934417, 6.9516251228792445]",1.315558870687382,"['scale+0.02', 'scale-0.02']",True,,,,,,defined,defined,defined
96,0.35,balanced,,balanced,R96_eta0.35_balanced,1,defined,0.07093346105722889,1.0312802460154658,0.0,0.0,0.0,,"[1.0312802460154658, 3.225792759304726, 4.764032306604134, 6.069621298835119, 7.237522002582225]",6.601920036562305,,,,,,,,defined,defined,defined
96,0.35,balanced,,balanced,R96_eta0.35_balanced,2,defined,0.049812718485147366,1.0159416791648428,0.021120742572081526,0.021120742572081526,0.0,0.0,"[1.0159416791648428, 3.220504808528634, 4.760156481883814, 6.066327670950588, 7.234526154101619]",6.601920036562305,,,,,,,,defined,defined,defined
96,0.35,balanced,,balanced,R96_eta0.35_balanced,4,defined,0.00039952665895048867,0.9804821750841355,0.0705339343982784,0.0705339343982784,0.0,0.0,"[0.9804821750841355, 3.209735388802563, 4.752766479416826, 6.060278825876397, 7.229107660088866]",6.601920036562305,,,,,,,,defined,defined,defined
24,0.7,ring,-0.005,,R24_eta0.7_ring-0.005,1,defined,-0.07315217383336492,0.9944277107792711,0.0,0.0,0.0,,"[0.9944277107792711, 3.0852502518270914, 4.526760748120431, 5.726961471042618, 6.7818331624257375, 7.734200194140994]",0.8252866976571162,"['ring-0.005', 'ring+0.005']",True,,,,,,defined,defined,defined
24,0.7,ring,-0.005,,R24_eta0.7_ring-0.005,2,defined,-0.1697513507378816,0.9184362927104163,0.09659917690451669,0.08896351592958343,0.007635660974933262,0.0858291277626331,"[0.9184362927104163, 3.0325920790184604, 4.461511993031683, 5.6360103455530615, 6.622138470088717]",0.8252866976571162,"['ring-0.005', 'ring+0.005']",True,,,,,,defined,defined,defined
24,0.7,ring,-0.005,,R24_eta0.7_ring-0.005,4,defined,-0.3848063441057713,0.7578413661413924,0.3116541702724064,0.2919694058488882,0.019684764423518186,0.06742064075612854,"[0.7578413661413924, 2.8632885974010627]",0.8252866976571162,"['ring-0.005', 'ring+0.005']",True,,,,,,defined,defined,defined
24,0.7,finite_aperture,,,R24_eta0.7_aperture1.5,1,no_peak_in_valid_interval,,,,0.0,,,[],0.7421540434416004,"['aperture1.5', 'aperture1.5']",,1.5,0.5,0.8992681519628043,,,no_peak_in_valid_interval,no_selected_peak,missing_order_half
24,0.7,finite_aperture,,,R24_eta0.7_aperture1.5,2,no_peak_in_valid_interval,,,,0.08896351592958343,,,[],0.7421540434416004,"['aperture1.5', 'aperture1.5']",,1.5,0.5,0.8992681519628043,,,no_peak_in_valid_interval,no_selected_peak,missing_order_half
24,0.7,finite_aperture,,,R24_eta0.7_aperture1.5,4,defined,-2.8841767581272837,3.567191361889463,,0.2919694058488882,,,[3.567191361889463],0.7421540434416004,"['aperture1.5', 'aperture1.5']",,1.5,0.5,0.8992681519628043,,,defined,defined,missing_reference_half
96,0.7,power,0.01,balanced,R96_eta0.7_power+0.01,1,defined,0.14937909220709938,1.1920918355524048,0.0,0.0,0.0,,"[1.1920918355524048, 3.3026367145364817, 4.829930475926546, 6.132352973933651, 7.299795738949817]",4.371319931785022,,,,,,,,defined,defined,defined
96,0.7,power,0.01,balanced,R96_eta0.7_power+0.01,2,defined,0.12610300944966568,1.1725883133368211,0.023276082757433703,0.023127265231098565,0.00014881752633513767,0.006434722170913103,"[1.1725883133368211, 3.2886489469735123, 4.81460484330399, 6.114695630474498, 7.279244630522397]",4.371319931785022,,,,,,,,defined,defined,defined
96,0.7,power,0.01,balanced,R96_eta0.7_power+0.01,4,defined,0.07352934530577121,1.130352320270067,0.07584974690132817,0.07550782282588628,0.0003419240754418962,0.004528326505060807,"[1.130352320270067, 3.2612849928194723, 4.784841366581283, 6.079721260601062, 7.237154260036263]",4.371319931785022,,,,,,,,defined,defined,defined
24,0.7,power,-0.01,balanced,R24_eta0.7_power-0.01,1,defined,-0.002120584818655069,1.0642378213428423,0.0,0.0,0.0,,"[1.0642378213428423, 3.1512987877311924, 4.590178545517452, 5.788239987053901, 6.841242079485352, 7.791861350917298]",0.8252866976571162,,,,,,,,defined,defined,defined
24,0.7,power,-0.01,balanced,R24_eta0.7_power-0.01,2,defined,-0.0909269238031778,0.9965142011061552,0.08880633898452273,0.08896351592958343,-0.00015717694506070523,-0.0017667573433711211,"[0.9965142011061552, 3.1080408359659746, 4.534472377153471, 5.706150561391661, 6.677828611405854]",0.8252866976571162,,,,,,,,defined,defined,defined
24,0.7,power,-0.01,balanced,R24_eta0.7_power-0.01,4,defined,-0.29396149305550234,0.851256077545154,0.2918409082368473,0.2919694058488882,-0.00012849761204092314,-0.0004401064271351376,"[0.851256077545154, 2.985508696447987]",0.8252866976571162,,,,,,,,defined,defined,defined
24,0.35,power,-0.005,balanced,R24_eta0.35_power-0.005,1,defined,-0.018513254274369118,0.9605513983048263,0.0,0.0,0.0,,"[0.9605513983048263, 3.130903508246664, 4.5896940598533735, 5.803058910820115, 6.871491044785672, 7.8396240602892195]",1.315558870687382,,,,,,,,defined,defined,defined
24,0.35,power,-0.005,balanced,R24_eta0.35_power-0.005,2,defined,-0.10191884860303646,0.9027690472526887,0.08340559432866734,0.0833838846802665,2.1709648400841663e-05,0.00026035784353399684,"[0.9027690472526887, 3.1178682408948006, 4.58192501760221, 5.797122550327817, 6.866132087159177, 7.834159789803986]",1.315558870687382,,,,,,,,defined,defined,defined
24,0.35,power,-0.005,balanced,R24_eta0.35_power-0.005,4,defined,-0.3035578227188929,0.7630231383650894,0.2850445684445238,0.28472893048700415,0.0003156379575196544,0.001108555976309759,"[0.7630231383650894, 3.108361004861309, 4.622731417327069, 6.166196037197155, 7.276714202715009]",1.315558870687382,,,,,,,,defined,defined,defined
24,0.7,phase,0.3,,R24_eta0.7_phase+0.3,1,defined,0.2983904508823335,1.3482250229124055,0.0,0.0,0.0,,"[1.3482250229124055, 3.4408513333543027, 4.887825782862991, 6.095412652286966, 7.159101437150079]",0.8252866976571162,"['phase+0.3', 'phase-0.3']",True,,,,,,defined,defined,defined
24,0.7,phase,0.3,,R24_eta0.7_phase+0.3,2,defined,0.25231169288618516,1.3035750292601307,0.046078757996148356,0.08896351592958343,-0.042884757933435075,-0.48204882063540855,"[1.3035750292601307, 3.4146821928512745, 4.850177693581305, 6.0389298674856, 7.07041748377456]",0.8252866976571162,"['phase+0.3', 'phase-0.3']",True,,,,,,defined,defined,defined
24,0.7,phase,0.3,,R24_eta0.7_phase+0.3,4,defined,0.13144448846626788,1.2108258956813294,0.16694596241606563,0.2919694058488882,-0.12502344343282257,-0.42820734271566024,"[1.2108258956813294, 3.3919181270970755, 4.768693885648408]",0.8252866976571162,"['phase+0.3', 'phase-0.3']",True,,,,,,defined,defined,defined
24,0.7,finite_aperture,,,R24_eta0.7_aperture2,1,defined,0.3528958102704717,2.8910713596831292,0.0,0.0,0.0,,[2.8910713596831292],0.8103864893823819,"['aperture2', 'aperture2']",,2,0.5,0.9819454156755052,,,defined,defined,defined
24,0.7,finite_aperture,,,R24_eta0.7_aperture2,2,defined,0.028643187028445816,2.4408355317926875,0.32425262324202586,0.08896351592958343,0.23528910731244243,2.644782019391847,[2.4408355317926875],0.8103864893823819,"['aperture2', 'aperture2']",,2,0.5,0.9819454156755052,,,defined,defined,defined
24,0.7,finite_aperture,,,R24_eta0.7_aperture2,4,defined,-0.5256541362858215,1.7328613346700708,0.8785499465562931,0.2919694058488882,0.586580540707405,2.0090479651521975,[1.7328613346700708],0.8103864893823819,"['aperture2', 'aperture2']",,2,0.5,0.9819454156755052,,,defined,defined,defined
24,0.7,scale,0.01,,R24_eta0.7_scale+0.01,1,defined,0.556818794384823,1.5584089123211349,0.0,0.0,0.0,,"[1.5584089123211349, 3.647084888953707, 5.1079062751856785, 6.328423214476022, 7.39914092443372]",0.8252866976571162,"['scale+0.01', 'scale-0.01']",True,,,,,,defined,defined,defined
24,0.7,scale,0.01,,R24_eta0.7_scale+0.01,2,defined,0.5291532278280041,1.5028243003016883,0.027665566556818844,0.08896351592958343,-0.06129794937276459,-0.6890234579002392,"[1.5028243003016883, 3.599516120035295, 5.0503449440734, 6.259766328427679, 7.309849907496866]",0.8252866976571162,"['scale+0.01', 'scale-0.01']",True,,,,,,defined,defined,defined
24,0.7,scale,0.01,,R24_eta0.7_scale+0.01,4,defined,0.44825710880343567,1.403650824031307,0.10856168558138729,0.2919694058488882,-0.1834077202675009,-0.6281744477105436,"[1.403650824031307, 3.529187026341497]",0.8252866976571162,"['scale+0.01', 'scale-0.01']",True,,,,,,defined,defined,defined
96,0.7,scale,-0.01,,R96_eta0.7_scale-0.01,1,defined,-1.7757404121123819,-0.7474006021625835,0.0,0.0,0.0,,"[-0.7474006021625835, 1.3368465424999039, 2.855873558717054, 4.161961032818258, 5.321256763697007, 6.347069131077005, 7.369542143932633]",4.371319931785022,"['scale-0.01', 'scale+0.01']",True,,,,,,defined,defined,defined
96,0.7,scale,-0.01,,R96_eta0.7_scale-0.01,2,defined,-1.8040680923325974,-0.7747779455951901,0.02832768022021548,0.023127265231098565,0.005200414989116914,0.2248607838908712,"[-0.7747779455951901, 1.3125928771187134, 2.8353534845863035, 4.153141123733164, 5.311097799970574, 6.305940493797646, 7.351590910370617]",4.371319931785022,"['scale-0.01', 'scale+0.01']",True,,,,,,defined,defined,defined
96,0.7,scale,-0.01,,R96_eta0.7_scale-0.01,4,defined,-1.8618240124034637,-0.8263026181278579,0.08608360029108186,0.07550782282588628,0.010575777465195585,0.1400620103903976,"[-0.8263026181278579, 1.270937461865091, 2.7999938086326606, 4.144869456201773, 5.302704995059578, 6.2200126882509785, 7.330663619332865]",4.371319931785022,"['scale-0.01', 'scale+0.01']",True,,,,,,defined,defined,defined
96,0.7,power,-0.01,balanced,R96_eta0.7_power-0.01,1,defined,0.1497858888769975,1.1927134909408252,0.0,0.0,0.0,,"[1.1927134909408252, 3.302950719904424, 4.830201337777146, 6.132611780970053, 7.300053016090419]",4.371319931785022,,,,,,,,defined,defined,defined
96,0.7,power,-0.01,balanced,R96_eta0.7_power-0.01,2,defined,0.1268118724388816,1.1737065558578548,0.02297401643811592,0.023127265231098565,-0.0001532487929826465,-0.006626325743719031,"[1.1737065558578548, 3.2891738145329823, 4.815033732933003, 6.115084340121245, 7.279610969552786]",4.371319931785022,,,,,,,,defined,defined,defined
96,0.7,power,-0.01,balanced,R96_eta0.7_power-0.01,4,defined,0.07463165132420102,1.1322324943307431,0.07515423755279649,0.07550782282588628,-0.0003535852730897904,-0.004682763452273333,"[1.1322324943307431, 3.2620502143483896, 4.7853791409801225, 6.080108020223558, 7.237393209487668]",4.371319931785022,,,,,,,,defined,defined,defined
24,0.35,common_scale,,,R24_eta0.35_common_scale0.99,1,defined,-0.9736285940529946,-0.011346473776718517,0.0,0.0,0.0,,"[-0.011346473776718517, 2.113985545242216, 3.5434293308405738, 4.73246588521565, 5.779490054054416, 6.728239471459081, 7.603139615367513]",1.315558870687382,"['common_scale0.99', 'common_scale0.99']",,,,,,0.99,defined,defined,defined
24,0.35,common_scale,,,R24_eta0.35_common_scale0.99,2,defined,-1.058783706217681,-0.06695508405987134,0.08515511216468641,0.0833838846802665,0.0017712274844199072,0.02124184416703103,"[-0.06695508405987134, 2.101050858410971, 3.535221928727209, 4.7255146141419555, 5.772368814651857, 6.719931553182636, 7.59259988977657]",1.315558870687382,"['common_scale0.99', 'common_scale0.99']",,,,,,0.99,defined,defined,defined
24,0.35,common_scale,,,R24_eta0.35_common_scale0.99,4,defined,-1.2744523150023142,-0.20854119007798977,0.30082372094931953,0.28472893048700415,0.016094790462315378,0.05652671273968063,"[-0.20854119007798977, 2.0943913999718737, 3.9318936369795505, 5.174510051598586, 6.206053668218989, 7.1336533430145055]",1.315558870687382,"['common_scale0.99', 'common_scale0.99']",,,,,,0.99,defined,defined,defined
96,0.7,finite_aperture,,,R96_eta0.7_aperture1.5,1,no_peak_in_valid_interval,,,,0.0,,,[],4.3111873549476964,"['aperture1.5', 'aperture1.5']",,1.5,0.5,0.986243839898314,,,no_peak_in_valid_interval,no_selected_peak,missing_order_half
96,0.7,finite_aperture,,,R96_eta0.7_aperture1.5,2,no_peak_in_valid_interval,,,,0.023127265231098565,,,[],4.3111873549476964,"['aperture1.5', 'aperture1.5']",,1.5,0.5,0.986243839898314,,,no_peak_in_valid_interval,no_selected_peak,missing_order_half
96,0.7,finite_aperture,,,R96_eta0.7_aperture1.5,4,no_peak_in_valid_interval,,,,0.07550782282588628,,,[],4.3111873549476964,"['aperture1.5', 'aperture1.5']",,1.5,0.5,0.986243839898314,,,no_peak_in_valid_interval,no_selected_peak,missing_order_half
24,0.7,power,0.01,balanced,R24_eta0.7_power+0.01,1,defined,-0.0027291702641147886,1.0634335755385047,0.0,0.0,0.0,,"[1.0634335755385047, 3.1511125823099966, 4.590105364138879, 5.788231807261578, 6.841287387697627, 7.791962200631971]",0.8252866976571162,,,,,,,,defined,defined,defined
24,0.7,power,0.01,balanced,R24_eta0.7_power+0.01,2,defined,-0.09184512835886571,0.9951965934158027,0.08911595809475092,0.08896351592958343,0.00015244216516749343,0.0017135357519834844,"[0.9951965934158027, 3.1079191507883857, 4.534714972457161, 5.706882369824977, 6.683176791718771]",0.8252866976571162,,,,,,,,defined,defined,defined
24,0.7,power,0.01,balanced,R24_eta0.7_power+0.01,4,defined,-0.2948209867651709,0.84945031045304,0.2920918165010561,0.2919694058488882,0.00012241065216789249,0.0004192584898133039,"[0.84945031045304, 2.9883992359965337]",0.8252866976571162,,,,,,,,defined,defined,defined
96,0.7,ring,-0.005,,R96_eta0.7_ring-0.005,1,defined,-0.11873285443026892,0.9165701115806211,0.0,0.0,0.0,,"[0.9165701115806211, 3.0359763501818886, 4.571320570444151, 5.879639607087103, 7.0516189385233945]",4.371319931785022,"['ring-0.005', 'ring+0.005']",True,,,,,,defined,defined,defined
96,0.7,ring,-0.005,,R96_eta0.7_ring-0.005,2,defined,-0.16010026038936498,0.8729140392163494,0.04136740595909606,0.023127265231098565,0.018240140727997498,0.7886855858543321,"[0.8729140392163494, 3.003423598322523, 4.542777655853743, 5.852671624215487, 7.024888467220126]",4.371319931785022,"['ring-0.005', 'ring+0.005']",True,,,,,,defined,defined,defined
96,0.7,ring,-0.005,,R96_eta0.7_ring-0.005,4,defined,-0.23728045868537967,0.7962566992078218,0.11854760425511075,0.07550782282588628,0.043039781429224475,0.5700042700008718,"[0.7962566992078218, 2.951216000608735, 4.497893613161888, 5.810598316862724, 6.983330956166487]",4.371319931785022,"['ring-0.005', 'ring+0.005']",True,,,,,,defined,defined,defined
24,0.7,phase,-0.1,,R24_eta0.7_phase-0.1,1,defined,-0.09688995840253231,0.9652575962006755,0.0,0.0,0.0,,"[0.9652575962006755, 3.0443650468828007, 4.479156897281807, 5.674317917873556, 6.725239745233691, 7.674584259635832]",0.8252866976571162,"['phase-0.1', 'phase+0.1']",True,,,,,,defined,defined,defined
24,0.7,phase,-0.1,,R24_eta0.7_phase-0.1,2,defined,-0.19482068106442307,0.8872344360786915,0.09793072266189076,0.08896351592958343,0.008967206732307331,0.10079645165333924,"[0.8872344360786915, 2.987369556665002, 4.410112560705975, 5.582994817023673, 6.586598152998282]",0.8252866976571162,"['phase-0.1', 'phase+0.1']",True,,,,,,defined,defined,defined
24,0.7,phase,-0.1,,R24_eta0.7_phase-0.1,4,defined,-0.41134396691638,0.7234321928864044,0.31445400851384764,0.2919694058488882,0.02248460266495944,0.0770101326184723,"[0.7234321928864044, 2.8011812054022207]",0.8252866976571162,"['phase-0.1', 'phase+0.1']",True,,,,,,defined,defined,defined
24,0.7,scale,-0.01,,R24_eta0.7_scale-0.01,1,defined,-0.5113397525596411,0.5333102069015658,0.0,0.0,0.0,,"[0.5333102069015658, 2.6504815959348274, 4.0882817026294225, 5.265109088317143, 6.2917118772266445, 7.223397423259691]",0.8252866976571162,"['scale-0.01', 'scale+0.01']",True,,,,,,defined,defined,defined
24,0.7,scale,-0.01,,R24_eta0.7_scale-0.01,2,defined,-0.6174851041568118,0.44043895839458397,0.10614535159717065,0.08896351592958343,0.017181835667587214,0.19313350521338446,"[0.44043895839458397, 2.626492643065337, 4.068673981821416, 5.203707378270956]",0.8252866976571162,"['scale-0.01', 'scale+0.01']",True,,,,,,defined,defined,defined
24,0.7,scale,-0.01,,R24_eta0.7_scale-0.01,4,defined,-0.8395502368958232,0.26008434935355484,0.32821048433618205,0.2919694058488882,0.036241078487293854,0.12412628775924146,"[0.26008434935355484, 2.619319767670335, 4.105191620756232]",0.8252866976571162,"['scale-0.01', 'scale+0.01']",True,,,,,,defined,defined,defined
96,0.7,scale,0.01,,R96_eta0.7_scale+0.01,1,defined,2.0762270804821084,3.1386470172238585,0.0,0.0,0.0,,"[3.1386470172238585, 5.2531959383401, 6.7980074106476645]",4.371319931785022,"['scale+0.01', 'scale-0.01']",True,,,,,,defined,defined,defined
96,0.7,scale,0.01,,R96_eta0.7_scale+0.01,2,defined,2.046872528233641,3.1223367674761873,0.029354552248467503,0.023127265231098565,0.006227287017368938,0.2692617114536865,"[3.1223367674761873, 5.232715325208089, 6.7819013893254905]",4.371319931785022,"['scale+0.01', 'scale-0.01']",True,,,,,,defined,defined,defined
96,0.7,scale,0.01,,R96_eta0.7_scale+0.01,4,defined,1.982904520234638,3.0777165320855624,0.09332256024747032,0.07550782282588628,0.017814737421584043,0.2359323412444708,"[3.0777165320855624, 5.194950105997685, 6.756650935920236]",4.371319931785022,"['scale+0.01', 'scale-0.01']",True,,,,,,defined,defined,defined
96,0.7,finite_aperture,,,R96_eta0.7_aperture3,1,defined,,-6.67987768405709,,0.0,,,"[-6.67987768405709, -5.877370813174682, -4.979163128503826, 1.1955740909300625, 3.2993742756623976, 4.831047955795468, 6.1325241978655995, 7.306936661285088]",4.371317805179697,"['aperture3', 'aperture3']",,3,0.5,0.9999995135095672,,,defined,no_valid_rising_crossing,missing_order_half
96,0.7,finite_aperture,,,R96_eta0.7_aperture3,2,defined,-6.081458218043796,-5.855371052232796,,0.023127265231098565,,,"[-5.855371052232796, 1.1750660717862849, 3.28669250559967, 4.81583068171125, 6.114323558423246, 7.28579046863054]",4.371317805179697,"['aperture3', 'aperture3']",,3,0.5,0.9999995135095672,,,defined,defined,missing_reference_half
96,0.7,finite_aperture,,,R96_eta0.7_aperture3,4,defined,,-7.906209449292386,,0.07550782282588628,,,"[-7.906209449292386, -7.130855245010284, -6.310529919451474, -5.4387045345756455, 1.130387942406027, 3.2619526360960287, 4.784877956051546, 6.080060196272581, 7.239063837332398]",4.371317805179697,"['aperture3', 'aperture3']",,3,0.5,0.9999995135095672,,,defined,no_valid_rising_crossing,missing_order_half
96,0.35,power,-0.005,balanced,R96_eta0.35_power-0.005,1,defined,0.0709775344175462,1.0313384140029953,0.0,0.0,0.0,,"[1.0313384140029953, 3.2258101510272703, 4.764043511258855, 6.069629688440285, 7.237528733887835]",6.601920036562305,,,,,,,,defined,defined,defined
96,0.35,power,-0.005,balanced,R96_eta0.35_power-0.005,2,defined,0.04987775456051913,1.0160361291509323,0.021099779857027073,0.021120742572081526,-2.096271505445252e-05,-0.0009925178995440294,"[1.0160361291509323, 3.220531967396153, 4.760173398032928, 6.066339829818679, 7.23453540965473]",6.601920036562305,,,,,,,,defined,defined,defined
96,0.35,power,-0.005,balanced,R96_eta0.35_power-0.005,4,defined,0.0004525782233996647,0.9805990739579423,0.07052495619414653,0.0705339343982784,-8.978204131870893e-06,-0.000127289143990953,"[0.9805990739579423, 3.209767413467069, 4.752784999892887, 6.060290181386187, 7.229113657142781]",6.601920036562305,,,,,,,,defined,defined,defined
96,0.35,phase,0.1,,R96_eta0.35_phase+0.1,1,defined,0.12037536390794781,1.0806408893776618,0.0,0.0,0.0,,"[1.0806408893776618, 3.275774780844723, 4.814553545749473, 6.120610460438085, 7.288934711378439]",6.601920036562305,"['phase+0.1', 'phase-0.1']",True,,,,,,defined,defined,defined
96,0.35,phase,0.1,,R96_eta0.35_phase+0.1,2,defined,0.1054017316172332,1.071191713891005,0.01497363229071462,0.021120742572081526,-0.006147110281366906,-0.29104612493561044,"[1.071191713891005, 3.276465032516374, 4.816814197906101, 6.123587836239846, 7.292341106066269]",6.601920036562305,"['phase+0.1', 'phase-0.1']",True,,,,,,defined,defined,defined
96,0.35,phase,0.1,,R96_eta0.35_phase+0.1,4,defined,0.06536983623230208,1.0451283227354446,0.05500552767564573,0.0705339343982784,-0.01552840672263267,-0.22015511902327242,"[1.0451283227354446, 3.2765561653970687, 4.821754618561997, 6.1313592270194786, 7.3023006874425205]",6.601920036562305,"['phase+0.1', 'phase-0.1']",True,,,,,,defined,defined,defined
24,0.35,power,0.02,balanced,R24_eta0.35_power+0.02,1,defined,-0.01882318001769803,0.9602283371627095,0.0,0.0,0.0,,"[0.9602283371627095, 3.1308233575452418, 4.589650200683491, 5.80303215481357, 6.871474726449637, 7.839614991120026]",1.315558870687382,,,,,,,,defined,defined,defined
24,0.35,power,0.02,balanced,R24_eta0.35_power+0.02,2,defined,-0.10212214473455505,0.902491426758958,0.08329896471685702,0.0833838846802665,-8.491996340947994e-05,-0.0010184217698072414,"[0.902491426758958, 3.117757990983246, 4.5818502424588825, 5.797072512187733, 6.866104492095046, 7.834155658698736]",1.315558870687382,,,,,,,,defined,defined,defined
24,0.35,power,0.02,balanced,R24_eta0.35_power+0.02,4,defined,-0.30233578803594924,0.7639918719011118,0.28351260801825123,0.28472893048700415,-0.0012163224687529173,-0.004271861193284796,"[0.7639918719011118, 3.107682661297321, 4.617031615093647, 6.157027139869125, 7.273983462616988]",1.315558870687382,,,,,,,,defined,defined,defined
96,0.35,power,0.05,balanced,R96_eta0.35_power+0.05,1,defined,0.07051986644853958,1.030734406852593,0.0,0.0,0.0,,"[1.030734406852593, 3.2256295645332234, 4.763927150452515, 6.069542550953437, 7.237458813001494]",6.601920036562305,,,,,,,,defined,defined,defined
96,0.35,power,0.05,balanced,R96_eta0.35_power+0.05,2,defined,0.04920666091712089,1.0150616163751498,0.02131320553141869,0.021120742572081526,0.00019246295933716268,0.00911250912132086,"[1.0150616163751498, 3.2202518773098983, 4.759998957746147, 6.066214453290752, 7.234439977195311]",6.601920036562305,,,,,,,,defined,defined,defined
96,0.35,power,0.05,balanced,R96_eta0.35_power+0.05,4,defined,-8.936491674579189e-05,0.9794051525878519,0.07060923136528538,0.0705339343982784,7.529696700697697e-05,0.0010675282422472497,"[0.9794051525878519, 3.2094412152834266, 4.752596723868521, 6.060174970891105, 7.229052941681805]",6.601920036562305,,,,,,,,defined,defined,defined
96,0.7,phase,0.3,,R96_eta0.7_phase+0.3,1,defined,0.29886205976678715,1.3366688747777127,0.0,0.0,0.0,,"[1.3366688747777127, 3.44551924641646, 4.972090091958296, 6.273910328375192, 7.440786652251874]",4.371319931785022,"['phase+0.3', 'phase-0.3']",True,,,,,,defined,defined,defined
96,0.7,phase,0.3,,R96_eta0.7_phase+0.3,2,defined,0.29450525810966544,1.331417819579532,0.004356801657121712,0.023127265231098565,-0.018770463573976853,-0.8116162194887078,"[1.331417819579532, 3.443423933314274, 4.967485768687659, 6.266144158773777, 7.429527187696211]",4.371319931785022,"['phase+0.3', 'phase-0.3']",True,,,,,,defined,defined,defined
96,0.7,phase,0.3,,R96_eta0.7_phase+0.3,4,defined,0.270829039578949,1.3112628799967814,0.028033020187838154,0.07550782282588628,-0.047474802638048125,-0.6287401869276568,"[1.3112628799967814, 3.4371583791944937, 4.9595607267096105, 6.254538910649142, 7.413218164418613]",4.371319931785022,"['phase+0.3', 'phase-0.3']",True,,,,,,defined,defined,defined
96,0.7,finite_aperture,,,R96_eta0.7_aperture2,1,defined,0.8223414528230808,3.045150874739396,0.0,0.0,0.0,,"[3.045150874739396, 7.229043585840982]",4.369428535060975,"['aperture2', 'aperture2']",,2,0.5,0.9995673167936544,,,defined,defined,defined
96,0.7,finite_aperture,,,R96_eta0.7_aperture2,2,defined,0.7412940592523081,2.917054999316568,0.08104739357077273,0.023127265231098565,0.057920128339674165,2.504408876748239,"[2.917054999316568, 7.056912874255819]",4.369428535060975,"['aperture2', 'aperture2']",,2,0.5,0.9995673167936544,,,defined,defined,defined
96,0.7,finite_aperture,,,R96_eta0.7_aperture2,4,defined,0.5777943400265058,2.6870976115442113,0.24454711279657504,0.07550782282588628,0.16903928997068876,2.2386990333501866,"[2.6870976115442113, 6.8018320580829075]",4.369428535060975,"['aperture2', 'aperture2']",,2,0.5,0.9995673167936544,,,defined,defined,defined
96,0.7,ring,0.005,,R96_eta0.7_ring+0.005,1,defined,0.44395714712544854,1.4611707075421376,0.0,0.0,0.0,,"[1.4611707075421376, 3.5524245216757167, 5.070456676436239, 6.366374865081658, 7.528765169469215]",4.371319931785022,"['ring+0.005', 'ring-0.005']",True,,,,,,defined,defined,defined
96,0.7,ring,0.005,,R96_eta0.7_ring+0.005,2,defined,0.4577134560557036,1.4612290281142584,-0.01375630893025509,0.023127265231098565,-0.036883574161353655,-1.5948091481113547,"[1.4612290281142584, 3.5484828811170415, 5.061599441611773, 6.353061245484112, 7.511189211091658]",4.371319931785022,"['ring+0.005', 'ring-0.005']",True,,,,,,defined,defined,defined
96,0.7,ring,0.005,,R96_eta0.7_ring+0.005,4,defined,0.4597792674305677,1.448346701980729,-0.015822120305119147,0.07550782282588628,-0.09132994313100543,-1.2095427958716731,"[1.448346701980729, 3.5395766835075317, 5.047753942524786, 6.333541678536427, 7.485470102920848]",4.371319931785022,"['ring+0.005', 'ring-0.005']",True,,,,,,defined,defined,defined
24,0.35,common_scale,,,R24_eta0.35_common_scale1.01,1,defined,0.9460667094523171,1.9423604420174612,0.0,0.0,0.0,,"[1.9423604420174612, 4.158089542364868, 5.646497179192044, 6.884413966881951, 7.9744635789479865]",1.315558870687382,"['common_scale1.01', 'common_scale1.01']",,,,,,1.01,defined,defined,defined
24,0.35,common_scale,,,R24_eta0.35_common_scale1.01,2,defined,0.8641908269050661,1.8829632013875748,0.08187588254725098,0.0833838846802665,-0.0015080021330155235,-0.018085054909565815,"[1.8829632013875748, 4.144987279350302, 5.639018549646853, 6.8790839920223865, 7.970089159993929]",1.315558870687382,"['common_scale1.01', 'common_scale1.01']",,,,,,1.01,defined,defined,defined
24,0.35,common_scale,,,R24_eta0.35_common_scale1.01,4,defined,0.6749035362733136,1.7468989497460676,0.2711631731790035,0.28472893048700415,-0.013565757308000637,-0.04764446410414841,"[1.7468989497460676, 4.134177478030293, 5.650901994481543, 6.933248516998309]",1.315558870687382,"['common_scale1.01', 'common_scale1.01']",,,,,,1.01,defined,defined,defined
24,0.35,power,-0.05,balanced,R24_eta0.35_power-0.05,1,defined,-0.017906321523238043,0.9611839409165244,0.0,0.0,0.0,,"[0.9611839409165244, 3.131060317091345, 4.58977980319298, 5.80311118884319, 6.871522913075905, 7.839641764497639]",1.315558870687382,,,,,,,,defined,defined,defined
24,0.35,power,-0.05,balanced,R24_eta0.35_power-0.05,2,defined,-0.10151640812963096,0.9033186692258587,0.08361008660639292,0.0833838846802665,0.00022620192612642087,0.0027127774988390946,"[0.9033186692258587, 3.1180866976194634, 4.582073317540809, 5.797221892143471, 6.866186942794815, 7.834168014419646]",1.315558870687382,,,,,,,,defined,defined,defined
24,0.35,power,-0.05,balanced,R24_eta0.35_power-0.05,4,defined,-0.3060237291557128,0.7610621835445928,0.28811740763247473,0.28472893048700415,0.003388477145470581,0.011900712511633028,"[0.7610621835445928, 3.1097830912501916, 4.636851270601761, 6.182167594780876, 7.281731050692142]",1.315558870687382,,,,,,,,defined,defined,defined
96,0.35,power,-0.02,balanced,R96_eta0.35_power-0.02,1,defined,0.07111296686384005,1.0315171605319433,0.0,0.0,0.0,,"[1.0315171605319433, 3.2258635955132675, 4.764077940728617, 6.069655466451186, 7.237549415674571]",6.601920036562305,,,,,,,,defined,defined,defined
96,0.35,power,-0.02,balanced,R96_eta0.35_power-0.02,2,defined,0.05007815464822397,1.0163271768952504,0.021034812215616087,0.021120742572081526,-8.593035646543845e-05,-0.004068529133015691,"[1.0163271768952504, 3.2206156743520697, 4.7602255378259, 6.066377307325032, 7.234563939064898]",6.601920036562305,,,,,,,,defined,defined,defined
96,0.35,power,-0.02,balanced,R96_eta0.35_power-0.02,4,defined,0.0006167774927902653,0.9809609195192993,0.07049618937104979,0.0705339343982784,-3.774502722861395e-05,-0.0005351328768289328,"[0.9809609195192993, 3.2098666605863824, 4.752842446864839, 6.0603254351844935, 7.2291322931385125]",6.601920036562305,,,,,,,,defined,defined,defined
24,0.35,phase,-0.3,,R24_eta0.35_phase-0.3,1,defined,-0.2870088221234814,0.6772561933179431,0.0,0.0,0.0,,"[0.6772561933179431, 2.8371027080488416, 4.2917402518260825, 5.499677215649694, 6.560920267617441, 7.520051070163371]",1.315558870687382,"['phase-0.3', 'phase+0.3']",True,,,,,,defined,defined,defined
24,0.35,phase,-0.3,,R24_eta0.35_phase-0.3,2,defined,-0.3848630859102401,0.5999156921926914,0.09785426378675871,0.0833838846802665,0.01447037910649221,0.17353927754719667,"[0.5999156921926914, 2.8114846959055106, 4.280875287205212, 5.499006148930629, 6.568129121723222, 7.532966480181185]",1.315558870687382,"['phase-0.3', 'phase+0.3']",True,,,,,,defined,defined,defined
24,0.35,phase,-0.3,,R24_eta0.35_phase-0.3,4,defined,-0.600065825284446,0.4333421628315818,0.3130570031609646,0.28472893048700415,0.028328072673960425,0.09949137456986795,"[0.4333421628315818, 2.7676784439968958, 4.278488097894112, 5.6086115652866555, 6.855995302736931, 7.8586515482738015]",1.315558870687382,"['phase-0.3', 'phase+0.3']",True,,,,,,defined,defined,defined
24,0.35,balanced,,balanced,R24_eta0.35_balanced,1,defined,-0.01857670502126938,0.9604852615416029,0.0,0.0,0.0,,"[0.9604852615416029, 3.130887103349065, 4.589685084746911, 5.803053436435533, 6.871487706434788, 7.839622205148894]",1.315558870687382,,,,,,,,defined,defined,defined
24,0.35,balanced,,balanced,R24_eta0.35_balanced,2,defined,-0.10196058970153588,0.9027120443461217,0.0833838846802665,0.0833838846802665,0.0,0.0,"[0.9027120443461217, 3.117845598435401, 4.581909656999377, 5.7971122684786085, 6.866126414977323, 7.834158940310179]",1.315558870687382,,,,,,,,defined,defined,defined
24,0.35,balanced,,balanced,R24_eta0.35_balanced,4,defined,-0.30330563550827355,0.7632232187293485,0.28472893048700415,0.28472893048700415,0.0,0.0,"[0.7632232187293485, 3.108219624698318, 4.621494047930357, 6.164379059148487, 7.276164912079997]",1.315558870687382,,,,,,,,defined,defined,defined
96,0.35,scale,0.02,,R96_eta0.35_scale+0.02,1,defined,1.4935388536132235,1.535754045102362,0.0,0.0,0.0,,"[1.535754045102362, 4.8931995983626715, 7.152411971449941]",6.601920036562305,"['scale+0.02', 'scale-0.02']",True,,,,,,defined,defined,defined
96,0.35,scale,0.02,,R96_eta0.35_scale+0.02,2,defined,1.4774783947733037,1.5293404108367945,0.0160604588399198,0.021120742572081526,-0.005060283732161726,-0.23958834377587968,"[1.5293404108367945, 4.873082614672622, 7.147657402860337]",6.601920036562305,"['scale+0.02', 'scale-0.02']",True,,,,,,defined,defined,defined
96,0.35,scale,0.02,,R96_eta0.35_scale+0.02,4,defined,1.4767633901449333,1.5291556938050268,0.016775463468290175,0.0705339343982784,-0.05375847092998823,-0.7621646429991344,"[1.5291556938050268, 4.842258563845124, 7.1357084107164335]",6.601920036562305,"['scale+0.02', 'scale-0.02']",True,,,,,,defined,defined,defined
96,0.35,power,0.005,balanced,R96_eta0.35_power+0.005,1,defined,0.0708899073111823,1.0312227642694725,0.0,0.0,0.0,,"[1.0312227642694725, 3.225775572892006, 4.764021233866582, 6.069613007780887, 7.237515350204748]",6.601920036562305,,,,,,,,defined,defined,defined
96,0.35,power,0.005,balanced,R96_eta0.35_power+0.005,2,defined,0.04974853546617286,1.0158484700132155,0.021141371845009443,0.021120742572081526,2.0629272927917552e-05,0.0009767304751484628,"[1.0158484700132155, 3.220478009088704, 4.760139789942234, 6.066315673367691, 7.234517021453512]",6.601920036562305,,,,,,,,defined,defined,defined
96,0.35,power,0.005,balanced,R96_eta0.35_power+0.005,4,defined,0.0003472838137212886,0.9803670633523571,0.07054262349746102,0.0705339343982784,8.689099182612736e-06,0.0001231903374842056,"[0.9803670633523571, 3.209703872025262, 4.7527482604101525, 6.060267659984481, 7.229101765898858]",6.601920036562305,,,,,,,,defined,defined,defined
24,0.35,ring,-0.01,,R24_eta0.35_ring-0.01,1,defined,-0.15731689293501794,0.8230710133599919,0.0,0.0,0.0,,"[0.8230710133599919, 3.0015260737082317, 4.465933739570866, 5.683625820951972, 6.755600371277177, 7.726760777245599]",1.315558870687382,"['ring-0.01', 'ring+0.01']",True,,,,,,defined,defined,defined
24,0.35,ring,-0.01,,R24_eta0.35_ring-0.01,2,defined,-0.25357494726245383,0.7502867144320098,0.0962580543274359,0.0833838846802665,0.012874169647169392,0.15439637642855195,"[0.7502867144320098, 2.9727138784492677, 4.442561402219899, 5.662255635351641, 6.73499197872247, 7.706238580615711]",1.315558870687382,"['ring-0.01', 'ring+0.01']",True,,,,,,defined,defined,defined
24,0.35,ring,-0.01,,R24_eta0.35_ring-0.01,4,defined,-0.4716956633576756,0.5854929563411732,0.31437877042265766,0.28472893048700415,0.02964983993565351,0.10413356972521208,"[0.5854929563411732, 2.905520350146718, 4.327879121637198, 7.209726444855409]",1.315558870687382,"['ring-0.01', 'ring+0.01']",True,,,,,,defined,defined,defined
96,0.35,ring,0.01,,R96_eta0.35_ring+0.01,1,defined,0.6541723282891797,1.5401466824188017,0.0,0.0,0.0,,"[1.5401466824188017, 3.6860963211932023, 5.215052288961961, 6.5189938609485925, 7.688069568255351]",6.601920036562305,"['ring+0.01', 'ring-0.01']",True,,,,,,defined,defined,defined
96,0.35,ring,0.01,,R96_eta0.35_ring+0.01,2,defined,0.6945905729543927,1.5441690617351544,-0.04041824466521304,0.021120742572081526,-0.06153898723729457,-2.9136753609525043,"[1.5441690617351544, 3.6753483383035896, 5.2009746229727885, 6.504994238688883, 7.676158724654522]",6.601920036562305,"['ring+0.01', 'ring-0.01']",True,,,,,,defined,defined,defined
96,0.35,ring,0.01,,R96_eta0.35_ring+0.01,4,defined,0.7288589567536137,1.5388356380511958,-0.07468662846443397,0.0705339343982784,-0.14522056286271237,-2.058875123039456,"[1.5388356380511958, 3.6600390333526858, 5.179971707682898, 6.481304955839397, 7.653007247630855]",6.601920036562305,"['ring+0.01', 'ring-0.01']",True,,,,,,defined,defined,defined
24,0.7,common_phase,,,R24_eta0.7_common_phase,1,defined,0.4900978732634922,1.5754797641554816,0.0,0.0,0.0,,"[1.5754797641554816, 3.7115192945992543, 5.183659540859392, 6.410138884473287, 7.488863645615706]",0.8252866976571162,"['common_phase', 'common_phase']",,,,,0.3,,defined,defined,defined
24,0.7,common_phase,,,R24_eta0.7_common_phase,2,defined,0.3985197470056896,1.5013172091625775,0.0915781262578026,0.08896351592958343,0.0026146103282191635,0.02938969195292017,"[1.5013172091625775, 3.6683952446183685, 5.132502263293791, 6.340961421357781, 7.382914894242124]",0.8252866976571162,"['common_phase', 'common_phase']",,,,,0.3,,defined,defined,defined
24,0.7,common_phase,,,R24_eta0.7_common_phase,4,defined,0.19521416094276023,1.346666423854035,0.29488371232073196,0.2919694058488882,0.002914306471843764,0.00998154742744551,"[1.346666423854035, 3.58586672867548]",0.8252866976571162,"['common_phase', 'common_phase']",,,,,0.3,,defined,defined,defined
24,0.35,scale,-0.02,,R24_eta0.35_scale-0.02,1,defined,-0.9847724952459416,-0.026620412448984665,0.0,0.0,0.0,,"[-0.026620412448984665, 2.1248679735632923, 3.5290089612168956, 4.747311078563847, 5.789830270755578, 6.717861422578443, 7.594490899410519]",1.315558870687382,"['scale-0.02', 'scale+0.02']",True,,,,,,defined,defined,defined
24,0.35,scale,-0.02,,R24_eta0.35_scale-0.02,2,defined,-1.0707631260350488,-0.0879418929686559,0.08599063078910718,0.0833838846802665,0.0026067461088406796,0.03126198927809834,"[-0.0879418929686559, 2.1281062376664943, 3.5052481472240107, 4.765837084140777, 5.809110256360612, 6.68107803495216, 7.568398892818375]",1.315558870687382,"['scale-0.02', 'scale+0.02']",True,,,,,,defined,defined,defined
24,0.35,scale,-0.02,,R24_eta0.35_scale-0.02,4,defined,-1.2639838630841886,-0.22056233850942022,0.27921136783824707,0.28472893048700415,-0.0055175626487570795,-0.01937830005303559,"[-0.22056233850942022, 2.2918037186144216, 3.3776140996919835, 5.055169594631842, 6.2304250823149125, 7.188038798162102]",1.315558870687382,"['scale-0.02', 'scale+0.02']",True,,,,,,defined,defined,defined
96,0.35,scale,0.01,,R96_eta0.35_scale+0.01,1,defined,1.9775627828377362,2.9893644068509286,0.0,0.0,0.0,,"[2.9893644068509286, 5.174448155294576, 6.741996891048434]",6.601920036562305,"['scale+0.01', 'scale-0.01']",True,,,,,,defined,defined,defined
96,0.35,scale,0.01,,R96_eta0.35_scale+0.01,2,defined,1.9476106030160791,2.986523781860623,0.0299521798216571,0.021120742572081526,0.008831437249575573,0.41814047112384284,"[2.986523781860623, 5.1628277501485815, 6.741614421044572]",6.601920036562305,"['scale+0.01', 'scale-0.01']",True,,,,,,defined,defined,defined
96,0.35,scale,0.01,,R96_eta0.35_scale+0.01,4,defined,0.2790310951195356,0.5323065440063269,1.6985316877182006,0.0705339343982784,1.6279977533199221,23.081056901309882,"[0.5323065440063269, 2.960009229864922, 5.14355754631229, 6.7396203222865525]",6.601920036562305,"['scale+0.01', 'scale-0.01']",True,,,,,,defined,defined,defined
96,0.35,common_scale,,,R96_eta0.35_common_scale1.01,1,defined,3.930760368767846,4.909388236366236,0.0,0.0,0.0,,"[4.909388236366236, 7.149214421249608]",6.601920036562305,"['common_scale1.01', 'common_scale1.01']",,,,,,1.01,defined,defined,defined
96,0.35,common_scale,,,R96_eta0.35_common_scale1.01,2,defined,3.9089706254489474,4.892109592690347,0.02178974331889849,0.021120742572081526,0.0006690007468169654,0.031675058039923494,"[4.892109592690347, 7.143337536144563]",6.601920036562305,"['common_scale1.01', 'common_scale1.01']",,,,,,1.01,defined,defined,defined
96,0.35,common_scale,,,R96_eta0.35_common_scale1.01,4,defined,3.8599734134067374,4.8537581623440715,0.07078695536110846,0.0705339343982784,0.00025302096283005837,0.0035872231570316902,"[4.8537581623440715, 7.131942649911349]",6.601920036562305,"['common_scale1.01', 'common_scale1.01']",,,,,,1.01,defined,defined,defined
24,0.7,ring,-0.01,,R24_eta0.7_ring-0.01,1,defined,-0.14190521908551917,0.9255540398792523,0.0,0.0,0.0,,"[0.9255540398792523, 3.0206258048211847, 4.465678024710565, 5.668802582524565, 6.7262813714554675, 7.681169843530869]",0.8252866976571162,"['ring-0.01', 'ring+0.01']",True,,,,,,defined,defined,defined
24,0.7,ring,-0.01,,R24_eta0.7_ring-0.01,2,defined,-0.24427704058267097,0.8424329884270112,0.1023718214971518,0.08896351592958343,0.013408305567568363,0.15071690262535634,"[0.8424329884270112, 2.961632098075451, 4.397149829028274, 5.580149911754428, 6.594183307814857]",0.8252866976571162,"['ring-0.01', 'ring+0.01']",True,,,,,,defined,defined,defined
24,0.7,ring,-0.01,,R24_eta0.7_ring-0.01,4,defined,-0.4674504476699963,0.6696164200156344,0.32554522858447715,0.2919694058488882,0.033575822735588956,0.11499774312986229,"[0.6696164200156344, 2.786806211086475]",0.8252866976571162,"['ring-0.01', 'ring+0.01']",True,,,,,,defined,defined,defined
24,0.7,power,-0.005,balanced,R24_eta0.7_power-0.005,1,defined,-0.0022753890936020316,1.0640332449074361,0.0,0.0,0.0,,"[1.0640332449074361, 3.1512514176963786, 4.590159930770807, 5.788237906569144, 6.841253602983031, 7.791887001588087]",0.8252866976571162,,,,,,,,defined,defined,defined
24,0.7,power,-0.005,balanced,R24_eta0.7_power-0.005,2,defined,-0.09116092152446897,0.996178408967776,0.08888553243086694,0.08896351592958343,-7.798349871648846e-05,-0.0008765784254549259,"[0.996178408967776, 3.10800979812238, 4.534534292926843, 5.706337649199135, 6.679288009102729]",0.8252866976571162,,,,,,,,defined,defined,defined
24,0.7,power,-0.005,balanced,R24_eta0.7_power-0.005,4,defined,-0.29418132955554477,0.8507941060952396,0.29190594046194274,0.2919694058488882,-6.346538694546044e-05,-0.00021736999039655413,"[0.8507941060952396, 2.986261083520305]",0.8252866976571162,,,,,,,,defined,defined,defined
24,0.35,scale,-0.01,,R24_eta0.35_scale-0.01,1,defined,-0.5214247499147382,0.4405902046188468,0.0,0.0,0.0,,"[0.4405902046188468, 2.6317331894968703, 4.0842451098470045, 5.277239987539776, 6.322925792698328, 7.273749292171262]",1.315558870687382,"['scale-0.01', 'scale+0.01']",True,,,,,,defined,defined,defined
24,0.35,scale,-0.01,,R24_eta0.35_scale-0.01,2,defined,-0.6168262125275052,0.3646285282429941,0.09540146261276705,0.0833838846802665,0.01201757793250055,0.14412350754083555,"[0.3646285282429941, 2.632276447030494, 4.101201391875568, 5.289605694025105, 6.314607905206284, 7.248201389008543]",1.315558870687382,"['scale-0.01', 'scale+0.01']",True,,,,,,defined,defined,defined
24,0.35,scale,-0.01,,R24_eta0.35_scale-0.01,4,defined,-0.824179386399076,0.20577255923680038,0.30275463648433776,0.28472893048700415,0.018025705997333608,0.06330830508337246,"[0.20577255923680038, 2.6709958817407786, 4.291742694509357, 5.680694971587257, 6.777486908804148, 7.723287282420195]",1.315558870687382,"['scale-0.01', 'scale+0.01']",True,,,,,,defined,defined,defined
24,0.7,common_scale,,,R24_eta0.7_common_scale0.99,1,defined,-0.9542386437445314,0.09573149043796164,0.0,0.0,0.0,,"[0.09573149043796164, 2.136150809226539, 3.5448878433079667, 4.71774738922951, 5.748204413538459, 6.677784444738714, 7.5282320929889135]",0.8252866976571162,"['common_scale0.99', 'common_scale0.99']",,,,,,0.99,defined,defined,defined
24,0.7,common_scale,,,R24_eta0.7_common_scale0.99,2,defined,-1.0403069195659427,0.03693008189625649,0.0860682758214113,0.08896351592958343,-0.0028952401081721313,-0.03254412865678305,"[0.03693008189625649, 2.091987234638492, 3.4797919905114147, 4.6045841083880035]",0.8252866976571162,"['common_scale0.99', 'common_scale0.99']",,,,,,0.99,defined,defined,defined
24,0.7,common_scale,,,R24_eta0.7_common_scale0.99,4,defined,-1.2451734806108707,-0.09229603048152782,0.29093483686633936,0.2919694058488882,-0.0010345689825488336,-0.003543415720359021,[-0.09229603048152782],0.8252866976571162,"['common_scale0.99', 'common_scale0.99']",,,,,,0.99,defined,defined,defined
24,0.35,power,0.01,balanced,R24_eta0.35_power+0.01,1,defined,-0.018701382433904755,0.9603553014766291,0.0,0.0,0.0,,"[0.9603553014766291, 3.1308548621844787, 4.589667442935022, 5.803042674543778, 6.871481143025788, 7.839618557525532]",1.315558870687382,,,,,,,,defined,defined,defined
24,0.35,power,0.01,balanced,R24_eta0.35_power+0.01,2,defined,-0.1020424277839371,0.9026002858941068,0.08334104535003234,0.0833838846802665,-4.283933023416231e-05,-0.0005137603075034066,"[0.9026002858941068, 3.1178012140129745, 4.581879552293305, 5.797092121670951, 6.866115303511554, 7.834157276716506]",1.315558870687382,,,,,,,,defined,defined,defined
24,0.35,power,0.01,balanced,R24_eta0.35_power+0.01,4,defined,-0.30281311416317563,0.7636137264074331,0.2841117317292709,0.28472893048700415,-0.0006171987577332505,-0.0021676713942541262,"[0.7636137264074331, 3.1079456081314314, 4.619171089955064, 6.160719667218333, 7.275071201739049]",1.315558870687382,,,,,,,,defined,defined,defined
96,0.35,finite_aperture,,,R96_eta0.35_aperture3,1,defined,,-5.947811731785866,,0.0,,,"[-5.947811731785866, -5.136162032154025, -4.237725169613184, 1.0426432897728386, 3.220004024578671, 4.77084644336204, 6.0627681883110505, 7.252877802548455]",6.5978652970640885,"['aperture3', 'aperture3']",,3,0.5,0.9993858242032984,,,defined,no_valid_rising_crossing,missing_order_half
96,0.35,finite_aperture,,,R96_eta0.35_aperture3,2,defined,-6.904686815912563,-5.960728346601976,,0.021120742572081526,,,"[-5.960728346601976, -5.126042598685272, 1.0219983283105447, 3.216609958823447, 4.765249205584006, 6.061097024324905, 7.247267076284556]",6.5978652970640885,"['aperture3', 'aperture3']",,3,0.5,0.9993858242032984,,,defined,defined,missing_reference_half
96,0.35,finite_aperture,,,R96_eta0.35_aperture3,4,defined,,-7.843536899589998,,0.0705339343982784,,,"[-7.843536899589998, -7.24310348955944, -6.428509517989586, -5.581622037004044, -4.694222858263253, 0.9787856934115918, 3.210128322554924, 4.75231568107229, 6.060258199446585, 7.232358869356194]",6.5978652970640885,"['aperture3', 'aperture3']",,3,0.5,0.9993858242032984,,,defined,no_valid_rising_crossing,missing_order_half
96,0.35,ring,-0.005,,R96_eta0.35_ring-0.005,1,defined,-0.19466393503495705,0.760754549961893,0.0,0.0,0.0,,"[0.760754549961893, 2.965819658962577, 4.512956970026309, 5.825087485190866, 6.998102961800106]",6.601920036562305,"['ring-0.005', 'ring+0.005']",True,,,,,,defined,defined,defined
96,0.35,ring,-0.005,,R96_eta0.35_ring-0.005,2,defined,-0.23205701862620576,0.7244695405753738,0.03739308359124871,0.021120742572081526,0.016272341019167184,0.7704436036579886,"[0.7244695405753738, 2.945292314814734, 4.498597623281759, 5.814555651178247, 6.990291990965278]",6.601920036562305,"['ring-0.005', 'ring+0.005']",True,,,,,,defined,defined,defined
96,0.35,ring,-0.005,,R96_eta0.35_ring-0.005,4,defined,-0.3026579502115514,0.6596300728159114,0.10799401517659435,0.0705339343982784,0.037460080778315946,0.531093027744533,"[0.6596300728159114, 2.9126692427379735, 4.475899072659895, 5.797792027032781, 6.977812209952488]",6.601920036562305,"['ring-0.005', 'ring+0.005']",True,,,,,,defined,defined,defined
24,0.35,finite_aperture,,,R24_eta0.35_aperture1.5,1,no_peak_in_valid_interval,,,,0.0,,,[],0.9279472908956162,"['aperture1.5', 'aperture1.5']",,1.5,0.5,0.7053635618835986,,,no_peak_in_valid_interval,no_selected_peak,missing_order_half
24,0.35,finite_aperture,,,R24_eta0.35_aperture1.5,2,defined,0.8844926415135586,7.760489654130069,,0.0833838846802665,,,[7.760489654130069],0.9279472908956162,"['aperture1.5', 'aperture1.5']",,1.5,0.5,0.7053635618835986,,,defined,defined,missing_reference_half
24,0.35,finite_aperture,,,R24_eta0.35_aperture1.5,4,defined,-3.5962225987844962,2.98407001860348,,0.28472893048700415,,,[2.98407001860348],0.9279472908956162,"['aperture1.5', 'aperture1.5']",,1.5,0.5,0.7053635618835986,,,defined,defined,missing_reference_half
96,0.35,power,-0.01,balanced,R96_eta0.35_power-0.01,1,defined,0.07102213674647828,1.031397280593536,0.0,0.0,0.0,,"[1.031397280593536, 3.2258277517605487, 4.764054850202228, 6.069638178363965, 7.237535545534622]",6.601920036562305,,,,,,,,defined,defined,defined
96,0.35,power,-0.01,balanced,R96_eta0.35_power-0.01,2,defined,0.0499436608124532,1.0161318449107488,0.02107847593402508,0.021120742572081526,-4.226663805644709e-05,-0.0020011909104141676,"[1.0161318449107488, 3.2205594929704295, 4.760190542937289, 6.066352153246138, 7.234544790610613]",6.601920036562305,,,,,,,,defined,defined,defined
96,0.35,power,-0.01,balanced,R96_eta0.35_power-0.01,4,defined,0.0005064574331633603,0.9807178019159654,0.07051567931331493,0.0705339343982784,-1.82550849634755e-05,-0.0002588127986792279,"[0.9807178019159654, 3.2097999583946946, 4.75280382938309, 6.060301731385118, 7.229119759776991]",6.601920036562305,,,,,,,,defined,defined,defined
24,0.7,phase,-0.3,,R24_eta0.7_phase-0.3,1,defined,-0.2730787592156818,0.7765695789358682,0.0,0.0,0.0,,"[0.7765695789358682, 2.8538011718083656, 4.2917204041304515, 5.487314188565814, 6.535452398225259, 7.478391777715455]",0.8252866976571162,"['phase-0.3', 'phase+0.3']",True,,,,,,defined,defined,defined
24,0.7,phase,-0.3,,R24_eta0.7_phase-0.3,2,defined,-0.3787582174541432,0.6867949772344955,0.10567945823846137,0.08896351592958343,0.016715942308877935,0.187896601592376,"[0.6867949772344955, 2.7993571012841145, 4.243483883224762, 5.43492204885591, 6.462013513472375]",0.8252866976571162,"['phase-0.3', 'phase+0.3']",True,,,,,,defined,defined,defined
24,0.7,phase,-0.3,,R24_eta0.7_phase-0.3,4,defined,-0.6033499664858495,0.5068146884938253,0.3302712072701677,0.2919694058488882,0.03830180142127948,0.13118429758049024,"[0.5068146884938253, 2.685830676079814]",0.8252866976571162,"['phase-0.3', 'phase+0.3']",True,,,,,,defined,defined,defined
96,0.7,common_scale,,,R96_eta0.7_common_scale0.99,1,defined,-3.671263080770766,-2.646503146451509,0.0,0.0,0.0,,"[-2.646503146451509, -0.5801428301409313, 0.9166759944731673, 2.1933573526036274, 3.337844094116857, 4.390241845015841, 5.373159570535133, 6.300956326329415, 7.183497067869165]",4.371319931785022,"['common_scale0.99', 'common_scale0.99']",,,,,,0.99,defined,defined,defined
96,0.7,common_scale,,,R96_eta0.7_common_scale0.99,2,defined,-3.69106240362915,-2.6590170577467642,0.01979932285838437,0.023127265231098565,-0.0033279423727141932,-0.1438969259642167,"[-2.6590170577467642, -0.5900238579791716, 0.9051173044397223, 2.1793792507562855, 3.320960329322009, 4.369966973690584, 5.348990137890338, 6.27235268913577, 7.149833919284204]",4.371319931785022,"['common_scale0.99', 'common_scale0.99']",,,,,,0.99,defined,defined,defined
96,0.7,common_scale,,,R96_eta0.7_common_scale0.99,4,defined,-3.73757982192569,-2.686237862490553,0.06631674115492414,0.07550782282588628,-0.009191081670962137,-0.12172356885664523,"[-2.686237862490553, -0.609630134644554, 0.8812335689750544, 2.1483124253636197, 3.279893055774514, 4.315296478696941, 5.275311591269082, 6.170115279258842, 6.992985084125197]",4.371319931785022,"['common_scale0.99', 'common_scale0.99']",,,,,,0.99,defined,defined,defined
24,0.35,phase,-0.1,,R24_eta0.35_phase-0.1,1,defined,-0.11325137029364804,0.8616527039958936,0.0,0.0,0.0,,"[0.8616527039958936, 3.0245766980696773, 4.479034005510487, 5.688935939677664, 6.754369032776752, 7.7198548343290865]",1.315558870687382,"['phase-0.1', 'phase+0.1']",True,,,,,,defined,defined,defined
24,0.35,phase,-0.1,,R24_eta0.35_phase-0.1,2,defined,-0.20555436378646263,0.7933157875640323,0.0923029934928146,0.0833838846802665,0.008919108812548093,0.10696441940487902,"[0.7933157875640323, 2.99811239531193, 4.456729394751562, 5.667903299621195, 6.733803625441536, 7.699467181971054]",1.315558870687382,"['phase-0.1', 'phase+0.1']",True,,,,,,defined,defined,defined
24,0.35,phase,-0.1,,R24_eta0.35_phase-0.1,4,defined,-0.418455549320434,0.6358931978356374,0.305204179026786,0.28472893048700415,0.020475248539781832,0.07191137375735122,"[0.6358931978356374, 2.935635863597463, 4.327926185695074, 7.205637922747572]",1.315558870687382,"['phase-0.1', 'phase+0.1']",True,,,,,,defined,defined,defined
24,0.7,power,0.005,balanced,R24_eta0.7_power+0.005,1,defined,-0.0025796512307671125,1.0636311624410868,0.0,0.0,0.0,,"[1.0636311624410868, 3.15115832446943, 4.5901233437556135, 5.788233817079936, 6.8412762548436445, 7.791937421423715]",0.8252866976571162,,,,,,,,defined,defined,defined
24,0.7,power,0.005,balanced,R24_eta0.7_power+0.005,2,defined,-0.09161996715010734,0.9955196864828101,0.08904031591934022,0.08896351592958343,7.679998975679281e-05,0.0008632751185056769,"[0.9955196864828101, 3.107948963749519, 4.5346555731558675, 5.706703491531122, 6.681951663222535]",0.8252866976571162,,,,,,,,defined,defined,defined
24,0.7,power,0.005,balanced,R24_eta0.7_power+0.005,4,defined,-0.29461100112587746,0.8498913903276423,0.29203134989511037,0.2919694058488882,6.19440462221732e-05,0.00021215937348666245,"[0.8498913903276423, 2.9877055227386906]",0.8252866976571162,,,,,,,,defined,defined,defined
24,0.7,scale,-0.02,,R24_eta0.7_scale-0.02,1,defined,-0.9757822659256776,0.06352370505051899,0.0,0.0,0.0,,"[0.06352370505051899, 2.153874320769777, 3.52506340474912, 4.740171781325404, 5.763908550439991, 6.66220395329026, 7.526538157084172]",0.8252866976571162,"['scale-0.02', 'scale+0.02']",True,,,,,,defined,defined,defined
24,0.7,scale,-0.02,,R24_eta0.7_scale-0.02,2,defined,-1.073115523190669,-0.015922400698325737,0.09733325726499142,0.08896351592958343,0.008369741335407993,0.09408060425616302,"[-0.015922400698325737, 2.1416352033817954, 3.453602204415141, 4.709588449371948]",0.8252866976571162,"['scale-0.02', 'scale+0.02']",True,,,,,,defined,defined,defined
24,0.7,scale,-0.02,,R24_eta0.7_scale-0.02,4,defined,-1.28202942531592,-0.17286721651097625,0.3062471593902423,0.2919694058488882,0.014277753541354077,0.04890153987141953,"[-0.17286721651097625, 2.289671058030911, 6.022107483501293]",0.8252866976571162,"['scale-0.02', 'scale+0.02']",True,,,,,,defined,defined,defined
96,0.7,scale,0.02,,R96_eta0.7_scale+0.02,1,defined,4.022767410176561,5.045387339701925,0.0,0.0,0.0,,"[5.045387339701925, 7.225144188940744]",4.371319931785022,"['scale+0.02', 'scale-0.02']",True,,,,,,defined,defined,defined
96,0.7,scale,0.02,,R96_eta0.7_scale+0.02,2,defined,3.9962814660749335,5.00798756682537,0.026485944101627634,0.023127265231098565,0.0033586788705290693,0.14522594163069272,"[5.00798756682537, 7.207239378414243]",4.371319931785022,"['scale+0.02', 'scale-0.02']",True,,,,,,defined,defined,defined
96,0.7,scale,0.02,,R96_eta0.7_scale+0.02,4,defined,3.930306488933946,4.948386585752823,0.09246092124261507,0.07550782282588628,0.01695309841672879,0.22452108645512125,"[4.948386585752823, 7.172825586668165]",4.371319931785022,"['scale+0.02', 'scale-0.02']",True,,,,,,defined,defined,defined
96,0.35,common_scale,,,R96_eta0.35_common_scale0.99,1,defined,-3.750430575663749,-2.80808196214175,0.0,0.0,0.0,,"[-2.80808196214175, -0.6585256529334513, 0.8489016568584824, 2.128410171547847, 3.2730219656700106, 4.324167467691241, 5.304977221644485, 6.23005733520253, 7.109367922244402, 7.950086225725311]",6.601920036562305,"['common_scale0.99', 'common_scale0.99']",,,,,,0.99,defined,defined,defined
96,0.35,common_scale,,,R96_eta0.35_common_scale0.99,2,defined,-3.7708367935472187,-2.8211787391818364,0.020406217883469857,0.021120742572081526,-0.0007145246886116688,-0.033830471924607614,"[-2.8211787391818364, -0.6631054959548096, 0.845494272007913, 2.125459291283829, 3.2702836484279243, 4.321528091541119, 5.30236724584535, 6.227434592965779, 7.10669732382864, 7.947360060972543]",6.601920036562305,"['common_scale0.99', 'common_scale0.99']",,,,,,0.99,defined,defined,defined
96,0.35,common_scale,,,R96_eta0.35_common_scale0.99,4,defined,-3.820739234278836,-2.852616495749561,0.07030865861508717,0.0705339343982784,-0.0002252757831912311,-0.0031938638488416666,"[-2.852616495749561, -0.6728258977087765, 0.8385895995107356, 2.1195047115106975, 3.2645426727964106, 4.315555774650027, 5.295778365459657, 6.2197800520644115, 7.097396256207067, 7.9355299272316175]",6.601920036562305,"['common_scale0.99', 'common_scale0.99']",,,,,,0.99,defined,defined,defined
24,0.35,common_phase,,,R24_eta0.35_common_phase,1,defined,0.47606001066338777,1.4738933280532216,0.0,0.0,0.0,,"[1.4738933280532216, 3.6924478532570335, 5.184158980906693, 6.425573033989639, 7.5192183627582105]",1.315558870687382,"['common_phase', 'common_phase']",,,,,0.3,,defined,defined,defined
24,0.35,common_phase,,,R24_eta0.35_common_phase,2,defined,0.39311626682409867,1.4144876253857028,0.0829437438392891,0.0833838846802665,-0.00044014084097740436,-0.005278488075544979,"[1.4144876253857028, 3.6792306270387405, 5.176531944614385, 6.420050989520973, 7.514598443191877]",1.315558870687382,"['common_phase', 'common_phase']",,,,,0.3,,defined,defined,defined
24,0.35,common_phase,,,R24_eta0.35_common_phase,4,defined,0.19885891674956943,1.276320093895018,0.2772010939138183,0.28472893048700415,-0.007527836573185842,-0.026438607978157086,"[1.276320093895018, 3.6686426503324574, 5.1913479306953825, 6.511603162132773, 7.856019449252228]",1.315558870687382,"['common_phase', 'common_phase']",,,,,0.3,,defined,defined,defined
96,0.35,finite_aperture,,,R96_eta0.35_aperture2,1,defined,0.3553058623203047,2.417861145218692,0.0,0.0,0.0,,"[2.417861145218692, 6.816658703970998]",6.485543193850353,"['aperture2', 'aperture2']",,2,0.5,0.9823722732072728,,,defined,defined,defined
96,0.35,finite_aperture,,,R96_eta0.35_aperture2,2,defined,0.2927077886379707,2.34572528174163,0.062598073682334,0.021120742572081526,0.04147733111025247,1.9638197363893504,"[2.34572528174163, 6.751940167137099]",6.485543193850353,"['aperture2', 'aperture2']",,2,0.5,0.9823722732072728,,,defined,defined,defined
96,0.35,finite_aperture,,,R96_eta0.35_aperture2,4,defined,0.16113845654700915,2.2003752391505604,0.19416740577329555,0.0705339343982784,0.12363347137501715,1.7528225588112778,"[2.2003752391505604, 6.645703838547832]",6.485543193850353,"['aperture2', 'aperture2']",,2,0.5,0.9823722732072728,,,defined,defined,defined
96,0.7,phase,0.1,,R96_eta0.7_phase+0.1,1,defined,0.19864761225021016,1.2411546830365618,0.0,0.0,0.0,,"[1.2411546830365618, 3.352207610412583, 4.8799207922688765, 6.182687142607133, 7.350416993664102]",4.371319931785022,"['phase+0.1', 'phase-0.1']",True,,,,,,defined,defined,defined
96,0.7,phase,0.1,,R96_eta0.7_phase+0.1,2,defined,0.181294672467305,1.2271674763221037,0.01735293978290517,0.023127265231098565,-0.005774325448193396,-0.24967610266469498,"[1.2271674763221037, 3.3438332219044073, 4.8703333179354695, 6.170891845425872, 7.335859560076253]",4.371319931785022,"['phase+0.1', 'phase-0.1']",True,,,,,,defined,defined,defined
96,0.7,phase,0.1,,R96_eta0.7_phase+0.1,4,defined,0.13766536089063497,1.1935658515796508,0.06098225135957519,0.07550782282588628,-0.014525571466311088,-0.1923717427240042,"[1.1935658515796508, 3.3266896028069826, 4.852392952276109, 6.14953300182284, 7.30948818801529]",4.371319931785022,"['phase+0.1', 'phase-0.1']",True,,,,,,defined,defined,defined
96,0.35,phase,0.3,,R96_eta0.35_phase+0.3,1,defined,0.22276366743175682,1.1794308742344366,0.0,0.0,0.0,,"[1.1794308742344366, 3.3721395361989743, 4.91018256310917, 6.215751093140926, 7.3836974772045725]",6.601920036562305,"['phase+0.3', 'phase-0.3']",True,,,,,,defined,defined,defined
96,0.35,phase,0.3,,R96_eta0.35_phase+0.3,2,defined,0.222841494085804,1.1815717562561092,-7.782665404718059e-05,0.021120742572081526,-0.021198569226128706,-1.0036848445920674,"[1.1815717562561092, 3.381097662534022, 4.9191900653702545, 6.224264376437627, 7.391594711847943]",6.601920036562305,"['phase+0.3', 'phase-0.3']",True,,,,,,defined,defined,defined
96,0.35,phase,0.3,,R96_eta0.35_phase+0.3,4,defined,0.20659582144702765,1.1739593310988294,0.016167845984729173,0.0705339343982784,-0.05436608841354923,-0.7707791841947244,"[1.1739593310988294, 3.3944211998900586, 4.93493866443852, 6.240707820082591, 7.408125583736557]",6.601920036562305,"['phase+0.3', 'phase-0.3']",True,,,,,,defined,defined,defined
96,0.7,common_scale,,,R96_eta0.7_common_scale1.01,1,defined,4.009027581279347,5.070320502425692,0.0,0.0,0.0,,"[5.070320502425692, 7.225095058766159]",4.371319931785022,"['common_scale1.01', 'common_scale1.01']",,,,,,1.01,defined,defined,defined
96,0.7,common_scale,,,R96_eta0.7_common_scale1.01,2,defined,3.9828977709321602,5.0451812451373295,0.026129810347186755,0.023127265231098565,0.00300254511608819,0.12982707147106845,"[5.0451812451373295, 7.20792917647611]",4.371319931785022,"['common_scale1.01', 'common_scale1.01']",,,,,,1.01,defined,defined,defined
96,0.7,common_scale,,,R96_eta0.7_common_scale1.01,4,defined,3.925668766916887,4.991966226326406,0.08335881436246018,0.07550782282588628,0.007850991536573898,0.103975869555629,"[4.991966226326406, 7.175851237163193]",4.371319931785022,"['common_scale1.01', 'common_scale1.01']",,,,,,1.01,defined,defined,defined
96,0.7,power,-0.02,balanced,R96_eta0.7_power-0.02,1,defined,0.14999663450748638,1.1930355985710468,0.0,0.0,0.0,,"[1.1930355985710468, 3.3031134632578283, 4.8303417170078795, 6.132745909349843, 7.300186349203258]",4.371319931785022,,,,,,,,defined,defined,defined
96,0.7,power,-0.02,balanced,R96_eta0.7_power-0.02,2,defined,0.12718049419259672,1.1742882205918126,0.022816140314889655,0.023127265231098565,-0.00031112491620891025,-0.013452732655590839,"[1.1742882205918126, 3.2894470224424754, 4.815257004508218, 6.115286709208752, 7.279801721205596]",4.371319931785022,,,,,,,,defined,defined,defined
96,0.7,power,-0.02,balanced,R96_eta0.7_power-0.02,4,defined,0.0752082291465252,1.1332165605354794,0.07478840536096118,0.07550782282588628,-0.0007194174649250984,-0.009527720943351862,"[1.1332165605354794, 3.262451681421554, 4.785661649455278, 6.080311467928414, 7.237519078182386]",4.371319931785022,,,,,,,,defined,defined,defined
24,0.7,power,-0.05,balanced,R24_eta0.7_power-0.05,1,defined,-0.0008136589363374469,1.0659650078450489,0.0,0.0,0.0,,"[1.0659650078450489, 3.151698854851991, 4.590335693935934, 5.788257546356276, 6.841144831775334, 7.791644855964172]",0.8252866976571162,,,,,,,,defined,defined,defined
24,0.7,power,-0.05,balanced,R24_eta0.7_power-0.05,2,defined,-0.08893945193458663,0.9993664985872,0.08812579299824919,0.08896351592958343,-0.0008377229313342449,-0.009416477334341427,"[0.9993664985872, 3.1083052125096375, 4.533943929765715, 5.704544883908134, 6.657740409097317]",0.8252866976571162,,,,,,,,defined,defined,defined
24,0.7,power,-0.05,balanced,R24_eta0.7_power-0.05,4,defined,-0.2920718591529077,0.8552299523531477,0.29125820021657023,0.2919694058488882,-0.0007112056323179683,-0.0024358909463481943,"[0.8552299523531477, 2.978632927140873]",0.8252866976571162,,,,,,,,defined,defined,defined
96,0.7,ring,0.01,,R96_eta0.7_ring+0.01,1,defined,0.7121479929550143,1.676595659489656,0.0,0.0,0.0,,"[1.676595659489656, 3.7541634864345985, 5.276188819210757, 6.579551987715164, 7.749943859713695]",4.371319931785022,"['ring+0.01', 'ring-0.01']",True,,,,,,defined,defined,defined
96,0.7,ring,0.01,,R96_eta0.7_ring+0.01,2,defined,0.7377205330670717,1.662807990827938,-0.02557254011205745,0.023127265231098565,-0.048699805343156016,-2.105731259469053,"[1.662807990827938, 3.730555571948887, 5.2484279254595245, 6.550065962980537, 7.720029287475298]",4.371319931785022,"['ring+0.01', 'ring-0.01']",True,,,,,,defined,defined,defined
96,0.7,ring,0.01,,R96_eta0.7_ring+0.01,4,defined,0.7512391704906662,1.6337951741594152,-0.039091177535651944,0.07550782282588628,-0.11459900036153822,-1.5177102990479863,"[1.6337951741594152, 3.6961369755920677, 5.205295648563031, 6.499054867136557, 7.662294325483844]",4.371319931785022,"['ring+0.01', 'ring-0.01']",True,,,,,,defined,defined,defined
96,0.7,power,0.05,balanced,R96_eta0.7_power+0.05,1,defined,0.1486197085888663,1.1909317238648676,0.0,0.0,0.0,,"[1.1909317238648676, 3.302051020061436, 4.829425229637707, 6.1318701918899485, 7.2993157144931]",4.371319931785022,,,,,,,,defined,defined,defined
96,0.7,power,0.05,balanced,R96_eta0.7_power+0.05,2,defined,0.12478910852379282,1.1705166914598197,0.02383060006507348,0.023127265231098565,0.0007033348339749168,0.030411500319941106,"[1.1705166914598197, 3.287677875747551, 4.813811494521844, 6.113976701394828, 7.278567269901418]",4.371319931785022,,,,,,,,defined,defined,defined
96,0.7,power,0.05,balanced,R96_eta0.7_power+0.05,4,defined,0.07150836806536132,1.1269092789789197,0.07711134052350499,0.07550782282588628,0.0016035176976187115,0.021236444617351344,"[1.1269092789789197, 3.2598898654675725, 4.783863283076964, 6.079019568711406, 7.236721838455236]",4.371319931785022,,,,,,,,defined,defined,defined
24,0.7,power,0.02,balanced,R24_eta0.7_power+0.02,1,defined,-0.003023132000575912,1.063045115065389,0.0,0.0,0.0,,"[1.063045115065389, 3.151022661100088, 4.59007001493984, 5.788227855511057, 6.841309278102588, 7.792010921888776]",0.8252866976571162,,,,,,,,defined,defined,defined
24,0.7,power,0.02,balanced,R24_eta0.7_power+0.02,2,defined,-0.09228700021307323,0.9945625520376091,0.08926386821249732,0.08896351592958343,0.0003003522829138905,0.0033761287396917392,"[0.9945625520376091, 3.107860693846578, 4.5348313730219205, 5.7072323364010575, 6.685451765167581]",0.8252866976571162,,,,,,,,defined,defined,defined
24,0.7,power,0.02,balanced,R24_eta0.7_power+0.02,4,defined,-0.29523161739521775,0.8485879112721372,0.29220848539464184,0.2919694058488882,0.00023907954575363988,0.0008188513623834204,"[0.8485879112721372, 2.9897334554866157]",0.8252866976571162,,,,,,,,defined,defined,defined
24,0.7,common_scale,,,R24_eta0.7_common_scale1.01,1,defined,0.9592051126636668,2.0424063576250653,0.0,0.0,0.0,,"[2.0424063576250653, 4.176820574284223, 5.64610011461626, 6.869500413107312, 7.945062506074044]",0.8252866976571162,"['common_scale1.01', 'common_scale1.01']",,,,,,1.01,defined,defined,defined
24,0.7,common_scale,,,R24_eta0.7_common_scale1.01,2,defined,0.8676364762301446,1.966727186990117,0.0915686364335222,0.08896351592958343,0.002605120503938768,0.029283020985824998,"[1.966727186990117, 4.134476682468489, 5.597163314588246, 6.804759516253715, 7.849490050423108]",0.8252866976571162,"['common_scale1.01', 'common_scale1.01']",,,,,,1.01,defined,defined,defined
24,0.7,common_scale,,,R24_eta0.7_common_scale1.01,4,defined,0.6666575006836257,1.8106055037149282,0.2925476119800411,0.2919694058488882,0.0005782061311528919,0.001980365475183206,"[1.8106055037149282, 4.0618452841033]",0.8252866976571162,"['common_scale1.01', 'common_scale1.01']",,,,,,1.01,defined,defined,defined
96,0.35,ring,0.005,,R96_eta0.35_ring+0.005,1,defined,0.3728995143714331,1.3109479578528,0.0,0.0,0.0,,"[1.3109479578528, 3.4832482466251533, 5.012220157992891, 6.311506772913387, 7.4746309305328]",6.601920036562305,"['ring+0.005', 'ring-0.005']",True,,,,,,defined,defined,defined
96,0.35,ring,0.005,,R96_eta0.35_ring+0.005,2,defined,0.3953734738754172,1.323204711284619,-0.02247395950398412,0.021120742572081526,-0.043594702076065646,-2.0640705186990607,"[1.323204711284619, 3.4920152839866856, 5.017803794424978, 6.314783638518471, 7.4761088841265915]",6.601920036562305,"['ring+0.005', 'ring-0.005']",True,,,,,,defined,defined,defined
96,0.35,ring,0.005,,R96_eta0.35_ring+0.005,4,defined,0.41214853623322795,1.329493017230296,-0.03924902186179485,0.0705339343982784,-0.10978295626007326,-1.556455870449116,"[1.329493017230296, 3.502946784656289, 5.026088899395352, 6.32060520463071, 7.4796762216187735]",6.601920036562305,"['ring+0.005', 'ring-0.005']",True,,,,,,defined,defined,defined
24,0.35,phase,0.3,,R24_eta0.35_phase+0.3,1,defined,0.29628328696684575,1.2603780808658227,0.0,0.0,0.0,,"[1.2603780808658227, 3.4256309447143187, 4.8884653045236846, 6.108528370743387, 7.185810195296519]",1.315558870687382,"['phase+0.3', 'phase-0.3']",True,,,,,,defined,defined,defined
24,0.35,phase,0.3,,R24_eta0.35_phase+0.3,2,defined,0.26875188553059626,1.2394143414229042,0.027531401436249492,0.0833838846802665,-0.05585248324401701,-0.6698234731828819,"[1.2394143414229042, 3.4271368068957644, 4.885842370758815, 6.100812360458072, 7.173539404214513]",1.315558870687382,"['phase+0.3', 'phase-0.3']",True,,,,,,defined,defined,defined
24,0.35,phase,0.3,,R24_eta0.35_phase+0.3,4,defined,0.1759847216545405,1.18107042601101,0.12029856531230526,0.28472893048700415,-0.1644303651746989,-0.5774979201918646,"[1.18107042601101, 3.4523546524510054, 4.9110277974384795, 6.108460171085779]",1.315558870687382,"['phase+0.3', 'phase-0.3']",True,,,,,,defined,defined,defined
24,0.35,finite_aperture,,,R24_eta0.35_aperture2,1,defined,-0.01959099254318978,2.412110879490732,0.0,0.0,0.0,,[2.412110879490732],1.149494417781454,"['aperture2', 'aperture2']",,2,0.5,0.8737688927450589,,,defined,defined,defined
24,0.35,finite_aperture,,,R24_eta0.35_aperture2,2,defined,-0.29797003983543113,2.0615965806658956,0.27837904729224133,0.0833838846802665,0.19499516261197483,2.3385233652723074,[2.0615965806658956],1.149494417781454,"['aperture2', 'aperture2']",,2,0.5,0.8737688927450589,,,defined,defined,defined
24,0.35,finite_aperture,,,R24_eta0.35_aperture2,4,defined,-0.7905966595123023,1.4632600820581603,0.7710056669691125,0.28472893048700415,0.4862767364821084,1.707858543388528,[1.4632600820581603],1.149494417781454,"['aperture2', 'aperture2']",,2,0.5,0.8737688927450589,,,defined,defined,defined
24,0.7,scale,0.02,,R24_eta0.7_scale+0.02,1,defined,0.9515122307338123,2.0211681231781435,0.0,0.0,0.0,,"[2.0211681231781435, 4.174080413010094, 5.639521547485929, 6.875361021586158, 7.94961800875706]",0.8252866976571162,"['scale+0.02', 'scale-0.02']",True,,,,,,defined,defined,defined
24,0.7,scale,0.02,,R24_eta0.7_scale+0.02,2,defined,0.8720742803709454,1.9226495592785986,0.07943795036286694,0.08896351592958343,-0.009525565566716493,-0.10707271927355239,"[1.9226495592785986, 4.137459547560294, 5.588456654328801, 6.822397829860884, 7.882441835644721]",0.8252866976571162,"['scale+0.02', 'scale-0.02']",True,,,,,,defined,defined,defined
24,0.7,scale,0.02,,R24_eta0.7_scale+0.02,4,defined,0.7441671696062226,1.737992777810378,0.20734506112758966,0.2919694058488882,-0.08462434472129854,-0.2898397675443322,"[1.737992777810378, 4.092844003410769, 5.433720497817331]",0.8252866976571162,"['scale+0.02', 'scale-0.02']",True,,,,,,defined,defined,defined
96,0.7,scale,-0.02,,R96_eta0.7_scale-0.02,1,defined,-3.682036788317452,-2.6630468335424973,0.0,0.0,0.0,,"[-2.6630468335424973, -0.5886054938739266, 0.9092646393383286, 2.1846881441181836, 3.3163408818758247, 4.356345321033682, 5.406962134923668, 6.286992129889669, 7.180381159206414]",4.371319931785022,"['scale-0.02', 'scale+0.02']",True,,,,,,defined,defined,defined
96,0.7,scale,-0.02,,R96_eta0.7_scale-0.02,2,defined,-3.709468397663092,-2.688419302933209,0.02743160934564015,0.023127265231098565,0.004304344114541586,0.18611556842240295,"[-2.688419302933209, -0.6041960069990744, 0.8932214671599041, 2.1656871555341506, 3.2848770623695613, 4.3096376182953975, 5.429432166952925, 6.258026464719411, 7.142658128021835]",4.371319931785022,"['scale-0.02', 'scale+0.02']",True,,,,,,defined,defined,defined
96,0.7,scale,-0.02,,R96_eta0.7_scale-0.02,4,defined,-3.7658432518039096,-2.7360088118218724,0.0838064634864577,0.07550782282588628,0.008298640660571427,0.10990438275127185,"[-2.7360088118218724, -0.6313745220991314, 0.864863950551771, 2.1299737580341813, 3.213288381876825, 4.124637616032073, 6.212558480622352, 7.936597665311441]",4.371319931785022,"['scale-0.02', 'scale+0.02']",True,,,,,,defined,defined,defined
96,0.7,phase,-0.3,,R96_eta0.7_phase-0.3,1,defined,0.008408857239074499,1.0468218368852422,0.0,0.0,0.0,,"[1.0468218368852422, 3.15399087959618, 4.6802024080529945, 5.98178372287747, 7.148440739170442]",4.371319931785022,"['phase-0.3', 'phase+0.3']",True,,,,,,defined,defined,defined
96,0.7,phase,-0.3,,R96_eta0.7_phase-0.3,2,defined,-0.027250274121743533,1.0125375663473504,0.03565913136081803,0.023127265231098565,0.012531866129719467,0.5418654563994116,"[1.0125375663473504, 3.124441047703116, 4.650277243985863, 5.950643141622524, 7.115601773682372]",4.371319931785022,"['phase-0.3', 'phase+0.3']",True,,,,,,defined,defined,defined
96,0.7,phase,-0.3,,R96_eta0.7_phase-0.3,4,defined,-0.09738856560463205,0.9482814653022575,0.10579742284370655,0.07550782282588628,0.030289600017820273,0.40114519111039865,"[0.9482814653022575, 3.072024828592119, 4.596866021218104, 5.894463830107742, 7.055680122625717]",4.371319931785022,"['phase-0.3', 'phase+0.3']",True,,,,,,defined,defined,defined
96,0.35,phase,-0.1,,R96_eta0.35_phase-0.1,1,defined,0.022827424336035327,0.9824421428441416,0.0,0.0,0.0,,"[0.9824421428441416, 3.1758627883333466, 4.713493109600618, 6.01858394804873, 7.18604505947176]",6.601920036562305,"['phase-0.1', 'phase+0.1']",True,,,,,,defined,defined,defined
96,0.35,phase,-0.1,,R96_eta0.35_phase-0.1,2,defined,-0.003334474181480352,0.9616689701013355,0.02616189851751568,0.021120742572081526,0.005041155945434153,0.238682703897817,"[0.9616689701013355, 3.164651309773421, 4.70348820869365, 6.0090014608006515, 7.1766355183806185]",6.601920036562305,"['phase-0.1', 'phase+0.1']",True,,,,,,defined,defined,defined
96,0.35,phase,-0.1,,R96_eta0.35_phase-0.1,4,defined,-0.06009273686238914,0.9177939882334684,0.08292016119842446,0.0705339343982784,0.01238622680014606,0.17560663396721543,"[0.9177939882334684, 3.143254264036562, 4.683890897965981, 5.989222994141539, 7.155919671255267]",6.601920036562305,"['phase-0.1', 'phase+0.1']",True,,,,,,defined,defined,defined
96,0.7,power,0.005,balanced,R96_eta0.7_power+0.005,1,defined,0.14947900822147564,1.1922445121376932,0.0,0.0,0.0,,"[1.1922445121376932, 3.302713823133696, 4.829996990856419, 6.132416529348837, 7.299858921804117]",4.371319931785022,,,,,,,,defined,defined,defined
96,0.7,power,0.005,balanced,R96_eta0.7_power+0.005,2,defined,0.12627679214443466,1.1728624209972602,0.023202216077040982,0.023127265231098565,7.495084594241752e-05,0.0032408002067461604,"[1.1728624209972602, 3.288777559356668, 4.814709932148331, 6.114790870835147, 7.279334382912516]",4.371319931785022,,,,,,,,defined,defined,defined
96,0.7,power,0.005,balanced,R96_eta0.7_power+0.005,4,defined,0.0737988008769645,1.1308117801938513,0.07568020734451114,0.07550782282588628,0.00017238451862486293,0.002283002107243443,"[1.1308117801938513, 3.2614717697742326, 4.784972542601486, 6.079815538072208, 7.237212467096714]",4.371319931785022,,,,,,,,defined,defined,defined
24,0.35,ring,0.005,,R24_eta0.35_ring+0.005,1,defined,0.05462748600349472,1.0306943821169252,0.0,0.0,0.0,,"[1.0306943821169252, 3.1963493639465113, 4.65258510959646, 5.86402103231523, 6.930846545398836, 7.897627377075781]",1.315558870687382,"['ring+0.005', 'ring-0.005']",True,,,,,,defined,defined,defined
24,0.35,ring,0.005,,R24_eta0.35_ring+0.005,2,defined,-0.018540140498852185,0.9824111786780879,0.0731676265023469,0.0833838846802665,-0.010216258177919602,-0.12252077505256079,"[0.9824111786780879, 3.192658445209702, 4.654707935760138, 5.868589784359356, 6.936698881606685, 7.904158610182554]",1.315558870687382,"['ring+0.005', 'ring-0.005']",True,,,,,,defined,defined,defined
24,0.35,ring,0.005,,R24_eta0.35_ring+0.005,4,defined,-0.20305210212271485,0.8620386258812236,0.25767958812620956,0.28472893048700415,-0.027049342360794593,-0.09500033001398571,"[0.8620386258812236, 3.220507468905927, 4.777831817497458, 6.167458048574486, 7.291957858068089]",1.315558870687382,"['ring+0.005', 'ring-0.005']",True,,,,,,defined,defined,defined
96,0.7,ring,-0.01,,R96_eta0.7_ring-0.01,1,defined,-0.3603974503582989,0.6686436069635125,0.0,0.0,0.0,,"[0.6686436069635125, 2.8209219121211806, 4.366976942305512, 5.677368366432818, 6.847720368626902, 7.921398309730984]",4.371319931785022,"['ring-0.01', 'ring+0.01']",True,,,,,,defined,defined,defined
96,0.7,ring,-0.01,,R96_eta0.7_ring-0.01,2,defined,-0.401436353122245,0.6215601416265405,0.04103890276394612,0.023127265231098565,0.017911637532847552,0.7744814336613518,"[0.6215601416265405, 2.8046280414949027, 4.359200761126376, 5.671088724000978, 6.839085198670729, 7.907697334723632]",4.371319931785022,"['ring-0.01', 'ring+0.01']",True,,,,,,defined,defined,defined
96,0.7,ring,-0.01,,R96_eta0.7_ring-0.01,4,defined,-0.47657937849964815,0.542824433192187,0.11618192814134926,0.07550782282588628,0.04067410531546298,0.5386740577761528,"[0.542824433192187, 2.7803133736020125, 4.348841293652295, 5.6645321357541025, 6.829577692047766, 7.8879020433081175]",4.371319931785022,"['ring-0.01', 'ring+0.01']",True,,,,,,defined,defined,defined
96,0.35,common_phase,,,R96_eta0.35_common_phase,1,defined,0.31630548595898234,1.2790235249770305,0.0,0.0,0.0,,"[1.2790235249770305, 3.479312839679265, 5.021585591273083, 6.330606068590638, 7.501605029036112]",6.601920036562305,"['common_phase', 'common_phase']",,,,,0.3,,defined,defined,defined
96,0.35,common_phase,,,R96_eta0.35_common_phase,2,defined,0.2951068282384387,1.2634936351012547,0.021198657720543634,0.021120742572081526,7.791514846210851e-05,0.0036890345212152115,"[1.2634936351012547, 3.473964096784812, 5.0176715170150885, 6.327284342786338, 7.49859255214032]",6.601920036562305,"['common_phase', 'common_phase']",,,,,0.3,,defined,defined,defined
96,0.35,common_phase,,,R96_eta0.35_common_phase,4,defined,0.24568743264921067,1.2277169350595587,0.07061805330977167,0.0705339343982784,8.411891149326389e-05,0.0011926020037146413,"[1.2277169350595587, 3.463118422303832, 5.010243293282455, 6.321237062504633, 7.4931956094644]",6.601920036562305,"['common_phase', 'common_phase']",,,,,0.3,,defined,defined,defined
24,0.7,power,0.05,balanced,R24_eta0.7_power+0.05,1,defined,-0.003866406057860372,1.0619307965525182,0.0,0.0,0.0,,"[1.0619307965525182, 3.150764782758817, 4.589968607426191, 5.788216516733087, 6.841372093778002, 7.792150716777652]",0.8252866976571162,,,,,,,,defined,defined,defined
24,0.7,power,0.05,balanced,R24_eta0.7_power+0.05,2,defined,-0.0935486773210261,0.9927523195531899,0.08968227126316573,0.08896351592958343,0.0007187553335823021,0.00807921456421768,"[0.9927523195531899, 3.1076941457796488, 4.53516250826955, 5.708223844021656, 6.691219591528816]",0.8252866976571162,,,,,,,,defined,defined,defined
24,0.7,power,0.05,balanced,R24_eta0.7_power+0.05,4,defined,-0.29639355840265613,0.8461486488620218,0.29252715234479576,0.2919694058488882,0.0005577464959075629,0.0019102908891633337,"[0.8461486488620218, 2.9933575540146258]",0.8252866976571162,,,,,,,,defined,defined,defined
96,0.7,power,0.02,balanced,R96_eta0.7_power+0.02,1,defined,0.14918270359219843,1.191791767523349,0.0,0.0,0.0,,"[1.191791767523349, 3.302485185747374, 4.829799763499878, 6.132228075982923, 7.299671566680894]",4.371319931785022,,,,,,,,defined,defined,defined
96,0.7,power,0.02,balanced,R96_eta0.7_power+0.02,2,defined,0.1257620492564997,1.1720505873199096,0.023420654335698732,0.023127265231098565,0.00029338910460016687,0.01268585376042019,"[1.1720505873199096, 3.288396728628791, 4.814398766353362, 6.1145088725273276, 7.279068646795994]",4.371319931785022,,,,,,,,defined,defined,defined
96,0.7,power,0.02,balanced,R96_eta0.7_power+0.02,4,defined,0.07300214408834549,1.129453638296884,0.07618055950385294,0.07550782282588628,0.0006727366779666621,0.008909496430825819,"[1.129453638296884, 3.260920077587538, 4.784585239984424, 6.079537295883894, 7.237040753747001]",4.371319931785022,,,,,,,,defined,defined,defined
24,0.7,power,-0.02,balanced,R24_eta0.7_power-0.02,1,defined,-0.0018054714950018202,1.0646542539697479,0.0,0.0,0.0,,"[1.0646542539697479, 3.1513952237580423, 4.590216436512034, 5.788244221610532, 6.841218625730979, 7.791809142072535]",0.8252866976571162,,,,,,,,defined,defined,defined
24,0.7,power,-0.02,balanced,R24_eta0.7_power-0.02,2,defined,-0.09044968410844745,0.9971990699765876,0.08864421261344563,0.08896351592958343,-0.0003193033161378034,-0.0035891490213869125,"[0.9971990699765876, 3.108104195745086, 4.5343459034481555, 5.705767728514904, 6.674578585801006]",0.8252866976571162,,,,,,,,defined,defined,defined
24,0.7,power,-0.02,balanced,R24_eta0.7_power-0.02,4,defined,-0.2935114243873095,0.852202091319664,0.29170595289230766,0.2919694058488882,-0.00026345295658053436,-0.000902330693911427,"[0.852202091319664, 2.98393904193119]",0.8252866976571162,,,,,,,,defined,defined,defined
96,0.7,power,-0.05,balanced,R96_eta0.7_power-0.05,1,defined,0.15066046311069078,1.194050436710162,0.0,0.0,0.0,,"[1.194050436710162, 3.303626398283509, 4.8307841486990695, 6.133168625983734, 7.300606587259699]",4.371319931785022,,,,,,,,defined,defined,defined
96,0.7,power,-0.05,balanced,R96_eta0.7_power-0.05,2,defined,0.1283478538288102,1.1761310400336824,0.022312609281880585,0.023127265231098565,-0.0008146559492179795,-0.03522491488196085,"[1.1761310400336824, 3.2903134290745495, 4.815965154997985, 6.115928628788386, 7.280406922084011]",4.371319931785022,,,,,,,,defined,defined,defined
96,0.7,power,-0.05,balanced,R96_eta0.7_power-0.05,4,defined,0.07704949703520518,1.1363618761760212,0.0736109660754856,0.07550782282588628,-0.0018968567504006745,-0.025121327558002067,"[1.1363618761760212, 3.263739311674676, 4.786569464935498, 6.08096650003141, 7.237925149561578]",4.371319931785022,,,,,,,,defined,defined,defined
96,0.35,scale,-0.01,,R96_eta0.35_scale-0.01,1,defined,-1.8488809901830094,-0.8990122671921754,0.0,0.0,0.0,,"[-0.8990122671921754, 1.2694226802276445, 2.796109774703714, 4.104049905640096, 5.255991282972723, 6.295536454401607, 7.310957903576786]",6.601920036562305,"['scale-0.01', 'scale+0.01']",True,,,,,,defined,defined,defined
96,0.35,scale,-0.01,,R96_eta0.35_scale-0.01,2,defined,-1.8714454334927053,-0.9165565359897541,0.02256444330969587,0.021120742572081526,0.0014437007376143438,0.06835463917460463,"[-0.9165565359897541, 1.2582024710430404, 2.7888946668327157, 4.109047573317162, 5.25914652501417, 6.279212285876531, 7.315495735030825]",6.601920036562305,"['scale-0.01', 'scale+0.01']",True,,,,,,defined,defined,defined
96,0.35,scale,-0.01,,R96_eta0.35_scale-0.01,4,defined,-1.9197671874778344,-0.9521737488778562,0.07088619729482493,0.0705339343982784,0.00035226289654652354,0.004994232911458312,"[-0.9521737488778562, 1.237513176277412, 2.7755853927559855, 4.121645521131387, 5.274883678579506, 6.240072480244417, 7.32973769892766]",6.601920036562305,"['scale-0.01', 'scale+0.01']",True,,,,,,defined,defined,defined
24,0.7,ring,0.01,,R24_eta0.7_ring+0.01,1,defined,0.14364208901521303,1.200614007727941,0.0,0.0,0.0,,"[1.200614007727941, 3.278857733312872, 4.7130481497221925, 5.907857054169381, 6.958549076078512, 7.907683879589594]",0.8252866976571162,"['ring+0.01', 'ring-0.01']",True,,,,,,defined,defined,defined
24,0.7,ring,0.01,,R24_eta0.7_ring+0.01,2,defined,0.07453793569687472,1.1478309484381826,0.0691041533183383,0.08896351592958343,-0.01985936261124513,-0.22323041534199536,"[1.1478309484381826, 3.252108162946751, 4.677768994368357, 5.854556639699554, 6.868868513213505]",0.8252866976571162,"['ring+0.01', 'ring-0.01']",True,,,,,,defined,defined,defined
24,0.7,ring,0.01,,R24_eta0.7_ring+0.01,4,defined,-0.09310238994568831,1.0336683111733267,0.23674447896090134,0.2919694058488882,-0.05522492688798686,-0.1891462796501668,"[1.0336683111733267, 3.2197728658912004]",0.8252866976571162,"['ring+0.01', 'ring-0.01']",True,,,,,,defined,defined,defined
96,0.7,power,-0.005,balanced,R96_eta0.7_power-0.005,1,defined,0.14968238546888976,1.1925553073319157,0.0,0.0,0.0,,"[1.1925553073319157, 3.3028708091530947, 4.830132407426437, 6.132545919168418, 7.299987546280881]",4.371319931785022,,,,,,,,defined,defined,defined
96,0.7,power,-0.005,balanced,R96_eta0.7_power-0.005,2,defined,0.12663117873262408,1.1734214705390984,0.023051206736265678,0.023127265231098565,-7.605849483288685e-05,-0.0032886938456784414,"[1.1734214705390984, 3.289039958241094, 4.8149243483008854, 6.114985199589269, 7.279517527672638]",4.371319931785022,,,,,,,,defined,defined,defined
96,0.7,power,-0.005,balanced,R96_eta0.7_power-0.005,4,defined,0.07434986189910625,1.1317517064775984,0.07533252356978351,0.07550782282588628,-0.00017529925610276775,-0.0023216039019823263,"[1.1317517064775984, 3.2618543080584677, 4.785241376062295, 6.0800088771262315, 7.237331915256162]",4.371319931785022,,,,,,,,defined,defined,defined
24,0.35,scale,0.01,,R24_eta0.35_scale+0.01,1,defined,0.5730503490333608,1.4817695160332875,0.0,0.0,0.0,,"[1.4817695160332875, 3.628062031942052, 5.106550783600688, 6.343506496136435, 7.429241123171506]",1.315558870687382,"['scale+0.01', 'scale-0.01']",True,,,,,,defined,defined,defined
24,0.35,scale,0.01,,R24_eta0.35_scale+0.01,2,defined,0.5748900524139036,1.4553238686726937,-0.0018397033805427343,0.0833838846802665,-0.08522358806080924,-1.022063056759673,"[1.4553238686726937, 3.606831535442569, 5.0892327481120265, 6.33902042717784, 7.434446932818582]",1.315558870687382,"['scale+0.01', 'scale-0.01']",True,,,,,,defined,defined,defined
24,0.35,scale,0.01,,R24_eta0.35_scale+0.01,4,defined,0.5398647860639376,1.3980744180794449,0.03318556296942321,0.28472893048700415,-0.25154336751758094,-0.8834485736568385,"[1.3980744180794449, 3.583739159375961, 5.050833009295374, 6.46786827733861, 7.700493153107416]",1.315558870687382,"['scale+0.01', 'scale-0.01']",True,,,,,,defined,defined,defined
96,0.35,finite_aperture,,,R96_eta0.35_aperture1.5,1,no_peak_in_valid_interval,,,,0.0,,,[],5.947565248416112,"['aperture1.5', 'aperture1.5']",,1.5,0.5,0.9008841693746228,,,no_peak_in_valid_interval,no_selected_peak,missing_order_half
96,0.35,finite_aperture,,,R96_eta0.35_aperture1.5,2,no_peak_in_valid_interval,,,,0.021120742572081526,,,[],5.947565248416112,"['aperture1.5', 'aperture1.5']",,1.5,0.5,0.9008841693746228,,,no_peak_in_valid_interval,no_selected_peak,missing_order_half
96,0.35,finite_aperture,,,R96_eta0.35_aperture1.5,4,no_peak_in_valid_interval,,,,0.0705339343982784,,,[],5.947565248416112,"['aperture1.5', 'aperture1.5']",,1.5,0.5,0.9008841693746228,,,no_peak_in_valid_interval,no_selected_peak,missing_order_half
96,0.7,balanced,,balanced,R96_eta0.7_balanced,1,defined,0.14958009902885563,1.1923989920253308,0.0,0.0,0.0,,"[1.1923989920253308, 3.3027918491837425, 4.8300642966281355, 6.1324808399151225, 7.2999228531227125]",4.371319931785022,,,,,,,,defined,defined,defined
96,0.7,balanced,,balanced,R96_eta0.7_balanced,2,defined,0.12645283379775707,1.1731401164703208,0.023127265231098565,0.023127265231098565,0.0,0.0,"[1.1731401164703208, 3.2889078849688183, 4.814816424387382, 6.114887385299742, 7.279425340488245]",4.371319931785022,,,,,,,,defined,defined,defined
96,0.7,balanced,,balanced,R96_eta0.7_balanced,4,defined,0.07407227620296936,1.131278189485815,0.07550782282588628,0.07550782282588628,0.0,0.0,"[1.131278189485815, 3.261661517743428, 4.785105861474029, 6.0799113968888765, 7.237271676800279]",4.371319931785022,,,,,,,,defined,defined,defined
24,0.35,power,-0.01,balanced,R24_eta0.35_power-0.01,1,defined,-0.01844904443011268,0.960618324631165,0.0,0.0,0.0,,"[0.960618324631165, 3.1309201071711596, 4.58970314017025, 5.8030644489477865, 6.871494421774972, 7.839625936796408]",1.315558870687382,,,,,,,,defined,defined,defined
24,0.35,power,-0.01,balanced,R24_eta0.35_power-0.01,2,defined,-0.101876544687586,0.9028268194991935,0.08342750025747332,0.0833838846802665,4.3615577206820855e-05,0.000523069623993458,"[0.9028268194991935, 3.1178911916943224, 4.581940589354192, 5.797132975001024, 6.8661378391584, 7.834160651432871]",1.315558870687382,,,,,,,,defined,defined,defined
24,0.35,power,-0.01,balanced,R24_eta0.35_power-0.01,4,defined,-0.30381408862841397,0.7628197335528997,0.2853650441983013,0.28472893048700415,0.000636113711297126,0.0022341028367195027,"[0.7628197335528997, 3.108505424924067, 4.624023601430122, 6.168004393867949, 7.277265118395996]",1.315558870687382,,,,,,,,defined,defined,defined
24,0.7,balanced,,balanced,R24_eta0.7_balanced,1,defined,-0.0024284009178373346,1.063831038907833,0.0,0.0,0.0,,"[1.063831038907833, 3.151204599807156, 4.59014153142239, 5.788235850048349, 6.8412649940119765, 7.7919123567304185]",0.8252866976571162,,,,,,,,defined,defined,defined
24,0.7,balanced,,balanced,R24_eta0.7_balanced,2,defined,-0.09139191684742076,0.9958469315598847,0.08896351592958343,0.08896351592958343,0.0,0.0,"[0.9958469315598847, 3.107979176825603, 4.5345953523729, 5.706521938303912, 6.680658490383116]",0.8252866976571162,,,,,,,,defined,defined,defined
24,0.7,balanced,,balanced,R24_eta0.7_balanced,4,defined,-0.29439780676672556,0.8503392650318586,0.2919694058488882,0.2919694058488882,0.0,0.0,"[0.8503392650318586, 2.986993073911208]",0.8252866976571162,,,,,,,,defined,defined,defined
24,0.35,ring,-0.005,,R24_eta0.35_ring-0.005,1,defined,-0.08924303711773876,0.8910394530525699,0.0,0.0,0.0,,"[0.8910394530525699, 3.065273343838776, 4.526577722807683, 5.741914250802057, 6.8119663116544364, 7.7815009963634765]",1.315558870687382,"['ring-0.005', 'ring+0.005']",True,,,,,,defined,defined,defined
24,0.35,ring,-0.005,,R24_eta0.35_ring-0.005,2,defined,-0.18028537444621703,0.8248839851203527,0.09104233732847827,0.0833838846802665,0.007658452648211772,0.09184571668228128,"[0.8248839851203527, 3.0429101424355904, 4.5088461674890885, 5.725392004074107, 6.7954206337067, 7.7642139626614135]",1.315558870687382,"['ring-0.005', 'ring+0.005']",True,,,,,,defined,defined,defined
24,0.35,ring,-0.005,,R24_eta0.35_ring-0.005,4,defined,-0.39246272562952117,0.6703209627030382,0.3032196885117824,0.28472893048700415,0.01849075802477823,0.06494162006351582,"[0.6703209627030382, 2.9946413470046527, 4.398861082867253, 6.142018945349807, 7.252335179911083]",1.315558870687382,"['ring-0.005', 'ring+0.005']",True,,,,,,defined,defined,defined
24,0.35,finite_aperture,,,R24_eta0.35_aperture3,1,defined,-5.580360057923304,-5.163361338367336,0.0,0.0,0.0,,"[-5.163361338367336, -3.97701314428677, 0.8923039723593273, 3.18097296929076, 5.041478946522647, 6.885676804215696]",1.283111249919495,"['aperture3', 'aperture3']",,3,0.5,0.9753354855560868,,,defined,defined,defined
24,0.35,finite_aperture,,,R24_eta0.35_aperture3,2,defined,,-6.919910545842124,,0.0833838846802665,,,"[-6.919910545842124, -5.89746346883527, -4.659657284517518, 0.8558290765936741, 3.1745770596105687, 5.016173699397783, 6.850514378984276]",1.283111249919495,"['aperture3', 'aperture3']",,3,0.5,0.9753354855560868,,,defined,no_valid_rising_crossing,missing_order_half
24,0.35,finite_aperture,,,R24_eta0.35_aperture3,4,defined,-6.150637427260983,-5.682442285958297,0.5702773693376786,0.28472893048700415,0.28554843885067444,1.0028782054646452,"[-5.682442285958297, -4.659104242186177, 0.7543423641529005, 3.2064349669952343, 5.021532131481296, 6.863468184295509]",1.283111249919495,"['aperture3', 'aperture3']",,3,0.5,0.9753354855560868,,,defined,defined,defined
96,0.35,power,0.01,balanced,R96_eta0.35_power+0.01,1,defined,0.07084686404432974,1.0311659566934097,0.0,0.0,0.0,,"[1.0311659566934097, 3.2257585881750375, 4.764010290730192, 6.069604813551252, 7.237508775375311]",6.601920036562305,,,,,,,,defined,defined,defined
96,0.35,power,0.01,balanced,R96_eta0.35_power+0.01,2,defined,0.0496851888296006,1.015756477407473,0.021161675214729142,0.021120742572081526,4.0932642647616146e-05,0.001938030469710994,"[1.015756477407473, 3.220451561988606, 4.760123317780239, 6.066303833882116, 7.23450800927852]",6.601920036562305,,,,,,,,defined,defined,defined
96,0.35,power,0.01,balanced,R96_eta0.35_power+0.01,4,defined,0.00029583133433695545,0.9802536980931292,0.07055103270999279,0.0705339343982784,1.7098311714383585e-05,0.00024241256155988543,"[0.9802536980931292, 3.2096728511487074, 4.752730335571756, 6.060256679000416, 7.2290959719487535]",6.601920036562305,,,,,,,,defined,defined,defined
24,0.7,phase,0.1,,R24_eta0.7_phase+0.1,1,defined,0.09608320732544468,1.1625156694033332,0.0,0.0,0.0,,"[1.1625156694033332, 3.2568009634352713, 4.700571400070346, 5.903010968577471, 6.960300120545607, 7.915442060030099]",0.8252866976571162,"['phase+0.1', 'phase-0.1']",True,,,,,,defined,defined,defined
24,0.7,phase,0.1,,R24_eta0.7_phase+0.1,2,defined,0.01981341946125914,1.105257172303124,0.07626978786418553,0.08896351592958343,-0.012693728065397897,-0.14268464923806812,"[1.105257172303124, 3.2282105516576154, 4.664639693357688, 5.8505592431293625, 6.875476032148083]",0.8252866976571162,"['phase+0.1', 'phase-0.1']",True,,,,,,defined,defined,defined
24,0.7,phase,0.1,,R24_eta0.7_phase+0.1,4,defined,-0.16086759365055225,0.9819695189239221,0.25695080097599693,0.2919694058488882,-0.03501860487289127,-0.11993929559529094,"[0.9819695189239221, 3.190347910567356]",0.8252866976571162,"['phase+0.1', 'phase-0.1']",True,,,,,,defined,defined,defined
