R0,eta,m,tau_star,window,valid_samples,max_abs_decomposition_error,slope0_D_Q,rms_D_Q,span_D_Q,slope0_D_T,rms_D_T,span_D_T,slope0_D_pbar,rms_D_pbar,span_D_pbar
128,0.2,2,0.0,"[-0.5,0.5]",41,5.958775139980332e-14,-2.872726179694943,0.8494854574987828,2.8711663673990815,-2.753533771163471,0.8152420662695476,2.7575100794075826,-0.11919240853135155,0.03459599694335705,0.11365628799155063
128,0.2,3,0.0,"[-0.5,0.5]",41,5.5538906806873456e-14,-6.085555007378847,1.799310209656188,6.081048648481447,-5.571135530777329,1.6484208088950278,5.573616892254629,-0.5144194766025215,0.1509797069141971,0.5074317562268106
128,0.2,4,0.0,"[-0.5,0.5]",41,4.213296378452469e-14,-9.557983026610108,2.825670927611549,9.54915649867742,-8.453233991006945,2.499901346746691,8.449969008462212,-1.1047490356033431,0.32577246088107314,1.099187490215185
128,0.2,5,0.0,"[-0.5,0.5]",41,6.650235917504688e-14,-13.241267439934278,3.9141543872900426,13.226756436589714,-11.394475679616137,3.3682205450953986,11.381838232195417,-1.846791760318066,0.545973151949918,1.8449182043943109
128,0.2,6,0.0,"[-0.5,0.5]",41,6.505906924303417e-14,-17.10227775943877,5.054968566924396,17.080745291138555,-14.38865369262472,4.251613125021545,14.363390074382327,-2.713624066813682,0.8035646336521931,2.7173552167562143
128,0.3,2,0.0,"[-0.5,0.5]",41,6.623607912148444e-14,-2.850686142676871,0.8428601126229801,2.8485809592418914,-2.90082928723103,0.8609086435565849,2.915746284158846,0.05014314455521068,0.023652954653700514,0.07245158779791154
128,0.3,3,0.0,"[-0.5,0.5]",41,4.515485207967629e-14,-6.029509876480505,1.7824661945216647,6.023568826351808,-5.845444047005388,1.7335081229937424,5.86878554651623,-0.18406582947636563,0.05537977259058962,0.16621116314608006
128,0.3,4,0.0,"[-0.5,0.5]",41,6.272760089132134e-14,-9.456535568062362,2.7951579228666725,9.444950710998604,-8.841057483855456,2.6202623021927662,8.867922660450919,-0.6154780842070987,0.17787013561840515,0.5770280505477173
128,0.3,5,0.0,"[-0.5,0.5]",41,5.4262150328554526e-14,-13.0834651118789,3.8666408296724892,13.064385632229573,-11.885721537344208,3.5207591605298485,11.91201040592149,-1.1977435745351284,0.3476569346573165,1.1523752263080642
128,0.3,6,0.0,"[-0.5,0.5]",41,7.122080702970379e-14,-16.877538629518458,4.987222093699733,16.849094849921393,-14.97524976948776,4.433855651308261,14.9973320893259,-1.9022888600302188,0.5544172963655886,1.8517627605955673
128,0.35,2,0.0,"[-0.5,0.5]",41,5.094535904248687e-14,-2.839938899321014,0.8396452974218163,2.837636023562986,-2.970601853928617,0.8825137442055023,2.990366996545539,0.13066295460751445,0.0472405588054513,0.1527309729826174
128,0.35,3,0.0,"[-0.5,0.5]",41,6.509127004755699e-14,-6.002223349435913,1.7742912910916027,5.995710849939316,-5.97538716337726,1.773770738579529,6.008022338285498,-0.0268361860603684,0.0350415000940581,0.08233390322759775
128,0.35,4,0.0,"[-0.5,0.5]",41,3.905209489118988e-14,-9.407167613182127,2.7803492347823067,9.394450011760494,-9.024764285808308,2.677221282311779,9.06512023078842,-0.3824033273741483,0.113010808634292,0.34190933020032954
128,0.35,5,0.0,"[-0.5,0.5]",41,5.0008608365459395e-14,-13.006684899970434,3.8435837128864847,12.98570816991641,-12.118387793739636,3.5929469751667398,12.162187787778375,-0.8882971062311119,0.25632438939582464,0.8235203821380457
128,0.35,6,0.0,"[-0.5,0.5]",41,4.7406523151494184e-14,-16.768193976696434,4.954350901602896,16.73686768367697,-15.25302102585582,4.520096574150878,15.296497032697598,-1.5151729508411704,0.43806409085203246,1.4403706509793603
128,0.4,2,0.0,"[-0.5,0.5]",41,4.764244554422703e-14,-2.829426959095431,0.8365065111304377,2.8269615528774845,-3.037495582775389,0.9031916558394393,3.061626681347871,0.20806862367977197,0.07086871200644158,0.23466512847039117
128,0.4,3,0.0,"[-0.5,0.5]",41,4.889144644693033e-14,-5.975526536127061,1.766308162496926,5.968536541211986,-6.099961132383385,1.8123081500443714,6.141003628075811,0.12443459625656182,0.06322858851939672,0.19266224479374017
128,0.4,4,0.0,"[-0.5,0.5]",41,4.4554637756988313e-14,-9.358864052110539,2.7658880933933707,9.345190399891406,-9.200860329233526,2.7317400560348317,9.253469952579797,-0.15800372287612446,0.06805090882337259,0.18439924921386577
128,0.4,5,0.0,"[-0.5,0.5]",41,5.69266855876549e-14,-12.931561247822746,3.8210701004480794,12.908974533643825,-12.341379217756558,3.662039325755482,12.401144205894532,-0.5901820300670692,0.17406723712864652,0.5267064450050826
128,0.4,6,0.0,"[-0.5,0.5]",41,4.929390229335695e-14,-16.66121287934343,4.92225942126069,16.627433283603118,-15.519188648345798,4.602632574407458,15.582237463137318,-1.1420242309959834,0.32931683742001955,1.0451958204658043
128,0.5,2,0.0,"[-0.5,0.5]",41,5.635769628753451e-14,-2.809195746662873,0.8304836291333497,2.8065161261634195,-3.161921695897898,0.9415093895645827,3.1932222332712925,0.3527259492358204,0.11527532934887263,0.38670610710784425
128,0.5,3,0.0,"[-0.5,0.5]",41,5.5011550870176507e-14,-5.924122219208848,1.7509837961888883,5.916469941740515,-6.3316262889623145,1.8837207342991749,6.386590632603624,0.4075040697528317,0.14470378995101646,0.47012069086308406
128,0.5,4,0.0,"[-0.5,0.5]",41,6.053837986463861e-14,-9.26584529835501,2.7381288545357916,9.2508129361659,-9.528244884253798,2.832757790403373,9.60129626335737,0.2623995859000765,0.12427878710218464,0.37990771104689847
128,0.5,5,0.0,"[-0.5,0.5]",41,5.470623953840459e-14,-12.786902791310432,3.7778623010289727,12.76199596353974,-12.755802363043344,3.79003932317517,12.842380884820102,-0.03110042826839657,0.10095124895071772,0.2566562896919702
128,0.5,6,0.0,"[-0.5,0.5]",41,5.724240526028268e-14,-16.455242657834354,4.860688696147708,16.41789341608258,-16.01365166630028,4.755503701426268,16.109779319787435,-0.44159099153208553,0.1571769599324948,0.45039341221557994
128,0.6,2,0.0,"[-0.5,0.5]",41,5.620504062164855e-14,-2.790138295779851,0.8248344708191397,2.7873909875609097,-3.2729681475118895,0.9754692477483116,3.309281246969514,0.4828298517309958,0.15497061954301714,0.5218902594086188
128,0.6,3,0.0,"[-0.5,0.5]",41,6.022959908591474e-14,-5.875659668084446,1.7366005612307616,5.8677354287122245,-6.538273526695618,1.946996809011966,6.60313500862531,0.6626138586109608,0.2213158119157803,0.7353995799130718
128,0.6,4,0.0,"[-0.5,0.5]",41,5.5316862201948425e-14,-9.1781343887292,2.712074252995149,9.162480805742042,-9.820092977642595,2.9222342202180984,9.907890767550011,0.6419585889146687,0.23168785129451566,0.7454099618079857
128,0.6,5,0.0,"[-0.5,0.5]",41,4.5602410736478305e-14,-12.650520305649108,3.737321301524541,12.624488286650625,-13.124982186408305,3.903364638521925,13.231158134792,0.4744618807580752,0.20687823799260235,0.6356828919225032
128,0.6,6,0.0,"[-0.5,0.5]",41,5.79813974610488e-14,-16.26111609817716,4.802948287371802,16.221973800539768,-16.45379034301526,4.890777713254039,16.57438601472873,0.19267424483836945,0.1708277372179598,0.5015373029721
128,0.7,2,0.0,"[-0.5,0.5]",41,4.296563105299356e-14,-2.7723501006874565,0.8195856831642121,2.7696722073283646,-3.3699995800327573,1.0048694798945264,3.4092261003440694,0.5976494793455769,0.18960804302921674,0.6395538930157403
128,0.7,3,0.0,"[-0.5,0.5]",41,5.268008251846368e-14,-5.830380656205264,1.7232248906097816,5.822547836458285,-6.71868012281572,2.0017443008878226,6.789494999705012,0.8882994666083845,0.2888803667367306,0.9669471632467506
128,0.7,4,0.0,"[-0.5,0.5]",41,4.3798298321462426e-14,-9.096169609803924,2.6878438196829015,9.08058084442347,-10.07463207408906,2.999595158656465,10.171557097778502,0.9784624642845813,0.33058353674766755,1.0909762533549814
128,0.7,5,0.0,"[-0.5,0.5]",41,6.7390537594747e-14,-12.523098849283635,3.6996335054086877,12.49705481743407,-13.446625959812579,4.001266150514372,13.565234577253243,0.9235271105278996,0.332788942859195,1.068179759819166
128,0.7,6,0.0,"[-0.5,0.5]",41,5.0237591864288333e-14,-16.079826564011725,4.749305895860703,16.04054076121632,-16.836822066152823,5.007537610104897,16.97328278429066,0.7569955021409773,0.3084792763190817,0.953895379918288
128,0.8,2,0.0,"[-0.5,0.5]",41,5.986877660291157e-14,-2.7558830108284385,0.8147484181429385,2.753389522054876,-3.452855847089278,1.0296853416952811,3.493094785343741,0.6969728362597135,0.21914558672363685,0.7397052632888825
128,0.8,3,0.0,"[-0.5,0.5]",41,4.8627768478581856e-14,-5.7884114823100825,1.7108844940688197,5.780981102542801,-6.872522316187545,2.0479042858054797,6.9456945724043075,1.0841108338784264,0.34683575513997106,1.164713469861499
128,0.8,4,0.0,"[-0.5,0.5]",41,5.5011550870176507e-14,-9.02017830640851,2.6654870302446088,9.005244619172775,-10.291374066487517,3.0647421100176597,10.39227208352799,1.2711957600783628,0.4164136601404716,1.387027464355241
128,0.8,5,0.0,"[-0.5,0.5]",41,4.9932280532516415e-14,-12.404996412339187,3.6648753275932977,12.379897621628302,-13.720085123246157,4.083602885994174,13.844517879251388,1.3150887109053313,0.4455483558542614,1.464620257623149
128,0.8,6,0.0,"[-0.5,0.5]",41,7.382983113757291e-14,-15.911888415240231,4.699870109147768,15.873879590580882,-17.161945863260012,5.105598893692126,17.30629393363501,1.2500574480189108,0.445513197214784,1.4324143430541358
128,0.9,2,0.0,"[-0.5,0.5]",41,4.701794509287538e-14,-2.7407441620732285,0.810320185153389,2.7385245444343216,-3.521802539116969,1.0500438516359465,3.561444128462795,0.781058377042081,0.24373048390794452,0.8229195840285155
128,0.9,3,0.0,"[-0.5,0.5]",41,5.3415605272277844e-14,-5.749772458494748,1.699573049344862,5.7429882756472335,-7.0002790277803255,2.0857049939589722,7.072744829025371,1.2505065692835713,0.3953263325245098,1.3297565533781275
128,0.9,4,0.0,"[-0.5,0.5]",41,5.734301922188934e-14,-8.950196336270974,2.644991969236522,8.936384693614631,-10.47098057198438,3.1179884405210974,10.571434992056208,1.5207842357118713,0.48871907660772157,1.6350502984415523
128,0.9,5,0.0,"[-0.5,0.5]",41,5.159761506945415e-14,-12.296267862986248,3.633027136353651,12.272875645732364,-13.94618575405746,4.150762458902175,14.070748890130417,1.6499178910716075,0.5415999297001033,1.797873244398057
128,0.9,6,0.0,"[-0.5,0.5]",41,4.141131881851834e-14,-15.757382507126447,4.654611091393141,15.721780689548517,-17.430141215458814,5.185415881502057,17.575467910566942,1.6727587083322113,0.5648410274466795,1.8536872210184239
128,1.0,2,0.0,"[-0.5,0.5]",41,4.0072112295064244e-14,-2.7269036876392074,0.8062872748376645,2.7250197482896743,-3.5774558898455804,1.0661919369285142,3.6152324601647026,0.8505522022048083,0.26364658828493964,0.8902127118750316
128,1.0,3,0.0,"[-0.5,0.5]",41,3.7247982476174e-14,-5.714392099247869,1.689256335771478,5.708425200818146,-7.103095152663719,2.115602681227395,7.172423729371528,1.3887030534147178,0.4348427099364149,1.4639985285534036
128,1.0,4,0.0,"[-0.5,0.5]",41,6.158962229108056e-14,-8.88609672727322,2.6262965507998293,8.87373916334415,-10.615071512407708,3.159975947810982,10.711554450062613,1.7289747851349626,0.548011316435903,1.8378152867184796
128,1.0,5,0.0,"[-0.5,0.5]",41,6.426803533798875e-14,-12.196713532027573,3.603991048874245,12.175575399882856,-14.12698508285315,4.203555503298796,14.247103175772555,1.9302715508252632,0.6209447982454604,2.0715277758896855
128,1.0,6,0.0,"[-0.5,0.5]",41,7.416289804496046e-14,-15.61601961210787,4.613386625625826,15.583642636777238,-17.643875772368858,5.24795568990774,17.78459880200102,2.027856160261384,0.6644054753473433,2.2009561652237504
16,0.2,2,0.0,"[-0.5,0.5]",41,5.4817261840867104e-15,-2.6558697557565614,0.7844414677331946,2.649300640592136,-2.331560180158115,0.6867339836042106,2.314291771624254,-0.32430957559850815,0.09841939755385214,0.33500886896788507
16,0.2,3,0.0,"[-0.5,0.5]",41,8.826273045769994e-15,-5.517099902560978,1.6285693398703327,5.4983484909986675,-4.597739753610396,1.352525487969841,4.553878785279228,-0.9193601489506377,0.2781027973867776,0.944469705719438
16,0.2,4,0.0,"[-0.5,0.5]",41,7.216449660063518e-15,-8.51869432707881,2.5131571084526554,8.481905808782415,-6.787724636000532,1.9942947299236748,6.708330431507964,-1.7309696910785204,0.5232462870086089,1.7735753772744518
16,0.2,5,0.0,"[-0.5,0.5]",41,5.662137425588298e-15,-11.634158677440727,3.4300886869419434,11.571615982490991,-8.890384020011886,2.6088511070730385,8.766732439179876,-2.743774657428708,0.8291050165089849,2.804883543311114
16,0.2,6,0.0,"[-0.5,0.5]",41,5.329070518200751e-15,-14.856311123989748,4.376311685725545,14.754871051267894,-10.894834468512242,3.193107202071995,10.718483866007604,-3.9614766554775085,1.1957214056614187,4.036387185260287
16,0.3,2,0.0,"[-0.5,0.5]",41,8.340550472496489e-15,-2.5972579580494717,0.766855867858742,2.58922258712374,-2.368355131362092,0.6984732859454513,2.356251419882351,-0.22890282668749998,0.06858237054964869,0.2329711672413841
16,0.3,3,0.0,"[-0.5,0.5]",41,5.689893001203927e-15,-5.37187864941246,1.5847713161215902,5.3483073585986505,-4.666637142174534,1.3745598566718895,4.632893682846115,-0.7052415072378427,0.21103475804984026,0.7154136757525298
16,0.3,4,0.0,"[-0.5,0.5]",41,4.773959005888173e-15,-8.258003858163224,2.4340737687349527,8.210233554501613,-6.885109609275649,2.0254696442959688,6.820430911436855,-1.3728942488875227,0.4106940376846852,1.38980264306476
16,0.3,5,0.0,"[-0.5,0.5]",41,6.328271240363392e-15,-11.224126042041425,3.3049391591690243,11.140542608195341,-9.012689695568556,2.6479966330790035,8.907840943550813,-2.2114363464727176,0.6610484117976602,2.23270166464453
16,0.3,6,0.0,"[-0.5,0.5]",41,7.105427357601002e-15,-14.253244786127064,4.191197927075013,14.115769566421392,-11.03807755819149,3.2389080276352344,10.883982275137605,-3.215167227935816,0.9590893375726215,3.2317872912837897
16,0.35,2,0.0,"[-0.5,0.5]",41,8.392592176775793e-15,-2.5689412021278635,0.7583931503177329,2.5603742364982245,-2.384402667832934,0.703617673366332,2.374649639322101,-0.18453853429493847,0.05482388742105801,0.1857245971761284
16,0.35,3,0.0,"[-0.5,0.5]",41,8.132383655379272e-15,-5.301677789191646,1.563707719174406,5.276333078262827,-4.696484198379684,1.384173527441759,4.667440386599122,-0.6051935908118716,0.1799235921827701,0.6088926916637054
16,0.35,4,0.0,"[-0.5,0.5]",41,6.938893903907228e-15,-8.131978083428296,2.3961018622640333,8.080190502568096,-6.926976717132584,2.0390018045330143,6.8692742436145835,-1.2050013662959298,0.35832271891232875,1.2109162589535174
16,0.35,5,0.0,"[-0.5,0.5]",41,6.661338147750939e-15,-11.026144384275415,3.2450529216857738,10.935041632391233,-9.064784317666481,2.664878230845358,8.969041599049053,-1.9613600666090203,0.5828097156387958,1.966000033342184
16,0.35,6,0.0,"[-0.5,0.5]",41,6.938893903907228e-15,-13.96303691260488,4.103164412308088,13.813253772004543,-11.098374713224475,3.258490350216469,10.955309697467221,-2.8646621993803145,0.8492152714877388,2.8579440745373237
16,0.4,2,0.0,"[-0.5,0.5]",41,5.5164206536062466e-15,-2.5414057924597677,0.7501872979196238,2.532448527146146,-2.39885417892368,0.7082641060393114,2.3912730462040104,-0.14255161353611848,0.04192482041239536,0.14117548094213694
16,0.4,3,0.0,"[-0.5,0.5]",41,5.082739784612045e-15,-5.233432300698952,1.5433044277075962,5.206750508528493,-4.723216172245955,1.392825728338785,4.698579566018681,-0.5102161284528964,0.1505831439724855,0.5081709425098129
16,0.4,4,0.0,"[-0.5,0.5]",41,5.55805401702969e-15,-8.009557853919617,2.359386049778101,7.954736829473163,-6.964244279775127,2.0511313708442547,6.913179885453211,-1.0453135741443111,0.3088227309524917,1.0415569440199568
16,0.4,5,0.0,"[-0.5,0.5]",41,6.716849298982197e-15,-10.83415782846879,3.18732176831078,10.73747679361542,-9.110811899496515,2.679933983836732,9.023864234055411,-1.7233459289721778,0.5088548011660091,1.7136125595600096
16,0.4,6,0.0,"[-0.5,0.5]",41,6.8833827526759706e-15,-13.682516491407846,4.018704884349794,13.523975831678428,-11.151147638161085,3.275839957303328,11.018906339146382,-2.53136885324685,0.7455818598193105,2.505069492532047
16,0.5,2,0.0,"[-0.5,0.5]",41,7.258083023486961e-15,-2.4889756755942267,0.7346324652902861,2.4796613683931836,-2.422972866240915,0.7160528625673848,2.4191580948838856,-0.06600280935312307,0.019218769247282757,0.06050327350929901
16,0.5,3,0.0,"[-0.5,0.5]",41,4.9057979900624105e-15,-5.103644191787311,1.504716145716839,5.0755727875756325,-4.767378851135463,1.4072339625106167,4.750579546801509,-0.3362653406518503,0.09761752510749325,0.32499324077412595
16,0.5,4,0.0,"[-0.5,0.5]",41,7.66053886991358e-15,-7.777241579561056,2.2901896050733397,7.719181273859897,-7.025117303381504,2.0711838573608508,6.98614463408612,-0.7521242761795385,0.2190089287337782,0.7330366397737769
16,0.5,5,0.0,"[-0.5,0.5]",41,6.716849298982197e-15,-10.47115233757151,3.079095752604294,10.368727517871836,-9.18497038948052,2.7046042261296988,9.11443413930926,-1.286181948091062,0.37462066117856047,1.2542933785625752
16,0.5,6,0.0,"[-0.5,0.5]",41,5.88418203051333e-15,-13.155208806410112,3.8616070729269385,12.988680203984368,-11.234698111598666,3.3039442331590894,11.123162603479948,-1.9205106948117512,0.5581082152651681,1.8655176005044198
16,0.6,2,0.0,"[-0.5,0.5]",41,5.626575594330774e-15,-2.4404420055695932,0.720323614870416,2.4313039621857007,-2.440859514482413,0.7218702417272042,2.4400220664390178,0.00041750891291929845,0.008556905429816315,0.022413055510661688
16,0.6,3,0.0,"[-0.5,0.5]",41,5.252742685257772e-15,-4.983837542564655,1.4693636289967857,4.955963353702879,-4.799494411109783,1.4178619528433973,4.789157357285553,-0.1843431314549978,0.05324354522179605,0.16680599641732188
16,0.6,4,0.0,"[-0.5,0.5]",41,6.6058269965196814e-15,-7.5637064268178165,2.2271658967547725,7.505805420510953,-7.068425869052435,2.0857789765192516,7.039813639782323,-0.49528055776542684,0.14217590144139,0.46599178072862596
16,0.6,5,0.0,"[-0.5,0.5]",41,6.95971058561895e-15,-10.139606427941816,2.981330376230946,10.037712231624383,-9.236343313559507,2.7222765876948563,9.180394910017302,-0.9032631143822836,0.2594092951032176,0.8573173216070795
16,0.6,6,0.0,"[-0.5,0.5]",41,7.882583474838611e-15,-12.678037140230307,3.721291476661502,12.514047597449682,-11.290597336508792,3.3236682400603255,11.198145688132495,-1.3874398037217746,0.39778910193256395,1.3159019093171858
16,0.7,2,0.0,"[-0.5,0.5]",41,6.500008864485096e-15,-2.396092332812641,0.7073312563907259,2.387591533799956,-2.452860761544239,0.7258194013102605,2.4542474858521217,0.056768428731544446,0.02147597053877859,0.06704386855060185
16,0.7,3,0.0,"[-0.5,0.5]",41,7.11757042193284e-15,-4.874796132601722,1.4374281696601106,4.8484649163684015,-4.8203239200305825,1.4249288930507027,4.815100951115081,-0.0544722125710531,0.023295844026366808,0.06352968585392908
16,0.7,4,0.0,"[-0.5,0.5]",41,7.53563877964325e-15,-7.370454993111489,2.1706300495945223,7.3155089819621955,-7.0954485537087395,2.095276174353749,7.075443225021732,-0.27500643940297825,0.07970075816611726,0.2432359006733486
16,0.7,5,0.0,"[-0.5,0.5]",41,6.5780714209040525e-15,-9.841873064201828,2.894433248330292,9.745451718325635,-9.266870995797571,2.733487936793502,9.223578824200697,-0.5750020684041844,0.1638214856483056,0.5218728941249394
16,0.7,6,0.0,"[-0.5,0.5]",41,5.891120924417237e-15,-12.254015656946978,3.5980612503549625,12.100372314309848,-11.32163958940647,3.335777932197734,11.246420695040545,-0.9323760675404941,0.26462791240477024,0.8539516192693
16,0.8,2,0.0,"[-0.5,0.5]",41,4.846817391879199e-15,-2.35604130623368,0.6956708605245697,2.3485396992849887,-2.4594768827600495,0.7280593554551062,2.462419384942228,0.10343557652636635,0.0347343878443617,0.11387968565723747
16,0.8,3,0.0,"[-0.5,0.5]",41,5.1209037010835345e-15,-4.7768171234068575,1.4089392409630033,4.753070863562172,-4.830924014750314,1.4287613744457806,4.829590451611707,0.05410689134346117,0.030970107376345014,0.0927494749346364
16,0.8,4,0.0,"[-0.5,0.5]",41,1.1027637136784563e-14,-7.19798829233871,2.1205937581227476,7.148100387862789,-7.107886748789118,2.1001878943134535,7.094851141726542,-0.09010154354980997,0.039261710961736515,0.10608621235254345
16,0.8,5,0.0,"[-0.5,0.5]",41,6.140921104957897e-15,-9.578512464696923,2.8182923926151955,9.491117969643351,-9.279020651123618,2.7389643471589444,9.24651450043514,-0.2994918135733196,0.08995472379364935,0.2679649964643021
16,0.8,6,0.0,"[-0.5,0.5]",41,9.582612481295882e-15,-11.883229406443562,3.4914264949414027,11.745178468164665,-11.331212563739362,3.3412503879039384,11.271330719072623,-0.5520168427042662,0.15885726181107693,0.4823453977447477
16,0.9,2,0.0,"[-0.5,0.5]",41,6.890321646579878e-15,-2.320252923347537,0.6853120890280358,2.3140019635013793,-2.4613121226491255,0.7287863800297627,2.465254489067913,0.1410591993015101,0.04549407303561671,0.15125252556653523
16,0.9,3,0.0,"[-0.5,0.5]",41,6.8833827526759706e-15,-4.689785282077089,1.3838037301321187,4.669341782123457,-4.8325423478988885,1.4297552970723468,4.834053998892341,0.14275706582191863,0.05289253256585988,0.1652887761431349
16,0.9,4,0.0,"[-0.5,0.5]",41,5.037636974236648e-15,-7.045986795100902,2.0768334414832563,7.002563477552682,-7.107697124530225,2.101120353732705,7.100194572815682,0.061710329429364594,0.0452325341719904,0.13286863846779448
16,0.9,5,0.0,"[-0.5,0.5]",41,7.209077085290616e-15,-9.34868039717355,2.75241431376725,9.272564669676521,-9.275544855080236,2.739538526135391,9.25212125202887,-0.07313554209335925,0.05143408577474425,0.12049390029978889
16,0.9,6,0.0,"[-0.5,0.5]",41,7.153999614928352e-15,-11.56360160778304,3.400357707404692,11.444174199405921,-11.322968974526445,3.341165238035179,11.276601028144917,-0.24063263325673537,0.08584883366326318,0.24476227678689447
16,1.0,2,0.0,"[-0.5,0.5]",41,8.389122729823839e-15,-2.288568155067548,0.676189170060647,2.2837107423166962,-2.459026614694981,0.7282159725681566,2.4635337396666763,0.17045845962742626,0.05378388063933035,0.17982299734997825
16,1.0,3,0.0,"[-0.5,0.5]",41,5.821731985378165e-15,-4.613257288214758,1.3618365477156336,4.596525284127231,-4.826518106585446,1.428339380087898,4.830031663421958,0.21326081837075114,0.07183411772820646,0.23350637929472443
16,1.0,4,0.0,"[-0.5,0.5]",41,6.643990912991171e-15,-6.913502162270018,2.0389563694035306,6.877312965224609,-7.096935799501185,2.098717950562007,7.093764110349079,0.18343363723122005,0.07209894145961745,0.22155045902150125
16,1.0,5,0.0,"[-0.5,0.5]",41,6.418043180245192e-15,-9.150507002802149,2.696047465291614,9.086796631583285,-9.259263839266092,2.736074578452787,9.243432966081055,0.10875683646389693,0.06682875873588474,0.19811870382958882
16,1.0,6,0.0,"[-0.5,0.5]",41,6.477457459297398e-15,-11.29158325076596,3.323493105465662,11.19202397569929,-11.300542300508045,3.336609707007903,11.265995133929358,0.008959049741989099,0.06874727910269865,0.18045922537111317
192,0.2,2,0.0,"[-0.5,0.5]",41,8.019279684745584e-14,-2.88778159411151,0.8539476058641106,2.886385617885228,-2.8399500654293215,0.841868873182285,2.849549057264963,-0.04783152868027077,0.015487808935757632,0.04556037081183145
192,0.2,3,0.0,"[-0.5,0.5]",41,7.756122133439902e-14,-6.125808086389268,1.811313375026603,6.122004305056173,-5.743078742266199,1.7013241981183145,5.7564672992428285,-0.3827293441206174,0.1109683978888755,0.3655370058133466
192,0.2,4,0.0,"[-0.5,0.5]",41,1.0849654508149342e-13,-9.633876677420172,2.848425825437715,9.626823118740205,-8.713996800500844,2.580020927066065,8.726828901899975,-0.9198798769204107,0.2688666092764323,0.8999942168401955
192,0.2,5,0.0,"[-0.5,0.5]",41,5.689893001203927e-14,-13.363513975018568,3.9509169140833227,13.352257564810092,-11.749587026379935,3.4771783985107416,11.758247062554755,-1.6139269486392072,0.4739213666435807,1.594010502255322
192,0.2,6,0.0,"[-0.5,0.5]",41,9.059419880941277e-14,-17.281875017602715,5.1089718327722515,17.265111903575146,-14.844977649488191,4.391454750592195,14.846340531270986,-2.436897368112406,0.7175528417514208,2.4187713723041515
192,0.3,2,0.0,"[-0.5,0.5]",41,7.27456289650874e-14,-2.869514662506779,0.8485103905509228,2.8678546015510387,-3.0242956352347106,0.8990069446528115,3.0470957528206872,0.15478097272591793,0.054952031720114314,0.17924115126970594
192,0.3,3,0.0,"[-0.5,0.5]",41,7.596874518345231e-14,-6.07938235686267,1.7974508957504898,6.074713882672251,-6.087044109941258,1.80794667950977,6.125477647898965,0.007661753078890144,0.03985228674336432,0.10851247138238695
192,0.3,4,0.0,"[-0.5,0.5]",41,7.172040739078511e-14,-9.549935729050011,2.823244161064824,9.540851608050733,-9.201315730509705,2.7311119057112077,9.250203445619384,-0.3486199985401416,0.10538491742518062,0.31568292185077346
192,0.3,5,0.0,"[-0.5,0.5]",41,9.192646643896296e-14,-13.232903657444709,3.9116039777383977,13.217957436146705,-12.368196471106339,3.669037158261463,12.423365413197683,-0.8647071863389066,0.24993996004494737,0.7945920229489902
192,0.3,6,0.0,"[-0.5,0.5]",41,7.005507285384738e-14,-17.095369248661406,5.052789254095637,17.073090488491413,-15.58534435007037,4.621154600500615,15.643217978469746,-1.5100248985904694,0.43664994318636213,1.4298725100216125
192,0.35,2,0.0,"[-0.5,0.5]",41,6.243616734735724e-14,-2.860686693303407,0.8458694713099764,2.858863849127381,-3.111977408216706,0.9261470704457264,3.140615815374148,0.2512907149120115,0.08467016614335156,0.2817519662467196
192,0.35,3,0.0,"[-0.5,0.5]",41,5.900835375882707e-14,-6.056900107736937,1.7907156868231502,6.0517643705477,-6.250656972151635,1.8586046494356956,6.300229472121875,0.1937568644160152,0.08366255674370748,0.25813635296317905
192,0.35,4,0.0,"[-0.5,0.5]",41,1.0670631045428536e-13,-9.509139981305092,2.811009337525978,9.499135818393263,-9.433129200681833,2.802910947768152,9.498124408824136,-0.07601078062067942,0.06731737073442282,0.14702794976738834
192,0.35,5,0.0,"[-0.5,0.5]",41,7.002731727823175e-14,-13.169278447558929,3.8925049794100355,13.152803557364845,-12.662486081236077,3.7602211772803042,12.738497332097252,-0.5067923663225751,0.15521083122254709,0.46284869187289
192,0.35,6,0.0,"[-0.5,0.5]",41,8.459899447643693e-14,-17.004525620213396,5.025497200193485,16.979945061966013,-15.937567771737607,4.730332676690616,16.02084009993463,-1.0669578484758684,0.309242715772037,0.9605867971337796
192,0.4,2,0.0,"[-0.5,0.5]",41,7.849276784099857e-14,-2.852047438366618,0.8432893957110619,2.8500894914847956,-3.196285614734538,0.952195734172304,3.2301741157752435,0.3442381763675621,0.11341447049883899,0.3800846242903515
192,0.4,3,0.0,"[-0.5,0.5]",41,8.382877725310323e-14,-6.034889766027174,1.784133588884108,6.029360545381939,-6.407980718872596,1.907232272318055,6.467606478017607,0.3730909528452615,0.1362403012262256,0.4382459326356335
192,0.4,4,0.0,"[-0.5,0.5]",41,8.958458974639427e-14,-9.469194983114416,2.7990516100753555,9.458409032743313,-9.656030987588702,2.8718386849400703,9.735611977861051,0.18683600447509782,0.1089735201936572,0.3294546768976988
192,0.4,5,0.0,"[-0.5,0.5]",41,8.630596237679811e-14,-13.106977786753946,3.8738390229719477,13.089197173857096,-12.945452842985205,3.84776351431825,13.04039444690029,-0.1615249437683932,0.10364202464131916,0.2477597453913702
192,0.4,6,0.0,"[-0.5,0.5]",41,8.54316617449058e-14,-16.9155745433896,4.998826250428972,16.889021606453518,-16.276218877708768,4.835153063552867,16.382625396800144,-0.6393556656822434,0.2007819723914364,0.5945834859783795
192,0.5,2,0.0,"[-0.5,0.5]",41,1.0107192860431269e-13,-2.83540315212755,0.8383334755143719,2.8332652438358603,-3.353842043751357,1.0006858796571623,3.396323630756098,0.5184388916255301,0.16712626249258106,0.5630583869201782
192,0.5,3,0.0,"[-0.5,0.5]",41,9.658593369543667e-14,-5.992460954092888,1.7714827761931637,5.986377615050198,-6.701979522792046,1.9977666143246642,6.778172915732101,0.709518568703251,0.23822767115031399,0.7917953006819061
192,0.5,4,0.0,"[-0.5,0.5]",41,7.238654120556021e-14,-9.392172541562267,2.776064659703261,9.380260622779737,-10.07254375588897,3.0001763710054874,10.176306616854903,0.6803712143244397,0.24768288960096527,0.7960459940751072
192,0.5,5,0.0,"[-0.5,0.5]",41,9.037215420448774e-14,-12.986842437544702,3.837957754842892,12.967154449065525,-13.474133207152102,4.010762224604944,13.60063373765378,0.4872907696120162,0.21811152730911773,0.6696250700462549
192,0.5,6,0.0,"[-0.5,0.5]",41,1.0285348961414087e-13,-16.744060365951565,4.947565078432328,16.714598162349183,-16.90883209747699,5.030316372685164,17.054002467588745,0.1647717315243767,0.17808110395216747,0.5170745403654163
192,0.6,2,0.0,"[-0.5,0.5]",41,8.196221479295218e-14,-2.8197028513966846,0.8336778369891856,2.8175016644141717,-3.495460093391111,1.043959017355208,3.5438986380637854,0.6757572419962078,0.21520306377543125,0.7263969736497097
192,0.6,3,0.0,"[-0.5,0.5]",41,7.627232179174825e-14,-5.952389226017022,1.759586122998085,5.946064246278357,-6.9661828821178,2.0785635498257267,7.054021519083582,1.0137936560993839,0.33059814897516465,1.1079572728052172
192,0.6,4,0.0,"[-0.5,0.5]",41,7.827072323607354e-14,-9.319399105851328,2.7544408177995847,9.306944616964138,-10.44674068582256,3.114703721995264,10.567708095010172,1.12734157997171,0.38111894140451363,1.2607634780459869
192,0.6,5,0.0,"[-0.5,0.5]",41,6.298433996576591e-14,-12.873323518474509,3.8042053497393424,12.852668009010028,-13.948944651373552,4.156201184357697,14.09814308225505,1.075621132899771,0.386110295304631,1.2454750732450366
192,0.6,6,0.0,"[-0.5,0.5]",41,8.97615315409439e-14,-16.582008365189033,4.89935704477285,16.551022927247725,-17.476769202840018,5.204421146600551,17.65009894696375,0.8947608376521011,0.3595069744409,1.1164702220224703
192,0.7,2,0.0,"[-0.5,0.5]",41,6.750849879111342e-14,-2.805025319295149,0.8293445385106573,2.8028702277229636,-3.6202419687473313,1.0817308261289493,3.672070279579134,0.8152166494537384,0.25731152845120603,0.869200051856186
192,0.7,3,0.0,"[-0.5,0.5]",41,9.225953334635051e-14,-5.914875270573028,1.7484985118650418,5.908598497083135,-7.198873025164233,2.1490740171582092,7.293533281149786,1.2839977545941297,0.4118739280920074,1.3849347840667297
192,0.7,4,0.0,"[-0.5,0.5]",41,6.698808174832038e-14,-9.25123026394511,2.7342784973460743,9.23878069514651,-10.77613376341186,3.2146196837223386,10.907430353027511,1.524903499465288,0.49979670483010913,1.66864965788095
192,0.7,5,0.0,"[-0.5,0.5]",41,6.927791673660977e-14,-12.766976456281693,3.7727345818191638,12.746234314086644,-14.36666525000594,4.2830370750753275,14.529786354972785,1.5996887937243176,0.5402818319617517,1.783552040886126
192,0.7,6,0.0,"[-0.5,0.5]",41,8.168465903679589e-14,-16.43021795601285,4.854420375629341,16.399005185491603,-17.976109084791094,5.356190060587192,18.16704320106131,1.5458911287791224,0.5456072131765207,1.7680380155697804
192,0.8,2,0.0,"[-0.5,0.5]",41,5.6288307348495437e-14,-2.7914111504433445,0.8253431335841126,2.7893970212660837,-3.7278754509506573,1.113935277514431,3.780762239286447,0.9364643005092497,0.29339367076882067,0.9913652180202827
192,0.8,3,0.0,"[-0.5,0.5]",41,8.14071032806396e-14,-5.880020765960326,1.7382437432542803,5.874045343820098,-7.399430454981211,2.2091591062244262,7.496511072469598,1.5194096890212654,0.4817498596535668,1.6224657286495598
192,0.8,4,0.0,"[-0.5,0.5]",41,6.966649479522857e-14,-9.187854223744441,2.7156202264265725,9.1758848247228,-11.059803341342157,3.299708188834244,11.195125272339203,1.8719491175970002,0.6023379096901662,2.0192404476163954
192,0.8,5,0.0,"[-0.5,0.5]",41,9.792167077193881e-14,-12.66809503470379,3.7436110857204365,12.648031943172757,-14.72608212388718,4.390973985576918,14.89504261384031,2.057987089184273,0.6746767187959009,2.247010670667517
192,0.8,6,0.0,"[-0.5,0.5]",41,6.694644838489694e-14,-16.28910935519558,4.812848164664368,16.258797268531794,-18.40535088552907,5.485245863239443,18.604125437172154,2.1162415303307203,0.7108269707769499,2.3453281686403935
192,0.9,2,0.0,"[-0.5,0.5]",41,5.762057497804562e-14,-2.778868988243247,0.8216721264364497,2.7770689712741587,-3.818569989201182,1.1406948992544894,3.870538851442683,1.0397010009556304,0.3236012178634046,1.0934698801684897
192,0.9,3,0.0,"[-0.5,0.5]",41,9.015010959956271e-14,-5.847849317982105,1.7288181788804808,5.842372231947742,-7.568224901464082,2.2590360033430374,7.663973305465017,1.7203755834836483,0.5404430229183851,1.8216010735172177
192,0.9,4,0.0,"[-0.5,0.5]",41,7.704947790898586e-14,-9.129310442246904,2.698459289895882,9.118197325224866,-11.298246925899623,3.370263290533679,11.432193171823606,2.1689364836500946,0.6888019964933416,2.3139958465986985
192,0.9,5,0.0,"[-0.5,0.5]",41,1.0247358517290195e-13,-12.576737275211793,3.716823889611046,12.557965566321768,-15.027797983503866,4.4803702955317695,15.195641782389238,2.4510607082930105,0.7885687561995891,2.6376762160674847
192,0.9,6,0.0,"[-0.5,0.5]",41,8.193445921733655e-14,-16.158764548444392,4.774623776701363,16.13025882624555,-18.765187603160467,5.592001994404926,18.963365332734988,2.6064230547152287,0.8518647353791731,2.833106506489427
192,1.0,2,0.0,"[-0.5,0.5]",41,7.882583474838611e-14,-2.767375992329642,0.8183209114747814,2.765841406547392,-3.892978628367901,1.162282745695459,3.9424665371923653,1.12560263604042,0.3482464621813337,1.1766251306450088
192,1.0,3,0.0,"[-0.5,0.5]",41,7.610578833805448e-14,-5.818304662980599,1.7201956040617057,5.813468157460595,-7.706462336153397,2.2992075384602373,7.797894727339228,1.8881576731722882,0.5885156489674009,1.984426569878686
192,1.0,4,0.0,"[-0.5,0.5]",41,8.348877145181177e-14,-9.0755015427052,2.682748522981984,9.065517878772194,-11.493160242064684,3.426989932426037,11.621414957278454,2.4176586993585416,0.7599059333992967,2.5558970785063337
192,1.0,5,0.0,"[-0.5,0.5]",41,7.038813976123492e-14,-12.492755735422717,3.6922991985053137,12.475721147593427,-15.273954547554679,4.552113310380678,15.435096946075763,2.7811988121317617,0.8826359918006763,2.9593757984823346
192,1.0,6,0.0,"[-0.5,0.5]",41,7.338574192772285e-14,-16.03897336541933,4.739640773711637,16.012936358569494,-19.058174632355353,5.677513138139455,19.248951090175886,3.019201266938514,0.9689380596285058,3.236014731606426
24,0.2,2,0.0,"[-0.5,0.5]",41,1.0443035325380379e-14,-2.730449490348062,0.8067906741654363,2.725533514003201,-2.4334571397650024,0.7175214163107394,2.420247008121102,-0.29699235058284873,0.08971222783058497,0.3052865058821018
24,0.2,3,0.0,"[-0.5,0.5]",41,7.66053886991358e-15,-5.708709376503828,1.6861177674821493,5.694790740944663,-4.853937193782617,1.4298831705500725,4.819979633837153,-0.8547721827209834,0.2575140734441776,0.8748111071075136
24,0.2,4,0.0,"[-0.5,0.5]",41,1.2656542480726785e-14,-8.860409113148828,2.6160353036979545,8.833568795730736,-7.250878533400956,2.1340526158934097,7.189057772316339,-1.6095305797477888,0.4847157897814017,1.644511023414402
24,0.2,5,0.0,"[-0.5,0.5]",41,1.2101430968414206e-14,-12.147582125617594,3.5853429618731223,12.103862637837171,-9.613564886052515,2.8269070431206953,9.516913174683204,-2.5340172395649674,0.7634021399052329,2.586949463153974
24,0.2,6,0.0,"[-0.5,0.5]",41,1.4876988529977098e-14,-15.551153587101386,4.588306793029249,15.485857579624318,-11.93260315814524,3.5056994255131078,11.79418181264712,-3.6185504289560133,1.090707075256354,3.691675766977198
24,0.3,2,0.0,"[-0.5,0.5]",41,8.049116928532385e-15,-2.6817128028158375,0.7921714679814954,2.675630824801204,-2.4842680829907082,0.7335265655507441,2.476768369424393,-0.19744471982527587,0.05868648260380757,0.19886245537680725
24,0.3,3,0.0,"[-0.5,0.5]",41,1.2878587085651816e-14,-5.5876199228539285,1.64965339388736,5.570061872676368,-4.947983421449771,1.459586666399118,4.925171224542208,-0.6396365014042289,0.190382717604241,0.6448906481341647
24,0.3,4,0.0,"[-0.5,0.5]",41,1.1213252548714081e-14,-8.64438318074726,2.550700170132756,8.609626278037188,-7.382839550913054,2.175813257580128,7.337310747749829,-1.2615436298341745,0.37587023267873537,1.272315530287361
24,0.3,5,0.0,"[-0.5,0.5]",41,7.882583474838611e-15,-11.813306310279648,3.4837627060506264,11.75496240482184,-9.779103607857174,2.879363157464108,9.703539073035907,-2.0342027024227747,0.6065690161515958,2.0514233317859367
24,0.3,6,0.0,"[-0.5,0.5]",41,7.549516567451064e-15,-15.072763650772599,4.44219648837476,14.982967462367892,-12.127774881100896,3.567592262584058,12.014811981131885,-2.9449887696715873,0.8785599728673048,2.9681554812360176
24,0.35,2,0.0,"[-0.5,0.5]",41,8.180955912706622e-15,-2.6581264492267804,0.7851198495430374,2.6516050999398333,-2.5072247735844995,0.7407664747755675,2.502296265197317,-0.1509016756423307,0.044360125135839625,0.1493088347425192
24,0.35,3,0.0,"[-0.5,0.5]",41,9.43689570931383e-15,-5.528988913548088,1.632068440133494,5.510036595503287,-4.99030738635204,1.472986955381299,4.972590807199667,-0.5386815271962989,0.15914188205543045,0.5374457883036239
24,0.35,4,0.0,"[-0.5,0.5]",41,1.021405182655144e-14,-8.539730523514432,2.5192056592969183,8.5019308578404,-7.441962215203874,2.1945941578631363,7.403990801271668,-1.0977683083104544,0.3250172801922267,1.097940056568727
24,0.35,5,0.0,"[-0.5,0.5]",41,1.2656542480726785e-14,-11.651316458658432,3.434839056769618,11.58738008088763,-9.852887547246933,2.902866242338083,9.787245026886863,-1.7984289114116738,0.5331286239801677,1.8001350540007781
24,0.35,6,0.0,"[-0.5,0.5]",41,1.1435297153639112e-14,-14.840972851836849,4.371940901502378,14.741923316527235,-12.214236449550029,3.5951978075710294,12.113425838728489,-2.62673640228637,0.7791222974565509,2.6284974777987404
24,0.4,2,0.0,"[-0.5,0.5]",41,1.0139458717084437e-14,-2.6351525538689353,0.778268069495234,2.6282941318745747,-2.5284769405277134,0.7474696578906519,2.525901926166859,-0.10667561334125499,0.03099622870705303,0.1023922057077094
24,0.4,3,0.0,"[-0.5,0.5]",41,1.1338152638984411e-14,-5.471882199726385,1.6149903087510717,5.451834894132835,-5.029367566000087,1.4853669253790305,5.016368726777997,-0.44251463372640515,0.12963466908815643,0.43546616735483534
24,0.4,4,0.0,"[-0.5,0.5]",41,1.049160758270773e-14,-8.437813944378595,2.4886415276945075,8.397604941108662,-7.496337232850695,2.211902762017613,7.465437959700615,-0.9414767115277629,0.2768078897612168,0.9321669814080458
24,0.4,5,0.0,"[-0.5,0.5]",41,1.2212453270876722e-14,-11.493620259142387,3.3874130098678896,11.425258855611727,-9.92047804925181,2.924465473698229,9.864217207494104,-1.5731422098904446,0.46338609588139235,1.5610416481176261
24,0.4,6,0.0,"[-0.5,0.5]",41,1.0658141036401503e-14,-14.61549589631198,4.303947717427192,14.509184923670702,-12.29307267440853,3.6204812857312363,12.203872106908271,-2.3224232219032683,0.6846412093602401,2.3053128167624415
24,0.5,2,0.0,"[-0.5,0.5]",41,9.513440382691307e-15,-2.591265756706971,0.7652304998172328,2.584045637449993,-2.5657502211376984,0.7592167733061955,2.5671792801060964,-0.02551553556911853,0.010127422363002984,0.028303962639396964
24,0.5,3,0.0,"[-0.5,0.5]",41,1.0630385460785874e-14,-5.362849687503723,1.5825323324217557,5.341514873282737,-5.097494646675744,1.506976519075037,5.092684424399884,-0.2653550408278252,0.07652111045172873,0.24883044888284822
24,0.5,4,0.0,"[-0.5,0.5]",41,9.686695889854491e-15,-8.243391364756535,2.4306494667522838,8.2002468989014,-7.590598997701365,2.2419849158245357,7.572202131440492,-0.6527923670552392,0.18901166794750401,0.6280447674608998
24,0.5,5,0.0,"[-0.5,0.5]",41,1.0352829704629585e-14,-11.19317104677961,3.29763148821118,11.11937325989948,-10.03684201786369,2.9618209310483716,9.997459586851614,-1.1563290289156216,0.33587011788475846,1.1219136730478656
24,0.5,6,0.0,"[-0.5,0.5]",41,1.0436096431476471e-14,-14.186728552274205,4.1756283452256975,14.071604160583913,-12.427707247507053,3.663957625744069,12.359757321917446,-1.7590213047673247,0.5116937598414651,1.7118468386664751
24,0.6,2,0.0,"[-0.5,0.5]",41,9.256484467812243e-15,-2.550416385664225,0.7531625820449708,2.543235324390733,-2.5960105980488364,0.7687278286839756,2.600480902500804,0.04559421238469962,0.019501415346279964,0.05987579018316838
24,0.6,3,0.0,"[-0.5,0.5]",41,1.087671619437458e-14,-5.261503203768817,1.552554562297238,5.240027999025961,-5.152266396967572,1.5243480839742896,5.1539021116676915,-0.10923680680122648,0.03475859340258029,0.10257979892474098
24,0.6,4,0.0,"[-0.5,0.5]",41,1.2323475573339238e-14,-8.063039132286951,2.377250814791795,8.01931806075363,-7.665581749040728,2.2659849831100702,7.6573419827253915,-0.397457383246293,0.11411738977553464,0.3619760780282356
24,0.6,5,0.0,"[-0.5,0.5]",41,9.298117831235686e-15,-10.915223009714143,3.215283879313142,10.840184074392198,-10.128308567882941,2.9913758255860277,10.10304358435209,-0.7869144418310539,0.2255281838162917,0.7371404900401088
24,0.6,6,0.0,"[-0.5,0.5]",41,1.1018963519404679e-14,-13.791515626748348,4.058521652934017,13.67443491010499,-12.532077968403796,3.6980268237482825,12.482403562304048,-1.2594376583446802,0.3614120892981268,1.192031347800942
24,0.7,2,0.0,"[-0.5,0.5]",41,6.661338147750939e-15,-2.51283258829769,0.742122755950252,2.506045793137793,-2.6194153010566197,0.776048826463365,2.6260026707426802,0.10658271275881978,0.03683540054795994,0.11995687760488857
24,0.7,3,0.0,"[-0.5,0.5]",41,1.2406742300186124e-14,-5.168452262895361,1.5252084767577176,5.147844779133237,-5.194035968002066,1.537579246451543,5.200413277820978,0.02558370510677203,0.029119983065381827,0.08352895879695729
24,0.7,4,0.0,"[-0.5,0.5]",41,8.833211939673902e-15,-7.897934339409957,2.3287261905932994,7.855679001890424,-7.721898812169564,2.2840665713733546,7.721477039381751,-0.17603552724024046,0.05722923008240085,0.16770750157413697
24,0.7,5,0.0,"[-0.5,0.5]",41,1.1823875212257917e-14,-10.661724318097091,3.1408079446698736,10.589002128196459,-10.195841547614378,3.013382755395442,10.181880385862206,-0.46588277048267424,0.1344153419180635,0.4112910112527057
24,0.7,6,0.0,"[-0.5,0.5]",41,1.199040866595169e-14,-13.432760792933399,3.953224257286194,13.319385081727123,-12.607618203320989,3.7230627426610963,12.573110176513756,-0.8251425896126863,0.2350827700757751,0.7462749052133797
24,0.8,2,0.0,"[-0.5,0.5]",41,9.409140133698202e-15,-2.478614082619388,0.7321280626337477,2.472509394782329,-2.6363194706935693,0.7812977471675848,2.6441995098808726,0.1577053880742974,0.051719740032024834,0.17169011509854196
24,0.8,3,0.0,"[-0.5,0.5]",41,9.907873133041534e-15,-5.083960129442996,1.5005349722845815,5.065034297098517,-5.223534220205961,1.546905034511991,5.233107524011174,0.13957409076323646,0.05547354016212476,0.17140480936063723
24,0.8,4,0.0,"[-0.5,0.5]",41,1.0484668688803822e-14,-7.748572955861506,2.2851411463022466,7.709411113549036,-7.760705521229901,2.2965901213501057,7.765944456332671,0.012132565368410246,0.04452068750254147,0.12053469060393222
24,0.8,5,0.0,"[-0.5,0.5]",41,9.43689570931383e-15,-10.433451338559367,3.0742780912645804,10.365826964574879,-10.241093819525558,3.0283438095931365,10.235794727475447,-0.19235751903368473,0.07084235317008594,0.20054640465619095
24,0.8,6,0.0,"[-0.5,0.5]",41,1.1657341758564144e-14,-13.111501934511088,3.8597693281325625,13.006141515860154,-12.656576426684241,3.7397330970027802,12.634255805800237,-0.4549255078269828,0.13586173568468093,0.4053568103152226
24,0.9,2,0.0,"[-0.5,0.5]",41,1.1688566781131726e-14,-2.447747657930996,0.7231603207864817,2.442533578429729,-2.647231572719027,0.7846467798600995,2.6557167803520603,0.19948391478787572,0.06377804284352456,0.21318320192232712
24,0.9,3,0.0,"[-0.5,0.5]",41,1.1071005223683983e-14,-5.007991059793568,1.4784825127108254,4.991337616648106,-5.241780182920931,1.5526631056150728,5.253238431006235,0.23378912312719258,0.08111629050696499,0.2619008143581243
24,0.9,4,0.0,"[-0.5,0.5]",41,8.564329800897497e-15,-7.6148685686640585,2.246385419055548,7.579973098193346,-7.7835609785641475,2.304061051596229,7.792599840013612,0.16869240990012158,0.07468542387412354,0.22747345582453396
24,0.9,5,0.0,"[-0.5,0.5]",41,1.2101430968414206e-14,-10.230197247138177,3.0154797205167307,10.169639177766058,-10.266216529488295,3.036940918232622,10.267259266584507,0.03601928235000183,0.06465325514417122,0.17971579603573462
24,0.9,6,0.0,"[-0.5,0.5]",41,1.0380585280245214e-14,-12.827257062267542,3.7777567787737314,12.732875096816208,-12.681767218101017,3.748910715272764,12.668963215737744,-0.14548984416641855,0.07926655319378072,0.1991818708522344
24,1.0,2,0.0,"[-0.5,0.5]",41,9.159339953157541e-15,-2.420125596197255,0.7151734718709365,2.415930007180653,-2.6527647477581393,0.7863035684620847,2.661319697753232,0.23263915156078394,0.07317769754770395,0.24538969057258864
24,1.0,3,0.0,"[-0.5,0.5]",41,9.554856905680253e-15,-4.94026059528851,1.4589276500001298,4.926248750954152,-5.249984228415635,1.555257116082271,5.262285426896935,0.3097236331271247,0.10207151265884742,0.3360366759427852
24,1.0,4,0.0,"[-0.5,0.5]",41,8.479328350574633e-15,-7.496264349086366,2.2122149526256165,7.466365420744097,-7.792284052735661,2.307075558813641,7.803613052520648,0.29601970364931063,0.10700546588552792,0.33734309577677657
24,1.0,5,0.0,"[-0.5,0.5]",41,6.8833827526759706e-15,-10.050985070405375,2.963984424940656,9.998691970032985,-10.2736646729325,3.039964100638244,10.27912521061474,0.22267960252732127,0.0997290711187883,0.3028131948982332
24,1.0,6,0.0,"[-0.5,0.5]",41,9.91567938868343e-15,-12.578381893364854,3.706477375133355,12.496716848831877,-12.686321535829759,3.7515840812130117,12.680765403233757,0.10793964246478903,0.09125630322484142,0.2652327199701447
256,0.2,2,0.0,"[-0.5,0.5]",41,8.262834860772728e-14,-2.8945816270053064,0.8564288086848485,2.8948246963044335,-2.9085993360591513,0.8632508036067216,2.9234210356583494,0.014017709052905478,0.015213930926229491,0.044140621361325946
256,0.2,3,0.0,"[-0.5,0.5]",41,1.2176371022576404e-13,-6.144821043778351,1.8179792030768553,6.144696461752449,-5.877966230636101,1.7429140586146028,5.9002018091374175,-0.26685481314163895,0.07833116905236044,0.24451757835660376
256,0.2,4,0.0,"[-0.5,0.5]",41,9.867107131356079e-14,-9.675562153325032,2.861072577959168,9.669996923189764,-8.91413290215401,2.6416835772390974,8.939944226187588,-0.7614292511694138,0.22107398512394436,0.7300526970021913
256,0.2,5,0.0,"[-0.5,0.5]",41,1.1651790643441018e-13,-13.429465920624354,3.971384537882969,13.422090170106518,-12.016244136233071,3.5593234456220517,12.042121859880147,-1.4132217843886512,0.41305065146840064,1.3799683102263294
256,0.2,6,0.0,"[-0.5,0.5]",41,8.269773754676635e-14,-17.380276742303273,5.139132304514541,17.368047799047133,-15.181394820707746,4.494827978836543,15.203539305341867,-2.198881921596961,0.6448559140790856,2.1645084937052266
256,0.3,2,0.0,"[-0.5,0.5]",41,1.3619660954589108e-13,-2.8801660698703198,0.8517070542158334,2.8787584967160385,-3.1245480216360986,0.9300124179816203,3.1539260879420907,0.24438195176537303,0.08280152013983852,0.2751675912261204
256,0.3,3,0.0,"[-0.5,0.5]",41,1.0469403122215226e-13,-6.107577840853745,1.8059224751047358,6.103627828419555,-6.280153179063458,1.8675915370994947,6.3310670022610465,0.1725753382081972,0.07857586066049854,0.241358480307217
256,0.3,4,0.0,"[-0.5,0.5]",41,8.344366864143637e-14,-9.602780917954952,2.839134306517606,9.595106766719358,-9.484665117323559,2.8185256187543946,9.551584440302182,-0.11811580063073633,0.06947754847631388,0.17064394764549015
256,0.3,5,0.0,"[-0.5,0.5]",41,1.1352030426792226e-13,-13.317608990215597,3.9370881941781746,13.304994766257288,-12.741627178272276,3.7841174397930435,12.820194136225142,-0.5759818119437992,0.17282045660967113,0.5189112478271913
256,0.3,6,0.0,"[-0.5,0.5]",41,8.415490526658687e-14,-17.219165165871654,5.090048800788793,17.200371401819606,-16.050186953106827,4.764264450762061,16.136740692267022,-1.1689782127640578,0.3383125375343341,1.0636307095526192
256,0.35,2,0.0,"[-0.5,0.5]",41,1.350586309456503e-13,-2.872495687411928,0.8494122207071503,2.8709460447169826,-3.227213977159883,0.9617933223748397,3.2632756623001136,0.35471828974321956,0.11704383758497053,0.3923296175832227
256,0.35,3,0.0,"[-0.5,0.5]",41,7.287226377883371e-14,-6.088010528095781,1.800060489531659,6.0836546457054625,-6.471916277780931,1.926959463607039,6.535546741646771,0.38390574968248165,0.14045708688368133,0.4518920959412517
256,0.35,4,0.0,"[-0.5,0.5]",41,1.1506767760849357e-13,-9.567215391194587,2.8284688573847396,9.558744936523205,-9.756673049054667,2.9027509961533475,9.841939607441992,0.1894576578609975,0.11180284357079812,0.3379720708467883
256,0.35,5,0.0,"[-0.5,0.5]",41,1.1919285003436642e-13,-13.262050739244277,3.920413614092253,13.24811864111901,-13.08737683429916,3.8911992476439723,13.18963887671126,-0.17467390494688947,0.10737537620165327,0.26009746579430165
256,0.35,6,0.0,"[-0.5,0.5]",41,7.904787935331115e-14,-17.139715725774966,5.066186704555982,17.118946127634008,-16.464555702759636,4.892629387808556,16.579937935908287,-0.6751600230171446,0.21091614304704673,0.6256453709018875
256,0.4,2,0.0,"[-0.5,0.5]",41,9.207738738137294e-14,-2.8649858418294145,0.8471694514706292,2.8633187971561864,-3.3260883441372115,0.9923432868826955,3.3681553909426465,0.4611025023074736,0.1500472404091286,0.5048365937863972
256,0.4,3,0.0,"[-0.5,0.5]",41,1.1335377081422848e-13,-6.068846581736571,1.794329284901945,6.064147541434098,-6.656610044874981,1.9840374617137975,6.731702961786878,0.5877634631374208,0.20242897595983983,0.6675554203528553
256,0.4,4,0.0,"[-0.5,0.5]",41,1.1983469772047783e-13,-9.532375343484876,2.8180397966521338,9.523226748880347,-10.018663272663996,2.9837376036847725,10.12051482023676,0.4862879291773805,0.19311538748259238,0.6030943741105818
256,0.4,5,0.0,"[-0.5,0.5]",41,1.1658729537344925e-13,-13.20762291894863,3.9041081558314357,13.192561258830816,-13.420397429019513,3.994172755517518,13.544134917378791,0.2127745100692299,0.1534082189763504,0.4578473664954464
256,0.4,6,0.0,"[-0.5,0.5]",41,1.2917444891513696e-13,-17.061881839570752,5.042853780595656,17.039413193323224,-16.863666732160084,5.016077614610039,17.005240746884276,-0.19821510741114837,0.1484263955087791,0.3391823568694457
256,0.5,2,0.0,"[-0.5,0.5]",41,1.1271886202202097e-13,-2.8505137742491264,0.8428589021138514,2.848684969174955,-3.5113439685145944,1.049353640665996,3.563222604950278,0.6608301942675864,0.2117119209188346,0.7145376357753772
256,0.5,3,0.0,"[-0.5,0.5]",41,1.0152989560197057e-13,-6.031880843281898,1.783305960386886,6.026693925703567,-7.002672903461041,2.090573867031246,7.096604402804639,0.9707920601770673,0.31968863969855915,1.0699104771011
256,0.5,4,0.0,"[-0.5,0.5]",41,8.959499808725013e-14,-9.465148555029227,2.7979746922800013,9.455012822601503,-10.509553328466595,3.13491960116006,10.638805748546826,1.0444047734366542,0.3596399435682249,1.183792925945324
256,0.5,5,0.0,"[-0.5,0.5]",41,1.1360357099476914e-13,-13.10258283819321,3.872734901147242,13.08585653642743,-14.044350842675563,4.186415129281241,14.203738842893598,0.9417680044813473,0.35203089413184585,1.117951996780013
256,0.5,6,0.0,"[-0.5,0.5]",41,1.1343703754107537e-13,-16.911669953556043,4.997961754874886,16.886673630689124,-17.61139581142411,5.246555237115882,17.79664283361141,0.6997258578702622,0.31335539596097234,0.9620230715704722
256,0.6,2,0.0,"[-0.5,0.5]",41,1.0202949596305189e-13,-2.836847544053965,0.8388059855026987,2.834961150430966,-3.6785042042001135,1.1004202831865215,3.73715503512809,0.8416566601463319,0.2670028227309404,0.9021938846970896
256,0.6,3,0.0,"[-0.5,0.5]",41,1.1762812945903534e-13,-5.996933293427357,1.7729285169801614,5.991526439792734,-7.314909363309806,2.186017373899773,7.4220003711284726,1.317976069883482,0.42543045952559894,1.430473931335757
256,0.6,4,0.0,"[-0.5,0.5]",41,1.0030865027488289e-13,-9.401554902942399,2.7790752768175153,9.390931035550874,-10.952402176724725,3.2703683423379735,11.100997073563232,1.5508472737815828,0.5125857991512781,1.71006603801233
256,0.6,5,0.0,"[-0.5,0.5]",41,1.1735057370287905e-13,-13.003194669793679,3.843179994376919,12.985604739489144,-14.607139704594745,4.358650686708411,14.791934510281926,1.6039450347999358,0.5484806583890318,1.8063297707928556
256,0.6,6,0.0,"[-0.5,0.5]",41,1.1618483952702263e-13,-16.76953748503215,4.955674911567172,16.743187988133766,-18.285680388297145,5.453035905893012,18.50232521267658,1.5161429032655964,0.546184992939675,1.7591372245428207
256,0.7,2,0.0,"[-0.5,0.5]",41,1.0802470029602773e-13,-2.8240599299772513,0.8350299737014,2.8222098596610063,-3.8264608942095206,1.1451909447959288,3.888917291798893,1.002400964230535,0.31555231164935277,1.0667074321378704
256,0.7,3,0.0,"[-0.5,0.5]",41,7.771561172376096e-14,-5.9641753061733285,1.7632448894903654,5.9588007601421165,-7.591199892394961,2.2696902043081226,7.705881474539475,1.6270245862192656,0.5185469785517383,1.7470807143973732
256,0.7,4,0.0,"[-0.5,0.5]",41,1.2212453270876722e-13,-9.341901577079819,2.761427398858018,9.331260579044834,-11.344139993584848,3.3890975850440674,11.50414177902913,2.0022384165045746,0.6479869726020844,2.172881199984345
256,0.7,5,0.0,"[-0.5,0.5]",41,1.2773115898312426e-13,-12.909941329106559,3.8155764603431743,12.892239065794382,-15.104793439281664,4.50959720115871,15.304862657065131,2.1948521101750758,0.7243842555717743,2.4126235912707523
256,0.7,6,0.0,"[-0.5,0.5]",41,9.14823772291129e-14,-16.636174993941957,4.916182822185585,16.609573885418317,-18.881688529792996,5.633951433244415,19.117536134818934,2.2455135358464378,0.7605130973520046,2.507962249400578
256,0.8,2,0.0,"[-0.5,0.5]",41,1.1735057370287905e-13,-2.8121872397573693,0.8315393794176593,2.8104546423343004,-3.954770135326266,1.1835665505880257,4.0183412431544765,1.1425828955699564,0.35728131840586463,1.2078866008201226
256,0.8,3,0.0,"[-0.5,0.5]",41,9.781064846947629e-14,-5.933705721168894,1.7542763320824122,5.928575999927409,-7.830682044047438,2.3413899069971724,7.947875253011069,1.8969763228800227,0.5987686621538985,2.0192992530836635
256,0.8,4,0.0,"[-0.5,0.5]",41,1.1857181902996672e-13,-9.286362540633283,2.745069077627541,9.276106897516126,-11.68350100379709,3.490798602807353,11.847637114441465,2.3971384631631607,0.765001174870115,2.571530216925388
256,0.8,5,0.0,"[-0.5,0.5]",41,1.1957101975212936e-13,-12.823083043253135,3.789982990388998,12.805921605145492,-15.535649580728597,4.6388377153047315,15.741670331971275,2.712566537476061,0.8771077115079562,2.935748726825872
256,0.8,6,0.0,"[-0.5,0.5]",41,1.1657341758564144e-13,-16.511951141635638,4.879568701175549,16.486060472493886,-19.39736719740277,5.7887754249673256,19.641157033672577,2.8854160557641806,0.9480307465103556,3.1550965611787554
256,0.9,2,0.0,"[-0.5,0.5]",41,1.0222378499236129e-13,-2.801237211321324,0.8283331776665669,2.799685134157504,-4.063606158768991,1.2156674486896646,4.12600160771394,1.262368947445301,0.3923444035916986,1.326316473556471
256,0.9,3,0.0,"[-0.5,0.5]",41,8.193445921733655e-14,-5.905538042595162,1.746020474950082,5.900826613404634,-8.03364952137999,2.401327957956214,8.149015821051876,2.128111478781832,0.666338263252069,2.2481892076472914
256,0.9,4,0.0,"[-0.5,0.5]",41,9.459100169806334e-14,-9.234965598928333,2.729996055474762,9.225424005336938,-11.970864027780715,3.575755176326264,12.132900816168892,2.735898428851143,0.8638286512572947,2.9074768108320654
256,0.9,5,0.0,"[-0.5,0.5]",41,1.0147438445073931e-13,-12.742671780951678,3.7663926967868755,12.726579875651073,-15.900151149123936,4.746714845800229,16.104103533150976,3.157479368170771,1.0065125583772845,3.377523657499838
256,0.9,6,0.0,"[-0.5,0.5]",41,9.281464485866309e-14,-16.39694511508863,4.845822110569336,16.372541698711373,-19.833209314419516,5.917899149273512,20.075219209660983,3.4362641993310494,1.107576148615639,3.702677510949675
256,1.0,2,0.0,"[-0.5,0.5]",41,1.0719203302755886e-13,-2.791190303501217,0.8254024812096142,2.7898637573360006,-4.1536506146379715,1.2417900485376734,4.213059097594289,1.362460311135345,0.42107872875321456,1.4231953402582656
256,1.0,3,0.0,"[-0.5,0.5]",41,9.29256671611256e-14,-5.879629329145858,1.7384554709880413,5.875459688802237,-8.201361054014422,2.450049474387207,8.311451422271295,2.3217317248670875,0.7218706476588197,2.4359917334690175
256,1.0,4,0.0,"[-0.5,0.5]",41,1.0125233984581428e-13,-9.187635864479464,2.7161692326616773,9.179044987457866,-12.207998216537074,3.644730539280785,12.362956505150935,3.0203623520543346,0.9452921004859424,3.1839115176930672
256,1.0,5,0.0,"[-0.5,0.5]",41,1.5143442055887135e-13,-12.668589899660924,3.744744704827231,12.653953394107628,-16.200529141415217,4.83418797918474,16.39597981063565,3.531939241749258,1.1135162226189628,3.742026416527946
256,1.0,6,0.0,"[-0.5,0.5]",41,1.290079154614432e-13,-16.29098708252965,4.81485564356991,16.268643072783938,-20.191870306368678,6.022461342714244,20.424271075105658,3.900883223838071,1.2399558077135908,4.155628002321679
32,0.2,2,0.0,"[-0.5,0.5]",41,1.634803403760543e-14,-2.7698717119533516,0.8186105559863205,2.765851283337097,-2.4944954139046485,0.7360300394784566,2.484007208407863,-0.2753762980482163,0.08286638994810511,0.28184407492925057
32,0.2,3,0.0,"[-0.5,0.5]",41,1.3489209749195652e-14,-5.8116227205436255,1.7170224613617155,5.800255020122497,-5.002581197439402,1.4749083956879854,4.974971737555721,-0.8090415231046554,0.24297415906619604,0.8252832825667704
32,0.2,4,0.0,"[-0.5,0.5]",41,1.1712852909795402e-14,-9.047333656061017,2.672225084363403,9.025428881223249,-7.514646815212702,2.2138923817526117,7.463803406578716,-1.532686840848382,0.4602047682902834,1.5616254746445293
32,0.2,5,0.0,"[-0.5,0.5]",41,1.2878587085651816e-14,-12.434043536050368,3.6715682416099544,12.398593345142299,-10.020316026026377,2.949960597294408,9.940343404624912,-2.4137275100237234,0.7250510232695402,2.4582499405173834
32,0.2,6,0.0,"[-0.5,0.5]",41,1.199040866595169e-14,-15.946758297614938,4.707688751399349,15.894749206175863,-12.510493098857916,3.680447501002213,12.39557184823194,-3.4362651987572135,1.032920686127236,3.499177357943921
32,0.3,2,0.0,"[-0.5,0.5]",41,1.0602629885170245e-14,-2.7271806614882563,0.805806808924997,2.7221633524937845,-2.5570677833737543,0.7556272182198785,2.552824067971284,-0.17011287811471157,0.05017969214687212,0.16933928452250518
32,0.3,3,0.0,"[-0.5,0.5]",41,1.2614909117303341e-14,-5.705134937896937,1.6849823548455345,5.690742429956151,-5.118209006300744,1.5112052859922755,5.102732497672022,-0.5869259315959362,0.1738659523614581,0.5880099322841248
32,0.3,4,0.0,"[-0.5,0.5]",41,1.4155343563970746e-14,-8.85725151616784,2.614836761309036,8.828953106557108,-7.676732333727698,2.264869746778579,7.6436149210142466,-1.1805191824400918,0.350407439596139,1.1853381855428538
32,0.3,5,0.0,"[-0.5,0.5]",41,1.3600232051658168e-14,-12.140892776105712,3.5827307996448203,12.093944293606757,-10.223699505889304,3.014024108166038,10.1667398379,-1.9171932702163255,0.5698629994703367,1.9272044557067538
32,0.3,6,0.0,"[-0.5,0.5]",41,1.2212453270876722e-14,-15.530409161773651,4.58100606838678,15.459588623388898,-12.7507915831901,3.7562270554434214,12.663829797496732,-2.77961757858349,0.827098686274726,2.7957588258921606
32,0.35,2,0.0,"[-0.5,0.5]",41,1.0623446566881967e-14,-2.706498039678961,0.7996224135155592,2.7010977429814584,-2.585775452746474,0.7646187442111019,2.5843284183308204,-0.12072258693264816,0.035149727416661794,0.1167693246506451
32,0.35,3,0.0,"[-0.5,0.5]",41,1.3364309658925322e-14,-5.653525977187608,1.6695086521600049,5.637952202903026,-5.1711290889163335,1.5278318930929917,5.161156120373201,-0.4823968882710239,0.1416814495177123,0.4767960825298203
32,0.35,4,0.0,"[-0.5,0.5]",41,1.4710455076283324e-14,-8.765089766388991,2.587127119741802,8.734280487596752,-7.750707032675292,2.2881755949497777,7.725725723969728,-1.0143827337136397,0.29902877749842316,1.008554763627021
32,0.35,5,0.0,"[-0.5,0.5]",41,1.63202784619898e-14,-11.998695592855707,3.539851151003573,11.94723334938187,-10.316221435128774,3.0432445058054287,10.26994452458868,-1.682474157726682,0.4970398840158027,1.6772888247932012
32,0.35,6,0.0,"[-0.5,0.5]",41,1.199040866595169e-14,-15.328384499135659,4.519897268665477,15.250215256121738,-12.85969482206532,3.7906949864353066,12.78585608674765,-2.468689677070074,0.7303462759622097,2.46435916937408
32,0.4,2,0.0,"[-0.5,0.5]",41,1.6889267762110194e-14,-2.6863326627809583,0.7936062214025308,2.6806325409454357,-2.61266063663695,0.7730334479688471,2.6137611397174636,-0.07367202614377465,0.02144030822645374,0.06689537457345042
32,0.4,3,0.0,"[-0.5,0.5]",41,1.1157741397482823e-14,-5.603207355185521,1.654460585131408,5.586688359377334,-5.220594180202294,1.5433709793183168,5.215682955495906,-0.3826131749832633,0.11132610780129096,0.37100540388141756
32,0.4,4,0.0,"[-0.5,0.5]",41,8.652800698172314e-15,-8.675236912318876,2.560192102924017,8.64239979283606,-7.81970210762219,2.3099234660226964,7.802270184050338,-0.8555348046969884,0.25029043162844683,0.8401296087857241
32,0.4,5,0.0,"[-0.5,0.5]",41,1.504352198367087e-14,-11.860076859602353,3.498195748652358,11.8049589178942,-10.402302518224085,3.0704629520942732,10.366021276638248,-1.4577743413782864,0.42778200482037115,1.438937641255957
32,0.4,6,0.0,"[-0.5,0.5]",41,9.2148511043888e-15,-15.131491465043641,4.460582620012054,15.047380761979866,-12.960730323497843,3.822734602844902,12.899270525349461,-2.1707611415461474,0.6382070180799091,2.1481102366304032
32,0.5,2,0.0,"[-0.5,0.5]",41,1.8463258266016025e-14,-2.6477405550674447,0.7821343758544033,2.6416964537042293,-2.6607592827137525,0.7880549379676738,2.6661502164720563,0.013018727646250542,0.01239186155177053,0.036134030069461975
32,0.5,3,0.0,"[-0.5,0.5]",41,1.4509227153070015e-14,-5.506936053670556,1.625788119304999,5.4892468552621025,-5.308784622204375,1.5710412647855314,5.3125451831401,-0.19815143146634795,0.05757297129567869,0.17756504831680348
32,0.5,4,0.0,"[-0.5,0.5]",41,1.4932499681208355e-14,-8.503413829151842,2.5089259572857108,8.467980454742829,-7.94224449163678,2.348542608166166,7.937947480219362,-0.5611693375153723,0.16168943864483917,0.5300329745234642
32,0.5,5,0.0,"[-0.5,0.5]",41,1.2323475573339238e-14,-11.595182204402912,3.419021366913214,11.535315336940766,-10.554541657656271,3.118646679994522,10.535904283426316,-1.040640546746414,0.30097015468531063,0.9994110535144495
32,0.5,6,0.0,"[-0.5,0.5]",41,1.1213252548714081e-14,-14.755590267576085,4.348040586466639,14.663743588919118,-13.138556460537519,3.8792524876715695,13.099251757109808,-1.6170338070385768,0.4689766723435977,1.5644918318093166
32,0.6,2,0.0,"[-0.5,0.5]",41,1.0068335054569388e-14,-2.6117097402211136,0.7714794478969257,2.60565320588064,-2.701129988491135,0.8006014453436914,2.7097067959166745,0.08942024826981014,0.03259616763082594,0.10405359003603323
32,0.6,3,0.0,"[-0.5,0.5]",41,7.020425907278138e-15,-5.417126244850988,1.599194838451705,5.399195313716005,-5.382364804026347,1.5940481705191787,5.392771751241165,-0.03476144082486515,0.0266236165966677,0.06083709530455025
32,0.6,4,0.0,"[-0.5,0.5]",41,1.004057947895376e-14,-8.343329938839661,2.4614733442424868,8.307163564063714,-8.043824974501854,2.3804980399255817,8.049876888687582,-0.29950496433820867,0.08791935173393728,0.26601681016149387
32,0.6,5,0.0,"[-0.5,0.5]",41,1.3988810110276972e-14,-11.348795213367412,3.3459203814079665,11.287410311296139,-10.67984136208894,3.1583069038928464,10.675458287198783,-0.6689538512783666,0.19163252210626117,0.6119520240973471
32,0.6,6,0.0,"[-0.5,0.5]",41,1.2545520178264269e-14,-14.406679373559882,4.244448215862284,14.312247520725812,-13.2837493882607,3.925501210101562,13.262767927480073,-1.1229299852990131,0.32153568116636505,1.0494795932457428
32,0.7,2,0.0,"[-0.5,0.5]",41,1.2198575483068907e-14,-2.5784351347855936,0.7616924011246919,2.5726636730930963,-2.7338049454999203,0.8106807040314217,2.744503617506828,0.15536981071435263,0.051973597118287,0.17183994441372835
32,0.7,3,0.0,"[-0.5,0.5]",41,1.0370176939389353e-14,-5.334289411980511,1.5748117219972548,5.316946182492518,-5.441426275161203,1.6124099063390516,5.456498118196539,0.10713686318087355,0.04953626315793943,0.15103599491925637
32,0.7,4,0.0,"[-0.5,0.5]",41,1.557087792036782e-14,-8.195959600868164,2.4180774779529326,8.16071059684535,-8.124639996817875,2.4058279624213106,8.138273304075646,-0.07131960405053306,0.04620322208326507,0.1104330178195762
32,0.7,5,0.0,"[-0.5,0.5]",41,1.762479051592436e-14,-11.12252438264809,3.2792809210574827,11.062446729245279,-10.77856731715038,3.1895176664192784,10.78501800576672,-0.34395706549776506,0.10492177419214728,0.31198087903194366
32,0.7,6,0.0,"[-0.5,0.5]",41,1.2545520178264269e-14,-14.08718686676491,4.150365854974907,13.994600612897198,-13.396927845425466,3.9616130251897483,13.39033772689007,-0.6902590213396739,0.19861703098646064,0.6089487539461781
32,0.8,2,0.0,"[-0.5,0.5]",41,1.2552459072168176e-14,-2.548005930603761,0.7527898724905079,2.54276416045703,-2.7590490653010757,0.818385321558191,2.770917219075601,0.21104313469723432,0.06832872112403486,0.2281530586185725
32,0.8,3,0.0,"[-0.5,0.5]",41,1.5887464954733588e-14,-5.2586575513218055,1.5526797854420442,5.242584998615346,-5.486502931269776,1.626306120317713,5.5044417301906545,0.22784537994761112,0.08212727798553865,0.2618567315753136
32,0.8,4,0.0,"[-0.5,0.5]",41,1.3928094788617784e-14,-8.061742957230868,2.3788099815866297,8.02875974475654,-8.185521184817109,2.4248019687250535,8.204190638024397,0.12377822758652277,0.06918116230848129,0.20810868844085145
32,0.8,5,0.0,"[-0.5,0.5]",41,1.6132928326584306e-14,-10.9170815320381,3.2192062901425054,10.860594781349507,-10.851896121817731,3.2126479703145647,10.865992735289371,-0.06518541022047217,0.06543288660275172,0.14452485564196973
32,0.8,6,0.0,"[-0.5,0.5]",41,1.1546319456101628e-14,-13.798147546124884,4.065918013162685,13.710935518694276,-13.479679675834156,3.988071892706193,13.483766024765043,-0.31846787029061546,0.10942487775132638,0.3153810597919523
32,0.9,2,0.0,"[-0.5,0.5]",41,1.647293412787576e-14,-2.5204176317899885,0.7447589814605668,2.515886215697738,-2.777317387097269,0.8238748814968108,2.7895584086002327,0.25689975530743103,0.08162381512507964,0.2736721929024944
32,0.9,3,0.0,"[-0.5,0.5]",41,8.631984016460592e-15,-5.190220213686689,1.532763643737321,5.1759256765772665,-5.5184879394574375,1.6360437133945611,5.537768831845541,0.32826772577096586,0.11031651759494004,0.36184315526827726
32,0.9,4,0.0,"[-0.5,0.5]",41,1.8818280267396403e-14,-7.940654226162775,2.3435989473961243,7.910939085025509,-8.227809224648643,2.4378712737290473,8.24932800095306,0.2871549984858235,0.10965276618497234,0.3411363914786184
32,0.9,5,0.0,"[-0.5,0.5]",41,1.2705114738054135e-14,-10.732408147734064,3.165565807926516,10.681194555197344,-10.90164588849222,3.2282965280442504,10.920613062318107,0.16923774075834566,0.0954084648514616,0.2862991125626246
32,0.9,6,0.0,"[-0.5,0.5]",41,1.174060848541103e-14,-13.539421510245525,3.990878723665678,13.460145848273429,-13.53434623079063,4.005632340063425,13.545830665493668,-0.0050752794542348705,0.08788798349324368,0.22852524974590127
32,1.0,2,0.0,"[-0.5,0.5]",41,1.3183898417423734e-14,-2.495586459512674,0.7375632256340149,2.491879987363677,-2.7892048310363293,0.8273561084902779,2.801197448307875,0.2936183715235835,0.09206593351013245,0.30931746094420054
32,1.0,3,0.0,"[-0.5,0.5]",41,1.1350295703316249e-14,-5.12876024942335,1.5149674873419492,5.116573773548451,-5.538535277225254,1.6420187753853734,5.557950348274566,0.409775027801501,0.13310047581897025,0.44137657472611197
32,1.0,4,0.0,"[-0.5,0.5]",41,1.211530875622202e-14,-7.832285060453432,2.31226060856866,7.806491202255806,-8.253211353163648,2.4456133056845846,8.275819522184891,0.42092629271013177,0.14540143107403397,0.4693283199290834
32,1.0,5,0.0,"[-0.5,0.5]",41,1.3454515279676116e-14,-10.567820594155293,3.118049692658718,10.522970730248703,-10.93008677508072,3.2372195069130885,10.951656840274419,0.3622661809252432,0.14095334772891804,0.4354450390956932
32,1.0,6,0.0,"[-0.5,0.5]",41,9.992007221626409e-15,-13.309932820651065,3.9247595267718216,13.240227726656425,-13.56378541910717,4.015230591911377,13.579946166820758,0.2538525984558654,0.12891317695599042,0.38849499383988684
40,0.2,2,0.0,"[-0.5,0.5]",41,1.454392162258955e-14,-2.794690976416562,0.826054228187973,2.7912419638786927,-2.537861785292419,0.7492145871241852,2.529462458467347,-0.25682919112366703,0.07702014314378132,0.26177950541134265
40,0.2,3,0.0,"[-0.5,0.5]",41,1.8596235662471372e-14,-5.877037247051645,1.736666917274186,5.867288410021212,-5.10506593815902,1.5060220974636291,5.0821469144276445,-0.7719713088925034,0.23123714018893482,0.7851414955935747
40,0.2,4,0.0,"[-0.5,0.5]",41,1.587618925213974e-14,-9.16756538258427,2.708352806413829,9.148747813135898,-7.6931025702340845,2.2680189359485454,7.650153924278014,-1.4744628123504748,0.4416728436231865,1.4985938888578942
40,0.2,5,0.0,"[-0.5,0.5]",41,2.353672812205332e-14,-12.620848609556623,3.727725098917603,12.590375947109376,-10.292048993586295,3.0323247913978073,10.22384054514895,-2.328799615969846,0.6979138668741707,2.3665354019604123
40,0.2,6,0.0,"[-0.5,0.5]",41,1.3766765505351941e-14,-16.20879360664435,4.786523535328564,16.164226774687886,-12.893040402503852,3.796346482173843,12.79447126308354,-3.315753204140525,0.9943787402671862,3.3697555116043416
40,0.3,2,0.0,"[-0.5,0.5]",41,1.4238610290817633e-14,-2.756208533448699,0.8145138521987035,2.7518741299002754,-2.6107026782056004,0.7719553715646706,2.6090534639353753,-0.14550585524325313,0.04260656737421431,0.14282066596490334
40,0.3,3,0.0,"[-0.5,0.5]",41,1.840194663316197e-14,-5.780725481238491,1.7077035840987997,5.768336167188403,-5.239735978291537,1.5481469899002898,5.229883723448401,-0.5409895029469072,0.15956167898527276,0.5384524437400178
40,0.3,4,0.0,"[-0.5,0.5]",41,1.7069679003611782e-14,-8.99534840924658,2.6564141902991656,8.971052598149893,-7.88200616384946,2.327208113437534,7.858119147975376,-1.1133422453968203,0.3293646840230424,1.1129334501745216
40,0.3,5,0.0,"[-0.5,0.5]",41,1.504352198367087e-14,-12.35529147823218,3.6473895546029027,12.315147549300658,-10.529322867825377,3.1067780025255045,10.485873421089009,-1.8259686104064374,0.5411948540944834,1.8292741282116385
40,0.3,6,0.0,"[-0.5,0.5]",41,1.1657341758564144e-14,-15.832485597758332,4.672306042174982,15.77237265436481,-13.173824821310072,3.884560185671154,13.105406263315448,-2.658660776448432,0.7890955546409449,2.6669663910493613
40,0.35,2,0.0,"[-0.5,0.5]",41,1.797867410502363e-14,-2.7375506535707332,0.8089344032103053,2.732871950715461,-2.6444120473865236,0.7824744820199765,2.6457763007796222,-0.09313860618384505,0.02697936654199225,0.08709564993584197
40,0.35,3,0.0,"[-0.5,0.5]",41,1.4960255256823984e-14,-5.734016190730591,1.6937020538926848,5.7205836844843265,-5.301958301770801,1.5676126919809135,5.298004798892004,-0.4320578889597387,0.12621382921976795,0.42257888559231827
40,0.35,4,0.0,"[-0.5,0.5]",41,1.6209256159527285e-14,-8.911800615286447,2.6313100300827927,8.88532619700117,-7.969120856530724,2.354524258623608,7.95392730006258,-0.9426797587560986,0.2767875031013356,0.9313988969385976
40,0.35,5,0.0,"[-0.5,0.5]",41,1.865174681370263e-14,-12.226413608979682,3.608568146220398,12.182418041895405,-10.638502710389675,3.141085318233401,10.60645454889017,-1.5879108985903252,0.46758426339952014,1.5759634930052366
40,0.35,6,0.0,"[-0.5,0.5]",41,2.4098778528269804e-14,-15.649789593117239,4.6171287678678254,15.583497091144325,-13.302695528636397,3.9251325548364364,13.248290404437608,-2.3470940644816167,0.6924700838299607,2.335206686706717
40,0.4,2,0.0,"[-0.5,0.5]",41,1.8092081652265612e-14,-2.7193470658929577,0.8035024262470359,2.7143955871764156,-2.6761847819362257,0.792378537490318,2.68028594373062,-0.04316228395680626,0.013838765516286891,0.04085923450067526
40,0.4,3,0.0,"[-0.5,0.5]",41,1.6861512186494565e-14,-5.688442994455422,1.6800735674439538,5.674166455670148,-5.36052975454491,1.5859241488988458,5.361979259352001,-0.32791323991052523,0.09489724525919627,0.3121871963181418
40,0.4,4,0.0,"[-0.5,0.5]",41,1.5959455978986625e-14,-8.83028748084044,2.606883095155945,8.802033731126013,-8.051002592539128,2.380194032220962,8.043833491360532,-0.7792848883010032,0.22694434671378585,0.7582002397654768
40,0.4,5,0.0,"[-0.5,0.5]",41,2.475797344914099e-14,-12.10068171434174,3.5708102262195087,12.053527550058273,-10.740951220893947,3.1732859544550873,10.719503107581678,-1.3597304934478243,0.3975539477461673,1.3340244424765788
40,0.4,6,0.0,"[-0.5,0.5]",41,1.9539925233402755e-14,-15.471571319931599,4.563491869730083,15.400208208064294,-13.423388829472273,3.963159994230703,13.382102294564302,-2.0481824904596615,0.60037106344844,2.018105913500001
40,0.5,2,0.0,"[-0.5,0.5]",41,1.8110513089197866e-14,-2.684466766524532,0.7931301002852486,2.679190371484925,-2.7336462252666163,0.8102408366531674,2.7423276678089183,0.0491794587420902,0.0216706328770803,0.06653659429015948
40,0.5,3,0.0,"[-0.5,0.5]",41,1.1685097334179773e-14,-5.601131589695464,1.654063229772532,5.585778900898408,-5.466208092411409,1.6188938497732543,5.476838011569447,-0.13492349728433425,0.04187382053956559,0.12437567350351703
40,0.5,4,0.0,"[-0.5,0.5]",41,1.5376588891058418e-14,-8.674176354222817,2.56030107606621,8.643581353472896,-8.198352199909886,2.4263245121029664,8.205004559492801,-0.47582415431300906,0.13690653716653717,0.4385767939800933
40,0.5,5,0.0,"[-0.5,0.5]",41,2.0816681711721685e-14,-11.859998510421786,3.498878154131316,11.808622070317137,-10.924773891622253,3.23102915424737,10.921814711579447,-0.9352246187995512,0.2694801152506485,0.8868073587376872
40,0.5,6,0.0,"[-0.5,0.5]",41,2.531308496145357e-14,-15.130619365651764,4.461432239275247,15.05243369227206,-13.639240008654943,4.031187102104209,13.621109270486869,-1.4913793569964224,0.4310985599048791,1.431324421785192
40,0.6,2,0.0,"[-0.5,0.5]",41,1.6327217355893708e-14,-2.651836078707095,0.7834749136732486,2.646522779598458,-2.7827294838458925,0.8254117604423606,2.794762786849546,0.13089340513923534,0.045335983254498204,0.1482400072510851
40,0.6,3,0.0,"[-0.5,0.5]",41,1.3390547351499471e-14,-5.5194889187304215,1.6298737626722828,5.503855508683145,-5.55610891324271,1.6468086384246579,5.573652710374459,0.03661999451208812,0.035534257593419875,0.1035083773563358
40,0.6,4,0.0,"[-0.5,0.5]",41,2.0185242366466127e-14,-8.52833625121675,2.51704484068293,8.496971638934998,-8.323145079505261,2.4652504335541305,8.340469474042767,-0.2051911717122231,0.06668686280631404,0.19560039021149833
40,0.6,5,0.0,"[-0.5,0.5]",41,1.454392162258955e-14,-11.635420040224023,3.4322057122276037,11.58250142919383,-11.079699084033765,3.279575432731808,11.09134024194065,-0.5557209561905311,0.16047403702863583,0.4939391298961009
40,0.6,6,0.0,"[-0.5,0.5]",41,1.3933298959045715e-14,-14.81294060675513,4.367042105325311,14.732131679290088,-13.820182785431381,4.0881491113442445,13.820721374601613,-0.9927578213236016,0.2840771575398458,0.9114103046884726
40,0.7,2,0.0,"[-0.5,0.5]",41,1.599415044850616e-14,-2.6216280597879615,0.7745827168267573,2.6165383966046942,-2.823370435552427,0.8378694178956346,2.8375698341592273,0.20174237576407256,0.06639102960899787,0.22103143755452853
40,0.7,3,0.0,"[-0.5,0.5]",41,1.8693380177126073e-14,-5.443962698301513,1.607622100305426,5.428767221174582,-5.63012661451417,1.6696265225540747,5.652366800464689,0.18616391621252487,0.0724704739512313,0.22571295081781537
40,0.7,4,0.0,"[-0.5,0.5]",41,1.8832158055204218e-14,-8.39361112945275,2.477330443532252,8.36288781144871,-8.425270745932778,2.4969167457363866,8.450145026457989,0.03165961647947822,0.05590572110703455,0.15676520004593064
40,0.7,5,0.0,"[-0.5,0.5]",41,1.2823075934420558e-14,-11.428327750084922,3.3711382012808695,11.376251460652405,-11.205661612260927,3.3188685721603304,11.227997121881394,-0.22266613782430736,0.08316098674516202,0.23470394448431692
40,0.7,6,0.0,"[-0.5,0.5]",41,1.9872992140790302e-14,-14.520613273949788,4.280825945160209,14.440874717379511,-13.966261184243203,4.134005435014983,13.980902309540816,-0.5543520897068077,0.1647005372153126,0.49333750542886934
40,0.8,2,0.0,"[-0.5,0.5]",41,2.170486013142181e-14,-2.593924814469367,0.7664694690591254,2.589274347976349,-2.8557687337749025,0.8476878882876273,2.8710693885703598,0.2618439193055964,0.08412313426317607,0.28179504059401667
40,0.8,3,0.0,"[-0.5,0.5]",41,2.020605904817785e-14,-5.374765229472234,1.5873477842247359,5.360603597069321,-5.688655734465752,1.6874876339230576,5.71357734205842,0.3138905049935355,0.10848955584459771,0.3529737449890925
40,0.8,4,0.0,"[-0.5,0.5]",41,1.924849168943865e-14,-8.270396771705169,2.4412282500965037,8.241483272694662,-8.50533527252065,2.5215293758493407,8.534890046606556,0.23493850081555726,0.09994377784423518,0.30649469248016725
40,0.8,5,0.0,"[-0.5,0.5]",41,1.1879386363489175e-14,-11.239363524774468,3.315782240899409,11.190090705151743,-11.303511592596829,3.349185706371815,11.332911899015123,0.06414806782240631,0.08238473329077026,0.23481737847595632
40,0.8,6,0.0,"[-0.5,0.5]",41,2.0622392682412283e-14,-14.254585407035934,4.202927414415393,14.178926464338563,-14.078617384723932,4.169114837014613,14.103070182154067,-0.1759680223126985,0.09551722070039738,0.24001546824129505
40,0.9,2,0.0,"[-0.5,0.5]",41,1.3301859613790157e-14,-2.568725833601501,0.7591252626649967,2.564675929929378,-2.880342632964518,0.8550188774016688,2.8958525754856073,0.3116167993629862,0.09859012881098887,0.33117664555621845
40,0.9,3,0.0,"[-0.5,0.5]",41,1.7139067942650854e-14,-5.311894936462546,1.5690240205822998,5.299218223477428,-5.7325058492717575,1.7006796931144617,5.758399742566003,0.42061091280938256,0.1388606080985986,0.4591815190885581
40,0.9,4,0.0,"[-0.5,0.5]",41,2.040034807748725e-14,-8.15869225462378,2.408685175193705,8.1324719479577,-8.564536930623001,2.539505678384662,8.596310843066323,0.4058446759992526,0.1455445895478625,0.46383889510862153
40,0.9,5,0.0,"[-0.5,0.5]",41,1.62231339473351e-14,-11.068519687808845,3.266044894086297,11.023527747815546,-11.37485189126971,3.3710733416991454,11.40816911078436,0.30633220346159634,0.13320807488519915,0.40689833396945335
40,0.9,6,0.0,"[-0.5,0.5]",41,1.8018572744971095e-14,-14.014828401139113,4.133193130087463,13.945495724817377,-14.159288564309184,4.194157148257041,14.189791013973803,0.14446016316996904,0.11605673941310052,0.34044996169628633
40,1.0,2,0.0,"[-0.5,0.5]",41,1.149080830487037e-14,-2.5459610244290514,0.752519353603408,2.542616604014662,-2.897679700377752,0.8600707382545829,2.912702008951242,0.35171867594893813,0.11001635377741906,0.3700854049365682
40,1.0,3,0.0,"[-0.5,0.5]",41,1.8263168755083825e-14,-5.2551743778008415,1.552571055781261,5.244281694323449,-5.762803492136409,1.70959814736292,5.788316652958972,0.5076291143353078,0.1633553954315364,0.5440349586355291
40,1.0,4,0.0,"[-0.5,0.5]",41,1.625088952295073e-14,-8.058166825029913,2.3795506482469984,8.03523088054898,-8.604523866733144,2.5514169638141575,8.636542635525707,0.5463570417032189,0.18398012358806098,0.6013117549767177
40,1.0,5,0.0,"[-0.5,0.5]",41,1.3433698597964394e-14,-10.91525809936983,3.2216776854029887,10.875534294860833,-11.421850744645468,3.385273103224798,11.456528374687004,0.5065926452754618,0.18442779198690415,0.5812536540804195
40,1.0,6,0.0,"[-0.5,0.5]",41,1.3974932322469158e-14,-13.800522323877987,4.071241727050503,13.739006391830381,-14.210975114969571,4.210042762567847,14.244433888838719,0.41045279109205485,0.17323993825778644,0.5294730242401562
56,0.2,2,0.0,"[-0.5,0.5]",41,1.659783421814609e-14,-2.8247305659765933,0.8350656891488513,2.8219806957563183,-2.5997011781273067,0.7680691828463128,2.594521647220486,-0.22502938784968454,0.06705112157490646,0.22745904853583615
56,0.2,3,0.0,"[-0.5,0.5]",41,2.5701663020072374e-14,-5.9568333481618305,1.7606321082925096,5.949064384144293,-5.2459402736989755,1.548899062717287,5.229964615633936,-0.7108930744630262,0.2120034316036949,0.7190997685103504
56,0.2,4,0.0,"[-0.5,0.5]",41,2.6506574712925612e-14,-9.315747932123763,2.752875057747185,9.300702046735399,-7.932320998379538,2.3407385360957225,7.900693498349241,-1.3834269337438259,0.41284606254691836,1.4000085483861755
56,0.2,5,0.0,"[-0.5,0.5]",41,2.4494295480792516e-14,-12.853928513172761,3.79776057406891,12.829461656898978,-10.649915308403823,3.1410162461031095,10.598154074509482,-2.204013204769562,0.65817711349138,2.231307582389478
56,0.2,6,0.0,"[-0.5,0.5]",41,1.9761969838327786e-14,-16.54041552244365,4.886172348541454,16.50453690722871,-13.390379298045527,3.947303103907219,13.314207282240563,-3.1500362243975744,0.9413679227340837,3.1903296249881508
56,0.3,2,0.0,"[-0.5,0.5]",41,2.327998904760875e-14,-2.791880814944491,0.8252154815161395,2.788387357028128,-2.690149588813971,0.7962136562623621,2.692647531441696,-0.10173122613040066,0.02947063367775749,0.09573982558643404
56,0.3,3,0.0,"[-0.5,0.5]",41,2.3973878437999474e-14,-5.874216710242518,1.7358017679410807,5.864274215168173,-5.413494578742012,1.6011094906251426,5.4123015730859345,-0.4607221315009004,0.13480888894494733,0.4519726420822372
56,0.3,4,0.0,"[-0.5,0.5]",41,2.1094237467877974e-14,-9.167505486184723,2.7082214757442653,9.148048515731391,-8.167851827829695,2.414226382076826,8.157724727655527,-0.999653658355368,0.2939974867180296,0.9903237880758531
56,0.3,5,0.0,"[-0.5,0.5]",41,3.524958103184872e-14,-12.62493364058519,3.7286237957604405,12.592856977157627,-10.94644534497062,3.233647271013953,10.922585727756024,-1.6784882956138372,0.4950510081324547,1.6702712494016096
56,0.3,6,0.0,"[-0.5,0.5]",41,2.531308496145357e-14,-16.21596391387131,4.787977097117542,16.168131220379326,-13.742218718038297,4.0573312736428715,13.700059057173158,-2.473745195832753,0.7310164873199049,2.468072163206186
56,0.35,2,0.0,"[-0.5,0.5]",41,2.5590640717609858e-14,-2.77593684608688,0.8204471664933658,2.772150319105985,-2.732410979024927,0.809351770944898,2.7383237927747075,-0.043525867062334155,0.014138113383492917,0.04161213563441701
56,0.35,3,0.0,"[-0.5,0.5]",41,1.8096635301390052e-14,-5.8341091512761905,1.7237822825065718,5.823296093097309,-5.491720589127951,1.625471851410372,5.497163454118308,-0.34238856214839136,0.09915251925965177,0.32613263897900796
56,0.35,4,0.0,"[-0.5,0.5]",41,2.4313884239290928e-14,-9.095526068113399,2.686609236148287,9.074289474268841,-8.277705075208157,2.4484968603693735,8.277310367325796,-0.8178209929055357,0.2384360597913007,0.796979106943061
56,0.35,5,0.0,"[-0.5,0.5]",41,2.8144153674247718e-14,-12.513720539225803,3.695167002539727,12.478564500863262,-11.084585838018999,3.2768118165046993,11.073454879271097,-1.4291347012069802,0.41841953497431533,1.4051096215921701
56,0.35,6,0.0,"[-0.5,0.5]",41,2.4369395390522186e-14,-16.058349426251244,4.740466342802461,16.00567721872916,-13.905899336679514,4.108553848025831,13.87937089429764,-2.1524500895712273,0.6319209585698466,2.1263063244315283
56,0.4,2,0.0,"[-0.5,0.5]",41,1.9299666031979967e-14,-2.7603674362272645,0.8158001422819324,2.756345255028331,-2.772525639230532,0.8218050227557887,2.7815292902406483,0.012158203003083266,0.013400657561527148,0.03882456467166323
56,0.4,3,0.0,"[-0.5,0.5]",41,2.378652830259398e-14,-5.794940512914196,1.7120695636809975,5.783413835909503,-5.565922313220735,1.648554825043893,5.577413777519749,-0.2290181996927225,0.06646361677769308,0.20634328774241037
56,0.4,4,0.0,"[-0.5,0.5]",41,2.0317081350640365e-14,-9.025233068462844,2.665553381922329,9.002523985081327,-8.381823103889998,2.480950625155906,8.390355959675368,-0.6434099645731783,0.18601313413015472,0.6121680254059787
56,0.4,5,0.0,"[-0.5,0.5]",41,2.3092638912203256e-14,-12.40511787182114,3.6625809065264656,12.367401617595874,-11.215392951874612,3.3176622634124637,11.216006837268294,-1.1897249199462139,0.3456092237666161,1.1513947803275912
56,0.4,6,0.0,"[-0.5,0.5]",41,2.2815083156046967e-14,-15.904442213345343,4.694207342927573,15.847737624495178,-14.06072709378117,4.156994062143961,14.04870174144289,-1.8437151195636554,0.5374679363380576,1.7990358830522892
56,0.5,2,0.0,"[-0.5,0.5]",41,2.2083029849184754e-14,-2.7304874342560104,0.8069108585086595,2.726172490591418,-2.8459282433458917,0.844518291286527,2.86006575897492,0.11544080908982741,0.04146860245773293,0.13389326838349555
56,0.5,3,0.0,"[-0.5,0.5]",41,2.787066367623825e-14,-5.719765894579982,1.6896688062492637,5.707298574789691,-5.7015227444411964,1.6906190472799993,5.723189660566895,-0.018243150139084282,0.03108933087536734,0.07520448382169798
56,0.5,4,0.0,"[-0.5,0.5]",41,2.661065812148422e-14,-8.8903506606526,2.625304230922498,8.865644176486821,-8.571815287427741,2.5400306127557064,8.59553809838079,-0.3185353732252479,0.09459650912649718,0.2848128931707698
56,0.5,5,0.0,"[-0.5,0.5]",41,1.4835355166553654e-14,-12.19678950387912,3.600332415335467,12.155544697127162,-11.453694923443258,3.3919402210220664,11.474500959031653,-0.7430945804362649,0.2136626525896276,0.6810437380955124
56,0.5,6,0.0,"[-0.5,0.5]",41,2.0372592501871623e-14,-15.6093162464028,4.605907668368767,15.54700510107463,-14.34227319060307,4.244954565318521,14.355425377612812,-1.2670430557995516,0.364370317250029,1.1915797234618055
56,0.6,2,0.0,"[-0.5,0.5]",41,3.007316617953393e-14,-2.7024634348278287,0.7986129445504919,2.6980906751998512,-2.90980294539859,0.8641580020319569,2.927631171118188,0.20733951057054897,0.06905184174297149,0.22954049591835274
56,0.6,3,0.0,"[-0.5,0.5]",41,2.488287353941132e-14,-5.649262788977461,1.6687656366922874,5.636493052198977,-5.819247956142453,1.7269284430175131,5.848412721241958,0.16998516716464038,0.07063654529019255,0.21808929071454058
56,0.6,4,0.0,"[-0.5,0.5]",41,2.3564483697668948e-14,-8.7639171944994,2.5877806203362597,8.738451455222968,-8.736341142294888,2.5909297121351114,8.771498994012413,-0.02757605220374773,0.055357956762088094,0.13595022690644032
56,0.6,5,0.0,"[-0.5,0.5]",41,1.8637869025894815e-14,-12.001661025656025,3.5423700477331166,11.958957073229168,-11.659480497817219,3.4557976355331497,11.695781405945006,-0.34218052783846753,0.1097122841466798,0.3227035436963861
56,0.6,6,0.0,"[-0.5,0.5]",41,2.681188604469753e-14,-15.333144127859727,4.523804918043472,15.26840005522783,-14.58466383791772,4.320400282247169,14.617478620807933,-0.748480289941529,0.21734005093499278,0.6622366552273424
56,0.7,2,0.0,"[-0.5,0.5]",41,2.203098814490545e-14,-2.6764407323075963,0.7909455477524634,2.6722249446701474,-2.9639369761807606,0.8806560321911994,2.9840588782476853,0.28749624387278705,0.09307497584511841,0.3118339335775419
56,0.7,3,0.0,"[-0.5,0.5]",41,2.663841369709985e-14,-5.583801977112382,1.6494589004513556,5.5713132925580044,-5.918694994446303,1.7573490158469551,5.952736524544447,0.3348930173336292,0.11756486539308468,0.3814232319864612
56,0.7,4,0.0,"[-0.5,0.5]",41,3.046174423815273e-14,-8.64661991563095,2.553163387735584,8.621523422789364,-8.874836858049989,2.633453255656373,8.917714278181503,0.22821694241914206,0.10389762640618266,0.31748607634604387
56,0.7,5,0.0,"[-0.5,0.5]",41,2.4515112162504238e-14,-11.820840952659843,3.488980930649561,11.778553741416479,-11.832061005104437,3.508987318085552,11.879160477735734,0.011220052445044811,0.08504036501656637,0.2282234845804228
56,0.7,6,0.0,"[-0.5,0.5]",41,2.691596945325614e-14,-15.077573389150407,4.448318457235729,15.013254017009054,-14.78713040485093,4.383042697421928,14.834037174001587,-0.29044298429986737,0.11690058785222915,0.3224311481932764
56,0.8,2,0.0,"[-0.5,0.5]",41,2.2065682614424986e-14,-2.6524920011835267,0.7839233274971682,2.6486115928467937,-3.008432158123724,0.8940591946712855,3.0295891350942856,0.3559401569399209,0.11334906850909314,0.3809775422474864
56,0.8,3,0.0,"[-0.5,0.5]",41,2.3342439092743916e-14,-5.523565046977189,1.6317849485008873,5.51184813343925,-6.000056116143835,1.7819642419065234,6.036589713269443,0.4764910691665714,0.15864512973160902,0.5247415798301813
56,0.8,4,0.0,"[-0.5,0.5]",41,2.070565940925917e-14,-8.538795613851999,2.5215175925235465,8.515016186527955,-8.9875903268521,2.667717940133422,9.034775576174649,0.4487947130001373,0.16352061967855613,0.5197593896466988
56,0.8,5,0.0,"[-0.5,0.5]",41,2.1066481892262345e-14,-11.654867350191468,3.440265677363595,11.614570634522824,-11.97183767338226,3.5516602892620037,12.02538466542832,0.3169703231910391,0.14529697710590522,0.44301827025069207
56,0.8,6,0.0,"[-0.5,0.5]",41,2.7894353493707058e-14,-14.843399991921629,4.379590383649848,14.781889449021957,-14.950214833562766,4.433072021645377,15.006008206021086,0.10681484164072372,0.12358844015382454,0.35484366354728303
56,0.9,2,0.0,"[-0.5,0.5]",41,1.722233466949774e-14,-2.6306192929338548,0.7775395996631047,2.6272111972723193,-3.043658601894064,0.9045097012011073,3.064792912050176,0.413039308960328,0.1299894248484905,0.43758171477785657
56,0.9,3,0.0,"[-0.5,0.5]",41,2.19824158875781e-14,-5.468562705480792,1.6157260042232904,5.45799363105489,-6.064033309496954,1.8010388504837413,6.101033514001667,0.5954706040157016,0.19291564536108324,0.6430398829467602
56,0.9,4,0.0,"[-0.5,0.5]",41,3.0031532816110484e-14,-8.440461043927282,2.4928087976473097,8.418731266515177,-9.075618836301675,2.694100680190833,9.124188128816382,0.6351577923741237,0.21571395458429257,0.7054568623011832
56,0.9,5,0.0,"[-0.5,0.5]",41,2.0816681711721685e-14,-11.503771889747265,3.396166006795124,11.46667688081781,-12.080144146204281,3.5843008427151797,12.136376788244023,0.5763722564569043,0.21296406676129448,0.6703472952637483
56,0.9,6,0.0,"[-0.5,0.5]",41,3.051725538938399e-14,-14.63066448405514,4.317528926531421,14.573795083870863,-15.075578480478635,4.471079176332731,15.135720041663443,0.44491399642330076,0.19519459741826956,0.5960707076483073
56,1.0,2,0.0,"[-0.5,0.5]",41,2.5590640717609858e-14,-2.6107693946014923,0.7717703497720206,2.6079243894201882,-3.0702016284741878,0.9122219171001352,3.090484427861067,0.4594322338722717,0.14323806831214703,0.48256003844087114
56,1.0,3,0.0,"[-0.5,0.5]",41,2.1538326677728037e-14,-5.418659843102166,1.6012206214023839,5.4094947720899516,-6.111732917991642,1.8149751419738576,6.147596409322118,0.6930730748893389,0.22058676666845603,0.7381016372321549
56,1.0,4,0.0,"[-0.5,0.5]",41,1.9748092050519972e-14,-8.35137145635155,2.466922851012375,8.33219375178022,-9.140519829639224,2.7131762658213217,9.188133520189076,0.7891483732871695,0.25870872256197314,0.8559397684088456
56,1.0,5,0.0,"[-0.5,0.5]",41,2.7422508708241367e-14,-11.367160556601558,3.356497415665983,11.334104236369168,-12.159051827139427,3.6076468028538233,12.214931358556456,0.7918912705372942,0.2713623026048925,0.8808271221872692
56,1.0,6,0.0,"[-0.5,0.5]",41,1.837419105754634e-14,-14.438788797712515,4.261858296593439,14.38782216661336,-15.165764571265708,4.497959573155864,15.226553636353373,0.7269757735529326,0.26715674974796655,0.8396669745184349
72,0.2,2,0.0,"[-0.5,0.5]",41,2.3189783426857957e-14,-2.842589767651342,0.8404236169534169,2.840257074392694,-2.6450226504290484,0.7819287540199643,2.6423837100952987,-0.19756711722280568,0.05849818252115066,0.19787336429741162
72,0.2,3,0.0,"[-0.5,0.5]",41,2.7422508708241367e-14,-6.004547300745805,1.7749661325472104,5.997976793321193,-5.345168596032954,1.5791838124740607,5.3344647040736,-0.6593787047134733,0.19588051871874662,0.6635120892476098
72,0.2,4,0.0,"[-0.5,0.5]",41,3.0142555118573e-14,-9.405128680402793,2.7797314705715013,9.392360859745137,-8.095889931988436,2.3905875064434623,8.072586122397617,-1.309238748414897,0.38950238943490845,1.3197747373475344
72,0.2,5,0.0,"[-0.5,0.5]",41,2.90878432451791e-14,-12.995993883377976,3.840446916371857,12.975162822984801,-10.889204852461313,3.2138607185367665,10.849208547261409,-2.106789030916903,0.6274142986692228,2.125954275723407
72,0.2,6,0.0,"[-0.5,0.5]",41,2.5868196473766147e-14,-16.745027131361294,4.947637043047572,16.714362299017584,-13.717308345582245,4.046741827852292,13.656781212323386,-3.027718785779049,0.9024454010055885,3.0575810866941957
72,0.3,2,0.0,"[-0.5,0.5]",41,2.9998573070066925e-14,-2.813437479463002,0.8316831922605433,2.8104527808226245,-2.7505100507608535,0.8146990329860849,2.7563817126922663,-0.06292742870147659,0.01874400335847341,0.05658026810422539
72,0.3,3,0.0,"[-0.5,0.5]",41,3.527733660746435e-14,-5.931004584450113,1.7528671594093324,5.922533567584282,-5.540922063742567,1.6400615983268492,5.5465498893529785,-0.3900825207081674,0.11335610201874603,0.375983678231312
72,0.3,4,0.0,"[-0.5,0.5]",41,3.838596107641479e-14,-9.272794120162713,2.7398958082029954,9.256234279193713,-8.371578810687922,2.4764121323104047,8.371971887779072,-0.90121530947442,0.26366831426332077,0.8842623914146597
72,0.3,5,0.0,"[-0.5,0.5]",41,3.297362383136715e-14,-12.791164695779795,3.778671890333859,12.763875806187338,-11.236979222053819,3.3222315921025016,11.227694902178069,-1.554185473726448,0.45645915626512934,1.53618090400927
72,0.3,6,0.0,"[-0.5,0.5]",41,2.9531932455029164e-14,-16.454466502821084,4.859835930374942,16.413798588094174,-14.130805886474853,4.175711538163849,14.107706498009847,-2.3236606163477744,0.684155457441197,2.306092090084335
72,0.35,2,0.0,"[-0.5,0.5]",41,2.907223073389531e-14,-2.799279133184957,0.8274486155628584,2.7960344277063314,-2.8000602767120957,0.8300750171526768,2.809710358263917,0.0007811435268753978,0.012010327645023277,0.03212704228237993
72,0.35,3,0.0,"[-0.5,0.5]",41,3.042011087472929e-14,-5.895272383307089,1.7421603331372446,5.886037609061086,-5.632835290083936,1.6686220656457884,5.645770391286021,-0.262437093222927,0.07592840980019344,0.24026721777508914
72,0.35,4,0.0,"[-0.5,0.5]",41,2.9753977059954195e-14,-9.208496547997628,2.72059783867005,9.1903941779693,-8.500950418953096,2.5166652101552525,8.512023476864332,-0.7075461290445642,0.20509160089796347,0.6783707011050135
72,0.35,5,0.0,"[-0.5,0.5]",41,2.257916076331412e-14,-12.691630019999177,3.748750064971378,12.661705818088112,-11.400062804807616,3.3730386329678734,11.404713555954311,-1.2915672151925208,0.3762650710786941,1.2569922621337848
72,0.35,6,0.0,"[-0.5,0.5]",41,2.864375403532904e-14,-16.313248973131397,4.817314361885581,16.268492762421726,-14.324546983930228,4.236143658070877,14.318536911638528,-1.988701989200958,0.5813603746697001,1.949955850783166
72,0.4,2,0.0,"[-0.5,0.5]",41,2.7625471354930653e-14,-2.7854453638319616,0.8233190724034697,2.7819899516066044,-2.847275673914133,0.8447038467195742,2.860338927270522,0.06183031008289064,0.02622116221113039,0.0809719303532832
72,0.4,3,0.0,"[-0.5,0.5]",41,2.2870594307278225e-14,-5.860354809102473,1.7317190491578789,5.850489352434465,-5.720382642680186,1.6957895858056946,5.739959329670155,-0.1399721664221523,0.04434341232059778,0.13111136991890088
72,0.4,4,0.0,"[-0.5,0.5]",41,2.067790383364354e-14,-9.145665147798974,2.701781456859352,9.12627702007212,-8.624116374424766,2.554944282558509,8.64495026512825,-0.5215487733744877,0.15043800980475094,0.48132675494387017
72,0.4,5,0.0,"[-0.5,0.5]",41,3.885780586188048e-14,-12.594369378244199,3.719581480478969,12.562237308282231,-11.55523400202365,3.421336509180497,11.57268558863673,-1.039135376220334,0.30034569204840594,0.9895517196454768
72,0.4,6,0.0,"[-0.5,0.5]",41,3.7192471324942744e-14,-16.17526481622952,4.775873846648097,16.127074170994675,-14.508765882837478,4.293565740865366,14.518529247948443,-1.6664989333917009,0.4835245590245768,1.6085449230462134
72,0.5,2,0.0,"[-0.5,0.5]",41,3.121808367367862e-14,-2.7588698017382787,0.8154108633006025,2.755146414034707,-2.9342232512906503,0.8715498378340242,2.952931324639837,0.17535344955292592,0.059960019376407055,0.1977849106051106
72,0.5,3,0.0,"[-0.5,0.5]",41,2.7384344791769877e-14,-5.7932629198806955,1.7117236842036396,5.782549970248619,-5.881472778834313,1.7456221170911177,5.912156915426204,0.08820985895330886,0.05104097536438929,0.15413029256118807
72,0.5,4,0.0,"[-0.5,0.5]",41,3.63355179278102e-14,-9.02495161564845,2.6657596732789584,9.003788416464449,-8.850534502122203,2.625115637080638,8.887855409637071,-0.17441711352601677,0.06570555504485845,0.18536695609955495
72,0.5,5,0.0,"[-0.5,0.5]",41,3.7247982476174e-14,-12.40755187461969,3.663769115245422,12.372325024506296,-11.840186413034724,3.509809689892889,11.879456986086247,-0.5673654615846819,0.16583277260562873,0.504240386571196
72,0.5,6,0.0,"[-0.5,0.5]",41,2.7755575615628914e-14,-15.91030131403977,4.69662590535342,15.857252048661238,-14.846660993809891,4.398664828257087,14.883537956410244,-1.063640320229639,0.3056758632132326,0.9737140922509973
72,0.6,2,0.0,"[-0.5,0.5]",41,3.0309088572266774e-14,-2.7339056514643634,0.8080159579706406,2.730117108330286,-3.0106390145118453,0.894988275127961,3.0333625582589376,0.2767333630470077,0.09066508362079347,0.3032454499286181
72,0.6,3,0.0,"[-0.5,0.5]",41,3.7136960173711486e-14,-5.730222799881507,1.6930259818089628,5.719208562862821,-6.022836363385388,1.7890832105280046,6.061597673125599,0.2926135635032395,0.10723475751259239,0.3423891102627674
72,0.6,4,0.0,"[-0.5,0.5]",41,3.444466933899548e-14,-8.911560685293086,2.6320955742242704,8.889671397990202,-9.048891782524846,2.686239767196135,9.098432706304404,0.1373310972323128,0.0857903217640232,0.2575420591788456
72,0.6,5,0.0,"[-0.5,0.5]",41,3.574918139293004e-14,-12.232163581057195,3.6116561476349287,12.19557414522886,-12.08936312576845,3.5867699538684623,12.145084031495944,-0.14280045528806257,0.08610947634049189,0.20976943632215464
72,0.6,6,0.0,"[-0.5,0.5]",41,2.450817326860033e-14,-15.66171886877209,4.622709546883507,15.606434223120598,-15.141540136432784,4.489948948247663,15.199180218882749,-0.520178732339375,0.16352441876117024,0.48308519520115656
72,0.7,2,0.0,"[-0.5,0.5]",41,2.806088694740083e-14,-2.710681570283077,0.8011691739079271,2.7070137686308033,-3.0761926186329265,0.9149141592863818,3.1013515734132953,0.3655110483500201,0.11735758313293,0.39433780478251096
72,0.7,3,0.0,"[-0.5,0.5]",41,2.5895952049381776e-14,-5.671558602701744,1.6757133709558267,5.660745883994491,-6.143839883455786,1.8259667792090584,6.187710798593997,0.4722812807531811,0.15987897096504544,0.5269649145995319
72,0.7,4,0.0,"[-0.5,0.5]",41,3.469446951953614e-14,-8.806088859872693,2.600948052060221,8.784436137866642,-9.218279357294707,2.7380146026717553,9.275822609641448,0.4121904974215145,0.15751953687847162,0.4935251177216255
72,0.7,5,0.0,"[-0.5,0.5]",41,2.9781732635569824e-14,-12.069154110805984,3.5634932427256096,12.032788589204578,-12.30161078424261,3.6518260383319254,12.368428092942821,0.23245667343692292,0.13197998043361722,0.39785965901148007
72,0.7,6,0.0,"[-0.5,0.5]",41,3.68594044175552e-14,-15.430915577294492,4.554489047102221,15.375786787915185,-15.392041257140153,4.56694638207471,15.464056573842818,-0.03887432015479153,0.11677948299518816,0.2944568038271578
72,0.8,2,0.0,"[-0.5,0.5]",41,2.500777362968165e-14,-2.6892606704786,0.7948841077594343,2.6858711314957997,-3.1309101609140964,0.9313536898326346,3.157079284105562,0.4416494904348703,0.13995131952109438,0.47120815260974774
72,0.8,3,0.0,"[-0.5,0.5]",41,2.363387263670802e-14,-5.617433374534183,1.659819563040425,5.6072473847723945,-6.244525094490772,1.8563145178292406,6.290803805674041,0.627091719956696,0.20524043570783182,0.6835564209016419
72,0.8,4,0.0,"[-0.5,0.5]",41,3.1058489113888754e-14,-8.708831167453852,2.572377397229402,8.6882336447791,-9.35875398818742,2.780492543175001,9.4204289978721,0.6499228207332575,0.22486022853171364,0.7321953530930115
72,0.8,5,0.0,"[-0.5,0.5]",41,2.8324564915749306e-14,-11.918996859894545,3.519373801382184,11.884199225584295,-12.477012376541097,3.7050401063096206,12.549974492527161,0.5580155166478208,0.2152307717249374,0.670965012723022
72,0.8,6,0.0,"[-0.5,0.5]",41,2.969846590872294e-14,-15.21858274049545,4.492097308349147,15.165632509910523,-15.598291747648792,4.629731165128015,15.678730453832664,0.379709007152782,0.18973705134795474,0.5754754987322864
72,0.9,2,0.0,"[-0.5,0.5]",41,2.8282931552325863e-14,-2.6696489599339905,0.7891557853392153,2.666658008175724,-3.1751309896844577,0.9444434311896558,3.201107641594911,0.5054820297509384,0.1585788100848468,0.5344496334191726
72,0.9,3,0.0,"[-0.5,0.5]",41,3.0808688933348094e-14,-5.567860649305885,1.6453314766700151,5.5586318436999065,-6.325522308722101,1.8803775726632337,6.371911813555706,0.7576616594164947,0.24304818622728613,0.8132799698558104
72,0.9,4,0.0,"[-0.5,0.5]",41,2.5396351688300456e-14,-8.61981718590832,2.5463585137951257,8.600910427398533,-9.471217735054248,2.814026759745067,9.533706415805279,0.8514005491456555,0.2822426079609104,0.9327959884067305
72,0.9,5,0.0,"[-0.5,0.5]",41,2.4730217873525362e-14,-11.781733955918504,3.479255912455338,11.749553708549524,-12.616731761323754,3.7468601393450487,12.691562942306673,0.8349978054050505,0.2914171973193567,0.9420092337571602
72,0.9,6,0.0,"[-0.5,0.5]",41,2.861599845971341e-14,-15.024785314589536,4.435469609148898,14.975588493334094,-15.761719656604923,4.678842610275146,15.845405989162941,0.736934342015287,0.28056007982151226,0.8751090136773868
72,1.0,2,0.0,"[-0.5,0.5]",41,2.957356581845261e-14,-2.651804377950652,0.7839640741435926,2.6492908857648976,-3.2094437339644024,0.9544049406231567,3.2342846387640254,0.557639356014036,0.17349358767243925,0.5849937529991517
72,1.0,3,0.0,"[-0.5,0.5]",41,2.5868196473766147e-14,-5.522731849339025,1.6321980463166483,5.514686492250556,-6.387938860590841,1.8985691167455314,6.432618659820665,0.8652070112522088,0.2736471555007992,0.9179321675701313
72,1.0,4,0.0,"[-0.5,0.5]",41,3.466671394392051e-14,-8.538845975696702,2.522797359629295,8.522073750822647,-9.557253623256878,2.8392038578034273,9.61790441769254,1.0184076475610162,0.32929093813624805,1.0958306668698996
72,1.0,5,0.0,"[-0.5,0.5]",41,2.6798008256889716e-14,-11.657052059492027,3.4429890796845593,11.628222754789551,-12.722806311671391,3.7780342297209186,12.79606058299844,1.0657542521788044,0.3552842966605315,1.1678378282088953
72,1.0,6,0.0,"[-0.5,0.5]",41,2.0816681711721685e-14,-14.849063016963562,4.38438373394216,14.804724891671757,-15.884804608925336,4.715182396000635,15.967533804601285,1.035741591961483,0.36071192320734197,1.1628089129295383
96,0.2,2,0.0,"[-0.5,0.5]",41,4.116151863797768e-14,-2.8592882335268683,0.845432606826383,2.857343190470674,-2.697901534964945,0.7981382142233527,2.6983917156509207,-0.1613866985623691,0.04733655070938658,0.15895147481973942
96,0.2,3,0.0,"[-0.5,0.5]",41,3.4333647036532966e-14,-6.049310506104253,1.7884113718471604,6.043857666273681,-5.457054179242368,1.613417181324027,5.45267600200399,-0.5922563268621301,0.17499575933287637,0.5911816642696841
96,0.2,4,0.0,"[-0.5,0.5]",41,3.7192471324942744e-14,-9.489423495540807,2.8050598891091094,9.478807052058073,-8.27528681650108,2.445391409383908,8.261715735181784,-1.2141366790398738,0.3597559863333448,1.2170913168763038
96,0.2,5,0.0,"[-0.5,0.5]",41,4.785061236134425e-14,-13.130915937471046,3.8809871082702196,13.113538824263578,-11.145859720831611,3.292166839566623,11.119300844098467,-1.9850562166386272,0.5891445788895513,1.9942379801651189
96,0.2,6,0.0,"[-0.5,0.5]",41,4.6407322429331543e-14,-16.940947568000208,5.006496216609648,16.915277703544714,-14.061707740657392,4.151712978934467,14.018682460090943,-2.87923982734362,0.8555236571084285,2.8965952434537243
96,0.3,2,0.0,"[-0.5,0.5]",41,3.5903571782291976e-14,-2.8338857775576236,0.83781878149386,2.8313837993952116,-2.822879303331638,0.836917966075235,2.83300808996986,-0.01100647422569498,0.011417816323475665,0.025673388816417623
96,0.3,3,0.0,"[-0.5,0.5]",41,3.8663516832571077e-14,-5.985035901923532,1.7691029875801847,5.977955759750998,-5.689428539765723,1.6855730162319889,5.703471195193063,-0.2956073621576807,0.08547370117871891,0.2744845645578965
96,0.3,4,0.0,"[-0.5,0.5]",41,3.608224830031759e-14,-9.373426663051392,2.770163877086707,9.35960228961962,-8.603232210522933,2.5472983586136384,8.616320314752153,-0.7701944525288734,0.22381797747566817,0.7432819748674357
96,0.3,5,0.0,"[-0.5,0.5]",41,4.4103609653234344e-14,-12.950934266326815,3.8267594928157487,12.928158128496683,-11.560458640164702,3.421095121543774,11.568394153965038,-1.3904756261614377,0.4061112054188553,1.3597639745315973
96,0.3,6,0.0,"[-0.5,0.5]",41,4.3021142204224816e-14,-16.685166748961574,4.929308372384237,16.651219417469296,-14.555782944872007,4.3054652038823855,14.554754429538361,-2.1293838040902973,0.6239886212779422,2.096464987930954
96,0.35,2,0.0,"[-0.5,0.5]",41,3.7921055184853e-14,-2.8215428961118505,0.8341269683914857,2.8188143471553806,-2.881867610732207,0.855197915689488,2.896265334685175,0.06032471462066168,0.026175005351532853,0.08068964063435341
96,0.35,3,0.0,"[-0.5,0.5]",41,3.35009797680641e-14,-5.953783817938158,1.759739626117271,5.94604425655001,-5.799088184607871,1.7195880882183825,5.821347484129942,-0.1546956333292506,0.04811280503487776,0.14292941893516753
96,0.35,4,0.0,"[-0.5,0.5]",41,3.533284775869561e-14,-9.317029049115524,2.7532426707748807,9.301886467115974,-8.757951453875862,2.595336286673514,8.783005172896527,-0.559077595239857,0.1613976104976558,0.518881294219411
96,0.35,5,0.0,"[-0.5,0.5]",41,4.549138843401579e-14,-12.863421247231168,3.800467802976227,12.838418265940472,-11.755989993600492,3.4818620970327703,11.779496198194842,-1.1074312536309465,0.3206735030871534,1.058922067745589
96,0.35,6,0.0,"[-0.5,0.5]",41,3.3306690738754696e-14,-16.56078061394298,4.891890177001067,16.52341970666331,-14.788691749232887,4.377915709834301,14.806722848697754,-1.7720888647102477,0.5152001109099158,1.7166968579655746
96,0.4,2,0.0,"[-0.5,0.5]",41,3.162747841400915e-14,-2.809476383983503,0.8305244216959926,2.806562525972078,-2.9382701062939045,0.8726476829074895,2.9565173670337908,0.12879372231138578,0.04633470952691461,0.1499548410617105
96,0.4,3,0.0,"[-0.5,0.5]",41,5.057759766557979e-14,-5.923225344458131,1.7506017353052363,5.914936867779078,-5.9039208490815,1.7520574642377946,5.9336287872100355,-0.019304495377502888,0.03419911157310392,0.08334603627546486
96,0.4,4,0.0,"[-0.5,0.5]",41,5.014044734963363e-14,-9.261880913459079,2.7367303026591387,9.245631631120164,-8.90582202823165,2.6411865952018085,8.94177436524117,-0.3560588852268426,0.1056491529145893,0.31861867293012075
96,0.4,5,0.0,"[-0.5,0.5]",41,3.752553823233029e-14,-12.77784958742097,3.7748155384576947,12.750967762516542,-11.942806535326902,3.539852239156181,11.980556675710915,-0.8350430520940249,0.24071087287742052,0.7704110868056413
96,0.4,6,0.0,"[-0.5,0.5]",41,3.9468428525424315e-14,-16.43916073355678,4.855389298436306,16.39891066628411,-15.011135932598753,4.447040212057375,15.04667358800688,-1.4280248009567318,0.41215476627784653,1.3522370782772353
96,0.5,2,0.0,"[-0.5,0.5]",41,3.712308238590367e-14,-2.7862722291265576,0.8236179370709722,2.7831184065941272,-3.042722785103151,0.904846076621191,3.0673114755331277,0.25645055597602145,0.08520216606583716,0.28419306893899854
96,0.5,3,0.0,"[-0.5,0.5]",41,4.225786387479502e-14,-5.864441800608234,1.7330798327172698,5.855403235284491,-6.097977448663011,1.8119590251623987,6.1400742279807226,0.23353564805400162,0.09196594520840656,0.2872017376888892
96,0.5,4,0.0,"[-0.5,0.5]",41,4.347910920188269e-14,-9.155795711275937,2.705073051754351,9.137994627878209,-9.179399305990582,2.7257492996873225,9.23363468562579,0.02360359471567034,0.0684424119150585,0.1889928375679415
96,0.5,5,0.0,"[-0.5,0.5]",41,3.4708347307343956e-14,-12.613265564724783,3.725652015445006,12.58370909184807,-12.288222650982446,3.6467637881651185,12.35005518078399,-0.3250429137426419,0.11225522768667437,0.32424971826075055
96,0.5,6,0.0,"[-0.5,0.5]",41,4.674038933671909e-14,-16.205293396122418,4.785463935188,16.160892746951852,-15.422135548923219,4.5744202936348755,15.487487082342735,-0.7831578471992197,0.2299437153184496,0.6961904521888702
96,0.6,2,0.0,"[-0.5,0.5]",41,3.216871213851391e-14,-2.764442889499064,0.8171489585340838,2.7612201914656094,-3.135323817987911,0.9331968325567056,3.164379369329879,0.370880928488021,0.12003005680307217,0.4031591778642697
96,0.6,3,0.0,"[-0.5,0.5]",41,4.000966224992908e-14,-5.809107019982037,1.7166618305426107,5.7997791113861314,-6.269858487679586,1.8646730298458778,6.320852506426033,0.4607514676974817,0.15878650393316768,0.5210733950398808
96,0.6,4,0.0,"[-0.5,0.5]",41,4.2472969585816145e-14,-9.055941129514062,2.6754182554333448,9.03746254560252,-9.421463787239247,2.8001132941256723,9.489050045634091,0.365522657724543,0.148736401994293,0.4608406256668355
96,0.6,5,0.0,"[-0.5,0.5]",41,4.225851439609851e-14,-12.458397404356226,3.679625291808054,12.427598248374359,-12.593499847217487,3.740704770775885,12.673183584837556,0.13510244286121884,0.11862882152674184,0.34842042212652163
96,0.6,6,0.0,"[-0.5,0.5]",41,4.0523140398818214e-14,-15.985341164971013,4.720049952486852,15.938932396944212,-15.784919831812884,4.686244200015987,15.872674442463286,-0.2004213331587128,0.12422322047105994,0.29992242832491867
96,0.7,2,0.0,"[-0.5,0.5]",41,4.210520820890906e-14,-2.7440967063978245,0.8111479441486426,2.7409658852807626,-3.2155949915468245,0.9575490921851348,3.2472988401688854,0.4714982851493844,0.15034655606165057,0.5063329548881307
96,0.7,3,0.0,"[-0.5,0.5]",41,3.963496197911809e-14,-5.7575019429296646,1.7014238765454512,5.7483100179919955,-6.418648470084989,1.9099048185827137,6.475119757272987,0.6611465271561028,0.21836304746801793,0.7268097392810164
96,0.7,4,0.0,"[-0.5,0.5]",41,4.0967229608668276e-14,-8.962822551187884,2.6479034892111604,8.944478997298852,-9.630689400236772,2.8638462423435467,9.706758374035086,0.6678668490492228,0.23502672101940666,0.762279376736215
96,0.7,5,0.0,"[-0.5,0.5]",41,4.238276396506535e-14,-12.314050526480429,3.6369509864122453,12.283330420469007,-12.856932689785392,3.821111624667311,12.948269623623702,0.5428821633049034,0.21871553514071218,0.6775262569074219
96,0.7,6,0.0,"[-0.5,0.5]",41,4.120315200140112e-14,-15.780472425834756,4.659458702171191,15.734032577055695,-16.097433572796593,4.781824452191104,16.200166186315755,0.31696114696195926,0.18654401753147606,0.5613949031902136
96,0.8,2,0.0,"[-0.5,0.5]",41,3.086420008457935e-14,-2.7252936858652608,0.8056272568802125,2.7223880436132495,-3.283477036111595,0.9779044534193677,3.316181417234373,0.5581833502462931,0.17610395246589935,0.5937933736210914
96,0.8,3,0.0,"[-0.5,0.5]",41,4.030109579389318e-14,-5.709767886683881,1.687396638140952,5.701076033250562,-6.544213187254298,1.9476471198723895,6.603044400462952,0.8344453005699005,0.2694668591755887,0.901968367212403
96,0.8,4,0.0,"[-0.5,0.5]",41,4.4020342926387457e-14,-8.876703750981815,2.622583533658479,8.859186190183436,-9.806869337010678,2.916926542539546,9.886952204055106,0.9301655860295377,0.3110757041375096,1.0277660138716858
96,0.8,5,0.0,"[-0.5,0.5]",41,3.6193270602780103e-14,-12.180633173774755,3.59771384228297,12.15112357192081,-13.078246340612079,3.887946090056629,13.175510122032875,0.8976131668378763,0.31767057711506774,1.0243865501121039
96,0.8,6,0.0,"[-0.5,0.5]",41,3.7414515929867775e-14,-15.591283584189863,4.603810812189809,15.54650049836961,-16.359344706619908,4.861106207251011,16.470153239068974,0.7680611224287311,0.3006763009155693,0.9344145274961777
96,0.9,2,0.0,"[-0.5,0.5]",41,3.905209489118988e-14,-2.7080396824887636,0.8005833627957871,2.705462628097407,-3.339269362379649,0.9943941897704681,3.371583942608207,0.6312296798911847,0.19744436679511654,0.6661213145107807
96,0.9,3,0.0,"[-0.5,0.5]",41,2.986499936241671e-14,-5.665924510141839,1.6745709657054455,5.658015509829198,-6.64710565432474,1.9781384013934016,6.705643922713707,0.9811811441831232,0.3121211838223623,1.0476284128845117
96,0.9,4,0.0,"[-0.5,0.5]",41,3.730349362740526e-14,-8.797615273845404,2.5994409823519753,8.781468542234213,-9.950780723325252,2.9596853187673964,10.031049020936361,1.1531654494791945,0.3752764932404975,1.24958047870214
96,0.9,5,0.0,"[-0.5,0.5]",41,5.4262150328554526e-14,-12.058198085659061,3.561885034606142,12.030789895383188,-13.258427270257108,3.941622638948994,13.356681348068888,1.200229184598963,0.4032702587465629,1.325891452685718
96,0.9,6,0.0,"[-0.5,0.5]",41,4.063416270128073e-14,-15.417851157135852,4.55306227215996,15.37605474356669,-16.571845303049685,4.924581464253093,16.68474234780689,1.1539941459134035,0.406331439145022,1.3086876042401594
96,1.0,2,0.0,"[-0.5,0.5]",41,4.005129561335252e-14,-2.69229764507154,0.795999702894638,2.6901206083658944,-3.383573089723156,1.0072509479454679,3.414403687238919,0.6912754446510377,0.21463537477255287,0.724283078872999
96,1.0,3,0.0,"[-0.5,0.5]",41,3.905209489118988e-14,-5.625880810964106,1.6629052047885957,5.618953997887452,-6.728445363855611,2.001810173728519,6.78458736561708,1.1025645528917232,0.346757437513706,1.165633367729599
96,1.0,4,0.0,"[-0.5,0.5]",41,3.93574062229618e-14,-8.725397130212,2.5783997453067125,8.71100673624115,-10.064014777584859,2.992731891170208,10.141409871767467,1.3386176473729048,0.42786674373935174,1.430403135526324
96,1.0,5,0.0,"[-0.5,0.5]",41,4.5831394235307243e-14,-11.946493832495818,3.529343813664241,11.921821951227273,-13.399507975513465,3.9829139616194573,13.494780151285823,1.4530141430194705,0.4742212263096461,1.5729582000585671
96,1.0,6,0.0,"[-0.5,0.5]",41,4.016231791581504e-14,-15.259811045753704,4.507036457232922,15.221952448099614,-16.73738787101609,4.973175995355201,16.84752446707408,1.4775768252615493,0.4956726195665427,1.6255720189744447
