tag,kind,R0,eta,kw,P,m,boundary,status,tau_half,tau_peak,advance,root_jumps,missing_planes,phase_bound
P_generalization_R192_eta0.35,P_generalization,192.0,0.35,794.3344256864206,2,1,scaled_0.8,defined,0.07463974793496073,1.0254656702691292,0.014592165204860452,0,0,3.140796325942864e-16
P_generalization_R192_eta0.35,P_generalization,192.0,0.35,794.3344256864206,2,1,scaled_0.85,defined,0.07608694583418564,1.0284000766121724,0.013681303168743247,0,0,3.140796325942864e-16
P_generalization_R192_eta0.35,P_generalization,192.0,0.35,794.3344256864206,2,1,scaled_0.9,defined,0.07773394625287144,1.031809866950598,0.012404742597492316,0,0,3.140796325942864e-16
P_generalization_R192_eta0.35,P_generalization,192.0,0.35,794.3344256864206,2,1,scaled_0.925,defined,0.07864171653728685,1.0337231414030048,0.011598758446390939,0,0,3.140796325942864e-16
P_generalization_R192_eta0.35,P_generalization,192.0,0.35,794.3344256864206,2,1,scaled_0.95,defined,0.07961139842813952,1.035794933515893,0.010662731055405245,0,0,3.140796325942864e-16
P_generalization_R192_eta0.35,P_generalization,192.0,0.35,794.3344256864206,2,1,scaled_0.975,defined,0.08064783808514892,1.0380427594132866,0.009581909508191988,0,0,3.140796325942864e-16
P_generalization_R192_eta0.35,P_generalization,192.0,0.35,794.3344256864206,2,1,scaled_1,defined,0.0817563864467697,1.040486943307527,0.00834086090924209,0,0,3.140796325942864e-16
P_generalization_R192_eta0.35,P_generalization,192.0,0.35,794.3344256864206,2,1,scaled_1.025,defined,0.08294296430791483,1.043151221971079,0.006923680858316558,0,0,3.140796325942864e-16
P_generalization_R192_eta0.35,P_generalization,192.0,0.35,794.3344256864206,2,1,scaled_1.05,defined,0.08421413926843524,1.0460635165800014,0.005314258372156183,0,0,3.140796325942864e-16
P_generalization_R192_eta0.35,P_generalization,192.0,0.35,794.3344256864206,2,1,scaled_1.075,defined,0.08557721558055548,1.0492569302965016,0.003496590278314754,0,0,3.140796325942864e-16
P_generalization_R192_eta0.35,P_generalization,192.0,0.35,794.3344256864206,2,1,scaled_1.1,defined,0.08704034205714062,1.0527714883705268,0.0014551287208639518,0,0,3.140796325942864e-16
P_generalization_R192_eta0.35,P_generalization,192.0,0.35,794.3344256864206,2,1,scaled_1.15,defined,0.09030439613244612,1.0609699907622951,-0.0033569985282156795,0,0,3.140796325942864e-16
P_generalization_R192_eta0.35,P_generalization,192.0,0.35,794.3344256864206,2,1,scaled_1.2,defined,0.09409429086979199,1.0711947099193497,-0.009225042336679048,0,0,3.140796325942864e-16
P_generalization_R192_eta0.35,P_generalization,192.0,0.35,794.3344256864206,2,1,physical_frozen,defined,0.08211333556226785,1.0410068327452686,0.00803009740730011,0,0,3.140796325942864e-16
P_generalization_R192_eta0.35,P_generalization,192.0,0.35,794.3344256864206,2,1,physical_common,defined,0.07726669308732947,1.0259748133392872,0.012876739882238489,0,0,3.140796325942864e-16
P_generalization_R192_eta0.35,P_generalization,192.0,0.35,794.3344256864206,2,1,actual_root,defined,0.08253758787806047,1.0425766722158065,0.007250460784986437,0,0,3.140796325942864e-16
P_generalization_R192_eta0.35,P_generalization,192.0,0.35,794.3344256864206,2,1,soft_cosine,defined,0.08178040052294373,1.040567363875065,0.008278594520268412,0,0,3.140796325942864e-16
P_generalization_R192_eta0.35,P_generalization,192.0,0.35,794.3344256864206,2,2,scaled_0.8,defined,0.08923191313982118,1.043941166921343,0.0,0,0,3.140796325942864e-16
P_generalization_R192_eta0.35,P_generalization,192.0,0.35,794.3344256864206,2,2,scaled_0.85,defined,0.08976824900292889,1.0455432746287385,0.0,0,0,3.140796325942864e-16
P_generalization_R192_eta0.35,P_generalization,192.0,0.35,794.3344256864206,2,2,scaled_0.9,defined,0.09013868885036376,1.0470425886342702,0.0,0,0,3.140796325942864e-16
P_generalization_R192_eta0.35,P_generalization,192.0,0.35,794.3344256864206,2,2,scaled_0.925,defined,0.0902404749836778,1.0477268093036816,0.0,0,0,3.140796325942864e-16
P_generalization_R192_eta0.35,P_generalization,192.0,0.35,794.3344256864206,2,2,scaled_0.95,defined,0.09027412948354477,1.0483507994437598,0.0,0,0,3.140796325942864e-16
P_generalization_R192_eta0.35,P_generalization,192.0,0.35,794.3344256864206,2,2,scaled_0.975,defined,0.0902297475933409,1.04890084473627,0.0,0,0,3.140796325942864e-16
P_generalization_R192_eta0.35,P_generalization,192.0,0.35,794.3344256864206,2,2,scaled_1,defined,0.0900972473560118,1.049362447213181,0.0,0,0,3.140796325942864e-16
P_generalization_R192_eta0.35,P_generalization,192.0,0.35,794.3344256864206,2,2,scaled_1.025,defined,0.08986664516623138,1.0497206168386437,0.0,0,0,3.140796325942864e-16
P_generalization_R192_eta0.35,P_generalization,192.0,0.35,794.3344256864206,2,2,scaled_1.05,defined,0.08952839764059142,1.0499602640176797,0.0,0,0,3.140796325942864e-16
P_generalization_R192_eta0.35,P_generalization,192.0,0.35,794.3344256864206,2,2,scaled_1.075,defined,0.08907380585887023,1.0500666963988277,0.0,0,0,3.140796325942864e-16
P_generalization_R192_eta0.35,P_generalization,192.0,0.35,794.3344256864206,2,2,scaled_1.1,defined,0.08849547077800457,1.0500262124795787,0.0,0,0,3.140796325942864e-16
P_generalization_R192_eta0.35,P_generalization,192.0,0.35,794.3344256864206,2,2,scaled_1.15,defined,0.08694739760423044,1.0494587581936592,0.0,0,0,3.140796325942864e-16
P_generalization_R192_eta0.35,P_generalization,192.0,0.35,794.3344256864206,2,2,scaled_1.2,defined,0.08486924853311294,1.0481946973679417,0.0,0,0,3.140796325942864e-16
P_generalization_R192_eta0.35,P_generalization,192.0,0.35,794.3344256864206,2,2,physical_frozen,defined,0.09014343296956796,1.049440353467874,0.0,0,0,3.140796325942864e-16
P_generalization_R192_eta0.35,P_generalization,192.0,0.35,794.3344256864206,2,2,physical_common,defined,0.09014343296956796,1.049440353467874,0.0,0,0,3.140796325942864e-16
P_generalization_R192_eta0.35,P_generalization,192.0,0.35,794.3344256864206,2,2,actual_root,defined,0.0897880486630469,1.0496850164749327,0.0,9,0,3.140796325942864e-16
P_generalization_R192_eta0.35,P_generalization,192.0,0.35,794.3344256864206,2,2,soft_cosine,defined,0.09005899504321214,1.0493217146814893,0.0,0,0,3.140796325942864e-16
P_generalization_R192_eta0.35,P_generalization,192.0,0.35,794.3344256864206,2,3,scaled_0.8,defined,0.07601910047330913,1.0305745653912224,0.013212812666512044,0,0,3.140796325942864e-16
P_generalization_R192_eta0.35,P_generalization,192.0,0.35,794.3344256864206,2,3,scaled_0.85,defined,0.07698455473323965,1.033674232729047,0.012783694269689241,0,0,3.140796325942864e-16
P_generalization_R192_eta0.35,P_generalization,192.0,0.35,794.3344256864206,2,3,scaled_0.9,defined,0.07772850341626994,1.036829954645764,0.01241018543409382,0,0,3.140796325942864e-16
P_generalization_R192_eta0.35,P_generalization,192.0,0.35,794.3344256864206,2,3,scaled_0.925,defined,0.07796972060895113,1.0383788969671954,0.012270754374726661,0,0,3.140796325942864e-16
P_generalization_R192_eta0.35,P_generalization,192.0,0.35,794.3344256864206,2,3,scaled_0.95,defined,0.07809267311188371,1.0398726075093314,0.012181456371661056,0,0,3.140796325942864e-16
P_generalization_R192_eta0.35,P_generalization,192.0,0.35,794.3344256864206,2,3,scaled_0.975,defined,0.07807071379144813,1.0412777310546713,0.012159033801892774,0,0,3.140796325942864e-16
P_generalization_R192_eta0.35,P_generalization,192.0,0.35,794.3344256864206,2,3,scaled_1,defined,0.07787508334811467,1.042555822677945,0.012222164007897121,0,0,3.140796325942864e-16
P_generalization_R192_eta0.35,P_generalization,192.0,0.35,794.3344256864206,2,3,scaled_1.025,defined,0.07747578499311526,1.0436638685369337,0.012390860173116122,0,0,3.140796325942864e-16
P_generalization_R192_eta0.35,P_generalization,192.0,0.35,794.3344256864206,2,3,scaled_1.05,defined,0.07684289686702327,1.0445554110639537,0.012685500773568156,0,0,3.140796325942864e-16
P_generalization_R192_eta0.35,P_generalization,192.0,0.35,794.3344256864206,2,3,scaled_1.075,defined,0.07594835650126631,1.0451824165445935,0.013125449357603916,0,0,3.140796325942864e-16
P_generalization_R192_eta0.35,P_generalization,192.0,0.35,794.3344256864206,2,3,scaled_1.1,defined,0.07476818873386276,1.0454979669180577,0.013727282044141809,0,0,3.140796325942864e-16
P_generalization_R192_eta0.35,P_generalization,192.0,0.35,794.3344256864206,2,3,scaled_1.15,defined,0.07149090376760758,1.0450341630859896,0.015456493836622856,0,0,3.140796325942864e-16
P_generalization_R192_eta0.35,P_generalization,192.0,0.35,794.3344256864206,2,3,scaled_1.2,defined,0.06699738858601889,1.042955717131674,0.017871859947094046,0,0,3.140796325942864e-16
P_generalization_R192_eta0.35,P_generalization,192.0,0.35,794.3344256864206,2,3,physical_frozen,defined,0.0780176990624911,1.0427868058336853,0.012125733907076858,0,0,3.140796325942864e-16
P_generalization_R192_eta0.35,P_generalization,192.0,0.35,794.3344256864206,2,3,physical_common,defined,0.07662110338093042,1.0249401518427534,0.013522329588637541,0,0,3.140796325942864e-16
P_generalization_R192_eta0.35,P_generalization,192.0,0.35,794.3344256864206,2,3,actual_root,defined,0.07748263720396231,1.0434880347849398,0.012305411459084592,1,0,3.140796325942864e-16
P_generalization_R192_eta0.35,P_generalization,192.0,0.35,794.3344256864206,2,3,soft_cosine,defined,0.07779588355496211,1.0424875869953356,0.01226311148825003,0,0,3.140796325942864e-16
P_generalization_R192_eta0.35,P_generalization,192.0,0.35,794.3344256864206,2,4,scaled_0.8,defined,0.0626875441153144,1.0167545745990976,0.026544369024506784,0,0,3.140796325942864e-16
P_generalization_R192_eta0.35,P_generalization,192.0,0.35,794.3344256864206,2,4,scaled_0.85,defined,0.06377436968957495,1.0209062129141935,0.025993879313353938,0,0,3.140796325942864e-16
P_generalization_R192_eta0.35,P_generalization,192.0,0.35,794.3344256864206,2,4,scaled_0.9,defined,0.06464772810239416,1.0254390345591982,0.025490960747969596,0,0,3.140796325942864e-16
P_generalization_R192_eta0.35,P_generalization,192.0,0.35,794.3344256864206,2,4,scaled_0.925,defined,0.06493271250878342,1.0277967383238036,0.02530776247489437,0,0,3.140796325942864e-16
P_generalization_R192_eta0.35,P_generalization,192.0,0.35,794.3344256864206,2,4,scaled_0.95,defined,0.06506516181589383,1.0301696181329805,0.025208967667650933,0,0,3.140796325942864e-16
P_generalization_R192_eta0.35,P_generalization,192.0,0.35,794.3344256864206,2,4,scaled_0.975,defined,0.06499736748742004,1.0325085023409393,0.025232380105920868,0,0,3.140796325942864e-16
P_generalization_R192_eta0.35,P_generalization,192.0,0.35,794.3344256864206,2,4,scaled_1,defined,0.06467439878100402,1.0347505581885954,0.025422848575007775,0,0,3.140796325942864e-16
P_generalization_R192_eta0.35,P_generalization,192.0,0.35,794.3344256864206,2,4,scaled_1.025,defined,0.06403515049006658,1.0368184841828922,0.0258314946761648,0,0,3.140796325942864e-16
P_generalization_R192_eta0.35,P_generalization,192.0,0.35,794.3344256864206,2,4,scaled_1.05,defined,0.06301461878366044,1.0386210516240308,0.026513778856930986,0,0,3.140796325942864e-16
P_generalization_R192_eta0.35,P_generalization,192.0,0.35,794.3344256864206,2,4,scaled_1.075,defined,0.06154773333065588,1.0400557331834488,0.027526072528214353,0,0,3.140796325942864e-16
P_generalization_R192_eta0.35,P_generalization,192.0,0.35,794.3344256864206,2,4,scaled_1.1,defined,0.05957491859344309,1.0410141604122995,0.02892055218456148,0,0,3.140796325942864e-16
P_generalization_R192_eta0.35,P_generalization,192.0,0.35,794.3344256864206,2,4,scaled_1.15,defined,0.05394437670883756,1.0410955356628477,0.03300302089539288,0,0,3.140796325942864e-16
P_generalization_R192_eta0.35,P_generalization,192.0,0.35,794.3344256864206,2,4,scaled_1.2,defined,0.04603928263364465,1.038286706989511,0.038829965899468286,0,0,3.140796325942864e-16
P_generalization_R192_eta0.35,P_generalization,192.0,0.35,794.3344256864206,2,4,physical_frozen,defined,0.06493590055547095,1.035168954349865,0.02520753241409701,0,0,3.140796325942864e-16
P_generalization_R192_eta0.35,P_generalization,192.0,0.35,794.3344256864206,2,4,physical_common,defined,0.06518222972333199,1.0065542699690544,0.024961203246235977,0,0,3.140796325942864e-16
P_generalization_R192_eta0.35,P_generalization,192.0,0.35,794.3344256864206,2,4,actual_root,defined,0.06411823823790198,1.0363770899567442,0.02566981042514492,1,0,3.140796325942864e-16
P_generalization_R192_eta0.35,P_generalization,192.0,0.35,794.3344256864206,2,4,soft_cosine,defined,0.06455050482605461,1.0346750493431842,0.025508490217157537,0,0,3.140796325942864e-16
P_generalization_R192_eta0.35,P_generalization,192.0,0.35,794.3344256864206,2,6,scaled_0.8,defined,0.03738635444946986,0.990691643470899,0.05184555869035132,0,0,3.140796325942864e-16
P_generalization_R192_eta0.35,P_generalization,192.0,0.35,794.3344256864206,2,6,scaled_0.85,defined,0.03766319199840584,0.99539905442001,0.052105057004523045,0,0,3.140796325942864e-16
P_generalization_R192_eta0.35,P_generalization,192.0,0.35,794.3344256864206,2,6,scaled_0.9,defined,0.03779951054877402,1.001364667649932,0.05233917830158974,0,0,3.140796325942864e-16
P_generalization_R192_eta0.35,P_generalization,192.0,0.35,794.3344256864206,2,6,scaled_0.925,defined,0.03770727493017864,1.0048361752298285,0.05253320005349915,0,0,3.140796325942864e-16
P_generalization_R192_eta0.35,P_generalization,192.0,0.35,794.3344256864206,2,6,scaled_0.95,defined,0.03741668148701621,1.0086150505945266,0.052857447996528556,0,0,3.140796325942864e-16
P_generalization_R192_eta0.35,P_generalization,192.0,0.35,794.3344256864206,2,6,scaled_0.975,defined,0.03683016355929253,1.0126576208328557,0.053399584034048375,0,0,3.140796325942864e-16
P_generalization_R192_eta0.35,P_generalization,192.0,0.35,794.3344256864206,2,6,scaled_1,defined,0.03582141589270161,1.0168848473069774,0.054275831463310185,0,0,3.140796325942864e-16
P_generalization_R192_eta0.35,P_generalization,192.0,0.35,794.3344256864206,2,6,scaled_1.025,defined,0.03423189887810585,1.0211704783060933,0.055634746288125536,0,0,3.140796325942864e-16
P_generalization_R192_eta0.35,P_generalization,192.0,0.35,794.3344256864206,2,6,scaled_1.05,defined,0.031870226560896775,1.0253288589815461,0.05765817107969465,0,0,3.140796325942864e-16
P_generalization_R192_eta0.35,P_generalization,192.0,0.35,794.3344256864206,2,6,scaled_1.075,defined,0.02851703598451744,1.029106378686532,0.060556769874352795,0,0,3.140796325942864e-16
P_generalization_R192_eta0.35,P_generalization,192.0,0.35,794.3344256864206,2,6,scaled_1.1,defined,0.02393847741246835,1.0321782570289804,0.06455699336553622,0,0,3.140796325942864e-16
P_generalization_R192_eta0.35,P_generalization,192.0,0.35,794.3344256864206,2,6,scaled_1.15,defined,0.010257452530934056,1.0346594177522235,0.07668994507329638,0,0,3.140796325942864e-16
P_generalization_R192_eta0.35,P_generalization,192.0,0.35,794.3344256864206,2,6,scaled_1.2,defined,-0.010155841458089706,1.0299319060548315,0.09502508999120264,0,0,3.140796325942864e-16
P_generalization_R192_eta0.35,P_generalization,192.0,0.35,794.3344256864206,2,6,physical_frozen,defined,0.03633963799159101,1.0177051019399694,0.05380379497797695,0,0,3.140796325942864e-16
P_generalization_R192_eta0.35,P_generalization,192.0,0.35,794.3344256864206,2,6,physical_common,defined,0.05590443041271005,0.9917639636008916,0.03423900255685791,0,0,3.140796325942864e-16
P_generalization_R192_eta0.35,P_generalization,192.0,0.35,794.3344256864206,2,6,actual_root,defined,0.03460454167656207,1.0198150549500298,0.05518350698648483,1,2,3.140796325942864e-16
P_generalization_R192_eta0.35,P_generalization,192.0,0.35,794.3344256864206,2,6,soft_cosine,defined,0.03558730448367586,1.0168715765081247,0.05447169055953628,0,0,3.140796325942864e-16
P_generalization_R192_eta0.35,P_generalization,192.0,0.35,794.3344256864206,3,1,scaled_0.8,defined,0.061658171761569944,1.0114498619212338,0.02793494348296978,0,0,3.140796325942864e-16
P_generalization_R192_eta0.35,P_generalization,192.0,0.35,794.3344256864206,3,1,scaled_0.85,defined,0.06321068623706677,1.0150979836532614,0.026810431399626286,0,0,3.140796325942864e-16
P_generalization_R192_eta0.35,P_generalization,192.0,0.35,794.3344256864206,3,1,scaled_0.9,defined,0.06505310750888087,1.019540932842547,0.025152137998141616,0,0,3.140796325942864e-16
P_generalization_R192_eta0.35,P_generalization,192.0,0.35,794.3344256864206,3,1,scaled_0.925,defined,0.06610046575582063,1.0221281721382165,0.024077521671336477,0,0,3.140796325942864e-16
P_generalization_R192_eta0.35,P_generalization,192.0,0.35,794.3344256864206,3,1,scaled_0.95,defined,0.06724277703070727,1.025005722274993,0.02281249177911243,0,0,3.140796325942864e-16
P_generalization_R192_eta0.35,P_generalization,192.0,0.35,794.3344256864206,3,1,scaled_0.975,defined,0.06848933531127596,1.0282178455962199,0.0213356479654718,0,0,3.140796325942864e-16
P_generalization_R192_eta0.35,P_generalization,192.0,0.35,794.3344256864206,3,1,scaled_1,defined,0.06985050890348643,1.0318185253294851,0.01962485569211414,0,0,3.140796325942864e-16
P_generalization_R192_eta0.35,P_generalization,192.0,0.35,794.3344256864206,3,1,scaled_1.025,defined,0.07133788747658942,1.035873706063137,0.0176576060867569,0,0,3.140796325942864e-16
P_generalization_R192_eta0.35,P_generalization,192.0,0.35,794.3344256864206,3,1,scaled_1.05,defined,0.07296445889584466,1.040465736491987,0.015411427646591563,0,0,3.140796325942864e-16
P_generalization_R192_eta0.35,P_generalization,192.0,0.35,794.3344256864206,3,1,scaled_1.075,defined,0.07474482848771397,1.0456990594428826,0.012864312767816688,0,0,3.140796325942864e-16
P_generalization_R192_eta0.35,P_generalization,192.0,0.35,794.3344256864206,3,1,scaled_1.1,defined,0.07669550844332962,1.0517086938640865,0.00999509251380215,0,0,3.140796325942864e-16
P_generalization_R192_eta0.35,P_generalization,192.0,0.35,794.3344256864206,3,1,scaled_1.15,defined,0.08118626389254002,1.0668453920399186,0.003210652465827968,0,0,3.140796325942864e-16
P_generalization_R192_eta0.35,P_generalization,192.0,0.35,794.3344256864206,3,1,scaled_1.2,defined,0.08663317214999888,1.088301410212932,-0.005099735009080453,0,0,3.140796325942864e-16
P_generalization_R192_eta0.35,P_generalization,192.0,0.35,794.3344256864206,3,1,physical_frozen,defined,0.07037672709298484,1.0325895103355862,0.01910707516780652,0,0,3.140796325942864e-16
P_generalization_R192_eta0.35,P_generalization,192.0,0.35,794.3344256864206,3,1,physical_common,defined,0.0653252189377167,1.0071791270411172,0.02415858332307466,0,0,3.140796325942864e-16
P_generalization_R192_eta0.35,P_generalization,192.0,0.35,794.3344256864206,3,1,actual_root,defined,0.07077788842572677,1.0347352345298495,-0.01967143748898565,0,0,3.140796325942864e-16
P_generalization_R192_eta0.35,P_generalization,192.0,0.35,794.3344256864206,3,1,soft_cosine,defined,0.0698960057239893,1.0319823722661483,0.019529244361106757,0,0,3.140796325942864e-16
P_generalization_R192_eta0.35,P_generalization,192.0,0.35,794.3344256864206,3,2,scaled_0.8,defined,0.07601910047330913,1.0305745653912224,0.013574014771230589,0,0,3.140796325942864e-16
P_generalization_R192_eta0.35,P_generalization,192.0,0.35,794.3344256864206,3,2,scaled_0.85,defined,0.07698455473323965,1.033674232729047,0.01303656290345341,0,0,3.140796325942864e-16
P_generalization_R192_eta0.35,P_generalization,192.0,0.35,794.3344256864206,3,2,scaled_0.9,defined,0.07772850341626994,1.036829954645764,0.012476742090752543,0,0,3.140796325942864e-16
P_generalization_R192_eta0.35,P_generalization,192.0,0.35,794.3344256864206,3,2,scaled_0.925,defined,0.07796972060895113,1.0383788969671954,0.01220826681820597,0,0,3.140796325942864e-16
P_generalization_R192_eta0.35,P_generalization,192.0,0.35,794.3344256864206,3,2,scaled_0.95,defined,0.07809267311188371,1.0398726075093314,0.011962595697935993,0,0,3.140796325942864e-16
P_generalization_R192_eta0.35,P_generalization,192.0,0.35,794.3344256864206,3,2,scaled_0.975,defined,0.07807071379144813,1.0412777310546713,0.011754269485299632,0,0,3.140796325942864e-16
P_generalization_R192_eta0.35,P_generalization,192.0,0.35,794.3344256864206,3,2,scaled_1,defined,0.07787508334811467,1.042555822677945,0.011600281247485897,0,0,3.140796325942864e-16
P_generalization_R192_eta0.35,P_generalization,192.0,0.35,794.3344256864206,3,2,scaled_1.025,defined,0.07747578499311526,1.0436638685369337,0.01151970857023106,0,0,3.140796325942864e-16
P_generalization_R192_eta0.35,P_generalization,192.0,0.35,794.3344256864206,3,2,scaled_1.05,defined,0.07684289686702327,1.0445554110639537,0.011532989675412955,0,0,3.140796325942864e-16
P_generalization_R192_eta0.35,P_generalization,192.0,0.35,794.3344256864206,3,2,scaled_1.075,defined,0.07594835650126631,1.0451824165445935,0.011660784754264339,0,0,3.140796325942864e-16
P_generalization_R192_eta0.35,P_generalization,192.0,0.35,794.3344256864206,3,2,scaled_1.1,defined,0.07476818873386276,1.0454979669180577,0.011922412223269008,0,0,3.140796325942864e-16
P_generalization_R192_eta0.35,P_generalization,192.0,0.35,794.3344256864206,3,2,scaled_1.15,defined,0.07149090376760758,1.0450341630859896,0.012906012590760407,0,0,3.140796325942864e-16
P_generalization_R192_eta0.35,P_generalization,192.0,0.35,794.3344256864206,3,2,scaled_1.2,defined,0.06699738858601889,1.042955717131674,0.014536048554899539,0,0,3.140796325942864e-16
P_generalization_R192_eta0.35,P_generalization,192.0,0.35,794.3344256864206,3,2,physical_frozen,defined,0.0780176990624911,1.0427868058336853,0.011466103198300256,0,0,3.140796325942864e-16
P_generalization_R192_eta0.35,P_generalization,192.0,0.35,794.3344256864206,3,2,physical_common,defined,0.07690936492456525,1.026021707871753,0.01257443733622611,0,0,3.140796325942864e-16
P_generalization_R192_eta0.35,P_generalization,192.0,0.35,794.3344256864206,3,2,actual_root,defined,0.07748263720396231,1.0434880347849398,-0.026376186267221192,1,0,3.140796325942864e-16
P_generalization_R192_eta0.35,P_generalization,192.0,0.35,794.3344256864206,3,2,soft_cosine,defined,0.07779588355496211,1.0424875869953356,0.011629366530133939,0,0,3.140796325942864e-16
P_generalization_R192_eta0.35,P_generalization,192.0,0.35,794.3344256864206,3,3,scaled_0.8,defined,0.08959311524453972,1.045018397691774,0.0,0,0,3.140796325942864e-16
P_generalization_R192_eta0.35,P_generalization,192.0,0.35,794.3344256864206,3,3,scaled_0.85,defined,0.09002111763669306,1.046600302602273,0.0,0,0,3.140796325942864e-16
P_generalization_R192_eta0.35,P_generalization,192.0,0.35,794.3344256864206,3,3,scaled_0.9,defined,0.09020524550702248,1.0479884368560892,0.0,0,0,3.140796325942864e-16
P_generalization_R192_eta0.35,P_generalization,192.0,0.35,794.3344256864206,3,3,scaled_0.925,defined,0.0901779874271571,1.0485725158320927,0.0,0,0,3.140796325942864e-16
P_generalization_R192_eta0.35,P_generalization,192.0,0.35,794.3344256864206,3,3,scaled_0.95,defined,0.0900552688098197,1.049060796852472,0.0,0,0,3.140796325942864e-16
P_generalization_R192_eta0.35,P_generalization,192.0,0.35,794.3344256864206,3,3,scaled_0.975,defined,0.08982498327674776,1.049435279213395,0.0,0,0,3.140796325942864e-16
P_generalization_R192_eta0.35,P_generalization,192.0,0.35,794.3344256864206,3,3,scaled_1,defined,0.08947536459560057,1.04967756792787,0.0,0,0,3.140796325942864e-16
P_generalization_R192_eta0.35,P_generalization,192.0,0.35,794.3344256864206,3,3,scaled_1.025,defined,0.08899549356334632,1.0497694810248088,0.0,0,0,3.140796325942864e-16
P_generalization_R192_eta0.35,P_generalization,192.0,0.35,794.3344256864206,3,3,scaled_1.05,defined,0.08837588654243622,1.0496938036302914,0.0,0,0,3.140796325942864e-16
P_generalization_R192_eta0.35,P_generalization,192.0,0.35,794.3344256864206,3,3,scaled_1.075,defined,0.08760914125553065,1.0494351701168942,0.0,0,0,3.140796325942864e-16
P_generalization_R192_eta0.35,P_generalization,192.0,0.35,794.3344256864206,3,3,scaled_1.1,defined,0.08669060095713177,1.0489810347556994,0.0,0,0,3.140796325942864e-16
P_generalization_R192_eta0.35,P_generalization,192.0,0.35,794.3344256864206,3,3,scaled_1.15,defined,0.08439691635836799,1.0474561003759928,0.0,0,0,3.140796325942864e-16
P_generalization_R192_eta0.35,P_generalization,192.0,0.35,794.3344256864206,3,3,scaled_1.2,defined,0.08153343714091843,1.0451107242765014,0.0,0,0,3.140796325942864e-16
P_generalization_R192_eta0.35,P_generalization,192.0,0.35,794.3344256864206,3,3,physical_frozen,defined,0.08948380226079136,1.049703578610729,0.0,0,0,3.140796325942864e-16
P_generalization_R192_eta0.35,P_generalization,192.0,0.35,794.3344256864206,3,3,physical_common,defined,0.08948380226079136,1.049703578610729,0.0,0,0,3.140796325942864e-16
P_generalization_R192_eta0.35,P_generalization,192.0,0.35,794.3344256864206,3,3,actual_root,defined,0.05110645093674112,1.0296594768620981,0.0,5,0,3.140796325942864e-16
P_generalization_R192_eta0.35,P_generalization,192.0,0.35,794.3344256864206,3,3,soft_cosine,defined,0.08942525008509605,1.0496197076622302,0.0,0,0,3.140796325942864e-16
P_generalization_R192_eta0.35,P_generalization,192.0,0.35,794.3344256864206,3,4,scaled_0.8,defined,0.07678747224391155,1.0331240055294046,0.01280564300062817,0,0,3.140796325942864e-16
P_generalization_R192_eta0.35,P_generalization,192.0,0.35,794.3344256864206,3,4,scaled_0.85,defined,0.07754835733162832,1.036363938202338,0.012472760305064737,0,0,3.140796325942864e-16
P_generalization_R192_eta0.35,P_generalization,192.0,0.35,794.3344256864206,3,4,scaled_0.9,defined,0.0778638995239673,1.039430358151487,0.012341345983055182,0,0,3.140796325942864e-16
P_generalization_R192_eta0.35,P_generalization,192.0,0.35,794.3344256864206,3,4,scaled_0.925,defined,0.0777772072939741,1.040801481666874,0.012400780133183006,0,0,3.140796325942864e-16
P_generalization_R192_eta0.35,P_generalization,192.0,0.35,794.3344256864206,3,4,scaled_0.95,defined,0.07747981113005231,1.0419984035463672,0.012575457679767393,0,0,3.140796325942864e-16
P_generalization_R192_eta0.35,P_generalization,192.0,0.35,794.3344256864206,3,4,scaled_0.975,defined,0.07693380761060212,1.0429634030779444,0.012891175666145643,0,0,3.140796325942864e-16
P_generalization_R192_eta0.35,P_generalization,192.0,0.35,794.3344256864206,3,4,scaled_1,defined,0.07610200226428675,1.0436343607684628,0.013373362331313823,0,0,3.140796325942864e-16
P_generalization_R192_eta0.35,P_generalization,192.0,0.35,794.3344256864206,3,4,scaled_1.025,defined,0.074950811609784,1.0439479664188198,0.01404468195356233,0,0,3.140796325942864e-16
P_generalization_R192_eta0.35,P_generalization,192.0,0.35,794.3344256864206,3,4,scaled_1.05,defined,0.07345386268141588,1.0438443288577057,0.014922023861020345,0,0,3.140796325942864e-16
P_generalization_R192_eta0.35,P_generalization,192.0,0.35,794.3344256864206,3,4,scaled_1.075,defined,0.0715960066297593,1.0432728478521096,0.01601313462577135,0,0,3.140796325942864e-16
P_generalization_R192_eta0.35,P_generalization,192.0,0.35,794.3344256864206,3,4,scaled_1.1,defined,0.06937723290222395,1.042198849631183,0.017313368054907824,0,0,3.140796325942864e-16
P_generalization_R192_eta0.35,P_generalization,192.0,0.35,794.3344256864206,3,4,scaled_1.15,defined,0.06394962347211007,1.0385218874356998,0.02044729288625792,0,0,3.140796325942864e-16
P_generalization_R192_eta0.35,P_generalization,192.0,0.35,794.3344256864206,3,4,scaled_1.2,defined,0.05754718981629968,1.0330580361514141,0.02398624732461875,0,0,3.140796325942864e-16
P_generalization_R192_eta0.35,P_generalization,192.0,0.35,794.3344256864206,3,4,physical_frozen,defined,0.07613544790400817,1.043715341586371,0.013348354356783193,0,0,3.140796325942864e-16
P_generalization_R192_eta0.35,P_generalization,192.0,0.35,794.3344256864206,3,4,physical_common,defined,0.07690591497014299,1.0260159789999628,0.012577887290648376,0,0,3.140796325942864e-16
P_generalization_R192_eta0.35,P_generalization,192.0,0.35,794.3344256864206,3,4,actual_root,defined,,1.043937774870086,,11,9,3.140796325942864e-16
P_generalization_R192_eta0.35,P_generalization,192.0,0.35,794.3344256864206,3,4,soft_cosine,defined,0.07598059317406669,1.0434969352447752,0.013444656911029362,0,0,3.140796325942864e-16
P_generalization_R192_eta0.35,P_generalization,192.0,0.35,794.3344256864206,3,5,scaled_0.8,defined,0.06355990446184202,1.0202602240547234,0.0260332107826977,0,0,3.140796325942864e-16
P_generalization_R192_eta0.35,P_generalization,192.0,0.35,794.3344256864206,3,5,scaled_0.85,defined,0.06441706530674696,1.0248646593128112,0.0256040523299461,0,0,3.140796325942864e-16
P_generalization_R192_eta0.35,P_generalization,192.0,0.35,794.3344256864206,3,5,scaled_0.9,defined,0.0647078222882439,1.0295588930004917,0.025497423218778584,0,0,3.140796325942864e-16
P_generalization_R192_eta0.35,P_generalization,192.0,0.35,794.3344256864206,3,5,scaled_0.925,defined,0.06450460024247172,1.03178968016089,0.025673387184685384,0,0,3.140796325942864e-16
P_generalization_R192_eta0.35,P_generalization,192.0,0.35,794.3344256864206,3,5,scaled_0.95,defined,0.06397772510082933,1.0338246997978477,0.026077543708990375,0,0,3.140796325942864e-16
P_generalization_R192_eta0.35,P_generalization,192.0,0.35,794.3344256864206,3,5,scaled_0.975,defined,0.06305016969525644,1.035549645188808,0.026774813581491322,0,0,3.140796325942864e-16
P_generalization_R192_eta0.35,P_generalization,192.0,0.35,794.3344256864206,3,5,scaled_1,defined,0.06164351375435917,1.036832405730709,0.0278318508412414,0,0,3.140796325942864e-16
P_generalization_R192_eta0.35,P_generalization,192.0,0.35,794.3344256864206,3,5,scaled_1.025,defined,0.05968578918243139,1.037530379461265,0.02930970438091493,0,0,3.140796325942864e-16
P_generalization_R192_eta0.35,P_generalization,192.0,0.35,794.3344256864206,3,5,scaled_1.05,defined,0.05712214150155637,1.037503488169446,0.031253745040879854,0,0,3.140796325942864e-16
P_generalization_R192_eta0.35,P_generalization,192.0,0.35,794.3344256864206,3,5,scaled_1.075,defined,0.05392726458092644,1.03663295177247,0.03368187667460421,0,0,3.140796325942864e-16
P_generalization_R192_eta0.35,P_generalization,192.0,0.35,794.3344256864206,3,5,scaled_1.1,defined,0.05011730195040953,1.0348438620041267,0.03657329900672224,0,0,3.140796325942864e-16
P_generalization_R192_eta0.35,P_generalization,192.0,0.35,794.3344256864206,3,5,scaled_1.15,defined,0.04096453910109221,1.0285541141050796,0.04343237725727578,0,0,3.140796325942864e-16
P_generalization_R192_eta0.35,P_generalization,192.0,0.35,794.3344256864206,3,5,scaled_1.2,defined,0.03072739100356342,1.0195220210511016,0.05080604613735501,0,0,3.140796325942864e-16
P_generalization_R192_eta0.35,P_generalization,192.0,0.35,794.3344256864206,3,5,physical_frozen,defined,0.06172301550421209,1.0370015579275083,0.027760786756579274,0,0,3.140796325942864e-16
P_generalization_R192_eta0.35,P_generalization,192.0,0.35,794.3344256864206,3,5,physical_common,defined,0.06521883352890595,1.0070076306716473,0.02426496873188541,0,0,3.140796325942864e-16
P_generalization_R192_eta0.35,P_generalization,192.0,0.35,794.3344256864206,3,5,actual_root,defined,,1.0374880405920257,,10,18,3.140796325942864e-16
P_generalization_R192_eta0.35,P_generalization,192.0,0.35,794.3344256864206,3,5,soft_cosine,defined,0.061433889204755995,1.036605464127755,0.027991360880340058,0,0,3.140796325942864e-16
P_generalization_R192_eta0.35,P_generalization,192.0,0.35,794.3344256864206,3,7,scaled_0.8,defined,0.03756258652860023,0.9943964635918368,0.052030528715939495,0,0,3.140796325942864e-16
P_generalization_R192_eta0.35,P_generalization,192.0,0.35,794.3344256864206,3,7,scaled_0.85,defined,0.03765748761879717,1.0002833701322373,0.05236363001789589,0,0,3.140796325942864e-16
P_generalization_R192_eta0.35,P_generalization,192.0,0.35,794.3344256864206,3,7,scaled_0.9,defined,0.03713546998947298,1.0073088199478153,0.0530697755175495,0,0,3.140796325942864e-16
P_generalization_R192_eta0.35,P_generalization,192.0,0.35,794.3344256864206,3,7,scaled_0.925,defined,0.03639791128674214,1.011082998488083,0.05378007614041496,0,0,3.140796325942864e-16
P_generalization_R192_eta0.35,P_generalization,192.0,0.35,794.3344256864206,3,7,scaled_0.95,defined,0.035150297923185185,1.0148396381163658,0.05490497088663452,0,0,3.140796325942864e-16
P_generalization_R192_eta0.35,P_generalization,192.0,0.35,794.3344256864206,3,7,scaled_0.975,defined,0.0332080351267241,1.0183422341657118,0.05661694815002366,0,0,3.140796325942864e-16
P_generalization_R192_eta0.35,P_generalization,192.0,0.35,794.3344256864206,3,7,scaled_1,defined,0.030363937116265328,1.021266815252097,0.059111427479335246,0,0,3.140796325942864e-16
P_generalization_R192_eta0.35,P_generalization,192.0,0.35,794.3344256864206,3,7,scaled_1.025,defined,0.02641111150919089,1.0232082931157975,0.06258438205415544,0,0,3.140796325942864e-16
P_generalization_R192_eta0.35,P_generalization,192.0,0.35,794.3344256864206,3,7,scaled_1.05,defined,0.02118250002209865,1.0237170835216176,0.06719338652033757,0,0,3.140796325942864e-16
P_generalization_R192_eta0.35,P_generalization,192.0,0.35,794.3344256864206,3,7,scaled_1.075,defined,0.01460424939264209,1.0223770343181522,0.07300489186288857,0,0,3.140796325942864e-16
P_generalization_R192_eta0.35,P_generalization,192.0,0.35,794.3344256864206,3,7,scaled_1.1,defined,0.006749125473305861,1.0189204143984167,0.07994147548382591,0,0,3.140796325942864e-16
P_generalization_R192_eta0.35,P_generalization,192.0,0.35,794.3344256864206,3,7,scaled_1.15,defined,-0.01164324490902624,1.0059952027986858,0.09604016126739423,0,0,3.140796325942864e-16
P_generalization_R192_eta0.35,P_generalization,192.0,0.35,794.3344256864206,3,7,scaled_1.2,defined,-0.030618184067577586,0.9886666730953395,0.11215162120849602,0,0,3.140796325942864e-16
P_generalization_R192_eta0.35,P_generalization,192.0,0.35,794.3344256864206,3,7,physical_frozen,defined,0.03059435202567624,1.0216991582849047,0.05888945023511512,0,0,3.140796325942864e-16
P_generalization_R192_eta0.35,P_generalization,192.0,0.35,794.3344256864206,3,7,physical_common,defined,0.05564155304493168,0.9916132263760222,0.03384224921585968,0,0,3.140796325942864e-16
P_generalization_R192_eta0.35,P_generalization,192.0,0.35,794.3344256864206,3,7,actual_root,defined,,1.022959092630533,,5,30,3.140796325942864e-16
P_generalization_R192_eta0.35,P_generalization,192.0,0.35,794.3344256864206,3,7,soft_cosine,defined,0.02994085827316484,1.0208678457688491,0.059484391811931214,0,0,3.140796325942864e-16
P_generalization_R192_eta0.7,P_generalization,192.0,0.7,794.3344256864206,2,1,scaled_0.8,defined,0.15334725821011053,1.1724317766931938,0.02871988815429896,0,0,2.950379154612406e-18
P_generalization_R192_eta0.7,P_generalization,192.0,0.7,794.3344256864206,2,1,scaled_0.85,defined,0.15830875479302065,1.1813062353174233,0.026038695657447875,0,0,2.950379154612406e-18
P_generalization_R192_eta0.7,P_generalization,192.0,0.7,794.3344256864206,2,1,scaled_0.9,defined,0.16392842017952414,1.1915086461673792,0.02245464995813007,0,0,2.950379154612406e-18
P_generalization_R192_eta0.7,P_generalization,192.0,0.7,794.3344256864206,2,1,scaled_0.925,defined,0.1670199427894234,1.1971906118050784,0.020245634787504796,0,0,2.950379154612406e-18
P_generalization_R192_eta0.7,P_generalization,192.0,0.7,794.3344256864206,2,1,scaled_0.95,defined,0.17032173921339122,1.2033147519559906,0.017710033871830455,0,0,2.950379154612406e-18
P_generalization_R192_eta0.7,P_generalization,192.0,0.7,794.3344256864206,2,1,scaled_0.975,defined,0.17385375148332272,1.2099345638264263,0.01480687702247152,0,0,2.950379154612406e-18
P_generalization_R192_eta0.7,P_generalization,192.0,0.7,794.3344256864206,2,1,scaled_1,defined,0.17763898115510268,1.217109103287312,0.011491404073119355,0,0,2.950379154612406e-18
P_generalization_R192_eta0.7,P_generalization,192.0,0.7,794.3344256864206,2,1,scaled_1.025,defined,0.1817041139370783,1.2249072296244354,0.007714952123810209,0,0,2.950379154612406e-18
P_generalization_R192_eta0.7,P_generalization,192.0,0.7,794.3344256864206,2,1,scaled_1.05,defined,0.18608034448376198,1.2334158511203777,0.003424788398415951,0,0,2.950379154612406e-18
P_generalization_R192_eta0.7,P_generalization,192.0,0.7,794.3344256864206,2,1,scaled_1.075,defined,0.19080448478213868,1.2427401515660754,-0.001436195172486554,0,0,2.950379154612406e-18
P_generalization_R192_eta0.7,P_generalization,192.0,0.7,794.3344256864206,2,1,scaled_1.1,defined,0.19592032227100387,1.2530024579306784,-0.006929906048077555,0,0,2.950379154612406e-18
P_generalization_R192_eta0.7,P_generalization,192.0,0.7,794.3344256864206,2,1,scaled_1.15,defined,0.20754923483945115,1.2770225075578765,-0.02009300668273245,0,0,2.950379154612406e-18
P_generalization_R192_eta0.7,P_generalization,192.0,0.7,794.3344256864206,2,1,scaled_1.2,defined,0.2215492105183781,1.3073271408729077,-0.036708189132190566,0,0,2.950379154612406e-18
P_generalization_R192_eta0.7,P_generalization,192.0,0.7,794.3344256864206,2,1,physical_frozen,defined,0.17870079247909593,1.2189045049258114,0.010589829450781074,0,0,2.950379154612406e-18
P_generalization_R192_eta0.7,P_generalization,192.0,0.7,794.3344256864206,2,1,physical_common,defined,0.15373556998161333,1.169181136703891,0.035555051948263666,0,0,2.950379154612406e-18
P_generalization_R192_eta0.7,P_generalization,192.0,0.7,794.3344256864206,2,1,actual_root,defined,0.18422956646597494,1.2338920983139905,0.005266496717604402,0,0,2.950379154612406e-18
P_generalization_R192_eta0.7,P_generalization,192.0,0.7,794.3344256864206,2,1,soft_cosine,defined,0.1777421856263282,1.217335220892958,0.011317479907375111,0,0,2.950379154612406e-18
P_generalization_R192_eta0.7,P_generalization,192.0,0.7,794.3344256864206,2,2,scaled_0.8,defined,0.1820671463644095,1.2155494358787728,0.0,0,0,2.950379154612406e-18
P_generalization_R192_eta0.7,P_generalization,192.0,0.7,794.3344256864206,2,2,scaled_0.85,defined,0.18434745045046852,1.2203164093402379,0.0,0,0,2.950379154612406e-18
P_generalization_R192_eta0.7,P_generalization,192.0,0.7,794.3344256864206,2,2,scaled_0.9,defined,0.1863830701376542,1.2248835496165558,0.0,0,0,2.950379154612406e-18
P_generalization_R192_eta0.7,P_generalization,192.0,0.7,794.3344256864206,2,2,scaled_0.925,defined,0.1872655775769282,1.2270266669678493,0.0,0,0,2.950379154612406e-18
P_generalization_R192_eta0.7,P_generalization,192.0,0.7,794.3344256864206,2,2,scaled_0.95,defined,0.18803177308522168,1.2290358038255806,0.0,0,0,2.950379154612406e-18
P_generalization_R192_eta0.7,P_generalization,192.0,0.7,794.3344256864206,2,2,scaled_0.975,defined,0.18866062850579424,1.2308770786784775,0.0,0,0,2.950379154612406e-18
P_generalization_R192_eta0.7,P_generalization,192.0,0.7,794.3344256864206,2,2,scaled_1,defined,0.18913038522822204,1.2325145578740133,0.0,0,0,2.950379154612406e-18
P_generalization_R192_eta0.7,P_generalization,192.0,0.7,794.3344256864206,2,2,scaled_1.025,defined,0.1894190660608885,1.233910953121711,0.0,0,0,2.950379154612406e-18
P_generalization_R192_eta0.7,P_generalization,192.0,0.7,794.3344256864206,2,2,scaled_1.05,defined,0.18950513288217793,1.2350285728612371,0.0,0,0,2.950379154612406e-18
P_generalization_R192_eta0.7,P_generalization,192.0,0.7,794.3344256864206,2,2,scaled_1.075,defined,0.18936828960965213,1.2358305414300237,0.0,0,0,2.950379154612406e-18
P_generalization_R192_eta0.7,P_generalization,192.0,0.7,794.3344256864206,2,2,scaled_1.1,defined,0.1889904162229263,1.2362822778084788,0.0,0,0,2.950379154612406e-18
P_generalization_R192_eta0.7,P_generalization,192.0,0.7,794.3344256864206,2,2,scaled_1.15,defined,0.1874562281567187,1.2360185641829415,0.0,0,0,2.950379154612406e-18
P_generalization_R192_eta0.7,P_generalization,192.0,0.7,794.3344256864206,2,2,scaled_1.2,defined,0.18484102138618752,1.2340742275339538,0.0,0,0,2.950379154612406e-18
P_generalization_R192_eta0.7,P_generalization,192.0,0.7,794.3344256864206,2,2,physical_frozen,defined,0.189290621929877,1.2328387751094922,0.0,0,0,2.950379154612406e-18
P_generalization_R192_eta0.7,P_generalization,192.0,0.7,794.3344256864206,2,2,physical_common,defined,0.189290621929877,1.2328387751094922,0.0,0,0,2.950379154612406e-18
P_generalization_R192_eta0.7,P_generalization,192.0,0.7,794.3344256864206,2,2,actual_root,defined,0.18949606318357934,1.2351424192547518,0.0,1,0,2.950379154612406e-18
P_generalization_R192_eta0.7,P_generalization,192.0,0.7,794.3344256864206,2,2,soft_cosine,defined,0.18905966553370332,1.2324185205350284,0.0,0,0,2.950379154612406e-18
P_generalization_R192_eta0.7,P_generalization,192.0,0.7,794.3344256864206,2,3,scaled_0.8,defined,0.16100990327410186,1.1884459613785032,0.021057243090307626,0,0,2.950379154612406e-18
P_generalization_R192_eta0.7,P_generalization,192.0,0.7,794.3344256864206,2,3,scaled_0.85,defined,0.16564709174149272,1.197998392294365,0.018700358708975795,0,0,2.950379154612406e-18
P_generalization_R192_eta0.7,P_generalization,192.0,0.7,794.3344256864206,2,3,scaled_0.9,defined,0.17011857237403913,1.2078371327829862,0.016264497763615077,0,0,2.950379154612406e-18
P_generalization_R192_eta0.7,P_generalization,192.0,0.7,794.3344256864206,2,3,scaled_0.925,defined,0.17220414938709527,1.212753800785612,0.015061428189832915,0,0,2.950379154612406e-18
P_generalization_R192_eta0.7,P_generalization,192.0,0.7,794.3344256864206,2,3,scaled_0.95,defined,0.17413056761651918,1.217586635000359,0.013901205468702493,0,0,2.950379154612406e-18
P_generalization_R192_eta0.7,P_generalization,192.0,0.7,794.3344256864206,2,3,scaled_0.975,defined,0.17584587575372926,1.2222589452759207,0.012814752752064978,0,0,2.950379154612406e-18
P_generalization_R192_eta0.7,P_generalization,192.0,0.7,794.3344256864206,2,3,scaled_1,defined,0.17729263042306007,1.226681992726468,0.01183775480516197,0,0,2.950379154612406e-18
P_generalization_R192_eta0.7,P_generalization,192.0,0.7,794.3344256864206,2,3,scaled_1.025,defined,0.17840920664584944,1.230757347145069,0.01100985941503907,0,0,2.950379154612406e-18
P_generalization_R192_eta0.7,P_generalization,192.0,0.7,794.3344256864206,2,3,scaled_1.05,defined,0.1791319720275871,1.234375519492747,0.010373160854590835,0,0,2.950379154612406e-18
P_generalization_R192_eta0.7,P_generalization,192.0,0.7,794.3344256864206,2,3,scaled_1.075,defined,0.17939846611039081,1.2374213465651047,0.009969823499261316,0,0,2.950379154612406e-18
P_generalization_R192_eta0.7,P_generalization,192.0,0.7,794.3344256864206,2,3,scaled_1.1,defined,0.1791516459034519,1.2397806999040795,0.009838770319474416,0,0,2.950379154612406e-18
P_generalization_R192_eta0.7,P_generalization,192.0,0.7,794.3344256864206,2,3,scaled_1.15,defined,0.17694870231621115,1.2420400662081899,0.010507525840507542,0,0,2.950379154612406e-18
P_generalization_R192_eta0.7,P_generalization,192.0,0.7,794.3344256864206,2,3,scaled_1.2,defined,0.17238218218227466,1.240613827593375,0.012458839203912858,0,0,2.950379154612406e-18
P_generalization_R192_eta0.7,P_generalization,192.0,0.7,794.3344256864206,2,3,physical_frozen,defined,0.17777285847974764,1.227617843572535,0.011517763450129365,0,0,2.950379154612406e-18
P_generalization_R192_eta0.7,P_generalization,192.0,0.7,794.3344256864206,2,3,physical_common,defined,0.1515914825678587,1.165706230329529,0.0376991393620183,0,0,2.950379154612406e-18
P_generalization_R192_eta0.7,P_generalization,192.0,0.7,794.3344256864206,2,3,actual_root,defined,0.17908963509914066,1.2346641773145932,0.010406428084438674,1,0,2.950379154612406e-18
P_generalization_R192_eta0.7,P_generalization,192.0,0.7,794.3344256864206,2,3,soft_cosine,defined,0.17716158313557498,1.2265306926932074,0.01189808239812834,0,0,2.950379154612406e-18
P_generalization_R192_eta0.7,P_generalization,192.0,0.7,794.3344256864206,2,4,scaled_0.8,defined,0.13885334147250505,1.159573480261783,0.043213804891904434,0,0,2.950379154612406e-18
P_generalization_R192_eta0.7,P_generalization,192.0,0.7,794.3344256864206,2,4,scaled_0.85,defined,0.14546515367693658,1.173137847668291,0.038882296773531944,0,0,2.950379154612406e-18
P_generalization_R192_eta0.7,P_generalization,192.0,0.7,794.3344256864206,2,4,scaled_0.9,defined,0.15218906945966892,1.187882515264407,0.03419400067798528,0,0,2.950379154612406e-18
P_generalization_R192_eta0.7,P_generalization,192.0,0.7,794.3344256864206,2,4,scaled_0.925,defined,0.15548052750071695,1.1956040117314963,0.03178505007621124,0,0,2.950379154612406e-18
P_generalization_R192_eta0.7,P_generalization,192.0,0.7,794.3344256864206,2,4,scaled_0.95,defined,0.1586403210732199,1.2034682142553175,0.029391452012001773,0,0,2.950379154612406e-18
P_generalization_R192_eta0.7,P_generalization,192.0,0.7,794.3344256864206,2,4,scaled_0.975,defined,0.16158683283323405,1.2113825947566645,0.027073795672560186,0,0,2.950379154612406e-18
P_generalization_R192_eta0.7,P_generalization,192.0,0.7,794.3344256864206,2,4,scaled_1,defined,0.16422300387198996,1.2192197128736446,0.024907381356232078,0,0,2.950379154612406e-18
P_generalization_R192_eta0.7,P_generalization,192.0,0.7,794.3344256864206,2,4,scaled_1.025,defined,0.16643693842247143,1.22681834827784,0.022982127638417088,0,0,2.950379154612406e-18
P_generalization_R192_eta0.7,P_generalization,192.0,0.7,794.3344256864206,2,4,scaled_1.05,defined,0.16810461810509525,1.2339894299749192,0.021400514777082685,0,0,2.950379154612406e-18
P_generalization_R192_eta0.7,P_generalization,192.0,0.7,794.3344256864206,2,4,scaled_1.075,defined,0.16909547742523334,1.2405102647021595,0.020272812184418787,0,0,2.950379154612406e-18
P_generalization_R192_eta0.7,P_generalization,192.0,0.7,794.3344256864206,2,4,scaled_1.1,defined,0.16928151351568854,1.246135854036831,0.01970890270723777,0,0,2.950379154612406e-18
P_generalization_R192_eta0.7,P_generalization,192.0,0.7,794.3344256864206,2,4,scaled_1.15,defined,0.16682152245131543,1.2537392029208363,0.020634705705403267,0,0,2.950379154612406e-18
P_generalization_R192_eta0.7,P_generalization,192.0,0.7,794.3344256864206,2,4,scaled_1.2,defined,0.16031574776528645,1.2553266351364394,0.024525273620901067,0,0,2.950379154612406e-18
P_generalization_R192_eta0.7,P_generalization,192.0,0.7,794.3344256864206,2,4,physical_frozen,defined,0.16511470977021503,1.2209388758697581,0.024175912159661972,0,0,2.950379154612406e-18
P_generalization_R192_eta0.7,P_generalization,192.0,0.7,794.3344256864206,2,4,physical_common,defined,0.1165530199174124,1.1091108090935788,0.0727376020124646,0,0,2.950379154612406e-18
P_generalization_R192_eta0.7,P_generalization,192.0,0.7,794.3344256864206,2,4,actual_root,defined,0.16787369020793874,1.2343950990381074,0.021622372975640597,1,0,2.950379154612406e-18
P_generalization_R192_eta0.7,P_generalization,192.0,0.7,794.3344256864206,2,4,soft_cosine,defined,0.1640494436573201,1.219081540958494,0.025010221876383215,0,0,2.950379154612406e-18
P_generalization_R192_eta0.7,P_generalization,192.0,0.7,794.3344256864206,2,6,scaled_0.8,defined,0.09502504760814239,1.1031671151216493,0.0870420987562671,0,0,2.950379154612406e-18
P_generalization_R192_eta0.7,P_generalization,192.0,0.7,794.3344256864206,2,6,scaled_0.85,defined,0.10418311159041826,1.1221987598723853,0.08016433886005025,0,0,2.950379154612406e-18
P_generalization_R192_eta0.7,P_generalization,192.0,0.7,794.3344256864206,2,6,scaled_0.9,defined,0.1142541364913824,1.144658541083876,0.0721289336462718,0,0,2.950379154612406e-18
P_generalization_R192_eta0.7,P_generalization,192.0,0.7,794.3344256864206,2,6,scaled_0.925,defined,0.11953901908543255,1.157303280000359,0.06772655849149564,0,0,2.950379154612406e-18
P_generalization_R192_eta0.7,P_generalization,192.0,0.7,794.3344256864206,2,6,scaled_0.95,defined,0.1248962202250763,1.1709391825197757,0.06313555286014538,0,0,2.950379154612406e-18
P_generalization_R192_eta0.7,P_generalization,192.0,0.7,794.3344256864206,2,6,scaled_0.975,defined,0.13021501661615464,1.185562937705774,0.05844561188963959,0,0,2.950379154612406e-18
P_generalization_R192_eta0.7,P_generalization,192.0,0.7,794.3344256864206,2,6,scaled_1,defined,0.13534216581921937,1.201136243331368,0.05378821940900266,0,0,2.950379154612406e-18
P_generalization_R192_eta0.7,P_generalization,192.0,0.7,794.3344256864206,2,6,scaled_1.025,defined,0.14007308471046653,1.217555426735985,0.04934598135042198,0,0,2.950379154612406e-18
P_generalization_R192_eta0.7,P_generalization,192.0,0.7,794.3344256864206,2,6,scaled_1.05,defined,0.14414522632246163,1.234627162678516,0.045359906559716306,0,0,2.950379154612406e-18
P_generalization_R192_eta0.7,P_generalization,192.0,0.7,794.3344256864206,2,6,scaled_1.075,defined,0.1472369488543725,1.252051016372579,0.042131340755279634,0,0,2.950379154612406e-18
P_generalization_R192_eta0.7,P_generalization,192.0,0.7,794.3344256864206,2,6,scaled_1.1,defined,0.14897736204365786,1.2693873560165099,0.040013054179268454,0,0,2.950379154612406e-18
P_generalization_R192_eta0.7,P_generalization,192.0,0.7,794.3344256864206,2,6,scaled_1.15,defined,0.1468640323207585,1.3013277915678094,0.04059219583596019,0,0,2.950379154612406e-18
P_generalization_R192_eta0.7,P_generalization,192.0,0.7,794.3344256864206,2,6,scaled_1.2,defined,0.13550347282880623,1.3249467261019388,0.04933754855738129,0,0,2.950379154612406e-18
P_generalization_R192_eta0.7,P_generalization,192.0,0.7,794.3344256864206,2,6,physical_frozen,defined,0.13720763007566678,1.204718910346362,0.052082991854210225,0,0,2.950379154612406e-18
P_generalization_R192_eta0.7,P_generalization,192.0,0.7,794.3344256864206,2,6,physical_common,defined,0.06743894011909868,1.0339664100435153,0.12185168181077832,0,0,2.950379154612406e-18
P_generalization_R192_eta0.7,P_generalization,192.0,0.7,794.3344256864206,2,6,actual_root,defined,0.14324635423194726,1.2349447347683773,0.04624970895163208,1,3,2.950379154612406e-18
P_generalization_R192_eta0.7,P_generalization,192.0,0.7,794.3344256864206,2,6,soft_cosine,defined,0.13514271731348404,1.2012662433541266,0.05391694822021928,0,0,2.950379154612406e-18
P_generalization_R192_eta0.7,P_generalization,192.0,0.7,794.3344256864206,3,1,scaled_0.8,defined,0.1303347861074905,1.1416903832960876,0.05326086147943199,0,0,2.950379154612406e-18
P_generalization_R192_eta0.7,P_generalization,192.0,0.7,794.3344256864206,3,1,scaled_0.85,defined,0.13703189146791947,1.1537830613453874,0.04873471011609845,0,0,2.950379154612406e-18
P_generalization_R192_eta0.7,P_generalization,192.0,0.7,794.3344256864206,3,1,scaled_0.9,defined,0.14480389550889344,1.1681065711103196,0.042732053774441586,0,0,2.950379154612406e-18
P_generalization_R192_eta0.7,P_generalization,192.0,0.7,794.3344256864206,3,1,scaled_0.925,defined,0.14916842823065646,1.1762915912586072,0.03904255742420057,0,0,2.950379154612406e-18
P_generalization_R192_eta0.7,P_generalization,192.0,0.7,794.3344256864206,3,1,scaled_0.95,defined,0.1539031259748911,1.1852940559612266,0.03480862196058976,0,0,2.950379154612406e-18
P_generalization_R192_eta0.7,P_generalization,192.0,0.7,794.3344256864206,3,1,scaled_0.975,defined,0.1590556551599717,1.1952423187196914,0.029955651231625663,0,0,2.950379154612406e-18
P_generalization_R192_eta0.7,P_generalization,192.0,0.7,794.3344256864206,3,1,scaled_1,defined,0.16468352206093587,1.206292866651698,0.02439927021635266,0,0,2.950379154612406e-18
P_generalization_R192_eta0.7,P_generalization,192.0,0.7,794.3344256864206,3,1,scaled_1.025,defined,0.1708570602906727,1.2186531109863898,0.01804333039770023,0,0,2.950379154612406e-18
P_generalization_R192_eta0.7,P_generalization,192.0,0.7,794.3344256864206,3,1,scaled_1.05,defined,0.17766353192274456,1.2325777707458498,0.010777004096733489,0,0,2.950379154612406e-18
P_generalization_R192_eta0.7,P_generalization,192.0,0.7,794.3344256864206,3,1,scaled_1.075,defined,0.18521313209522305,1.2484142878537332,0.0024701420664284823,0,0,2.950379154612406e-18
P_generalization_R192_eta0.7,P_generalization,192.0,0.7,794.3344256864206,3,1,scaled_1.1,defined,0.19364787470727643,1.2666208895061564,-0.007034150058784633,0,0,2.950379154612406e-18
P_generalization_R192_eta0.7,P_generalization,192.0,0.7,794.3344256864206,3,1,scaled_1.15,defined,0.21399107283731578,1.3129963085552698,-0.030478816693329913,0,0,2.950379154612406e-18
P_generalization_R192_eta0.7,P_generalization,192.0,0.7,794.3344256864206,3,1,scaled_1.2,defined,0.24126631986572317,1.3816128594235582,-0.06209656603547806,0,0,2.950379154612406e-18
P_generalization_R192_eta0.7,P_generalization,192.0,0.7,794.3344256864206,3,1,physical_frozen,defined,0.16632799369201545,1.2090827642842261,0.02281717060765337,0,0,2.950379154612406e-18
P_generalization_R192_eta0.7,P_generalization,192.0,0.7,794.3344256864206,3,1,physical_common,defined,0.11827702480198078,1.1122097424570425,0.07086813949768804,0,0,2.950379154612406e-18
P_generalization_R192_eta0.7,P_generalization,192.0,0.7,794.3344256864206,3,1,actual_root,defined,0.17460797178682277,1.2328208987190736,,0,0,2.950379154612406e-18
P_generalization_R192_eta0.7,P_generalization,192.0,0.7,794.3344256864206,3,1,soft_cosine,defined,0.16489379716467764,1.206758640031033,0.0240910053218166,0,0,2.950379154612406e-18
P_generalization_R192_eta0.7,P_generalization,192.0,0.7,794.3344256864206,3,2,scaled_0.8,defined,0.16100990327410186,1.1884459613785032,0.02258574431282062,0,0,2.950379154612406e-18
P_generalization_R192_eta0.7,P_generalization,192.0,0.7,794.3344256864206,3,2,scaled_0.85,defined,0.16564709174149272,1.197998392294365,0.020119509842525196,0,0,2.950379154612406e-18
P_generalization_R192_eta0.7,P_generalization,192.0,0.7,794.3344256864206,3,2,scaled_0.9,defined,0.17011857237403913,1.2078371327829862,0.0174173769092959,0,0,2.950379154612406e-18
P_generalization_R192_eta0.7,P_generalization,192.0,0.7,794.3344256864206,3,2,scaled_0.925,defined,0.17220414938709527,1.212753800785612,0.016006836267761754,0,0,2.950379154612406e-18
P_generalization_R192_eta0.7,P_generalization,192.0,0.7,794.3344256864206,3,2,scaled_0.95,defined,0.17413056761651918,1.217586635000359,0.014581180318961662,0,0,2.950379154612406e-18
P_generalization_R192_eta0.7,P_generalization,192.0,0.7,794.3344256864206,3,2,scaled_0.975,defined,0.17584587575372926,1.2222589452759207,0.013165430637868097,0,0,2.950379154612406e-18
P_generalization_R192_eta0.7,P_generalization,192.0,0.7,794.3344256864206,3,2,scaled_1,defined,0.17729263042306007,1.226681992726468,0.01179016185422846,0,0,2.950379154612406e-18
P_generalization_R192_eta0.7,P_generalization,192.0,0.7,794.3344256864206,3,2,scaled_1.025,defined,0.17840920664584944,1.230757347145069,0.0104911840425235,0,0,2.950379154612406e-18
P_generalization_R192_eta0.7,P_generalization,192.0,0.7,794.3344256864206,3,2,scaled_1.05,defined,0.1791319720275871,1.234375519492747,0.00930856399189095,0,0,2.950379154612406e-18
P_generalization_R192_eta0.7,P_generalization,192.0,0.7,794.3344256864206,3,2,scaled_1.075,defined,0.17939846611039081,1.2374213465651047,0.008284808051260723,0,0,2.950379154612406e-18
P_generalization_R192_eta0.7,P_generalization,192.0,0.7,794.3344256864206,3,2,scaled_1.1,defined,0.1791516459034519,1.2397806999040795,0.007462078745039902,0,0,2.950379154612406e-18
P_generalization_R192_eta0.7,P_generalization,192.0,0.7,794.3344256864206,3,2,scaled_1.15,defined,0.17694870231621115,1.2420400662081899,0.00656355382777471,0,0,2.950379154612406e-18
P_generalization_R192_eta0.7,P_generalization,192.0,0.7,794.3344256864206,3,2,scaled_1.2,defined,0.17238218218227466,1.240613827593375,0.006787571647970447,0,0,2.950379154612406e-18
P_generalization_R192_eta0.7,P_generalization,192.0,0.7,794.3344256864206,3,2,physical_frozen,defined,0.17777285847974764,1.227617843572535,0.011372305819921186,0,0,2.950379154612406e-18
P_generalization_R192_eta0.7,P_generalization,192.0,0.7,794.3344256864206,3,2,physical_common,defined,0.15349040278978787,1.1694936647003347,0.03565476150988095,0,0,2.950379154612406e-18
P_generalization_R192_eta0.7,P_generalization,192.0,0.7,794.3344256864206,3,2,actual_root,defined,0.17908963509914066,1.2346641773145932,,1,0,2.950379154612406e-18
P_generalization_R192_eta0.7,P_generalization,192.0,0.7,794.3344256864206,3,2,soft_cosine,defined,0.17716158313557498,1.2265306926932074,0.011823219350919262,0,0,2.950379154612406e-18
P_generalization_R192_eta0.7,P_generalization,192.0,0.7,794.3344256864206,3,3,scaled_0.8,defined,0.18359564758692248,1.2187445191312687,0.0,0,0,2.950379154612406e-18
P_generalization_R192_eta0.7,P_generalization,192.0,0.7,794.3344256864206,3,3,scaled_0.85,defined,0.18576660158401792,1.2235252725443344,0.0,0,0,2.950379154612406e-18
P_generalization_R192_eta0.7,P_generalization,192.0,0.7,794.3344256864206,3,3,scaled_0.9,defined,0.18753594928333503,1.2278817721505897,0.0,0,0,2.950379154612406e-18
P_generalization_R192_eta0.7,P_generalization,192.0,0.7,794.3344256864206,3,3,scaled_0.925,defined,0.18821098565485703,1.2298088682776056,0.0,0,0,2.950379154612406e-18
P_generalization_R192_eta0.7,P_generalization,192.0,0.7,794.3344256864206,3,3,scaled_0.95,defined,0.18871174793548084,1.2315123072415632,0.0,0,0,2.950379154612406e-18
P_generalization_R192_eta0.7,P_generalization,192.0,0.7,794.3344256864206,3,3,scaled_0.975,defined,0.18901130639159736,1.2329467567050587,0.0,0,0,2.950379154612406e-18
P_generalization_R192_eta0.7,P_generalization,192.0,0.7,794.3344256864206,3,3,scaled_1,defined,0.18908279227728853,1.2340656381105886,0.0,0,0,2.950379154612406e-18
P_generalization_R192_eta0.7,P_generalization,192.0,0.7,794.3344256864206,3,3,scaled_1.025,defined,0.18890039068837294,1.2348226135556715,0.0,0,0,2.950379154612406e-18
P_generalization_R192_eta0.7,P_generalization,192.0,0.7,794.3344256864206,3,3,scaled_1.05,defined,0.18844053601947805,1.2351734612153584,0.0,0,0,2.950379154612406e-18
P_generalization_R192_eta0.7,P_generalization,192.0,0.7,794.3344256864206,3,3,scaled_1.075,defined,0.18768327416165154,1.2350783033862511,0.0,0,0,2.950379154612406e-18
P_generalization_R192_eta0.7,P_generalization,192.0,0.7,794.3344256864206,3,3,scaled_1.1,defined,0.1866137246484918,1.234504097895085,0.0,0,0,2.950379154612406e-18
P_generalization_R192_eta0.7,P_generalization,192.0,0.7,794.3344256864206,3,3,scaled_1.15,defined,0.18351225614398586,1.2318360851806611,0.0,0,0,2.950379154612406e-18
P_generalization_R192_eta0.7,P_generalization,192.0,0.7,794.3344256864206,3,3,scaled_1.2,defined,0.1791697538302451,1.2271363099445838,0.0,0,0,2.950379154612406e-18
P_generalization_R192_eta0.7,P_generalization,192.0,0.7,794.3344256864206,3,3,physical_frozen,defined,0.18914516429966882,1.2342377719623814,0.0,0,0,2.950379154612406e-18
P_generalization_R192_eta0.7,P_generalization,192.0,0.7,794.3344256864206,3,3,physical_common,defined,0.18914516429966882,1.2342377719623814,0.0,0,0,2.950379154612406e-18
P_generalization_R192_eta0.7,P_generalization,192.0,0.7,794.3344256864206,3,3,actual_root,root_branch_change,,,,7,0,2.950379154612406e-18
P_generalization_R192_eta0.7,P_generalization,192.0,0.7,794.3344256864206,3,3,soft_cosine,defined,0.18898480248649424,1.2339247392615895,0.0,0,0,2.950379154612406e-18
P_generalization_R192_eta0.7,P_generalization,192.0,0.7,794.3344256864206,3,4,scaled_0.8,defined,0.16477737843438645,1.1962731489078788,0.018818269152536038,0,0,2.950379154612406e-18
P_generalization_R192_eta0.7,P_generalization,192.0,0.7,794.3344256864206,3,4,scaled_0.85,defined,0.16935245154632708,1.2063444586239007,0.01641415003769084,0,0,2.950379154612406e-18
P_generalization_R192_eta0.7,P_generalization,192.0,0.7,794.3344256864206,3,4,scaled_0.9,defined,0.1733265078001593,1.2161484788015235,0.014209441483175739,0,0,2.950379154612406e-18
P_generalization_R192_eta0.7,P_generalization,192.0,0.7,794.3344256864206,3,4,scaled_0.925,defined,0.17493086562137813,1.2207179202441243,0.013280120033478893,0,0,2.950379154612406e-18
P_generalization_R192_eta0.7,P_generalization,192.0,0.7,794.3344256864206,3,4,scaled_0.95,defined,0.17617911793255883,1.2249054287279864,0.012532630002922013,0,0,2.950379154612406e-18
P_generalization_R192_eta0.7,P_generalization,192.0,0.7,794.3344256864206,3,4,scaled_0.975,defined,0.17698744612810047,1.2285705519709118,0.012023860263496888,0,0,2.950379154612406e-18
P_generalization_R192_eta0.7,P_generalization,192.0,0.7,794.3344256864206,3,4,scaled_1,defined,0.17726956504591448,1.2315596181404072,0.01181322723137404,0,0,2.950379154612406e-18
P_generalization_R192_eta0.7,P_generalization,192.0,0.7,794.3344256864206,3,4,scaled_1.025,defined,0.17694207543690044,1.2337120706068678,0.011958315251472507,0,0,2.950379154612406e-18
P_generalization_R192_eta0.7,P_generalization,192.0,0.7,794.3344256864206,3,4,scaled_1.05,defined,0.17593164599490882,1.2348728544172978,0.01250889002456923,0,0,2.950379154612406e-18
P_generalization_R192_eta0.7,P_generalization,192.0,0.7,794.3344256864206,3,4,scaled_1.075,defined,0.17418368809003149,1.2349070649086944,0.013499586071620051,0,0,2.950379154612406e-18
P_generalization_R192_eta0.7,P_generalization,192.0,0.7,794.3344256864206,3,4,scaled_1.1,defined,0.17167167987324713,1.2337172266968872,0.014942044775244662,0,0,2.950379154612406e-18
P_generalization_R192_eta0.7,P_generalization,192.0,0.7,794.3344256864206,3,4,scaled_1.15,defined,0.16443878745332263,1.2275666256288023,0.01907346869066323,0,0,2.950379154612406e-18
P_generalization_R192_eta0.7,P_generalization,192.0,0.7,794.3344256864206,3,4,scaled_1.2,defined,0.15483224227349343,1.2169640689922336,0.02433751155675168,0,0,2.950379154612406e-18
P_generalization_R192_eta0.7,P_generalization,192.0,0.7,794.3344256864206,3,4,physical_frozen,defined,0.17745613088643086,1.2320462868090687,0.01168903341323796,0,0,2.950379154612406e-18
P_generalization_R192_eta0.7,P_generalization,192.0,0.7,794.3344256864206,3,4,physical_common,defined,0.15347390232306457,1.1694671274546171,0.03567126197660425,0,0,2.950379154612406e-18
P_generalization_R192_eta0.7,P_generalization,192.0,0.7,794.3344256864206,3,4,actual_root,defined,,1.2349610339791361,,10,10,2.950379154612406e-18
P_generalization_R192_eta0.7,P_generalization,192.0,0.7,794.3344256864206,3,4,soft_cosine,defined,0.1770350810398571,1.23122868597295,0.01194972144663714,0,0,2.950379154612406e-18
P_generalization_R192_eta0.7,P_generalization,192.0,0.7,794.3344256864206,3,5,scaled_0.8,defined,0.1443346301190106,1.170944004536918,0.039261017467911885,0,0,2.950379154612406e-18
P_generalization_R192_eta0.7,P_generalization,192.0,0.7,794.3344256864206,3,5,scaled_0.85,defined,0.15110985144250633,1.1858714088353703,0.034656750141511594,0,0,2.950379154612406e-18
P_generalization_R192_eta0.7,P_generalization,192.0,0.7,794.3344256864206,3,5,scaled_0.9,defined,0.15733963864365264,1.2012799403989864,0.030196310639682394,0,0,2.950379154612406e-18
P_generalization_R192_eta0.7,P_generalization,192.0,0.7,794.3344256864206,3,5,scaled_0.925,defined,0.15999002003185003,1.2088282188846984,0.028220965623006994,0,0,2.950379154612406e-18
P_generalization_R192_eta0.7,P_generalization,192.0,0.7,794.3344256864206,3,5,scaled_0.95,defined,0.16214646001790145,1.216004015395458,0.026565287917579394,0,0,2.950379154612406e-18
P_generalization_R192_eta0.7,P_generalization,192.0,0.7,794.3344256864206,3,5,scaled_0.975,defined,0.1636440127233112,1.2225380558158787,0.02536729366828616,0,0,2.950379154612406e-18
P_generalization_R192_eta0.7,P_generalization,192.0,0.7,794.3344256864206,3,5,scaled_1,defined,0.1643037335480374,1.2281135207536709,0.024779058729251124,0,0,2.950379154612406e-18
P_generalization_R192_eta0.7,P_generalization,192.0,0.7,794.3344256864206,3,5,scaled_1.025,defined,0.16394580271877704,1.2323805446721963,0.024954587969595904,0,0,2.950379154612406e-18
P_generalization_R192_eta0.7,P_generalization,192.0,0.7,794.3344256864206,3,5,scaled_1.05,defined,0.16240980638387237,1.2349787173755136,0.02603072963560568,0,0,2.950379154612406e-18
P_generalization_R192_eta0.7,P_generalization,192.0,0.7,794.3344256864206,3,5,scaled_1.075,defined,0.15958156755470906,1.235585879067484,0.028101706606942473,0,0,2.950379154612406e-18
P_generalization_R192_eta0.7,P_generalization,192.0,0.7,794.3344256864206,3,5,scaled_1.1,defined,0.15542313489832063,1.233977334139935,0.031190589750171166,0,0,2.950379154612406e-18
P_generalization_R192_eta0.7,P_generalization,192.0,0.7,794.3344256864206,3,5,scaled_1.15,defined,0.14349165343195044,1.2240636014238206,0.04002060271203542,0,0,2.950379154612406e-18
P_generalization_R192_eta0.7,P_generalization,192.0,0.7,794.3344256864206,3,5,scaled_1.2,defined,0.12847901793303043,1.2072551753639957,0.05069073589721468,0,0,2.950379154612406e-18
P_generalization_R192_eta0.7,P_generalization,192.0,0.7,794.3344256864206,3,5,physical_frozen,defined,0.16468528805961702,1.2290699929125994,0.024459876240051803,0,0,2.950379154612406e-18
P_generalization_R192_eta0.7,P_generalization,192.0,0.7,794.3344256864206,3,5,physical_common,defined,0.1177414587456548,1.1113762406590126,0.07140370555401403,0,0,2.950379154612406e-18
P_generalization_R192_eta0.7,P_generalization,192.0,0.7,794.3344256864206,3,5,actual_root,defined,,1.2352198712048108,,7,19,2.950379154612406e-18
P_generalization_R192_eta0.7,P_generalization,192.0,0.7,794.3344256864206,3,5,soft_cosine,defined,0.16390862664166314,1.227575026603734,0.0250761758448311,0,0,2.950379154612406e-18
P_generalization_R192_eta0.7,P_generalization,192.0,0.7,794.3344256864206,3,7,scaled_0.8,defined,0.10203005688107668,1.117891781600518,0.0815655907058458,0,0,2.950379154612406e-18
P_generalization_R192_eta0.7,P_generalization,192.0,0.7,794.3344256864206,3,7,scaled_0.85,defined,0.11194521175803383,1.1400308200756288,0.07382138982598409,0,0,2.950379154612406e-18
P_generalization_R192_eta0.7,P_generalization,192.0,0.7,794.3344256864206,3,7,scaled_0.9,defined,0.12196919163975167,1.1652471249378238,0.06556675764358336,0,0,2.950379154612406e-18
P_generalization_R192_eta0.7,P_generalization,192.0,0.7,794.3344256864206,3,7,scaled_0.925,defined,0.12662901178870323,1.1787243326108967,0.0615819738661538,0,0,2.950379154612406e-18
P_generalization_R192_eta0.7,P_generalization,192.0,0.7,794.3344256864206,3,7,scaled_0.95,defined,0.13071612926184656,1.192427003385797,0.057995618673634286,0,0,2.950379154612406e-18
P_generalization_R192_eta0.7,P_generalization,192.0,0.7,794.3344256864206,3,7,scaled_0.975,defined,0.13387767624833247,1.2058833609356743,0.05513363014326489,0,0,2.950379154612406e-18
P_generalization_R192_eta0.7,P_generalization,192.0,0.7,794.3344256864206,3,7,scaled_1,defined,0.13568174156054366,1.218422995304702,0.05340105071674486,0,0,2.950379154612406e-18
P_generalization_R192_eta0.7,P_generalization,192.0,0.7,794.3344256864206,3,7,scaled_1.025,defined,0.13564287517631896,1.229137971916561,0.05325751551205399,0,0,2.950379154612406e-18
P_generalization_R192_eta0.7,P_generalization,192.0,0.7,794.3344256864206,3,7,scaled_1.05,defined,0.13328409507746497,1.2369461839913216,0.05515644094201308,0,0,2.950379154612406e-18
P_generalization_R192_eta0.7,P_generalization,192.0,0.7,794.3344256864206,3,7,scaled_1.075,defined,0.12824347350431164,1.2407216298721382,0.05943980065733989,0,0,2.950379154612406e-18
P_generalization_R192_eta0.7,P_generalization,192.0,0.7,794.3344256864206,3,7,scaled_1.1,defined,0.12041366176267809,1.239584496513938,0.0662000628858137,0,0,2.950379154612406e-18
P_generalization_R192_eta0.7,P_generalization,192.0,0.7,794.3344256864206,3,7,scaled_1.15,defined,0.09791483471223034,1.222411761406808,0.08559742143175553,0,0,2.950379154612406e-18
P_generalization_R192_eta0.7,P_generalization,192.0,0.7,794.3344256864206,3,7,scaled_1.2,defined,0.07243898534198875,1.1938700536891338,0.10673076848825636,0,0,2.950379154612406e-18
P_generalization_R192_eta0.7,P_generalization,192.0,0.7,794.3344256864206,3,7,physical_frozen,defined,0.1366539420810297,1.2207648567295737,0.05249122221863911,0,0,2.950379154612406e-18
P_generalization_R192_eta0.7,P_generalization,192.0,0.7,794.3344256864206,3,7,physical_common,defined,0.06787024623977689,1.0348373740773686,0.12127491805989193,0,0,2.950379154612406e-18
P_generalization_R192_eta0.7,P_generalization,192.0,0.7,794.3344256864206,3,7,actual_root,defined,,1.2377804058225328,,3,31,2.950379154612406e-18
P_generalization_R192_eta0.7,P_generalization,192.0,0.7,794.3344256864206,3,7,soft_cosine,defined,0.13493941785593,1.2175229884992225,0.05404538463056424,0,0,2.950379154612406e-18
P_generalization_R24_eta0.35,P_generalization,24.0,0.35,794.3344256864206,2,1,scaled_0.8,defined,-0.08269290542140331,0.8942238859549809,0.058368752823018816,0,0,5.988635392073653e-12
P_generalization_R24_eta0.35,P_generalization,24.0,0.35,794.3344256864206,2,1,scaled_0.85,defined,-0.0868728032068889,0.8947329503361138,0.05990638042274077,0,0,5.988635392073653e-12
P_generalization_R24_eta0.35,P_generalization,24.0,0.35,794.3344256864206,2,1,scaled_0.9,defined,-0.09142389845168375,0.8960905480271697,0.06110245372455663,0,0,5.988635392073653e-12
P_generalization_R24_eta0.35,P_generalization,24.0,0.35,794.3344256864206,2,1,scaled_0.925,defined,-0.09385999520833425,0.897179494332595,0.06153819155074117,0,0,5.988635392073653e-12
P_generalization_R24_eta0.35,P_generalization,24.0,0.35,794.3344256864206,2,1,scaled_0.95,defined,-0.09641818070565011,0.898604638563357,0.061847948039960396,0,0,5.988635392073653e-12
P_generalization_R24_eta0.35,P_generalization,24.0,0.35,794.3344256864206,2,1,scaled_0.975,defined,-0.09911267679451807,0.9004248577306637,0.06201972259361515,0,0,5.988635392073653e-12
P_generalization_R24_eta0.35,P_generalization,24.0,0.35,794.3344256864206,2,1,scaled_1,defined,-0.10196058972350563,0.9027120444006469,0.062043590004893394,0,0,5.988635392073653e-12
P_generalization_R24_eta0.35,P_generalization,24.0,0.35,794.3344256864206,2,1,scaled_1.025,defined,-0.10498244071953422,0.9055548060761283,0.061912781366214475,0,0,5.988635392073653e-12
P_generalization_R24_eta0.35,P_generalization,24.0,0.35,794.3344256864206,2,1,scaled_1.05,defined,-0.10820276283818883,0.9090639474131974,0.06162498398313962,0,0,5.988635392073653e-12
P_generalization_R24_eta0.35,P_generalization,24.0,0.35,794.3344256864206,2,1,scaled_1.075,defined,-0.11165073300205679,0.9133806149537814,0.06118383256478181,0,0,5.988635392073653e-12
P_generalization_R24_eta0.35,P_generalization,24.0,0.35,794.3344256864206,2,1,scaled_1.1,defined,-0.1153607631438948,0.9186882322064814,0.06060050895144646,0,0,5.988635392073653e-12
P_generalization_R24_eta0.35,P_generalization,24.0,0.35,794.3344256864206,2,1,scaled_1.15,defined,-0.12373252118911154,0.9333453240602192,0.059098383532326326,0,0,5.988635392073653e-12
P_generalization_R24_eta0.35,P_generalization,24.0,0.35,794.3344256864206,2,1,scaled_1.2,defined,-0.1336900307688948,0.9564279884546032,0.057395415796772487,0,0,5.988635392073653e-12
P_generalization_R24_eta0.35,P_generalization,24.0,0.35,794.3344256864206,2,1,physical_frozen,defined,-0.09975192657518235,0.9050808179536262,0.06061955739503624,0,0,5.988635392073653e-12
P_generalization_R24_eta0.35,P_generalization,24.0,0.35,794.3344256864206,2,1,physical_common,defined,-0.04886125700359302,0.9152007059811524,0.009728887823446906,0,0,5.988635392073653e-12
P_generalization_R24_eta0.35,P_generalization,24.0,0.35,794.3344256864206,2,1,actual_root,defined,-0.10562171390451273,0.9050983395107897,,5,16,5.988635392073653e-12
P_generalization_R24_eta0.35,P_generalization,24.0,0.35,794.3344256864206,2,1,soft_cosine,defined,-0.10203441067294117,0.902900998869708,0.06198787563499719,0,0,5.988635392073653e-12
P_generalization_R24_eta0.35,P_generalization,24.0,0.35,794.3344256864206,2,2,scaled_0.8,defined,-0.024324152598384496,0.9544170655292564,0.0,0,0,5.988635392073653e-12
P_generalization_R24_eta0.35,P_generalization,24.0,0.35,794.3344256864206,2,2,scaled_0.85,defined,-0.02696642278414813,0.9569550619669415,0.0,0,0,5.988635392073653e-12
P_generalization_R24_eta0.35,P_generalization,24.0,0.35,794.3344256864206,2,2,scaled_0.9,defined,-0.03032144472712712,0.9595658981777245,0.0,0,0,5.988635392073653e-12
P_generalization_R24_eta0.35,P_generalization,24.0,0.35,794.3344256864206,2,2,scaled_0.925,defined,-0.03232180365759309,0.9608564929635065,0.0,0,0,5.988635392073653e-12
P_generalization_R24_eta0.35,P_generalization,24.0,0.35,794.3344256864206,2,2,scaled_0.95,defined,-0.03457023266568972,0.9621070713541713,0.0,0,0,5.988635392073653e-12
P_generalization_R24_eta0.35,P_generalization,24.0,0.35,794.3344256864206,2,2,scaled_0.975,defined,-0.037092954200902924,0.9632895633764593,0.0,0,0,5.988635392073653e-12
P_generalization_R24_eta0.35,P_generalization,24.0,0.35,794.3344256864206,2,2,scaled_1,defined,-0.03991699971861224,0.9643711539576421,0.0,0,0,5.988635392073653e-12
P_generalization_R24_eta0.35,P_generalization,24.0,0.35,794.3344256864206,2,2,scaled_1.025,defined,-0.043069659353319745,0.965314108120516,0.0,0,0,5.988635392073653e-12
P_generalization_R24_eta0.35,P_generalization,24.0,0.35,794.3344256864206,2,2,scaled_1.05,defined,-0.04657777885504921,0.9660757733949284,0.0,0,0,5.988635392073653e-12
P_generalization_R24_eta0.35,P_generalization,24.0,0.35,794.3344256864206,2,2,scaled_1.075,defined,-0.050466900437274975,0.9666088222487862,0.0,0,0,5.988635392073653e-12
P_generalization_R24_eta0.35,P_generalization,24.0,0.35,794.3344256864206,2,2,scaled_1.1,defined,-0.05476025419244834,0.9668618012622983,0.0,0,0,5.988635392073653e-12
P_generalization_R24_eta0.35,P_generalization,24.0,0.35,794.3344256864206,2,2,scaled_1.15,defined,-0.06463413765678522,0.9663070548672298,0.0,0,0,5.988635392073653e-12
P_generalization_R24_eta0.35,P_generalization,24.0,0.35,794.3344256864206,2,2,scaled_1.2,defined,-0.07629461497212231,0.9639631729883311,0.0,0,0,5.988635392073653e-12
P_generalization_R24_eta0.35,P_generalization,24.0,0.35,794.3344256864206,2,2,physical_frozen,defined,-0.039132369180146113,0.9654693572096881,0.0,0,0,5.988635392073653e-12
P_generalization_R24_eta0.35,P_generalization,24.0,0.35,794.3344256864206,2,2,physical_common,defined,-0.039132369180146113,0.9654693572096881,0.0,0,0,5.988635392073653e-12
P_generalization_R24_eta0.35,P_generalization,24.0,0.35,794.3344256864206,2,2,actual_root,defined,,0.965814671981941,,5,16,5.988635392073653e-12
P_generalization_R24_eta0.35,P_generalization,24.0,0.35,794.3344256864206,2,2,soft_cosine,defined,-0.040046535037943976,0.9643108963419942,0.0,0,0,5.988635392073653e-12
P_generalization_R24_eta0.35,P_generalization,24.0,0.35,794.3344256864206,2,3,scaled_0.8,defined,-0.098544221506633,0.8958370489649773,0.0742200689082485,0,0,5.988635392073653e-12
P_generalization_R24_eta0.35,P_generalization,24.0,0.35,794.3344256864206,2,3,scaled_0.85,defined,-0.10634414318987696,0.8978295497489571,0.07937772040572884,0,0,5.988635392073653e-12
P_generalization_R24_eta0.35,P_generalization,24.0,0.35,794.3344256864206,2,3,scaled_0.9,defined,-0.11559416817489097,0.9006675680835826,0.08527272344776385,0,0,5.988635392073653e-12
P_generalization_R24_eta0.35,P_generalization,24.0,0.35,794.3344256864206,2,3,scaled_0.925,defined,-0.12089657993915881,0.902383130449654,0.08857477628156572,0,0,5.988635392073653e-12
P_generalization_R24_eta0.35,P_generalization,24.0,0.35,794.3344256864206,2,3,scaled_0.95,defined,-0.12673576549261642,0.9042648792652688,0.0921655328269267,0,0,5.988635392073653e-12
P_generalization_R24_eta0.35,P_generalization,24.0,0.35,794.3344256864206,2,3,scaled_0.975,defined,-0.13318422018984288,0.9062710088222349,0.09609126598893997,0,0,5.988635392073653e-12
P_generalization_R24_eta0.35,P_generalization,24.0,0.35,794.3344256864206,2,3,scaled_1,defined,-0.1403206294247327,0.9083408628056024,0.10040362970612046,0,0,5.988635392073653e-12
P_generalization_R24_eta0.35,P_generalization,24.0,0.35,794.3344256864206,2,3,scaled_1.025,defined,-0.148228637286276,0.9103908066514687,0.10515897793295625,0,0,5.988635392073653e-12
P_generalization_R24_eta0.35,P_generalization,24.0,0.35,794.3344256864206,2,3,scaled_1.05,defined,-0.1569948623545252,0.912309882175793,0.11041708349947599,0,0,5.988635392073653e-12
P_generalization_R24_eta0.35,P_generalization,24.0,0.35,794.3344256864206,2,3,scaled_1.075,defined,-0.1667059974028977,0.9139556010980443,0.11623909696562273,0,0,5.988635392073653e-12
P_generalization_R24_eta0.35,P_generalization,24.0,0.35,794.3344256864206,2,3,scaled_1.1,defined,-0.17744499587341278,0.9151504652488791,0.12268474168096444,0,0,5.988635392073653e-12
P_generalization_R24_eta0.35,P_generalization,24.0,0.35,794.3344256864206,2,3,scaled_1.15,defined,-0.20228995277062875,0.9152942701536239,0.13765581511384353,0,0,5.988635392073653e-12
P_generalization_R24_eta0.35,P_generalization,24.0,0.35,794.3344256864206,2,3,scaled_1.2,defined,-0.2319172594751525,0.9106349220270559,0.15562264450303018,0,0,5.988635392073653e-12
P_generalization_R24_eta0.35,P_generalization,24.0,0.35,794.3344256864206,2,3,physical_frozen,defined,-0.13796698716711034,0.910451376082711,0.09883461798696422,0,0,5.988635392073653e-12
P_generalization_R24_eta0.35,P_generalization,24.0,0.35,794.3344256864206,2,3,physical_common,defined,-0.0466882026698495,0.9174286942659703,0.007555833489703387,0,0,5.988635392073653e-12
P_generalization_R24_eta0.35,P_generalization,24.0,0.35,794.3344256864206,2,3,actual_root,defined,,0.9107051245853084,,3,18,5.988635392073653e-12
P_generalization_R24_eta0.35,P_generalization,24.0,0.35,794.3344256864206,2,3,soft_cosine,defined,-0.14060523405173464,0.908283790947521,0.10055869901379066,0,0,5.988635392073653e-12
P_generalization_R24_eta0.35,P_generalization,24.0,0.35,794.3344256864206,2,4,scaled_0.8,defined,-0.16917392270975676,0.840839660940899,0.14484977011137226,0,0,5.988635392073653e-12
P_generalization_R24_eta0.35,P_generalization,24.0,0.35,794.3344256864206,2,4,scaled_0.85,defined,-0.1848763398866068,0.8386189368287582,0.15790991710245866,0,0,5.988635392073653e-12
P_generalization_R24_eta0.35,P_generalization,24.0,0.35,794.3344256864206,2,4,scaled_0.9,defined,-0.20303383927833374,0.8381138862522567,0.17271239455120663,0,0,5.988635392073653e-12
P_generalization_R24_eta0.35,P_generalization,24.0,0.35,794.3344256864206,2,4,scaled_0.925,defined,-0.21327658120513926,0.8385748768962492,0.1809547775475462,0,0,5.988635392073653e-12
P_generalization_R24_eta0.35,P_generalization,24.0,0.35,794.3344256864206,2,4,scaled_0.95,defined,-0.2244582380083009,0.8395274325364311,0.1898880053426112,0,0,5.988635392073653e-12
P_generalization_R24_eta0.35,P_generalization,24.0,0.35,794.3344256864206,2,4,scaled_0.975,defined,-0.23672370695073053,0.8409604600870069,0.1996307527498276,0,0,5.988635392073653e-12
P_generalization_R24_eta0.35,P_generalization,24.0,0.35,794.3344256864206,2,4,scaled_1,defined,-0.25023630356923854,0.8428348409560769,0.2103193038506263,0,0,5.988635392073653e-12
P_generalization_R24_eta0.35,P_generalization,24.0,0.35,794.3344256864206,2,4,scaled_1.025,defined,-0.265176791660963,0.8450722672778306,0.22210713230764323,0,0,5.988635392073653e-12
P_generalization_R24_eta0.35,P_generalization,24.0,0.35,794.3344256864206,2,4,scaled_1.05,defined,-0.28174066667848063,0.8475403753865276,0.23516288782343142,0,0,5.988635392073653e-12
P_generalization_R24_eta0.35,P_generalization,24.0,0.35,794.3344256864206,2,4,scaled_1.075,defined,-0.30013343133863213,0.8500329097717948,0.24966653090135715,0,0,5.988635392073653e-12
P_generalization_R24_eta0.35,P_generalization,24.0,0.35,794.3344256864206,2,4,scaled_1.1,defined,-0.3205632170288313,0.8522433799372702,0.26580296283638294,0,0,5.988635392073653e-12
P_generalization_R24_eta0.35,P_generalization,24.0,0.35,794.3344256864206,2,4,scaled_1.15,defined,-0.3683142679670237,0.8538593448124674,0.3036801303102385,0,0,5.988635392073653e-12
P_generalization_R24_eta0.35,P_generalization,24.0,0.35,794.3344256864206,2,4,scaled_1.2,defined,-0.42623961315976555,0.8462199229047045,0.34994499818764324,0,0,5.988635392073653e-12
P_generalization_R24_eta0.35,P_generalization,24.0,0.35,794.3344256864206,2,4,physical_frozen,defined,-0.24568555743918985,0.8444321464417883,0.20655318825904373,0,0,5.988635392073653e-12
P_generalization_R24_eta0.35,P_generalization,24.0,0.35,794.3344256864206,2,4,physical_common,defined,-0.03194382057808681,0.9233475291550648,-0.007188548602059301,0,0,5.988635392073653e-12
P_generalization_R24_eta0.35,P_generalization,24.0,0.35,794.3344256864206,2,4,actual_root,defined,-0.39887222303472636,0.8444214738103561,,8,19,5.988635392073653e-12
P_generalization_R24_eta0.35,P_generalization,24.0,0.35,794.3344256864206,2,4,soft_cosine,defined,-0.25075374893708524,0.842929474780266,0.21070721389914127,0,0,5.988635392073653e-12
P_generalization_R24_eta0.35,P_generalization,24.0,0.35,794.3344256864206,2,6,scaled_0.8,defined,-0.2968449915447066,0.7484855868192803,0.2725208389463221,0,0,5.988635392073653e-12
P_generalization_R24_eta0.35,P_generalization,24.0,0.35,794.3344256864206,2,6,scaled_0.85,defined,-0.33595687294693094,0.7276277513491309,0.3089904501627828,0,0,5.988635392073653e-12
P_generalization_R24_eta0.35,P_generalization,24.0,0.35,794.3344256864206,2,6,scaled_0.9,defined,-0.3806782163905609,0.709264904220302,0.35035677166343376,0,0,5.988635392073653e-12
P_generalization_R24_eta0.35,P_generalization,24.0,0.35,794.3344256864206,2,6,scaled_0.925,defined,-0.4057814735468096,0.7011940061153185,0.37345966988921653,0,0,5.988635392073653e-12
P_generalization_R24_eta0.35,P_generalization,24.0,0.35,794.3344256864206,2,6,scaled_0.95,defined,-0.43316346202940303,0.6939295943039664,0.39859322936371333,0,0,5.988635392073653e-12
P_generalization_R24_eta0.35,P_generalization,24.0,0.35,794.3344256864206,2,6,scaled_0.975,defined,-0.4632412453730713,0.6874841381047545,0.4261482911721684,0,0,5.988635392073653e-12
P_generalization_R24_eta0.35,P_generalization,24.0,0.35,794.3344256864206,2,6,scaled_1,defined,-0.4964989773635191,0.6818238692515217,0.4565819776449069,0,0,5.988635392073653e-12
P_generalization_R24_eta0.35,P_generalization,24.0,0.35,794.3344256864206,2,6,scaled_1.025,defined,-0.5334848849859828,0.6768342329992665,0.49041522563266304,0,0,5.988635392073653e-12
P_generalization_R24_eta0.35,P_generalization,24.0,0.35,794.3344256864206,2,6,scaled_1.05,defined,-0.5747994968880111,0.6722617668268217,0.5282217180329619,0,0,5.988635392073653e-12
P_generalization_R24_eta0.35,P_generalization,24.0,0.35,794.3344256864206,2,6,scaled_1.075,defined,-0.6210717065111286,0.6675889555392428,0.5706048060738537,0,0,5.988635392073653e-12
P_generalization_R24_eta0.35,P_generalization,24.0,0.35,794.3344256864206,2,6,scaled_1.1,defined,-0.6729192906936565,0.6617132362367648,0.6181590365012082,0,0,5.988635392073653e-12
P_generalization_R24_eta0.35,P_generalization,24.0,0.35,794.3344256864206,2,6,scaled_1.15,defined,-0.7953668409203803,0.6294367678263136,0.7307327032635951,0,0,5.988635392073653e-12
P_generalization_R24_eta0.35,P_generalization,24.0,0.35,794.3344256864206,2,6,scaled_1.2,defined,-0.9418409871498435,0.4426811443598976,0.8655463721777212,0,0,5.988635392073653e-12
P_generalization_R24_eta0.35,P_generalization,24.0,0.35,794.3344256864206,2,6,physical_frozen,defined,-0.48364709147151963,0.6743463120687769,0.4445147222913735,0,0,5.988635392073653e-12
P_generalization_R24_eta0.35,P_generalization,24.0,0.35,794.3344256864206,2,6,physical_common,defined,0.0815619598862003,1.0734110818527507,-0.12069432906634642,0,0,5.988635392073653e-12
P_generalization_R24_eta0.35,P_generalization,24.0,0.35,794.3344256864206,2,6,actual_root,defined,-0.6991800532630861,0.6820483501306074,,7,24,5.988635392073653e-12
P_generalization_R24_eta0.35,P_generalization,24.0,0.35,794.3344256864206,2,6,soft_cosine,defined,-0.4977730817379191,0.6824263376903869,0.45772654669997515,0,0,5.988635392073653e-12
P_generalization_R24_eta0.35,P_generalization,24.0,0.35,794.3344256864206,3,1,scaled_0.8,defined,-0.14414246571622655,0.8462056870722495,0.11806599976725077,0,0,5.988635392073653e-12
P_generalization_R24_eta0.35,P_generalization,24.0,0.35,794.3344256864206,3,1,scaled_0.85,defined,-0.15523734465846895,0.8415628724667692,0.1258892860807368,0,0,5.988635392073653e-12
P_generalization_R24_eta0.35,P_generalization,24.0,0.35,794.3344256864206,3,1,scaled_0.9,defined,-0.16753041447395525,0.8380378413473114,0.13399010113830043,0,0,5.988635392073653e-12
P_generalization_R24_eta0.35,P_generalization,24.0,0.35,794.3344256864206,3,1,scaled_0.925,defined,-0.17422069242120175,0.8368727988709772,0.13816898229131241,0,0,5.988635392073653e-12
P_generalization_R24_eta0.35,P_generalization,24.0,0.35,794.3344256864206,3,1,scaled_0.95,defined,-0.18134235994395054,0.8362363832293981,0.1424623102464862,0,0,5.988635392073653e-12
P_generalization_R24_eta0.35,P_generalization,24.0,0.35,794.3344256864206,3,1,scaled_0.975,defined,-0.18896279119852313,0.8362600453035559,0.1469066585622247,0,0,5.988635392073653e-12
P_generalization_R24_eta0.35,P_generalization,24.0,0.35,794.3344256864206,3,1,scaled_1,defined,-0.19716575884956183,0.8371158181482972,0.15155541745651363,0,0,5.988635392073653e-12
P_generalization_R24_eta0.35,P_generalization,24.0,0.35,794.3344256864206,3,1,scaled_1.025,defined,-0.20605551783085432,0.8390352840803308,0.15648396715114113,0,0,5.988635392073653e-12
P_generalization_R24_eta0.35,P_generalization,24.0,0.35,794.3344256864206,3,1,scaled_1.05,defined,-0.21576162813336452,0.842340796262019,0.16179580584281789,0,0,5.988635392073653e-12
P_generalization_R24_eta0.35,P_generalization,24.0,0.35,794.3344256864206,3,1,scaled_1.075,defined,-0.22644432726982414,0.8474995667424129,0.16762941767447517,0,0,5.988635392073653e-12
P_generalization_R24_eta0.35,P_generalization,24.0,0.35,794.3344256864206,3,1,scaled_1.1,defined,-0.23829923092405564,0.8552249583151224,0.17416458535239576,0,0,5.988635392073653e-12
P_generalization_R24_eta0.35,P_generalization,24.0,0.35,794.3344256864206,3,1,scaled_1.15,defined,-0.2664704246602428,0.8839522805705846,0.1902603806355037,0,0,5.988635392073653e-12
P_generalization_R24_eta0.35,P_generalization,24.0,0.35,794.3344256864206,3,1,scaled_1.2,defined,-0.30171815902914645,0.9594596800682418,0.21157658577867244,0,0,5.988635392073653e-12
P_generalization_R24_eta0.35,P_generalization,24.0,0.35,794.3344256864206,3,1,physical_frozen,defined,-0.19517100526816034,0.8367275291631984,0.15003328688036205,0,0,5.988635392073653e-12
P_generalization_R24_eta0.35,P_generalization,24.0,0.35,794.3344256864206,3,1,physical_common,defined,-0.03847250814410441,0.9174786941655424,-0.0066652102436938684,0,0,5.988635392073653e-12
P_generalization_R24_eta0.35,P_generalization,24.0,0.35,794.3344256864206,3,1,actual_root,defined,-0.2061759706417794,0.8376803633580989,-0.2443626941668709,5,17,5.988635392073653e-12
P_generalization_R24_eta0.35,P_generalization,24.0,0.35,794.3344256864206,3,1,soft_cosine,defined,-0.19741471389774823,0.8374700543541054,0.15165451684935632,0,0,5.988635392073653e-12
P_generalization_R24_eta0.35,P_generalization,24.0,0.35,794.3344256864206,3,2,scaled_0.8,defined,-0.098544221506633,0.8958370489649773,0.07246775555765722,0,0,5.988635392073653e-12
P_generalization_R24_eta0.35,P_generalization,24.0,0.35,794.3344256864206,3,2,scaled_0.85,defined,-0.10634414318987696,0.8978295497489571,0.07699608461214481,0,0,5.988635392073653e-12
P_generalization_R24_eta0.35,P_generalization,24.0,0.35,794.3344256864206,3,2,scaled_0.9,defined,-0.11559416817489097,0.9006675680835826,0.08205385483923616,0,0,5.988635392073653e-12
P_generalization_R24_eta0.35,P_generalization,24.0,0.35,794.3344256864206,3,2,scaled_0.925,defined,-0.12089657993915881,0.902383130449654,0.08484486980926947,0,0,5.988635392073653e-12
P_generalization_R24_eta0.35,P_generalization,24.0,0.35,794.3344256864206,3,2,scaled_0.95,defined,-0.12673576549261642,0.9042648792652688,0.08785571579515208,0,0,5.988635392073653e-12
P_generalization_R24_eta0.35,P_generalization,24.0,0.35,794.3344256864206,3,2,scaled_0.975,defined,-0.13318422018984288,0.9062710088222349,0.09112808755354446,0,0,5.988635392073653e-12
P_generalization_R24_eta0.35,P_generalization,24.0,0.35,794.3344256864206,3,2,scaled_1,defined,-0.1403206294247327,0.9083408628056024,0.09471028803168449,0,0,5.988635392073653e-12
P_generalization_R24_eta0.35,P_generalization,24.0,0.35,794.3344256864206,3,2,scaled_1.025,defined,-0.148228637286276,0.9103908066514687,0.0986570866065628,0,0,5.988635392073653e-12
P_generalization_R24_eta0.35,P_generalization,24.0,0.35,794.3344256864206,3,2,scaled_1.05,defined,-0.1569948623545252,0.912309882175793,0.10302904006397856,0,0,5.988635392073653e-12
P_generalization_R24_eta0.35,P_generalization,24.0,0.35,794.3344256864206,3,2,scaled_1.075,defined,-0.1667059974028977,0.9139556010980443,0.10789108780754875,0,0,5.988635392073653e-12
P_generalization_R24_eta0.35,P_generalization,24.0,0.35,794.3344256864206,3,2,scaled_1.1,defined,-0.17744499587341278,0.9151504652488791,0.1133103503017529,0,0,5.988635392073653e-12
P_generalization_R24_eta0.35,P_generalization,24.0,0.35,794.3344256864206,3,2,scaled_1.15,defined,-0.20228995277062875,0.9152942701536239,0.12607990874588967,0,0,5.988635392073653e-12
P_generalization_R24_eta0.35,P_generalization,24.0,0.35,794.3344256864206,3,2,scaled_1.2,defined,-0.2319172594751525,0.9106349220270559,0.14177568622467848,0,0,5.988635392073653e-12
P_generalization_R24_eta0.35,P_generalization,24.0,0.35,794.3344256864206,3,2,physical_frozen,defined,-0.13796698716711034,0.910451376082711,0.09282926877931205,0,0,5.988635392073653e-12
P_generalization_R24_eta0.35,P_generalization,24.0,0.35,794.3344256864206,3,2,physical_common,defined,-0.05155847943830011,0.9156937243616702,0.006420761050501829,0,0,5.988635392073653e-12
P_generalization_R24_eta0.35,P_generalization,24.0,0.35,794.3344256864206,3,2,actual_root,defined,,0.9107051245853084,,3,18,5.988635392073653e-12
P_generalization_R24_eta0.35,P_generalization,24.0,0.35,794.3344256864206,3,2,soft_cosine,defined,-0.14060523405173464,0.908283790947521,0.09484503700334274,0,0,5.988635392073653e-12
P_generalization_R24_eta0.35,P_generalization,24.0,0.35,794.3344256864206,3,3,scaled_0.8,defined,-0.026076465948975783,0.9561535434111204,0.0,0,0,5.988635392073653e-12
P_generalization_R24_eta0.35,P_generalization,24.0,0.35,794.3344256864206,3,3,scaled_0.85,defined,-0.02934805857773215,0.9588684362240046,0.0,0,0,5.988635392073653e-12
P_generalization_R24_eta0.35,P_generalization,24.0,0.35,794.3344256864206,3,3,scaled_0.9,defined,-0.03354031333565482,0.9615523998162036,0.0,0,0,5.988635392073653e-12
P_generalization_R24_eta0.35,P_generalization,24.0,0.35,794.3344256864206,3,3,scaled_0.925,defined,-0.03605171012988933,0.9628172932049855,0.0,0,0,5.988635392073653e-12
P_generalization_R24_eta0.35,P_generalization,24.0,0.35,794.3344256864206,3,3,scaled_0.95,defined,-0.03888004969746433,0.9639851057150891,0.0,0,0,5.988635392073653e-12
P_generalization_R24_eta0.35,P_generalization,24.0,0.35,794.3344256864206,3,3,scaled_0.975,defined,-0.04205613263629842,0.9650142061927708,0.0,0,0,5.988635392073653e-12
P_generalization_R24_eta0.35,P_generalization,24.0,0.35,794.3344256864206,3,3,scaled_1,defined,-0.045610341393048204,0.9658569244248563,0.0,0,0,5.988635392073653e-12
P_generalization_R24_eta0.35,P_generalization,24.0,0.35,794.3344256864206,3,3,scaled_1.025,defined,-0.049571550679713194,0.9664597681815836,0.0,0,0,5.988635392073653e-12
P_generalization_R24_eta0.35,P_generalization,24.0,0.35,794.3344256864206,3,3,scaled_1.05,defined,-0.05396582229054663,0.9667640446056953,0.0,0,0,5.988635392073653e-12
P_generalization_R24_eta0.35,P_generalization,24.0,0.35,794.3344256864206,3,3,scaled_1.075,defined,-0.05881490959534896,0.9667069862440864,0.0,0,0,5.988635392073653e-12
P_generalization_R24_eta0.35,P_generalization,24.0,0.35,794.3344256864206,3,3,scaled_1.1,defined,-0.06413464557165988,0.9662234678338204,0.0,0,0,5.988635392073653e-12
P_generalization_R24_eta0.35,P_generalization,24.0,0.35,794.3344256864206,3,3,scaled_1.15,defined,-0.07621004402473908,0.9637195499893999,0.0,0,0,5.988635392073653e-12
P_generalization_R24_eta0.35,P_generalization,24.0,0.35,794.3344256864206,3,3,scaled_1.2,defined,-0.090141573250474,0.9587887914824381,0.0,0,0,5.988635392073653e-12
P_generalization_R24_eta0.35,P_generalization,24.0,0.35,794.3344256864206,3,3,physical_frozen,defined,-0.04513771838779828,0.9665181059175291,0.0,0,0,5.988635392073653e-12
P_generalization_R24_eta0.35,P_generalization,24.0,0.35,794.3344256864206,3,3,physical_common,defined,-0.04513771838779828,0.9665181059175291,0.0,0,0,5.988635392073653e-12
P_generalization_R24_eta0.35,P_generalization,24.0,0.35,794.3344256864206,3,3,actual_root,defined,-0.4505386648086503,0.7819041302178061,0.0,9,19,5.988635392073653e-12
P_generalization_R24_eta0.35,P_generalization,24.0,0.35,794.3344256864206,3,3,soft_cosine,defined,-0.04576019704839191,0.9657890410390767,0.0,0,0,5.988635392073653e-12
P_generalization_R24_eta0.35,P_generalization,24.0,0.35,794.3344256864206,3,4,scaled_0.8,defined,-0.10501434855663451,0.8977034006784975,0.07893788260765873,0,0,5.988635392073653e-12
P_generalization_R24_eta0.35,P_generalization,24.0,0.35,794.3344256864206,3,4,scaled_0.85,defined,-0.11447206176539892,0.9007151110060072,0.08512400318766677,0,0,5.988635392073653e-12
P_generalization_R24_eta0.35,P_generalization,24.0,0.35,794.3344256864206,3,4,scaled_0.9,defined,-0.12591633499368918,0.9046234433567949,0.09237602165803435,0,0,5.988635392073653e-12
P_generalization_R24_eta0.35,P_generalization,24.0,0.35,794.3344256864206,3,4,scaled_0.925,defined,-0.13256284832058962,0.9068239458401832,0.09651113819070029,0,0,5.988635392073653e-12
P_generalization_R24_eta0.35,P_generalization,24.0,0.35,794.3344256864206,3,4,scaled_0.95,defined,-0.13993320892901331,0.9090962992451602,0.10105315923154898,0,0,5.988635392073653e-12
P_generalization_R24_eta0.35,P_generalization,24.0,0.35,794.3344256864206,3,4,scaled_0.975,defined,-0.14811215222590646,0.9113334934733281,0.10605601958960803,0,0,5.988635392073653e-12
P_generalization_R24_eta0.35,P_generalization,24.0,0.35,794.3344256864206,3,4,scaled_1,defined,-0.15718354440950777,0.9133910305132025,0.11157320301645957,0,0,5.988635392073653e-12
P_generalization_R24_eta0.35,P_generalization,24.0,0.35,794.3344256864206,3,4,scaled_1.025,defined,-0.1672253486958675,0.9150816135196059,0.1176537980161543,0,0,5.988635392073653e-12
P_generalization_R24_eta0.35,P_generalization,24.0,0.35,794.3344256864206,3,4,scaled_1.05,defined,-0.1783032323683037,0.916172071604916,0.12433741007775706,0,0,5.988635392073653e-12
P_generalization_R24_eta0.35,P_generalization,24.0,0.35,794.3344256864206,3,4,scaled_1.075,defined,-0.19046289023206417,0.9163846365585471,0.1316479806367152,0,0,5.988635392073653e-12
P_generalization_R24_eta0.35,P_generalization,24.0,0.35,794.3344256864206,3,4,scaled_1.1,defined,-0.20372158316698355,0.915405307825134,0.13958693759532367,0,0,5.988635392073653e-12
P_generalization_R24_eta0.35,P_generalization,24.0,0.35,794.3344256864206,3,4,scaled_1.15,defined,-0.2334149962332911,0.9085563352711227,0.15720495220855202,0,0,5.988635392073653e-12
P_generalization_R24_eta0.35,P_generalization,24.0,0.35,794.3344256864206,3,4,scaled_1.2,defined,-0.2666918022551862,0.8933807787069387,0.17655022900471218,0,0,5.988635392073653e-12
P_generalization_R24_eta0.35,P_generalization,24.0,0.35,794.3344256864206,3,4,physical_frozen,defined,-0.15493635750818638,0.915253478801023,0.10979863912038809,0,0,5.988635392073653e-12
P_generalization_R24_eta0.35,P_generalization,24.0,0.35,794.3344256864206,3,4,physical_common,defined,-0.05150711661682067,0.9157609488361547,0.00636939822902239,0,0,5.988635392073653e-12
P_generalization_R24_eta0.35,P_generalization,24.0,0.35,794.3344256864206,3,4,actual_root,defined,-0.7053812161007476,0.6462545994373672,0.25484255129209726,3,20,5.988635392073653e-12
P_generalization_R24_eta0.35,P_generalization,24.0,0.35,794.3344256864206,3,4,soft_cosine,defined,-0.15753048386919632,0.9132045009178151,0.11177028682080442,0,0,5.988635392073653e-12
P_generalization_R24_eta0.35,P_generalization,24.0,0.35,794.3344256864206,3,5,scaled_0.8,defined,-0.1823744194968554,0.8396014534080495,0.15629795354787962,0,0,5.988635392073653e-12
P_generalization_R24_eta0.35,P_generalization,24.0,0.35,794.3344256864206,3,5,scaled_0.85,defined,-0.20082606116100032,0.8394492134141228,0.17147800258326817,0,0,5.988635392073653e-12
P_generalization_R24_eta0.35,P_generalization,24.0,0.35,794.3344256864206,3,5,scaled_0.9,defined,-0.22249403150937785,0.8416942323605279,0.18895371817372303,0,0,5.988635392073653e-12
P_generalization_R24_eta0.35,P_generalization,24.0,0.35,794.3344256864206,3,5,scaled_0.925,defined,-0.23483426278231112,0.843735788409637,0.19878255265242178,0,0,5.988635392073653e-12
P_generalization_R24_eta0.35,P_generalization,24.0,0.35,794.3344256864206,3,5,scaled_0.95,defined,-0.2483622180552164,0.8463285679018708,0.20948216835775207,0,0,5.988635392073653e-12
P_generalization_R24_eta0.35,P_generalization,24.0,0.35,794.3344256864206,3,5,scaled_0.975,defined,-0.2632239615807782,0.8493497425393823,0.22116782894447978,0,0,5.988635392073653e-12
P_generalization_R24_eta0.35,P_generalization,24.0,0.35,794.3344256864206,3,5,scaled_1,defined,-0.2795642271898431,0.8525840933610075,0.23395388579679488,0,0,5.988635392073653e-12
P_generalization_R24_eta0.35,P_generalization,24.0,0.35,794.3344256864206,3,5,scaled_1.025,defined,-0.29751647950691973,0.8556900112649101,0.24794492882720653,0,0,5.988635392073653e-12
P_generalization_R24_eta0.35,P_generalization,24.0,0.35,794.3344256864206,3,5,scaled_1.05,defined,-0.3171897672419315,0.8581592154987546,0.26322394495138485,0,0,5.988635392073653e-12
P_generalization_R24_eta0.35,P_generalization,24.0,0.35,794.3344256864206,3,5,scaled_1.075,defined,-0.3386524904908852,0.8592805237827839,0.27983758089553623,0,0,5.988635392073653e-12
P_generalization_R24_eta0.35,P_generalization,24.0,0.35,794.3344256864206,3,5,scaled_1.1,defined,-0.3619135200966235,0.8581223149634029,0.2977788745249636,0,0,5.988635392073653e-12
P_generalization_R24_eta0.35,P_generalization,24.0,0.35,794.3344256864206,3,5,scaled_1.15,defined,-0.41344969649140406,0.8444468775221505,0.337239652466665,0,0,5.988635392073653e-12
P_generalization_R24_eta0.35,P_generalization,24.0,0.35,794.3344256864206,3,5,scaled_1.2,defined,-0.4700301566729038,0.8092701577471956,0.3798885834224298,0,0,5.988635392073653e-12
P_generalization_R24_eta0.35,P_generalization,24.0,0.35,794.3344256864206,3,5,physical_frozen,defined,-0.2736824917901134,0.8559637482961935,0.2285447734023151,0,0,5.988635392073653e-12
P_generalization_R24_eta0.35,P_generalization,24.0,0.35,794.3344256864206,3,5,physical_common,defined,-0.037045447727874464,0.9193336063179066,-0.008092270659923816,0,0,5.988635392073653e-12
P_generalization_R24_eta0.35,P_generalization,24.0,0.35,794.3344256864206,3,5,actual_root,defined,-0.9965278631197201,0.5501502229917336,0.5459891983110698,5,23,5.988635392073653e-12
P_generalization_R24_eta0.35,P_generalization,24.0,0.35,794.3344256864206,3,5,soft_cosine,defined,-0.28014128510884695,0.852404861671289,0.23438108806045505,0,0,5.988635392073653e-12
P_generalization_R24_eta0.35,P_generalization,24.0,0.35,794.3344256864206,3,7,scaled_0.8,defined,-0.326469963872952,0.7343582590844342,0.30039349792397624,0,0,5.988635392073653e-12
P_generalization_R24_eta0.35,P_generalization,24.0,0.35,794.3344256864206,3,7,scaled_0.85,defined,-0.3703866395781469,0.7172688937920503,0.34103858100041473,0,0,5.988635392073653e-12
P_generalization_R24_eta0.35,P_generalization,24.0,0.35,794.3344256864206,3,7,scaled_0.9,defined,-0.4206579717507213,0.7053662402134374,0.38711765841506646,0,0,5.988635392073653e-12
P_generalization_R24_eta0.35,P_generalization,24.0,0.35,794.3344256864206,3,7,scaled_0.925,defined,-0.44874990691151173,0.701816870413142,0.4126981967816224,0,0,5.988635392073653e-12
P_generalization_R24_eta0.35,P_generalization,24.0,0.35,794.3344256864206,3,7,scaled_0.95,defined,-0.47915355549821803,0.7000805842216139,0.4402735058007537,0,0,5.988635392073653e-12
P_generalization_R24_eta0.35,P_generalization,24.0,0.35,794.3344256864206,3,7,scaled_0.975,defined,-0.5121282931256814,0.7002486272791368,0.470072160489383,0,0,5.988635392073653e-12
P_generalization_R24_eta0.35,P_generalization,24.0,0.35,794.3344256864206,3,7,scaled_1,defined,-0.5479186064765695,0.7022906591300474,0.5023082650835213,0,0,5.988635392073653e-12
P_generalization_R24_eta0.35,P_generalization,24.0,0.35,794.3344256864206,3,7,scaled_1.025,defined,-0.586737899439493,0.7059402343587633,0.5371663487597798,0,0,5.988635392073653e-12
P_generalization_R24_eta0.35,P_generalization,24.0,0.35,794.3344256864206,3,7,scaled_1.05,defined,-0.6287541614482853,0.7104601440530974,0.5747883391577387,0,0,5.988635392073653e-12
P_generalization_R24_eta0.35,P_generalization,24.0,0.35,794.3344256864206,3,7,scaled_1.075,defined,-0.6740784086878052,0.7141017764685956,0.6152634990924563,0,0,5.988635392073653e-12
P_generalization_R24_eta0.35,P_generalization,24.0,0.35,794.3344256864206,3,7,scaled_1.1,defined,-0.7227481119957215,0.7127040185546815,0.6586134664240617,0,0,5.988635392073653e-12
P_generalization_R24_eta0.35,P_generalization,24.0,0.35,794.3344256864206,3,7,scaled_1.15,defined,-0.8294065719164483,0.6472257791015664,0.7531965278917092,0,0,5.988635392073653e-12
P_generalization_R24_eta0.35,P_generalization,24.0,0.35,794.3344256864206,3,7,scaled_1.2,defined,-0.942728919189314,0.47179564005501445,0.85258734593884,0,0,5.988635392073653e-12
P_generalization_R24_eta0.35,P_generalization,24.0,0.35,794.3344256864206,3,7,physical_frozen,defined,-0.52791330498983,0.706404944450339,0.48277558660203174,0,0,5.988635392073653e-12
P_generalization_R24_eta0.35,P_generalization,24.0,0.35,794.3344256864206,3,7,physical_common,defined,0.07564579486603051,1.0665901587571442,-0.1207835132538288,0,0,5.988635392073653e-12
P_generalization_R24_eta0.35,P_generalization,24.0,0.35,794.3344256864206,3,7,actual_root,defined,-1.4829390326619134,0.706422377321803,1.0324003678532632,4,29,5.988635392073653e-12
P_generalization_R24_eta0.35,P_generalization,24.0,0.35,794.3344256864206,3,7,soft_cosine,defined,-0.549041763962042,0.7026124979698181,0.50328156691365,0,0,5.988635392073653e-12
P_generalization_R24_eta0.7,P_generalization,24.0,0.7,794.3344256864206,2,1,scaled_0.8,defined,-0.11077367807818325,0.9293893599302295,0.0942820849114767,0,0,2.451620006109899e-14
P_generalization_R24_eta0.7,P_generalization,24.0,0.7,794.3344256864206,2,1,scaled_0.85,defined,-0.10717237360659126,0.9413451695096221,0.09252149357157988,0,0,2.451620006109899e-14
P_generalization_R24_eta0.7,P_generalization,24.0,0.7,794.3344256864206,2,1,scaled_0.9,defined,-0.10286848262134983,0.9558506922174475,0.0894173180123763,0,0,2.451620006109899e-14
P_generalization_R24_eta0.7,P_generalization,24.0,0.7,794.3344256864206,2,1,scaled_0.925,defined,-0.10040156573533408,0.9642836455411817,0.0872241288332154,0,0,2.451620006109899e-14
P_generalization_R24_eta0.7,P_generalization,24.0,0.7,794.3344256864206,2,1,scaled_0.95,defined,-0.09768962099066947,0.9736563293874724,0.0845157282811958,0,0,2.451620006109899e-14
P_generalization_R24_eta0.7,P_generalization,24.0,0.7,794.3344256864206,2,1,scaled_0.975,defined,-0.09469977940634822,0.984116143274877,0.08121538957042353,0,0,2.451620006109899e-14
P_generalization_R24_eta0.7,P_generalization,24.0,0.7,794.3344256864206,2,1,scaled_1,defined,-0.0913919168710885,0.9958469313883115,0.0772360052139538,0,0,2.451620006109899e-14
P_generalization_R24_eta0.7,P_generalization,24.0,0.7,794.3344256864206,2,1,scaled_1.025,defined,-0.0877163450361218,1.00907241766199,0.07247823532722197,0,0,2.451620006109899e-14
P_generalization_R24_eta0.7,P_generalization,24.0,0.7,794.3344256864206,2,1,scaled_1.05,defined,-0.08361035801601213,1.0240845879165394,0.06682776068481598,0,0,2.451620006109899e-14
P_generalization_R24_eta0.7,P_generalization,24.0,0.7,794.3344256864206,2,1,scaled_1.075,defined,-0.07899331794818953,1.041255280072385,0.06015135515657354,0,0,2.451620006109899e-14
P_generalization_R24_eta0.7,P_generalization,24.0,0.7,794.3344256864206,2,1,scaled_1.1,defined,-0.0737591428097677,1.0610782870004598,0.052290676185805074,0,0,2.451620006109899e-14
P_generalization_R24_eta0.7,P_generalization,24.0,0.7,794.3344256864206,2,1,scaled_1.15,defined,-0.060812094015980644,1.1116342591193378,0.03219193020654799,0,0,2.451620006109899e-14
P_generalization_R24_eta0.7,P_generalization,24.0,0.7,794.3344256864206,2,1,scaled_1.2,defined,-0.04275643458656521,1.1853681033170917,0.004177326119527702,0,0,2.451620006109899e-14
P_generalization_R24_eta0.7,P_generalization,24.0,0.7,794.3344256864206,2,1,physical_frozen,defined,-0.07722470792493341,1.017756274596586,0.06669934100777875,0,0,2.451620006109899e-14
P_generalization_R24_eta0.7,P_generalization,24.0,0.7,794.3344256864206,2,1,physical_common,defined,-0.07524048836806185,0.9516833259833156,0.06471512145090719,0,0,2.451620006109899e-14
P_generalization_R24_eta0.7,P_generalization,24.0,0.7,794.3344256864206,2,1,actual_root,defined,-0.0743067470098886,1.0755012349955395,,1,21,2.451620006109899e-14
P_generalization_R24_eta0.7,P_generalization,24.0,0.7,794.3344256864206,2,1,soft_cosine,defined,-0.09125815631015821,0.9964371173578576,0.07692111348067499,0,0,2.451620006109899e-14
P_generalization_R24_eta0.7,P_generalization,24.0,0.7,794.3344256864206,2,2,scaled_0.8,defined,-0.01649159316670655,1.0451700240271704,0.0,0,0,2.451620006109899e-14
P_generalization_R24_eta0.7,P_generalization,24.0,0.7,794.3344256864206,2,2,scaled_0.85,defined,-0.014650880035011384,1.0552213349544144,0.0,0,0,2.451620006109899e-14
P_generalization_R24_eta0.7,P_generalization,24.0,0.7,794.3344256864206,2,2,scaled_0.9,defined,-0.013451164608973526,1.0656871509250327,0.0,0,0,2.451620006109899e-14
P_generalization_R24_eta0.7,P_generalization,24.0,0.7,794.3344256864206,2,2,scaled_0.925,defined,-0.013177436902118684,1.0710038321409294,0.0,0,0,2.451620006109899e-14
P_generalization_R24_eta0.7,P_generalization,24.0,0.7,794.3344256864206,2,2,scaled_0.95,defined,-0.013173892709473674,1.0763254130741926,0.0,0,0,2.451620006109899e-14
P_generalization_R24_eta0.7,P_generalization,24.0,0.7,794.3344256864206,2,2,scaled_0.975,defined,-0.01348438983592469,1.0816069528129348,0.0,0,0,2.451620006109899e-14
P_generalization_R24_eta0.7,P_generalization,24.0,0.7,794.3344256864206,2,2,scaled_1,defined,-0.014155911657134708,1.0867938046006598,0.0,0,0,2.451620006109899e-14
P_generalization_R24_eta0.7,P_generalization,24.0,0.7,794.3344256864206,2,2,scaled_1.025,defined,-0.015238109708899827,1.0918214877087384,0.0,0,0,2.451620006109899e-14
P_generalization_R24_eta0.7,P_generalization,24.0,0.7,794.3344256864206,2,2,scaled_1.05,defined,-0.01678259733119615,1.0966163035079997,0.0,0,0,2.451620006109899e-14
P_generalization_R24_eta0.7,P_generalization,24.0,0.7,794.3344256864206,2,2,scaled_1.075,defined,-0.018841962791615992,1.1010952647769852,0.0,0,0,2.451620006109899e-14
P_generalization_R24_eta0.7,P_generalization,24.0,0.7,794.3344256864206,2,2,scaled_1.1,defined,-0.021468466623962623,1.105167668661989,0.0,0,0,2.451620006109899e-14
P_generalization_R24_eta0.7,P_generalization,24.0,0.7,794.3344256864206,2,2,scaled_1.15,defined,-0.028620163809432657,1.111682207425309,0.0,0,0,2.451620006109899e-14
P_generalization_R24_eta0.7,P_generalization,24.0,0.7,794.3344256864206,2,2,scaled_1.2,defined,-0.03857910846703751,1.1152775176233725,0.0,0,0,2.451620006109899e-14
P_generalization_R24_eta0.7,P_generalization,24.0,0.7,794.3344256864206,2,2,physical_frozen,defined,-0.01052536691715466,1.094181190010498,0.0,0,0,2.451620006109899e-14
P_generalization_R24_eta0.7,P_generalization,24.0,0.7,794.3344256864206,2,2,physical_common,defined,-0.01052536691715466,1.094181190010498,0.0,0,0,2.451620006109899e-14
P_generalization_R24_eta0.7,P_generalization,24.0,0.7,794.3344256864206,2,2,actual_root,defined,,1.109634456473266,,2,22,2.451620006109899e-14
P_generalization_R24_eta0.7,P_generalization,24.0,0.7,794.3344256864206,2,2,soft_cosine,defined,-0.01433704282948322,1.0866841168954913,0.0,0,0,2.451620006109899e-14
P_generalization_R24_eta0.7,P_generalization,24.0,0.7,794.3344256864206,2,3,scaled_0.8,defined,-0.11217482085281072,0.9530851648206623,0.09568322768610417,0,0,2.451620006109899e-14
P_generalization_R24_eta0.7,P_generalization,24.0,0.7,794.3344256864206,2,3,scaled_0.85,defined,-0.1111845776629815,0.9687570326977591,0.09653369762797011,0,0,2.451620006109899e-14
P_generalization_R24_eta0.7,P_generalization,24.0,0.7,794.3344256864206,2,3,scaled_0.9,defined,-0.11101098469172789,0.986764065511164,0.09755982008275436,0,0,2.451620006109899e-14
P_generalization_R24_eta0.7,P_generalization,24.0,0.7,794.3344256864206,2,3,scaled_0.925,defined,-0.11137632266690996,0.9967002450166371,0.09819888576479127,0,0,2.451620006109899e-14
P_generalization_R24_eta0.7,P_generalization,24.0,0.7,794.3344256864206,2,3,scaled_0.95,defined,-0.1121404518454967,1.0072766986889319,0.09896655913602304,0,0,2.451620006109899e-14
P_generalization_R24_eta0.7,P_generalization,24.0,0.7,794.3344256864206,2,3,scaled_0.975,defined,-0.11338993543039799,1.0185041065224931,0.0999055455944733,0,0,2.451620006109899e-14
P_generalization_R24_eta0.7,P_generalization,24.0,0.7,794.3344256864206,2,3,scaled_1,defined,-0.11522272567419845,1.0303755618426111,0.10106681401706374,0,0,2.451620006109899e-14
P_generalization_R24_eta0.7,P_generalization,24.0,0.7,794.3344256864206,2,3,scaled_1.025,defined,-0.11774810022230975,1.042880767924559,0.10250999051340992,0,0,2.451620006109899e-14
P_generalization_R24_eta0.7,P_generalization,24.0,0.7,794.3344256864206,2,3,scaled_1.05,defined,-0.12108597005438604,1.0559848362400328,0.10430337272318989,0,0,2.451620006109899e-14
P_generalization_R24_eta0.7,P_generalization,24.0,0.7,794.3344256864206,2,3,scaled_1.075,defined,-0.1253653327921196,1.069642626135113,0.1065233700005036,0,0,2.451620006109899e-14
P_generalization_R24_eta0.7,P_generalization,24.0,0.7,794.3344256864206,2,3,scaled_1.1,defined,-0.13072159478437778,1.0837762106982076,0.10925312816041516,0,0,2.451620006109899e-14
P_generalization_R24_eta0.7,P_generalization,24.0,0.7,794.3344256864206,2,3,scaled_1.15,defined,-0.14521264919346266,1.1130357136764977,0.11659248538403,0,0,2.451620006109899e-14
P_generalization_R24_eta0.7,P_generalization,24.0,0.7,794.3344256864206,2,3,scaled_1.2,defined,-0.16557715401696682,1.1424878296702101,0.12699804554992933,0,0,2.451620006109899e-14
P_generalization_R24_eta0.7,P_generalization,24.0,0.7,794.3344256864206,2,3,physical_frozen,defined,-0.10544225163356506,1.049049683834784,0.0949168847164104,0,0,2.451620006109899e-14
P_generalization_R24_eta0.7,P_generalization,24.0,0.7,794.3344256864206,2,3,physical_common,defined,-0.07698551879704518,0.9483082796509797,0.06646015187989052,0,0,2.451620006109899e-14
P_generalization_R24_eta0.7,P_generalization,24.0,0.7,794.3344256864206,2,3,actual_root,defined,,1.1004933895380273,,2,23,2.451620006109899e-14
P_generalization_R24_eta0.7,P_generalization,24.0,0.7,794.3344256864206,2,3,soft_cosine,defined,-0.11555619819258882,1.0303278065760237,0.1012191553631056,0,0,2.451620006109899e-14
P_generalization_R24_eta0.7,P_generalization,24.0,0.7,794.3344256864206,2,4,scaled_0.8,defined,-0.20473523541510386,0.8655152447349294,0.1882436422483973,0,0,2.451620006109899e-14
P_generalization_R24_eta0.7,P_generalization,24.0,0.7,794.3344256864206,2,4,scaled_0.85,defined,-0.2076801549109688,0.8820486087061208,0.19302927487595742,0,0,2.451620006109899e-14
P_generalization_R24_eta0.7,P_generalization,24.0,0.7,794.3344256864206,2,4,scaled_0.9,defined,-0.21169410395765054,0.9030689379988095,0.198242939348677,0,0,2.451620006109899e-14
P_generalization_R24_eta0.7,P_generalization,24.0,0.7,794.3344256864206,2,4,scaled_0.925,defined,-0.2142806666383787,0.9156364868528454,0.20110322973626002,0,0,2.451620006109899e-14
P_generalization_R24_eta0.7,P_generalization,24.0,0.7,794.3344256864206,2,4,scaled_0.95,defined,-0.21737540423745133,0.9298343441887302,0.20420151152797766,0,0,2.451620006109899e-14
P_generalization_R24_eta0.7,P_generalization,24.0,0.7,794.3344256864206,2,4,scaled_0.975,defined,-0.22108744162442867,0.9459215234329277,0.20760305178850397,0,0,2.451620006109899e-14
P_generalization_R24_eta0.7,P_generalization,24.0,0.7,794.3344256864206,2,4,scaled_1,defined,-0.22553959490677367,0.9642250118788908,0.21138368324963897,0,0,2.451620006109899e-14
P_generalization_R24_eta0.7,P_generalization,24.0,0.7,794.3344256864206,2,4,scaled_1.025,defined,-0.2308659773945489,0.9851910331429672,0.21562786768564907,0,0,2.451620006109899e-14
P_generalization_R24_eta0.7,P_generalization,24.0,0.7,794.3344256864206,2,4,scaled_1.05,defined,-0.23720661729379894,1.0094500903194494,0.2204240199626028,0,0,2.451620006109899e-14
P_generalization_R24_eta0.7,P_generalization,24.0,0.7,794.3344256864206,2,4,scaled_1.075,defined,-0.24469690606810302,1.0379478863866163,0.22585494327648703,0,0,2.451620006109899e-14
P_generalization_R24_eta0.7,P_generalization,24.0,0.7,794.3344256864206,2,4,scaled_1.1,defined,-0.25344770834277197,1.072206848123532,0.23197924171880935,0,0,2.451620006109899e-14
P_generalization_R24_eta0.7,P_generalization,24.0,0.7,794.3344256864206,2,4,scaled_1.15,defined,-0.27477475189390604,1.1713618299422843,0.24615458808447338,0,0,2.451620006109899e-14
P_generalization_R24_eta0.7,P_generalization,24.0,0.7,794.3344256864206,2,4,scaled_1.2,defined,-0.29799332593965633,1.4006060972267815,0.25941421747261884,0,0,2.451620006109899e-14
P_generalization_R24_eta0.7,P_generalization,24.0,0.7,794.3344256864206,2,4,physical_frozen,defined,-0.2082993480171635,0.9953808419195128,0.19777398110000882,0,0,2.451620006109899e-14
P_generalization_R24_eta0.7,P_generalization,24.0,0.7,794.3344256864206,2,4,physical_common,defined,-0.11691474908228816,0.8754559804372205,0.1063893821651335,0,0,2.451620006109899e-14
P_generalization_R24_eta0.7,P_generalization,24.0,0.7,794.3344256864206,2,4,actual_root,defined,-0.38735140989776884,1.1424167084114392,,1,25,2.451620006109899e-14
P_generalization_R24_eta0.7,P_generalization,24.0,0.7,794.3344256864206,2,4,soft_cosine,defined,-0.22603408655337986,0.9644367738103635,0.21169704372389664,0,0,2.451620006109899e-14
P_generalization_R24_eta0.7,P_generalization,24.0,0.7,794.3344256864206,2,6,scaled_0.8,defined,-0.37439258236816775,0.7141750022241496,0.3579009892014612,0,0,2.451620006109899e-14
P_generalization_R24_eta0.7,P_generalization,24.0,0.7,794.3344256864206,2,6,scaled_0.85,defined,-0.3931447537876246,0.721331688765069,0.37849387375261323,0,0,2.451620006109899e-14
P_generalization_R24_eta0.7,P_generalization,24.0,0.7,794.3344256864206,2,6,scaled_0.9,defined,-0.4145119546453709,0.7361439282743859,0.4010607900363974,0,0,2.451620006109899e-14
P_generalization_R24_eta0.7,P_generalization,24.0,0.7,794.3344256864206,2,6,scaled_0.925,defined,-0.42648346474879384,0.7476128728425177,0.41330602784667514,0,0,2.451620006109899e-14
P_generalization_R24_eta0.7,P_generalization,24.0,0.7,794.3344256864206,2,6,scaled_0.95,defined,-0.43951101542033894,0.7628243364484012,0.42633712271086527,0,0,2.451620006109899e-14
P_generalization_R24_eta0.7,P_generalization,24.0,0.7,794.3344256864206,2,6,scaled_0.975,defined,-0.45374794647776573,0.7830616675501447,0.440263556641841,0,0,2.451620006109899e-14
P_generalization_R24_eta0.7,P_generalization,24.0,0.7,794.3344256864206,2,6,scaled_1,defined,-0.4693177567886684,0.8104449392367576,0.4551618451315337,0,0,2.451620006109899e-14
P_generalization_R24_eta0.7,P_generalization,24.0,0.7,794.3344256864206,2,6,scaled_1.025,defined,-0.4862372646761522,0.8488615454930745,0.47099915496725236,0,0,2.451620006109899e-14
P_generalization_R24_eta0.7,P_generalization,24.0,0.7,794.3344256864206,2,6,scaled_1.05,defined,-0.5042120433362343,0.9065902426419985,0.4874294460050381,0,0,2.451620006109899e-14
P_generalization_R24_eta0.7,P_generalization,24.0,0.7,794.3344256864206,2,6,scaled_1.075,defined,-0.5219655705242936,1.0059154689857355,0.5031236077326776,0,0,2.451620006109899e-14
P_generalization_R24_eta0.7,P_generalization,24.0,0.7,794.3344256864206,2,6,scaled_1.1,defined,-0.5341127711197374,1.2260662473394885,0.5126443044957748,0,0,2.451620006109899e-14
P_generalization_R24_eta0.7,P_generalization,24.0,0.7,794.3344256864206,2,6,scaled_1.15,defined,-0.49585740734364764,1.7045896829393168,0.467237243534215,0,0,2.451620006109899e-14
P_generalization_R24_eta0.7,P_generalization,24.0,0.7,794.3344256864206,2,6,scaled_1.2,defined,-0.41521152008816076,1.8743076009827646,0.37663241162112326,0,0,2.451620006109899e-14
P_generalization_R24_eta0.7,P_generalization,24.0,0.7,794.3344256864206,2,6,physical_frozen,defined,-0.433963447059784,0.8651025753977108,0.42343808014262935,0,0,2.451620006109899e-14
P_generalization_R24_eta0.7,P_generalization,24.0,0.7,794.3344256864206,2,6,physical_common,defined,-0.10910918925034951,0.8735705104988923,0.09858382233319485,0,0,2.451620006109899e-14
P_generalization_R24_eta0.7,P_generalization,24.0,0.7,794.3344256864206,2,6,actual_root,defined,-0.24552533382462993,2.2354121071513915,,2,30,2.451620006109899e-14
P_generalization_R24_eta0.7,P_generalization,24.0,0.7,794.3344256864206,2,6,soft_cosine,defined,-0.4703280166818573,0.8120973689891896,0.4559909738523741,0,0,2.451620006109899e-14
P_generalization_R24_eta0.7,P_generalization,24.0,0.7,794.3344256864206,3,1,scaled_0.8,defined,-0.19592550626287664,0.847429335152152,0.18066830605593556,0,0,2.451620006109899e-14
P_generalization_R24_eta0.7,P_generalization,24.0,0.7,794.3344256864206,3,1,scaled_0.85,defined,-0.19547277779754793,0.8590961744376727,0.18162627243529209,0,0,2.451620006109899e-14
P_generalization_R24_eta0.7,P_generalization,24.0,0.7,794.3344256864206,3,1,scaled_0.9,defined,-0.1943680042957894,0.8746437284826823,0.1809775462384389,0,0,2.451620006109899e-14
P_generalization_R24_eta0.7,P_generalization,24.0,0.7,794.3344256864206,3,1,scaled_0.925,defined,-0.193494475949897,0.8843360956048282,0.17985587084172694,0,0,2.451620006109899e-14
P_generalization_R24_eta0.7,P_generalization,24.0,0.7,794.3344256864206,3,1,scaled_0.95,defined,-0.1923494606139763,0.8956586019909427,0.17807341055004478,0,0,2.451620006109899e-14
P_generalization_R24_eta0.7,P_generalization,24.0,0.7,794.3344256864206,3,1,scaled_0.975,defined,-0.19087326110895264,0.908969465705412,0.17551167985950536,0,0,2.451620006109899e-14
P_generalization_R24_eta0.7,P_generalization,24.0,0.7,794.3344256864206,3,1,scaled_1,defined,-0.18898512533691825,0.9247532006423734,0.1720280935151508,0,0,2.451620006109899e-14
P_generalization_R24_eta0.7,P_generalization,24.0,0.7,794.3344256864206,3,1,scaled_1.025,defined,-0.18657224353322155,0.9436691288426148,0.16744613893376092,0,0,2.451620006109899e-14
P_generalization_R24_eta0.7,P_generalization,24.0,0.7,794.3344256864206,3,1,scaled_1.05,defined,-0.18347113243119528,0.9666531126875699,0.16153838380258356,0,0,2.451620006109899e-14
P_generalization_R24_eta0.7,P_generalization,24.0,0.7,794.3344256864206,3,1,scaled_1.075,defined,-0.1794350828408534,0.9950889639631104,0.1539960436389163,0,0,2.451620006109899e-14
P_generalization_R24_eta0.7,P_generalization,24.0,0.7,794.3344256864206,3,1,scaled_1.1,defined,-0.1740738730740673,1.0311229146569634,0.1443713193998839,0,0,2.451620006109899e-14
P_generalization_R24_eta0.7,P_generalization,24.0,0.7,794.3344256864206,3,1,scaled_1.15,defined,-0.15624564594585244,1.1430122790085504,0.11555564916940042,0,0,2.451620006109899e-14
P_generalization_R24_eta0.7,P_generalization,24.0,0.7,794.3344256864206,3,1,scaled_1.2,defined,-0.11399126272892254,1.3868946613851296,0.05885207371857511,0,0,2.451620006109899e-14
P_generalization_R24_eta0.7,P_generalization,24.0,0.7,794.3344256864206,3,1,physical_frozen,defined,-0.16872768482851075,0.9549042384429701,0.15423488786255846,0,0,2.451620006109899e-14
P_generalization_R24_eta0.7,P_generalization,24.0,0.7,794.3344256864206,3,1,physical_common,defined,-0.11923505395684994,0.8755418041879006,0.10474225699089766,0,0,2.451620006109899e-14
P_generalization_R24_eta0.7,P_generalization,24.0,0.7,794.3344256864206,3,1,actual_root,defined,-0.17518121197053516,1.0477956513583488,,1,22,2.451620006109899e-14
P_generalization_R24_eta0.7,P_generalization,24.0,0.7,794.3344256864206,3,1,soft_cosine,defined,-0.18888313389446154,0.9256696922789275,0.17170648130389932,0,0,2.451620006109899e-14
P_generalization_R24_eta0.7,P_generalization,24.0,0.7,794.3344256864206,3,2,scaled_0.8,defined,-0.11217482085281072,0.9530851648206623,0.09691762064586965,0,0,2.451620006109899e-14
P_generalization_R24_eta0.7,P_generalization,24.0,0.7,794.3344256864206,3,2,scaled_0.85,defined,-0.1111845776629815,0.9687570326977591,0.09733807230072565,0,0,2.451620006109899e-14
P_generalization_R24_eta0.7,P_generalization,24.0,0.7,794.3344256864206,3,2,scaled_0.9,defined,-0.11101098469172789,0.986764065511164,0.09762052663437738,0,0,2.451620006109899e-14
P_generalization_R24_eta0.7,P_generalization,24.0,0.7,794.3344256864206,3,2,scaled_0.925,defined,-0.11137632266690996,0.9967002450166371,0.09773771755873989,0,0,2.451620006109899e-14
P_generalization_R24_eta0.7,P_generalization,24.0,0.7,794.3344256864206,3,2,scaled_0.95,defined,-0.1121404518454967,1.0072766986889319,0.09786440178156519,0,0,2.451620006109899e-14
P_generalization_R24_eta0.7,P_generalization,24.0,0.7,794.3344256864206,3,2,scaled_0.975,defined,-0.11338993543039799,1.0185041065224931,0.0980283541809507,0,0,2.451620006109899e-14
P_generalization_R24_eta0.7,P_generalization,24.0,0.7,794.3344256864206,3,2,scaled_1,defined,-0.11522272567419845,1.0303755618426111,0.098265693852431,0,0,2.451620006109899e-14
P_generalization_R24_eta0.7,P_generalization,24.0,0.7,794.3344256864206,3,2,scaled_1.025,defined,-0.11774810022230975,1.042880767924559,0.09862199562284912,0,0,2.451620006109899e-14
P_generalization_R24_eta0.7,P_generalization,24.0,0.7,794.3344256864206,3,2,scaled_1.05,defined,-0.12108597005438604,1.0559848362400328,0.09915322142577432,0,0,2.451620006109899e-14
P_generalization_R24_eta0.7,P_generalization,24.0,0.7,794.3344256864206,3,2,scaled_1.075,defined,-0.1253653327921196,1.069642626135113,0.09992629359018249,0,0,2.451620006109899e-14
P_generalization_R24_eta0.7,P_generalization,24.0,0.7,794.3344256864206,3,2,scaled_1.1,defined,-0.13072159478437778,1.0837762106982076,0.10101904111019439,0,0,2.451620006109899e-14
P_generalization_R24_eta0.7,P_generalization,24.0,0.7,794.3344256864206,3,2,scaled_1.15,defined,-0.14521264919346266,1.1130357136764977,0.10452265241701064,0,0,2.451620006109899e-14
P_generalization_R24_eta0.7,P_generalization,24.0,0.7,794.3344256864206,3,2,scaled_1.2,defined,-0.16557715401696682,1.1424878296702101,0.11043796500661938,0,0,2.451620006109899e-14
P_generalization_R24_eta0.7,P_generalization,24.0,0.7,794.3344256864206,3,2,physical_frozen,defined,-0.10544225163356506,1.049049683834784,0.09094945466761278,0,0,2.451620006109899e-14
P_generalization_R24_eta0.7,P_generalization,24.0,0.7,794.3344256864206,3,2,physical_common,defined,-0.07809625496194875,0.9522315874985734,0.06360345799599647,0,0,2.451620006109899e-14
P_generalization_R24_eta0.7,P_generalization,24.0,0.7,794.3344256864206,3,2,actual_root,defined,,1.1004933895380273,,2,23,2.451620006109899e-14
P_generalization_R24_eta0.7,P_generalization,24.0,0.7,794.3344256864206,3,2,soft_cosine,defined,-0.11555619819258882,1.0303278065760237,0.09837954560202658,0,0,2.451620006109899e-14
P_generalization_R24_eta0.7,P_generalization,24.0,0.7,794.3344256864206,3,3,scaled_0.8,defined,-0.015257200206941076,1.0519048052591193,0.0,0,0,2.451620006109899e-14
P_generalization_R24_eta0.7,P_generalization,24.0,0.7,794.3344256864206,3,3,scaled_0.85,defined,-0.013846505362255845,1.0626325251370126,0.0,0,0,2.451620006109899e-14
P_generalization_R24_eta0.7,P_generalization,24.0,0.7,794.3344256864206,3,3,scaled_0.9,defined,-0.013390458057350507,1.0735718951640645,0.0,0,0,2.451620006109899e-14
P_generalization_R24_eta0.7,P_generalization,24.0,0.7,794.3344256864206,3,3,scaled_0.925,defined,-0.013638605108170068,1.07900283047397,0.0,0,0,2.451620006109899e-14
P_generalization_R24_eta0.7,P_generalization,24.0,0.7,794.3344256864206,3,3,scaled_0.95,defined,-0.014276050063931504,1.0843278681091215,0.0,0,0,2.451620006109899e-14
P_generalization_R24_eta0.7,P_generalization,24.0,0.7,794.3344256864206,3,3,scaled_0.975,defined,-0.01536158124944729,1.0894708407112266,0.0,0,0,2.451620006109899e-14
P_generalization_R24_eta0.7,P_generalization,24.0,0.7,794.3344256864206,3,3,scaled_1,defined,-0.016957031821767436,1.0943433499385313,0.0,0,0,2.451620006109899e-14
P_generalization_R24_eta0.7,P_generalization,24.0,0.7,794.3344256864206,3,3,scaled_1.025,defined,-0.019126104599460625,1.0988444990231359,0.0,0,0,2.451620006109899e-14
P_generalization_R24_eta0.7,P_generalization,24.0,0.7,794.3344256864206,3,3,scaled_1.05,defined,-0.021932748628611713,1.1028615303221672,0.0,0,0,2.451620006109899e-14
P_generalization_R24_eta0.7,P_generalization,24.0,0.7,794.3344256864206,3,3,scaled_1.075,defined,-0.02543903920193711,1.1062705242596873,0.0,0,0,2.451620006109899e-14
P_generalization_R24_eta0.7,P_generalization,24.0,0.7,794.3344256864206,3,3,scaled_1.1,defined,-0.029702553674183403,1.1089358804613076,0.0,0,0,2.451620006109899e-14
P_generalization_R24_eta0.7,P_generalization,24.0,0.7,794.3344256864206,3,3,scaled_1.15,defined,-0.04068999677645202,1.111463211570406,0.0,0,0,2.451620006109899e-14
P_generalization_R24_eta0.7,P_generalization,24.0,0.7,794.3344256864206,3,3,scaled_1.2,defined,-0.055139189010347436,1.109315422371513,0.0,0,0,2.451620006109899e-14
P_generalization_R24_eta0.7,P_generalization,24.0,0.7,794.3344256864206,3,3,physical_frozen,defined,-0.01449279696595228,1.1003392866020658,0.0,0,0,2.451620006109899e-14
P_generalization_R24_eta0.7,P_generalization,24.0,0.7,794.3344256864206,3,3,physical_common,defined,-0.01449279696595228,1.1003392866020658,0.0,0,0,2.451620006109899e-14
P_generalization_R24_eta0.7,P_generalization,24.0,0.7,794.3344256864206,3,3,actual_root,defined,,2.1733899672412202,,7,24,2.451620006109899e-14
P_generalization_R24_eta0.7,P_generalization,24.0,0.7,794.3344256864206,3,3,soft_cosine,defined,-0.01717665259056223,1.0941237497877836,0.0,0,0,2.451620006109899e-14
P_generalization_R24_eta0.7,P_generalization,24.0,0.7,794.3344256864206,3,4,scaled_0.8,defined,-0.11152894508467107,0.9660387271301468,0.09627174487772999,0,0,2.451620006109899e-14
P_generalization_R24_eta0.7,P_generalization,24.0,0.7,794.3344256864206,3,4,scaled_0.85,defined,-0.11143445314826694,0.9843981227213304,0.0975879477860111,0,0,2.451620006109899e-14
P_generalization_R24_eta0.7,P_generalization,24.0,0.7,794.3344256864206,3,4,scaled_0.9,defined,-0.1128947470965167,1.005219373959119,0.0995042890391662,0,0,2.451620006109899e-14
P_generalization_R24_eta0.7,P_generalization,24.0,0.7,794.3344256864206,3,4,scaled_0.925,defined,-0.1144640582619516,1.0165111068713062,0.10082545315378154,0,0,2.451620006109899e-14
P_generalization_R24_eta0.7,P_generalization,24.0,0.7,794.3344256864206,3,4,scaled_0.95,defined,-0.11676228117340437,1.0283194551093977,0.10248623110947286,0,0,2.451620006109899e-14
P_generalization_R24_eta0.7,P_generalization,24.0,0.7,794.3344256864206,3,4,scaled_0.975,defined,-0.11993783762655874,1.0405553050221406,0.10457625637711145,0,0,2.451620006109899e-14
P_generalization_R24_eta0.7,P_generalization,24.0,0.7,794.3344256864206,3,4,scaled_1,defined,-0.12415506115871504,1.0530757165535,0.10719802933694761,0,0,2.451620006109899e-14
P_generalization_R24_eta0.7,P_generalization,24.0,0.7,794.3344256864206,3,4,scaled_1.025,defined,-0.12959138877195292,1.0656846028172926,0.1104652841724923,0,0,2.451620006109899e-14
P_generalization_R24_eta0.7,P_generalization,24.0,0.7,794.3344256864206,3,4,scaled_1.05,defined,-0.13643208403492943,1.0781020601764817,0.11449933540631771,0,0,2.451620006109899e-14
P_generalization_R24_eta0.7,P_generalization,24.0,0.7,794.3344256864206,3,4,scaled_1.075,defined,-0.14486200623272188,1.0899587361825664,0.11942296703078478,0,0,2.451620006109899e-14
P_generalization_R24_eta0.7,P_generalization,24.0,0.7,794.3344256864206,3,4,scaled_1.1,defined,-0.15505360222242742,1.1007619927597547,0.12535104854824403,0,0,2.451620006109899e-14
P_generalization_R24_eta0.7,P_generalization,24.0,0.7,794.3344256864206,3,4,scaled_1.15,defined,-0.18124910105551847,1.1165672268542177,0.14055910427906645,0,0,2.451620006109899e-14
P_generalization_R24_eta0.7,P_generalization,24.0,0.7,794.3344256864206,3,4,scaled_1.2,defined,-0.21544778112282523,1.1189223333729215,0.16030859211247778,0,0,2.451620006109899e-14
P_generalization_R24_eta0.7,P_generalization,24.0,0.7,794.3344256864206,3,4,physical_frozen,defined,-0.11685826594228854,1.0700721715393549,0.10236546897633626,0,0,2.451620006109899e-14
P_generalization_R24_eta0.7,P_generalization,24.0,0.7,794.3344256864206,3,4,physical_common,defined,-0.0780949146217339,0.9522267508219968,0.06360211765578162,0,0,2.451620006109899e-14
P_generalization_R24_eta0.7,P_generalization,24.0,0.7,794.3344256864206,3,4,actual_root,defined,,1.1177716302533824,,4,26,2.451620006109899e-14
P_generalization_R24_eta0.7,P_generalization,24.0,0.7,794.3344256864206,3,4,soft_cosine,defined,-0.12467727088920051,1.052704926376486,0.10750061829863827,0,0,2.451620006109899e-14
P_generalization_R24_eta0.7,P_generalization,24.0,0.7,794.3344256864206,3,5,scaled_0.8,defined,-0.20754588891060288,0.8795557069399108,0.1922886887036618,0,0,2.451620006109899e-14
P_generalization_R24_eta0.7,P_generalization,24.0,0.7,794.3344256864206,3,5,scaled_0.85,defined,-0.21193430857307427,0.9007829997483613,0.19808780321081843,0,0,2.451620006109899e-14
P_generalization_R24_eta0.7,P_generalization,24.0,0.7,794.3344256864206,3,5,scaled_0.9,defined,-0.21839279848500365,0.9276443933577654,0.20500234042765314,0,0,2.451620006109899e-14
P_generalization_R24_eta0.7,P_generalization,24.0,0.7,794.3344256864206,3,5,scaled_0.925,defined,-0.22274757816642965,0.9435776627339447,0.2091089730582596,0,0,2.451620006109899e-14
P_generalization_R24_eta0.7,P_generalization,24.0,0.7,794.3344256864206,3,5,scaled_0.95,defined,-0.22809142453798775,0.96141682578445,0.21381537447405624,0,0,2.451620006109899e-14
P_generalization_R24_eta0.7,P_generalization,24.0,0.7,794.3344256864206,3,5,scaled_0.975,defined,-0.23463819970126948,0.9813701252283746,0.2192766184518222,0,0,2.451620006109899e-14
P_generalization_R24_eta0.7,P_generalization,24.0,0.7,794.3344256864206,3,5,scaled_1,defined,-0.2426281866813922,1.0036745217069913,0.22567115485962475,0,0,2.451620006109899e-14
P_generalization_R24_eta0.7,P_generalization,24.0,0.7,794.3344256864206,3,5,scaled_1.025,defined,-0.2523233447629463,1.0286121640777626,0.2331972401634857,0,0,2.451620006109899e-14
P_generalization_R24_eta0.7,P_generalization,24.0,0.7,794.3344256864206,3,5,scaled_1.05,defined,-0.2639981597477713,1.0565420881668761,0.24206541111915958,0,0,2.451620006109899e-14
P_generalization_R24_eta0.7,P_generalization,24.0,0.7,794.3344256864206,3,5,scaled_1.075,defined,-0.2779248311819446,1.087963668753867,0.2524857919800075,0,0,2.451620006109899e-14
P_generalization_R24_eta0.7,P_generalization,24.0,0.7,794.3344256864206,3,5,scaled_1.1,defined,-0.2943517515346046,1.1236546114821107,0.2646491978604212,0,0,2.451620006109899e-14
P_generalization_R24_eta0.7,P_generalization,24.0,0.7,794.3344256864206,3,5,scaled_1.15,defined,-0.335394706239969,1.2150154583275092,0.29470470946351696,0,0,2.451620006109899e-14
P_generalization_R24_eta0.7,P_generalization,24.0,0.7,794.3344256864206,3,5,scaled_1.2,defined,-0.38705288441324814,1.4006844708963933,0.3319136954029007,0,0,2.451620006109899e-14
P_generalization_R24_eta0.7,P_generalization,24.0,0.7,794.3344256864206,3,5,physical_frozen,defined,-0.2277854234426971,1.0377476376681378,0.2132926264767448,0,0,2.451620006109899e-14
P_generalization_R24_eta0.7,P_generalization,24.0,0.7,794.3344256864206,3,5,physical_common,defined,-0.11916170982872987,0.875483729629181,0.10466891286277759,0,0,2.451620006109899e-14
P_generalization_R24_eta0.7,P_generalization,24.0,0.7,794.3344256864206,3,5,actual_root,defined,,2.010788981104082,,3,28,2.451620006109899e-14
P_generalization_R24_eta0.7,P_generalization,24.0,0.7,794.3344256864206,3,5,soft_cosine,defined,-0.24346070563709993,1.0032499554092564,0.2262840530465377,0,0,2.451620006109899e-14
P_generalization_R24_eta0.7,P_generalization,24.0,0.7,794.3344256864206,3,7,scaled_0.8,defined,-0.3893805765361291,0.7200179538648452,0.374123376329188,0,0,2.451620006109899e-14
P_generalization_R24_eta0.7,P_generalization,24.0,0.7,794.3344256864206,3,7,scaled_0.85,defined,-0.41120890065788207,0.7340174381163329,0.3973623952956262,0,0,2.451620006109899e-14
P_generalization_R24_eta0.7,P_generalization,24.0,0.7,794.3344256864206,3,7,scaled_0.9,defined,-0.43687033068385583,0.7593274725769656,0.4234798726265053,0,0,2.451620006109899e-14
P_generalization_R24_eta0.7,P_generalization,24.0,0.7,794.3344256864206,3,7,scaled_0.925,defined,-0.45160848179963203,0.7781033799548279,0.437969876691462,0,0,2.451620006109899e-14
P_generalization_R24_eta0.7,P_generalization,24.0,0.7,794.3344256864206,3,7,scaled_0.95,defined,-0.4678990083871648,0.8026806893991841,0.4536229583232333,0,0,2.451620006109899e-14
P_generalization_R24_eta0.7,P_generalization,24.0,0.7,794.3344256864206,3,7,scaled_0.975,defined,-0.4859300380710849,0.8353601440487218,0.4705684568216376,0,0,2.451620006109899e-14
P_generalization_R24_eta0.7,P_generalization,24.0,0.7,794.3344256864206,3,7,scaled_1,defined,-0.5057927847521516,0.8803697362216797,0.48883575293038417,0,0,2.451620006109899e-14
P_generalization_R24_eta0.7,P_generalization,24.0,0.7,794.3344256864206,3,7,scaled_1.025,defined,-0.5272988946064108,0.9468891138446472,0.5081727900069501,0,0,2.451620006109899e-14
P_generalization_R24_eta0.7,P_generalization,24.0,0.7,794.3344256864206,3,7,scaled_1.05,defined,-0.549393798907381,1.0604500228742533,0.5274610502787693,0,0,2.451620006109899e-14
P_generalization_R24_eta0.7,P_generalization,24.0,0.7,794.3344256864206,3,7,scaled_1.075,defined,-0.5676628404486397,1.2967210819422053,0.5422238012467026,0,0,2.451620006109899e-14
P_generalization_R24_eta0.7,P_generalization,24.0,0.7,794.3344256864206,3,7,scaled_1.1,defined,-0.5746599642347178,1.5493460207217766,0.5449574105605344,0,0,2.451620006109899e-14
P_generalization_R24_eta0.7,P_generalization,24.0,0.7,794.3344256864206,3,7,scaled_1.15,defined,-0.5828472402853803,1.7755659189229758,0.5421572435089282,0,0,2.451620006109899e-14
P_generalization_R24_eta0.7,P_generalization,24.0,0.7,794.3344256864206,3,7,scaled_1.2,defined,-0.6141592583243233,1.900435057267592,0.5590200693139759,0,0,2.451620006109899e-14
P_generalization_R24_eta0.7,P_generalization,24.0,0.7,794.3344256864206,3,7,physical_frozen,defined,-0.46742003640526936,0.9747469035623363,0.45292723943931706,0,0,2.451620006109899e-14
P_generalization_R24_eta0.7,P_generalization,24.0,0.7,794.3344256864206,3,7,physical_common,defined,-0.11261351207832727,0.8704680839878334,0.098120715112375,0,0,2.451620006109899e-14
P_generalization_R24_eta0.7,P_generalization,24.0,0.7,794.3344256864206,3,7,actual_root,root_branch_change,,,,2,34,2.451620006109899e-14
P_generalization_R24_eta0.7,P_generalization,24.0,0.7,794.3344256864206,3,7,soft_cosine,defined,-0.5072460581009884,0.8807713817072852,0.4900694055104262,0,0,2.451620006109899e-14
P_generalization_R56_eta0.35,P_generalization,56.0,0.35,794.3344256864206,2,1,scaled_0.8,defined,0.009002046411050735,0.9686662969033603,0.032199930283960176,0,0,1.0074679634580747e-13
P_generalization_R56_eta0.35,P_generalization,56.0,0.35,794.3344256864206,2,1,scaled_0.85,defined,0.009075410219957574,0.9715580138666253,0.031863684667178704,0,0,1.0074679634580747e-13
P_generalization_R56_eta0.35,P_generalization,56.0,0.35,794.3344256864206,2,1,scaled_0.9,defined,0.009238919895732778,0.9751848137314183,0.031068624013804724,0,0,1.0074679634580747e-13
P_generalization_R56_eta0.35,P_generalization,56.0,0.35,794.3344256864206,2,1,scaled_0.925,defined,0.009358458354338683,0.9773339969710139,0.030457521640566254,0,0,1.0074679634580747e-13
P_generalization_R56_eta0.35,P_generalization,56.0,0.35,794.3344256864206,2,1,scaled_0.95,defined,0.009505081757676948,0.9797472649814544,0.02967986545729355,0,0,1.0074679634580747e-13
P_generalization_R56_eta0.35,P_generalization,56.0,0.35,794.3344256864206,2,1,scaled_0.975,defined,0.009679976399451728,0.982461195941845,0.028716672346106975,0,0,1.0074679634580747e-13
P_generalization_R56_eta0.35,P_generalization,56.0,0.35,794.3344256864206,2,1,scaled_1,defined,0.009884056400231198,0.9855191343202374,0.027548725979038374,0,0,1.0074679634580747e-13
P_generalization_R56_eta0.35,P_generalization,56.0,0.35,794.3344256864206,2,1,scaled_1.025,defined,0.010117878253026416,0.9889729244724313,0.02615709260793031,0,0,1.0074679634580747e-13
P_generalization_R56_eta0.35,P_generalization,56.0,0.35,794.3344256864206,2,1,scaled_1.05,defined,0.010381543737263231,0.9928852218587968,0.02452376402533192,0,0,1.0074679634580747e-13
P_generalization_R56_eta0.35,P_generalization,56.0,0.35,794.3344256864206,2,1,scaled_1.075,defined,0.010674595537308207,0.9973326332885488,0.02263242197122313,0,0,1.0074679634580747e-13
P_generalization_R56_eta0.35,P_generalization,56.0,0.35,794.3344256864206,2,1,scaled_1.1,defined,0.010995919436432718,1.002410379620031,0.020469297734316008,0,0,1.0074679634580747e-13
P_generalization_R56_eta0.35,P_generalization,56.0,0.35,794.3344256864206,2,1,scaled_1.15,defined,0.0117154340958466,1.0149778391580286,0.015290642112280114,0,0,1.0074679634580747e-13
P_generalization_R56_eta0.35,P_generalization,56.0,0.35,794.3344256864206,2,1,scaled_1.2,defined,0.012519658619483278,1.0320501126624282,0.008959215428386244,0,0,1.0074679634580747e-13
P_generalization_R56_eta0.35,P_generalization,56.0,0.35,794.3344256864206,2,1,physical_frozen,defined,0.011271931762994257,0.9875182715948109,0.026404333628271638,0,0,1.0074679634580747e-13
P_generalization_R56_eta0.35,P_generalization,56.0,0.35,794.3344256864206,2,1,physical_common,defined,0.02216975037366314,0.9762300899430577,0.015506515017602755,0,0,1.0074679634580747e-13
P_generalization_R56_eta0.35,P_generalization,56.0,0.35,794.3344256864206,2,1,actual_root,defined,0.010121733226330809,0.9891290875634724,,0,0,1.0074679634580747e-13
P_generalization_R56_eta0.35,P_generalization,56.0,0.35,794.3344256864206,2,1,soft_cosine,defined,0.009885175830354996,0.9856895420747153,0.027466786601821537,0,0,1.0074679634580747e-13
P_generalization_R56_eta0.35,P_generalization,56.0,0.35,794.3344256864206,2,2,scaled_0.8,defined,0.04120197669501091,1.0054631396659373,0.0,0,0,1.0074679634580747e-13
P_generalization_R56_eta0.35,P_generalization,56.0,0.35,794.3344256864206,2,2,scaled_0.85,defined,0.040939094887136276,1.0078352843713008,0.0,0,0,1.0074679634580747e-13
P_generalization_R56_eta0.35,P_generalization,56.0,0.35,794.3344256864206,2,2,scaled_0.9,defined,0.0403075439095375,1.0101469272032901,0.0,0,0,1.0074679634580747e-13
P_generalization_R56_eta0.35,P_generalization,56.0,0.35,794.3344256864206,2,2,scaled_0.925,defined,0.03981597999490494,1.011240721802261,0.0,0,0,1.0074679634580747e-13
P_generalization_R56_eta0.35,P_generalization,56.0,0.35,794.3344256864206,2,2,scaled_0.95,defined,0.0391849472149705,1.012267314202435,0.0,0,0,1.0074679634580747e-13
P_generalization_R56_eta0.35,P_generalization,56.0,0.35,794.3344256864206,2,2,scaled_0.975,defined,0.038396648745558704,1.0132041715308036,0.0,0,0,1.0074679634580747e-13
P_generalization_R56_eta0.35,P_generalization,56.0,0.35,794.3344256864206,2,2,scaled_1,defined,0.03743278237926957,1.0140263282642337,0.0,0,0,1.0074679634580747e-13
P_generalization_R56_eta0.35,P_generalization,56.0,0.35,794.3344256864206,2,2,scaled_1.025,defined,0.036274970860956726,1.0147066114285042,0.0,0,0,1.0074679634580747e-13
P_generalization_R56_eta0.35,P_generalization,56.0,0.35,794.3344256864206,2,2,scaled_1.05,defined,0.03490530776259515,1.0152160350005437,0.0,0,0,1.0074679634580747e-13
P_generalization_R56_eta0.35,P_generalization,56.0,0.35,794.3344256864206,2,2,scaled_1.075,defined,0.033307017508531336,1.0155243909762122,0.0,0,0,1.0074679634580747e-13
P_generalization_R56_eta0.35,P_generalization,56.0,0.35,794.3344256864206,2,2,scaled_1.1,defined,0.031465217170748724,1.0156010561526359,0.0,0,0,1.0074679634580747e-13
P_generalization_R56_eta0.35,P_generalization,56.0,0.35,794.3344256864206,2,2,scaled_1.15,defined,0.027006076208126714,1.0149411105174082,0.0,0,0,1.0074679634580747e-13
P_generalization_R56_eta0.35,P_generalization,56.0,0.35,794.3344256864206,2,2,scaled_1.2,defined,0.021478874047869523,1.0130266632122276,0.0,0,0,1.0074679634580747e-13
P_generalization_R56_eta0.35,P_generalization,56.0,0.35,794.3344256864206,2,2,physical_frozen,defined,0.037676265391265895,1.0144520460413002,0.0,0,0,1.0074679634580747e-13
P_generalization_R56_eta0.35,P_generalization,56.0,0.35,794.3344256864206,2,2,physical_common,defined,0.037676265391265895,1.0144520460413002,0.0,0,0,1.0074679634580747e-13
P_generalization_R56_eta0.35,P_generalization,56.0,0.35,794.3344256864206,2,2,actual_root,defined,,1.0149173065002508,,7,1,1.0074679634580747e-13
P_generalization_R56_eta0.35,P_generalization,56.0,0.35,794.3344256864206,2,2,soft_cosine,defined,0.03735196243217653,1.013963353248192,0.0,0,0,1.0074679634580747e-13
P_generalization_R56_eta0.35,P_generalization,56.0,0.35,794.3344256864206,2,3,scaled_0.8,defined,0.005599779184841791,0.9741840799603156,0.03560219751016912,0,0,1.0074679634580747e-13
P_generalization_R56_eta0.35,P_generalization,56.0,0.35,794.3344256864206,2,3,scaled_0.85,defined,0.004206290321350226,0.9778543429684596,0.03673280456578605,0,0,1.0074679634580747e-13
P_generalization_R56_eta0.35,P_generalization,56.0,0.35,794.3344256864206,2,3,scaled_0.9,defined,0.0021971726975050774,0.9819095982639496,0.03811037121203242,0,0,1.0074679634580747e-13
P_generalization_R56_eta0.35,P_generalization,56.0,0.35,794.3344256864206,2,3,scaled_0.925,defined,0.0008761116712350248,0.9840288126145408,0.03893986832366991,0,0,1.0074679634580747e-13
P_generalization_R56_eta0.35,P_generalization,56.0,0.35,794.3344256864206,2,3,scaled_0.95,defined,-0.0007119357645125647,0.9861639424713261,0.03989688297948306,0,0,1.0074679634580747e-13
P_generalization_R56_eta0.35,P_generalization,56.0,0.35,794.3344256864206,2,3,scaled_0.975,defined,-0.0026153587687487434,0.9882678190217029,0.04101200751430745,0,0,1.0074679634580747e-13
P_generalization_R56_eta0.35,P_generalization,56.0,0.35,794.3344256864206,2,3,scaled_1,defined,-0.004887057131862545,0.9902809029095424,0.04231983951113212,0,0,1.0074679634580747e-13
P_generalization_R56_eta0.35,P_generalization,56.0,0.35,794.3344256864206,2,3,scaled_1.025,defined,-0.007583311461173085,0.9921302480758902,0.04385828232212981,0,0,1.0074679634580747e-13
P_generalization_R56_eta0.35,P_generalization,56.0,0.35,794.3344256864206,2,3,scaled_1.05,defined,-0.010761964833800767,0.9937291535418448,0.045667272596395914,0,0,1.0074679634580747e-13
P_generalization_R56_eta0.35,P_generalization,56.0,0.35,794.3344256864206,2,3,scaled_1.075,defined,-0.01447981192774161,0.9949778951303281,0.047786829436272944,0,0,1.0074679634580747e-13
P_generalization_R56_eta0.35,P_generalization,56.0,0.35,794.3344256864206,2,3,scaled_1.1,defined,-0.018789163968020335,0.9957659754291054,0.05025438113876906,0,0,1.0074679634580747e-13
P_generalization_R56_eta0.35,P_generalization,56.0,0.35,794.3344256864206,2,3,scaled_1.15,defined,-0.02934373269700019,0.9954916057055117,0.056349808905126905,0,0,1.0074679634580747e-13
P_generalization_R56_eta0.35,P_generalization,56.0,0.35,794.3344256864206,2,3,scaled_1.2,defined,-0.04258822863641798,0.9920202333079555,0.0640671026842875,0,0,1.0074679634580747e-13
P_generalization_R56_eta0.35,P_generalization,56.0,0.35,794.3344256864206,2,3,physical_frozen,defined,-0.004188504893516742,0.9913894382349223,0.04186477028478264,0,0,1.0074679634580747e-13
P_generalization_R56_eta0.35,P_generalization,56.0,0.35,794.3344256864206,2,3,physical_common,defined,0.022195516472463827,0.9759176193430656,0.015480748918802068,0,0,1.0074679634580747e-13
P_generalization_R56_eta0.35,P_generalization,56.0,0.35,794.3344256864206,2,3,actual_root,defined,,0.9924325412391466,,1,37,1.0074679634580747e-13
P_generalization_R56_eta0.35,P_generalization,56.0,0.35,794.3344256864206,2,3,soft_cosine,defined,-0.005051591809643544,0.9901964871232108,0.042403554241820074,0,0,1.0074679634580747e-13
P_generalization_R56_eta0.35,P_generalization,56.0,0.35,794.3344256864206,2,4,scaled_0.8,defined,-0.02879037149188535,0.9437697024073886,0.06999234818689626,0,0,1.0074679634580747e-13
P_generalization_R56_eta0.35,P_generalization,56.0,0.35,794.3344256864206,2,4,scaled_0.85,defined,-0.032464749298136156,0.9471260711113755,0.07340384418527243,0,0,1.0074679634580747e-13
P_generalization_R56_eta0.35,P_generalization,56.0,0.35,794.3344256864206,2,4,scaled_0.9,defined,-0.036997566479063285,0.9515507687678298,0.07730511038860079,0,0,1.0074679634580747e-13
P_generalization_R56_eta0.35,P_generalization,56.0,0.35,794.3344256864206,2,4,scaled_0.925,defined,-0.03972301906428549,0.9541508269121658,0.07953899905919043,0,0,1.0074679634580747e-13
P_generalization_R56_eta0.35,P_generalization,56.0,0.35,794.3344256864206,2,4,scaled_0.95,defined,-0.04285156443210521,0.9569760222326967,0.0820365116470757,0,0,1.0074679634580747e-13
P_generalization_R56_eta0.35,P_generalization,56.0,0.35,794.3344256864206,2,4,scaled_0.975,defined,-0.0464731052848236,0.9599765845822553,0.0848697540303823,0,0,1.0074679634580747e-13
P_generalization_R56_eta0.35,P_generalization,56.0,0.35,794.3344256864206,2,4,scaled_1,defined,-0.050691866817427184,0.9630760752831709,0.08812464919669676,0,0,1.0074679634580747e-13
P_generalization_R56_eta0.35,P_generalization,56.0,0.35,794.3344256864206,2,4,scaled_1.025,defined,-0.05562571583566216,0.966164905005957,0.09190068669661888,0,0,1.0074679634580747e-13
P_generalization_R56_eta0.35,P_generalization,56.0,0.35,794.3344256864206,2,4,scaled_1.05,defined,-0.06140382169018421,0.9690939095868433,0.09630912945277936,0,0,1.0074679634580747e-13
P_generalization_R56_eta0.35,P_generalization,56.0,0.35,794.3344256864206,2,4,scaled_1.075,defined,-0.06816206848933017,0.9716690913762419,0.1014690859978615,0,0,1.0074679634580747e-13
P_generalization_R56_eta0.35,P_generalization,56.0,0.35,794.3344256864206,2,4,scaled_1.1,defined,-0.07603567141757415,0.973649261895315,0.10750088858832288,0,0,1.0074679634580747e-13
P_generalization_R56_eta0.35,P_generalization,56.0,0.35,794.3344256864206,2,4,scaled_1.15,defined,-0.09560104638503018,0.9746497367476876,0.1226071225931569,0,0,1.0074679634580747e-13
P_generalization_R56_eta0.35,P_generalization,56.0,0.35,794.3344256864206,2,4,scaled_1.2,defined,-0.12071463653102067,0.9695588017844794,0.14219351057889018,0,0,1.0074679634580747e-13
P_generalization_R56_eta0.35,P_generalization,56.0,0.35,794.3344256864206,2,4,physical_frozen,defined,-0.049485933050378426,0.9648271943375121,0.08716219844164433,0,0,1.0074679634580747e-13
P_generalization_R56_eta0.35,P_generalization,56.0,0.35,794.3344256864206,2,4,physical_common,defined,0.016153136742656837,0.960960474794028,0.021523128648609058,0,0,1.0074679634580747e-13
P_generalization_R56_eta0.35,P_generalization,56.0,0.35,794.3344256864206,2,4,actual_root,defined,-0.0621103127114835,0.9661485443164614,,3,57,1.0074679634580747e-13
P_generalization_R56_eta0.35,P_generalization,56.0,0.35,794.3344256864206,2,4,soft_cosine,defined,-0.05097231997682356,0.9630222537695367,0.08832428240900009,0,0,1.0074679634580747e-13
P_generalization_R56_eta0.35,P_generalization,56.0,0.35,794.3344256864206,2,6,scaled_0.8,defined,-0.09098359363919528,0.8911480131516443,0.1321855703342062,0,0,1.0074679634580747e-13
P_generalization_R56_eta0.35,P_generalization,56.0,0.35,794.3344256864206,2,6,scaled_0.85,defined,-0.10262922273651334,0.8890713685328002,0.14356831762364963,0,0,1.0074679634580747e-13
P_generalization_R56_eta0.35,P_generalization,56.0,0.35,794.3344256864206,2,6,scaled_0.9,defined,-0.11587300238096127,0.8894988187225138,0.15618054629049877,0,0,1.0074679634580747e-13
P_generalization_R56_eta0.35,P_generalization,56.0,0.35,794.3344256864206,2,6,scaled_0.925,defined,-0.1233669791229704,0.8908350162042578,0.16318295911787534,0,0,1.0074679634580747e-13
P_generalization_R56_eta0.35,P_generalization,56.0,0.35,794.3344256864206,2,6,scaled_0.95,defined,-0.13165633792388215,0.8930056952656005,0.17084128513885266,0,0,1.0074679634580747e-13
P_generalization_R56_eta0.35,P_generalization,56.0,0.35,794.3344256864206,2,6,scaled_0.975,defined,-0.14095853209488068,0.8960550444670912,0.1793551808404394,0,0,1.0074679634580747e-13
P_generalization_R56_eta0.35,P_generalization,56.0,0.35,794.3344256864206,2,6,scaled_1,defined,-0.1515473412006413,0.899995752822985,0.1889801235799109,0,0,1.0074679634580747e-13
P_generalization_R56_eta0.35,P_generalization,56.0,0.35,794.3344256864206,2,6,scaled_1.025,defined,-0.16376122444134622,0.904790804617328,0.20003619530230293,0,0,1.0074679634580747e-13
P_generalization_R56_eta0.35,P_generalization,56.0,0.35,794.3344256864206,2,6,scaled_1.05,defined,-0.17800898975113633,0.9103252626201632,0.21291429751373148,0,0,1.0074679634580747e-13
P_generalization_R56_eta0.35,P_generalization,56.0,0.35,794.3344256864206,2,6,scaled_1.075,defined,-0.19476991114194858,0.9163647803508166,0.2280769286504799,0,0,1.0074679634580747e-13
P_generalization_R56_eta0.35,P_generalization,56.0,0.35,794.3344256864206,2,6,scaled_1.1,defined,-0.2145838631613297,0.9224991230218841,0.24604908033207845,0,0,1.0074679634580747e-13
P_generalization_R56_eta0.35,P_generalization,56.0,0.35,794.3344256864206,2,6,scaled_1.15,defined,-0.26566523060492425,0.931983229698256,0.292671306813051,0,0,1.0074679634580747e-13
P_generalization_R56_eta0.35,P_generalization,56.0,0.35,794.3344256864206,2,6,scaled_1.2,defined,-0.335340100110749,0.9272660248522411,0.3568189741586185,0,0,1.0074679634580747e-13
P_generalization_R56_eta0.35,P_generalization,56.0,0.35,794.3344256864206,2,6,physical_frozen,defined,-0.14932737761808673,0.9022910292698206,0.18700364300935263,0,0,1.0074679634580747e-13
P_generalization_R56_eta0.35,P_generalization,56.0,0.35,794.3344256864206,2,6,physical_common,defined,0.042738870397252306,0.9935364333310629,-0.0050626050059864106,0,0,1.0074679634580747e-13
P_generalization_R56_eta0.35,P_generalization,56.0,0.35,794.3344256864206,2,6,actual_root,defined,-0.1736052814836359,0.903069835799783,,6,63,1.0074679634580747e-13
P_generalization_R56_eta0.35,P_generalization,56.0,0.35,794.3344256864206,2,6,soft_cosine,defined,-0.15217186424236528,0.9001829945655816,0.18952382667454182,0,0,1.0074679634580747e-13
P_generalization_R56_eta0.35,P_generalization,56.0,0.35,794.3344256864206,3,1,scaled_0.8,defined,-0.022205922355289287,0.9403821821973882,0.06324044286712316,0,0,1.0074679634580747e-13
P_generalization_R56_eta0.35,P_generalization,56.0,0.35,794.3344256864206,3,1,scaled_0.85,defined,-0.024189640625935503,0.9422515031135144,0.06467368464294165,0,0,1.0074679634580747e-13
P_generalization_R56_eta0.35,P_generalization,56.0,0.35,794.3344256864206,3,1,scaled_0.9,defined,-0.026224672225901174,0.9452754444284927,0.06565205315036791,0,0,1.0074679634580747e-13
P_generalization_R56_eta0.35,P_generalization,56.0,0.35,794.3344256864206,3,1,scaled_0.925,defined,-0.027267463506883804,0.9473509585726627,0.06592809612299086,0,0,1.0074679634580747e-13
P_generalization_R56_eta0.35,P_generalization,56.0,0.35,794.3344256864206,3,1,scaled_0.95,defined,-0.02833342964657658,0.9498947071704913,0.0660404084175442,0,0,1.0074679634580747e-13
P_generalization_R56_eta0.35,P_generalization,56.0,0.35,794.3344256864206,3,1,scaled_0.975,defined,-0.029430111309392642,0.9529971749164964,0.06597503510270633,0,0,1.0074679634580747e-13
P_generalization_R56_eta0.35,P_generalization,56.0,0.35,794.3344256864206,3,1,scaled_1,defined,-0.03056808560515411,0.9567725946630935,0.06572139929182838,0,0,1.0074679634580747e-13
P_generalization_R56_eta0.35,P_generalization,56.0,0.35,794.3344256864206,3,1,scaled_1.025,defined,-0.03176182182697517,0.9613670326432042,0.06527398358709957,0,0,1.0074679634580747e-13
P_generalization_R56_eta0.35,P_generalization,56.0,0.35,794.3344256864206,3,1,scaled_1.05,defined,-0.033030700349773415,0.9669718779779487,0.06463432807918398,0,0,1.0074679634580747e-13
P_generalization_R56_eta0.35,P_generalization,56.0,0.35,794.3344256864206,3,1,scaled_1.075,defined,-0.03440012344704191,0.9738442384162533,0.06381324215094275,0,0,1.0074679634580747e-13
P_generalization_R56_eta0.35,P_generalization,56.0,0.35,794.3344256864206,3,1,scaled_1.1,defined,-0.03590246400159293,0.9823428550918819,0.06283292020924042,0,0,1.0074679634580747e-13
P_generalization_R56_eta0.35,P_generalization,56.0,0.35,794.3344256864206,3,1,scaled_1.15,defined,-0.03946762600639592,1.0065538923109543,0.060544446902401336,0,0,1.0074679634580747e-13
P_generalization_R56_eta0.35,P_generalization,56.0,0.35,794.3344256864206,3,1,scaled_1.2,defined,-0.044003341046468754,1.0484216095596208,0.05809278531259806,0,0,1.0074679634580747e-13
P_generalization_R56_eta0.35,P_generalization,56.0,0.35,794.3344256864206,3,1,physical_frozen,defined,-0.02882513206505244,0.9592056414274853,0.06405383466212707,0,0,1.0074679634580747e-13
P_generalization_R56_eta0.35,P_generalization,56.0,0.35,794.3344256864206,3,1,physical_common,defined,0.014306096629584845,0.9597583082726491,0.02092260596748978,0,0,1.0074679634580747e-13
P_generalization_R56_eta0.35,P_generalization,56.0,0.35,794.3344256864206,3,1,actual_root,defined,-0.031654903066144824,0.9605228744958771,-0.0750115621184892,4,0,1.0074679634580747e-13
P_generalization_R56_eta0.35,P_generalization,56.0,0.35,794.3344256864206,3,1,soft_cosine,defined,-0.030599342527772515,0.9570651504519982,0.06566062250107788,0,0,1.0074679634580747e-13
P_generalization_R56_eta0.35,P_generalization,56.0,0.35,794.3344256864206,3,2,scaled_0.8,defined,0.005599779184841791,0.9741840799603156,0.03543474132699208,0,0,1.0074679634580747e-13
P_generalization_R56_eta0.35,P_generalization,56.0,0.35,794.3344256864206,3,2,scaled_0.85,defined,0.004206290321350226,0.9778543429684596,0.03627775369565593,0,0,1.0074679634580747e-13
P_generalization_R56_eta0.35,P_generalization,56.0,0.35,794.3344256864206,3,2,scaled_0.9,defined,0.0021971726975050774,0.9819095982639496,0.03723020822696166,0,0,1.0074679634580747e-13
P_generalization_R56_eta0.35,P_generalization,56.0,0.35,794.3344256864206,3,2,scaled_0.925,defined,0.0008761116712350248,0.9840288126145408,0.03778452094487203,0,0,1.0074679634580747e-13
P_generalization_R56_eta0.35,P_generalization,56.0,0.35,794.3344256864206,3,2,scaled_0.95,defined,-0.0007119357645125647,0.9861639424713261,0.038418914535480186,0,0,1.0074679634580747e-13
P_generalization_R56_eta0.35,P_generalization,56.0,0.35,794.3344256864206,3,2,scaled_0.975,defined,-0.0026153587687487434,0.9882678190217029,0.03916028256206243,0,0,1.0074679634580747e-13
P_generalization_R56_eta0.35,P_generalization,56.0,0.35,794.3344256864206,3,2,scaled_1,defined,-0.004887057131862545,0.9902809029095424,0.04004037081853681,0,0,1.0074679634580747e-13
P_generalization_R56_eta0.35,P_generalization,56.0,0.35,794.3344256864206,3,2,scaled_1.025,defined,-0.007583311461173085,0.9921302480758902,0.041095473221297474,0,0,1.0074679634580747e-13
P_generalization_R56_eta0.35,P_generalization,56.0,0.35,794.3344256864206,3,2,scaled_1.05,defined,-0.010761964833800767,0.9937291535418448,0.04236559256321133,0,0,1.0074679634580747e-13
P_generalization_R56_eta0.35,P_generalization,56.0,0.35,794.3344256864206,3,2,scaled_1.075,defined,-0.01447981192774161,0.9949778951303281,0.04389293063164245,0,0,1.0074679634580747e-13
P_generalization_R56_eta0.35,P_generalization,56.0,0.35,794.3344256864206,3,2,scaled_1.1,defined,-0.018789163968020335,0.9957659754291054,0.04571962017566782,0,0,1.0074679634580747e-13
P_generalization_R56_eta0.35,P_generalization,56.0,0.35,794.3344256864206,3,2,scaled_1.15,defined,-0.02934373269700019,0.9954916057055117,0.05042055359300561,0,0,1.0074679634580747e-13
P_generalization_R56_eta0.35,P_generalization,56.0,0.35,794.3344256864206,3,2,scaled_1.2,defined,-0.04258822863641798,0.9920202333079555,0.056677672902547285,0,0,1.0074679634580747e-13
P_generalization_R56_eta0.35,P_generalization,56.0,0.35,794.3344256864206,3,2,physical_frozen,defined,-0.004188504893516742,0.9913894382349223,0.03941720749059137,0,0,1.0074679634580747e-13
P_generalization_R56_eta0.35,P_generalization,56.0,0.35,794.3344256864206,3,2,physical_common,defined,0.020965302453447743,0.9763911791869746,0.014263400143626884,0,0,1.0074679634580747e-13
P_generalization_R56_eta0.35,P_generalization,56.0,0.35,794.3344256864206,3,2,actual_root,defined,,0.9924325412391466,,1,37,1.0074679634580747e-13
P_generalization_R56_eta0.35,P_generalization,56.0,0.35,794.3344256864206,3,2,soft_cosine,defined,-0.005051591809643544,0.9901964871232108,0.04011287178294891,0,0,1.0074679634580747e-13
P_generalization_R56_eta0.35,P_generalization,56.0,0.35,794.3344256864206,3,3,scaled_0.8,defined,0.04103452051183387,1.0070685652695748,0.0,0,0,1.0074679634580747e-13
P_generalization_R56_eta0.35,P_generalization,56.0,0.35,794.3344256864206,3,3,scaled_0.85,defined,0.04048404401700616,1.0094912725638228,0.0,0,0,1.0074679634580747e-13
P_generalization_R56_eta0.35,P_generalization,56.0,0.35,794.3344256864206,3,3,scaled_0.9,defined,0.03942738092446674,1.0117349238074242,0.0,0,0,1.0074679634580747e-13
P_generalization_R56_eta0.35,P_generalization,56.0,0.35,794.3344256864206,3,3,scaled_0.925,defined,0.038660632616107055,1.0127323279802514,0.0,0,0,1.0074679634580747e-13
P_generalization_R56_eta0.35,P_generalization,56.0,0.35,794.3344256864206,3,3,scaled_0.95,defined,0.037706978770967625,1.013609980065608,0.0,0,0,1.0074679634580747e-13
P_generalization_R56_eta0.35,P_generalization,56.0,0.35,794.3344256864206,3,3,scaled_0.975,defined,0.036544923793313686,1.0143365796898185,0.0,0,0,1.0074679634580747e-13
P_generalization_R56_eta0.35,P_generalization,56.0,0.35,794.3344256864206,3,3,scaled_1,defined,0.035153313686674265,1.0148783337424798,0.0,0,0,1.0074679634580747e-13
P_generalization_R56_eta0.35,P_generalization,56.0,0.35,794.3344256864206,3,3,scaled_1.025,defined,0.03351216176012439,1.0151996444271936,0.0,0,0,1.0074679634580747e-13
P_generalization_R56_eta0.35,P_generalization,56.0,0.35,794.3344256864206,3,3,scaled_1.05,defined,0.03160362772941057,1.0152640966543427,0.0,0,0,1.0074679634580747e-13
P_generalization_R56_eta0.35,P_generalization,56.0,0.35,794.3344256864206,3,3,scaled_1.075,defined,0.029413118703900842,1.0150357606775047,0.0,0,0,1.0074679634580747e-13
P_generalization_R56_eta0.35,P_generalization,56.0,0.35,794.3344256864206,3,3,scaled_1.1,defined,0.026930456207647488,1.0144807957824633,0.0,0,0,1.0074679634580747e-13
P_generalization_R56_eta0.35,P_generalization,56.0,0.35,794.3344256864206,3,3,scaled_1.15,defined,0.02107682089600542,1.0122773068642956,0.0,0,0,1.0074679634580747e-13
P_generalization_R56_eta0.35,P_generalization,56.0,0.35,794.3344256864206,3,3,scaled_1.2,defined,0.014089444266129307,1.0084973588067958,0.0,0,0,1.0074679634580747e-13
P_generalization_R56_eta0.35,P_generalization,56.0,0.35,794.3344256864206,3,3,physical_frozen,defined,0.035228702597074626,1.015078117047886,0.0,0,0,1.0074679634580747e-13
P_generalization_R56_eta0.35,P_generalization,56.0,0.35,794.3344256864206,3,3,physical_common,defined,0.035228702597074626,1.015078117047886,0.0,0,0,1.0074679634580747e-13
P_generalization_R56_eta0.35,P_generalization,56.0,0.35,794.3344256864206,3,3,actual_root,defined,-0.10666646518463402,0.9410167021096284,0.0,12,62,1.0074679634580747e-13
P_generalization_R56_eta0.35,P_generalization,56.0,0.35,794.3344256864206,3,3,soft_cosine,defined,0.03506127997330537,1.0147913023513573,0.0,0,0,1.0074679634580747e-13
P_generalization_R56_eta0.35,P_generalization,56.0,0.35,794.3344256864206,3,4,scaled_0.8,defined,0.0044152449212431135,0.9772740284492725,0.03661927559059076,0,0,1.0074679634580747e-13
P_generalization_R56_eta0.35,P_generalization,56.0,0.35,794.3344256864206,3,4,scaled_0.85,defined,0.0023608407059931835,0.9814638784778505,0.038123203311012974,0,0,1.0074679634580747e-13
P_generalization_R56_eta0.35,P_generalization,56.0,0.35,794.3344256864206,3,4,scaled_0.9,defined,-0.0006813517716360816,0.9858445019155532,0.04010873269610282,0,0,1.0074679634580747e-13
P_generalization_R56_eta0.35,P_generalization,56.0,0.35,794.3344256864206,3,4,scaled_0.925,defined,-0.002703331568744801,0.9879813981324952,0.04136396418485186,0,0,1.0074679634580747e-13
P_generalization_R56_eta0.35,P_generalization,56.0,0.35,794.3344256864206,3,4,scaled_0.95,defined,-0.0051401048857865304,0.9899847214717228,0.04284708365675416,0,0,1.0074679634580747e-13
P_generalization_R56_eta0.35,P_generalization,56.0,0.35,794.3344256864206,3,4,scaled_0.975,defined,-0.008056778313935923,0.9917585308109689,0.044601702107249605,0,0,1.0074679634580747e-13
P_generalization_R56_eta0.35,P_generalization,56.0,0.35,794.3344256864206,3,4,scaled_1,defined,-0.011518563298711593,0.9931885650570639,0.04667187698538586,0,0,1.0074679634580747e-13
P_generalization_R56_eta0.35,P_generalization,56.0,0.35,794.3344256864206,3,4,scaled_1.025,defined,-0.0155864061322466,0.9941441809694546,0.04909856789237099,0,0,1.0074679634580747e-13
P_generalization_R56_eta0.35,P_generalization,56.0,0.35,794.3344256864206,3,4,scaled_1.05,defined,-0.02031133422361486,0.9944831045483528,0.05191496195302543,0,0,1.0074679634580747e-13
P_generalization_R56_eta0.35,P_generalization,56.0,0.35,794.3344256864206,3,4,scaled_1.075,defined,-0.025727811143143823,0.9940596625298859,0.05514092984704466,0,0,1.0074679634580747e-13
P_generalization_R56_eta0.35,P_generalization,56.0,0.35,794.3344256864206,3,4,scaled_1.1,defined,-0.031846759999115126,0.9927367233323159,0.058777216206762614,0,0,1.0074679634580747e-13
P_generalization_R56_eta0.35,P_generalization,56.0,0.35,794.3344256864206,3,4,scaled_1.15,defined,-0.046082668513213076,0.9869784220275704,0.0671594894092185,0,0,1.0074679634580747e-13
P_generalization_R56_eta0.35,P_generalization,56.0,0.35,794.3344256864206,3,4,scaled_1.2,defined,-0.062460995980681125,0.976867744950085,0.07655044024681043,0,0,1.0074679634580747e-13
P_generalization_R56_eta0.35,P_generalization,56.0,0.35,794.3344256864206,3,4,physical_frozen,defined,-0.011211459970732146,0.9937701341908075,0.046440162567806774,0,0,1.0074679634580747e-13
P_generalization_R56_eta0.35,P_generalization,56.0,0.35,794.3344256864206,3,4,physical_common,defined,0.020974884328007537,0.9764023007668724,0.01425381826906709,0,0,1.0074679634580747e-13
P_generalization_R56_eta0.35,P_generalization,56.0,0.35,794.3344256864206,3,4,actual_root,defined,,0.9944066286624169,,11,61,1.0074679634580747e-13
P_generalization_R56_eta0.35,P_generalization,56.0,0.35,794.3344256864206,3,4,soft_cosine,defined,-0.011745501441730255,0.9929924275489613,0.04680678141503562,0,0,1.0074679634580747e-13
P_generalization_R56_eta0.35,P_generalization,56.0,0.35,794.3344256864206,3,5,scaled_0.8,defined,-0.03192952252684756,0.9467756429041291,0.07296404303868143,0,0,1.0074679634580747e-13
P_generalization_R56_eta0.35,P_generalization,56.0,0.35,794.3344256864206,3,5,scaled_0.85,defined,-0.03657879555403402,0.9513543216372902,0.07706283957104018,0,0,1.0074679634580747e-13
P_generalization_R56_eta0.35,P_generalization,56.0,0.35,794.3344256864206,3,5,scaled_0.9,defined,-0.04264099511606845,0.9569786563615318,0.08206837604053518,0,0,1.0074679634580747e-13
P_generalization_R56_eta0.35,P_generalization,56.0,0.35,794.3344256864206,3,5,scaled_0.925,defined,-0.046425323387859006,0.9600464291802941,0.08508595600396607,0,0,1.0074679634580747e-13
P_generalization_R56_eta0.35,P_generalization,56.0,0.35,794.3344256864206,3,5,scaled_0.95,defined,-0.050860658812795376,0.9631408735062367,0.088567637583763,0,0,1.0074679634580747e-13
P_generalization_R56_eta0.35,P_generalization,56.0,0.35,794.3344256864206,3,5,scaled_0.975,defined,-0.05607376362002969,0.9660934689495387,0.09261868741334338,0,0,1.0074679634580747e-13
P_generalization_R56_eta0.35,P_generalization,56.0,0.35,794.3344256864206,3,5,scaled_1,defined,-0.06219655808958531,0.9686772019175467,0.09734987177625957,0,0,1.0074679634580747e-13
P_generalization_R56_eta0.35,P_generalization,56.0,0.35,794.3344256864206,3,5,scaled_1.025,defined,-0.06935557603667641,0.9706033908239495,0.1028677377968008,0,0,1.0074679634580747e-13
P_generalization_R56_eta0.35,P_generalization,56.0,0.35,794.3344256864206,3,5,scaled_1.05,defined,-0.07765671678201207,0.9715279625701572,0.10926034451142264,0,0,1.0074679634580747e-13
P_generalization_R56_eta0.35,P_generalization,56.0,0.35,794.3344256864206,3,5,scaled_1.075,defined,-0.087165903611365,0.971072623413405,0.11657902231526585,0,0,1.0074679634580747e-13
P_generalization_R56_eta0.35,P_generalization,56.0,0.35,794.3344256864206,3,5,scaled_1.1,defined,-0.09788812575554333,0.9688652693646107,0.12481858196319082,0,0,1.0074679634580747e-13
P_generalization_R56_eta0.35,P_generalization,56.0,0.35,794.3344256864206,3,5,scaled_1.15,defined,-0.12258926944789676,0.9581038776961713,0.14366609034390218,0,0,1.0074679634580747e-13
P_generalization_R56_eta0.35,P_generalization,56.0,0.35,794.3344256864206,3,5,scaled_1.2,defined,-0.1501801567132197,0.9387410486532295,0.164269600979349,0,0,1.0074679634580747e-13
P_generalization_R56_eta0.35,P_generalization,56.0,0.35,794.3344256864206,3,5,physical_frozen,defined,-0.06145516220968146,0.9698179119410063,0.09668386480675609,0,0,1.0074679634580747e-13
P_generalization_R56_eta0.35,P_generalization,56.0,0.35,794.3344256864206,3,5,physical_common,defined,0.01460743858744187,0.9601202631048649,0.020621264009632757,0,0,1.0074679634580747e-13
P_generalization_R56_eta0.35,P_generalization,56.0,0.35,794.3344256864206,3,5,actual_root,defined,,0.971139285345105,,6,62,1.0074679634580747e-13
P_generalization_R56_eta0.35,P_generalization,56.0,0.35,794.3344256864206,3,5,soft_cosine,defined,-0.06258462056334779,0.9683850169304727,0.09764590053665316,0,0,1.0074679634580747e-13
P_generalization_R56_eta0.35,P_generalization,56.0,0.35,794.3344256864206,3,7,scaled_0.8,defined,-0.09996701336736104,0.8899932372575539,0.1410015338791949,0,0,1.0074679634580747e-13
P_generalization_R56_eta0.35,P_generalization,56.0,0.35,794.3344256864206,3,7,scaled_0.85,defined,-0.11314125296358202,0.8904804506602504,0.1536252969805882,0,0,1.0074679634580747e-13
P_generalization_R56_eta0.35,P_generalization,56.0,0.35,794.3344256864206,3,7,scaled_0.9,defined,-0.12858482411107122,0.8944097643865971,0.16801220503553796,0,0,1.0074679634580747e-13
P_generalization_R56_eta0.35,P_generalization,56.0,0.35,794.3344256864206,3,7,scaled_0.925,defined,-0.13756532923393144,0.89775644219181,0.1762259618500385,0,0,1.0074679634580747e-13
P_generalization_R56_eta0.35,P_generalization,56.0,0.35,794.3344256864206,3,7,scaled_0.95,defined,-0.14768657729181936,0.9019492337294558,0.18539355606278698,0,0,1.0074679634580747e-13
P_generalization_R56_eta0.35,P_generalization,56.0,0.35,794.3344256864206,3,7,scaled_0.975,defined,-0.1592303822373363,0.9067820327453745,0.19577530603064996,0,0,1.0074679634580747e-13
P_generalization_R56_eta0.35,P_generalization,56.0,0.35,794.3344256864206,3,7,scaled_1,defined,-0.17251424794669581,0.9118498432062392,0.20766756163337008,0,0,1.0074679634580747e-13
P_generalization_R56_eta0.35,P_generalization,56.0,0.35,794.3344256864206,3,7,scaled_1.025,defined,-0.1878689375435462,0.9164686870410661,0.2213810993036706,0,0,1.0074679634580747e-13
P_generalization_R56_eta0.35,P_generalization,56.0,0.35,794.3344256864206,3,7,scaled_1.05,defined,-0.20559617718537126,0.9196024162109677,0.23719980491478182,0,0,1.0074679634580747e-13
P_generalization_R56_eta0.35,P_generalization,56.0,0.35,794.3344256864206,3,7,scaled_1.075,defined,-0.22590309227167243,0.9198457276022572,0.2553162109755733,0,0,1.0074679634580747e-13
P_generalization_R56_eta0.35,P_generalization,56.0,0.35,794.3344256864206,3,7,scaled_1.1,defined,-0.24881820978992714,0.915552338118313,0.27574866599757464,0,0,1.0074679634580747e-13
P_generalization_R56_eta0.35,P_generalization,56.0,0.35,794.3344256864206,3,7,scaled_1.15,defined,-0.30126765600069816,0.8880329466067112,0.3223444768967036,0,0,1.0074679634580747e-13
P_generalization_R56_eta0.35,P_generalization,56.0,0.35,794.3344256864206,3,7,scaled_1.2,defined,-0.35819111452797997,0.836382894491878,0.37228055879410926,0,0,1.0074679634580747e-13
P_generalization_R56_eta0.35,P_generalization,56.0,0.35,794.3344256864206,3,7,physical_frozen,defined,-0.17025644296174547,0.9143915922627411,0.20548514555882008,0,0,1.0074679634580747e-13
P_generalization_R56_eta0.35,P_generalization,56.0,0.35,794.3344256864206,3,7,physical_common,defined,0.040751387794073855,0.9914709647245757,-0.005522685196999229,0,0,1.0074679634580747e-13
P_generalization_R56_eta0.35,P_generalization,56.0,0.35,794.3344256864206,3,7,actual_root,defined,,0.9171981617750176,,4,65,1.0074679634580747e-13
P_generalization_R56_eta0.35,P_generalization,56.0,0.35,794.3344256864206,3,7,soft_cosine,defined,-0.1732914922877881,0.9114700057017723,0.20835277226109344,0,0,1.0074679634580747e-13
P_generalization_R56_eta0.7,P_generalization,56.0,0.7,794.3344256864206,2,1,scaled_0.8,defined,0.03724813620456741,1.0603747559735195,0.05691243087743116,0,0,4.879600714021267e-16
P_generalization_R56_eta0.7,P_generalization,56.0,0.7,794.3344256864206,2,1,scaled_0.85,defined,0.0430039033753391,1.072212819564629,0.05400185347026243,0,0,4.879600714021267e-16
P_generalization_R56_eta0.7,P_generalization,56.0,0.7,794.3344256864206,2,1,scaled_0.9,defined,0.04961718769917289,1.0861224330246735,0.049832133755032176,0,0,4.879600714021267e-16
P_generalization_R56_eta0.7,P_generalization,56.0,0.7,794.3344256864206,2,1,scaled_0.925,defined,0.05329675083374598,1.094011316983389,0.04715617249762456,0,0,4.879600714021267e-16
P_generalization_R56_eta0.7,P_generalization,56.0,0.7,794.3344256864206,2,1,scaled_0.95,defined,0.057258674400509815,1.102626079299569,0.04401109233074678,0,0,4.879600714021267e-16
P_generalization_R56_eta0.7,P_generalization,56.0,0.7,794.3344256864206,2,1,scaled_0.975,defined,0.06153350105954382,1.1120689780346293,0.04033236604900266,0,0,4.879600714021267e-16
P_generalization_R56_eta0.7,P_generalization,56.0,0.7,794.3344256864206,2,1,scaled_1,defined,0.0661572015410149,1.1224576812024663,0.036048072474820336,0,0,4.879600714021267e-16
P_generalization_R56_eta0.7,P_generalization,56.0,0.7,794.3344256864206,2,1,scaled_1.025,defined,0.07117251703291116,1.1339362099321175,0.031078143489793236,0,0,4.879600714021267e-16
P_generalization_R56_eta0.7,P_generalization,56.0,0.7,794.3344256864206,2,1,scaled_1.05,defined,0.07663093521791708,1.1466880989566341,0.02533320186393251,0,0,4.879600714021267e-16
P_generalization_R56_eta0.7,P_generalization,56.0,0.7,794.3344256864206,2,1,scaled_1.075,defined,0.08259524977624333,1.1609356760690324,0.01871306016815011,0,0,4.879600714021267e-16
P_generalization_R56_eta0.7,P_generalization,56.0,0.7,794.3344256864206,2,1,scaled_1.1,defined,0.08914334013946934,1.1769701715903045,0.01110425008328858,0,0,4.879600714021267e-16
P_generalization_R56_eta0.7,P_generalization,56.0,0.7,794.3344256864206,2,1,scaled_1.15,defined,0.10441217369958175,1.2160311428008648,-0.007624585592907962,0,0,4.879600714021267e-16
P_generalization_R56_eta0.7,P_generalization,56.0,0.7,794.3344256864206,2,1,scaled_1.2,defined,0.12364429990109271,1.2688016612704094,-0.03224600618101178,0,0,4.879600714021267e-16
P_generalization_R56_eta0.7,P_generalization,56.0,0.7,794.3344256864206,2,1,physical_frozen,defined,0.07138581339633432,1.1310761832876068,0.03184248289770664,0,0,4.879600714021267e-16
P_generalization_R56_eta0.7,P_generalization,56.0,0.7,794.3344256864206,2,1,physical_common,defined,0.048562536666706624,1.0648194895690228,0.05466575962733433,0,0,4.879600714021267e-16
P_generalization_R56_eta0.7,P_generalization,56.0,0.7,794.3344256864206,2,1,actual_root,defined,0.08104959982698301,1.1681329005124153,,0,0,4.879600714021267e-16
P_generalization_R56_eta0.7,P_generalization,56.0,0.7,794.3344256864206,2,1,soft_cosine,defined,0.06630702195655956,1.1228939637934172,0.03577224175106093,0,0,4.879600714021267e-16
P_generalization_R56_eta0.7,P_generalization,56.0,0.7,794.3344256864206,2,2,scaled_0.8,defined,0.09416056708199858,1.137945518888298,0.0,0,0,4.879600714021267e-16
P_generalization_R56_eta0.7,P_generalization,56.0,0.7,794.3344256864206,2,2,scaled_0.85,defined,0.09700575684560153,1.1457645639922986,0.0,0,0,4.879600714021267e-16
P_generalization_R56_eta0.7,P_generalization,56.0,0.7,794.3344256864206,2,2,scaled_0.9,defined,0.09944932145420507,1.1535883520306052,0.0,0,0,4.879600714021267e-16
P_generalization_R56_eta0.7,P_generalization,56.0,0.7,794.3344256864206,2,2,scaled_0.925,defined,0.10045292333137054,1.1574196286468628,0.0,0,0,4.879600714021267e-16
P_generalization_R56_eta0.7,P_generalization,56.0,0.7,794.3344256864206,2,2,scaled_0.95,defined,0.1012697667312566,1.1611419824339986,0.0,0,0,4.879600714021267e-16
P_generalization_R56_eta0.7,P_generalization,56.0,0.7,794.3344256864206,2,2,scaled_0.975,defined,0.10186586710854648,1.1647068448315405,0.0,0,0,4.879600714021267e-16
P_generalization_R56_eta0.7,P_generalization,56.0,0.7,794.3344256864206,2,2,scaled_1,defined,0.10220527401583523,1.1680601942872209,0.0,0,0,4.879600714021267e-16
P_generalization_R56_eta0.7,P_generalization,56.0,0.7,794.3344256864206,2,2,scaled_1.025,defined,0.1022506605227044,1.1711428942580715,0.0,0,0,4.879600714021267e-16
P_generalization_R56_eta0.7,P_generalization,56.0,0.7,794.3344256864206,2,2,scaled_1.05,defined,0.10196413708184959,1.1738913664669084,0.0,0,0,4.879600714021267e-16
P_generalization_R56_eta0.7,P_generalization,56.0,0.7,794.3344256864206,2,2,scaled_1.075,defined,0.10130830994439344,1.1762387790290187,0.0,0,0,4.879600714021267e-16
P_generalization_R56_eta0.7,P_generalization,56.0,0.7,794.3344256864206,2,2,scaled_1.1,defined,0.10024759022275792,1.1781167395619847,0.0,0,0,4.879600714021267e-16
P_generalization_R56_eta0.7,P_generalization,56.0,0.7,794.3344256864206,2,2,scaled_1.15,defined,0.09678758810667379,1.1801917537803308,0.0,0,0,4.879600714021267e-16
P_generalization_R56_eta0.7,P_generalization,56.0,0.7,794.3344256864206,2,2,scaled_1.2,defined,0.09139829372008093,1.1796189098644247,0.0,0,0,4.879600714021267e-16
P_generalization_R56_eta0.7,P_generalization,56.0,0.7,794.3344256864206,2,2,physical_frozen,defined,0.10322829629404096,1.1702157780714275,0.0,0,0,4.879600714021267e-16
P_generalization_R56_eta0.7,P_generalization,56.0,0.7,794.3344256864206,2,2,physical_common,defined,0.10322829629404096,1.1702157780714275,0.0,0,0,4.879600714021267e-16
P_generalization_R56_eta0.7,P_generalization,56.0,0.7,794.3344256864206,2,2,actual_root,defined,,1.177622678217336,,3,2,4.879600714021267e-16
P_generalization_R56_eta0.7,P_generalization,56.0,0.7,794.3344256864206,2,2,soft_cosine,defined,0.1020792637076205,1.1679470503698457,0.0,0,0,4.879600714021267e-16
P_generalization_R56_eta0.7,P_generalization,56.0,0.7,794.3344256864206,2,3,scaled_0.8,defined,0.04446731090908406,1.0832317675254008,0.049693256172914514,0,0,4.879600714021267e-16
P_generalization_R56_eta0.7,P_generalization,56.0,0.7,794.3344256864206,2,3,scaled_0.85,defined,0.04935717718689181,1.0973412650017351,0.04764857965870972,0,0,4.879600714021267e-16
P_generalization_R56_eta0.7,P_generalization,56.0,0.7,794.3344256864206,2,3,scaled_0.9,defined,0.053937362348650986,1.1126657337428978,0.045511959105554084,0,0,4.879600714021267e-16
P_generalization_R56_eta0.7,P_generalization,56.0,0.7,794.3344256864206,2,3,scaled_0.925,defined,0.0559881300951204,1.1207096954043725,0.04446479323625014,0,0,4.879600714021267e-16
P_generalization_R56_eta0.7,P_generalization,56.0,0.7,794.3344256864206,2,3,scaled_0.95,defined,0.05779496976795184,1.1289383910335953,0.04347479696330475,0,0,4.879600714021267e-16
P_generalization_R56_eta0.7,P_generalization,56.0,0.7,794.3344256864206,2,3,scaled_0.975,defined,0.059281765506507975,1.1372829560298385,0.0425841016020385,0,0,4.879600714021267e-16
P_generalization_R56_eta0.7,P_generalization,56.0,0.7,794.3344256864206,2,3,scaled_1,defined,0.06036194475319788,1.1456473908811426,0.041843329262637355,0,0,4.879600714021267e-16
P_generalization_R56_eta0.7,P_generalization,56.0,0.7,794.3344256864206,2,3,scaled_1.025,defined,0.060939046457461954,1.1539108221647376,0.04131161406524245,0,0,4.879600714021267e-16
P_generalization_R56_eta0.7,P_generalization,56.0,0.7,794.3344256864206,2,3,scaled_1.05,defined,0.060908340308915995,1.161931074309938,0.0410557967729336,0,0,4.879600714021267e-16
P_generalization_R56_eta0.7,P_generalization,56.0,0.7,794.3344256864206,2,3,scaled_1.075,defined,0.06015970327285834,1.169531758742855,0.041148606671535096,0,0,4.879600714021267e-16
P_generalization_R56_eta0.7,P_generalization,56.0,0.7,794.3344256864206,2,3,scaled_1.1,defined,0.0585820554377445,1.1765080842163442,0.04166553478501342,0,0,4.879600714021267e-16
P_generalization_R56_eta0.7,P_generalization,56.0,0.7,794.3344256864206,2,3,scaled_1.15,defined,0.05253016946401831,1.1876704838103156,0.04425741864265548,0,0,4.879600714021267e-16
P_generalization_R56_eta0.7,P_generalization,56.0,0.7,794.3344256864206,2,3,scaled_1.2,defined,0.042126248613066936,1.1934895491130606,0.049272045107013995,0,0,4.879600714021267e-16
P_generalization_R56_eta0.7,P_generalization,56.0,0.7,794.3344256864206,2,3,physical_frozen,defined,0.06321737446178068,1.151436257319947,0.04001092183226028,0,0,4.879600714021267e-16
P_generalization_R56_eta0.7,P_generalization,56.0,0.7,794.3344256864206,2,3,physical_common,defined,0.04610450015404861,1.0607645706787638,0.05712379613999235,0,0,4.879600714021267e-16
P_generalization_R56_eta0.7,P_generalization,56.0,0.7,794.3344256864206,2,3,actual_root,defined,,1.1739158301660555,,1,38,4.879600714021267e-16
P_generalization_R56_eta0.7,P_generalization,56.0,0.7,794.3344256864206,2,3,soft_cosine,defined,0.06014633344841047,1.145512712645954,0.04193293025921002,0,0,4.879600714021267e-16
P_generalization_R56_eta0.7,P_generalization,56.0,0.7,794.3344256864206,2,4,scaled_0.8,defined,-0.005084017055710488,1.0285789710844324,0.09924458413770906,0,0,4.879600714021267e-16
P_generalization_R56_eta0.7,P_generalization,56.0,0.7,794.3344256864206,2,4,scaled_0.85,defined,0.00045600298263405404,1.0465412022031482,0.09654975386296748,0,0,4.879600714021267e-16
P_generalization_R56_eta0.7,P_generalization,56.0,0.7,794.3344256864206,2,4,scaled_0.9,defined,0.0059689904149562,1.0674093233357789,0.09348033103924887,0,0,4.879600714021267e-16
P_generalization_R56_eta0.7,P_generalization,56.0,0.7,794.3344256864206,2,4,scaled_0.925,defined,0.008573169460102559,1.0790079783333526,0.09187975387126798,0,0,4.879600714021267e-16
P_generalization_R56_eta0.7,P_generalization,56.0,0.7,794.3344256864206,2,4,scaled_0.95,defined,0.0109681506524415,1.091408093983438,0.0903016160788151,0,0,4.879600714021267e-16
P_generalization_R56_eta0.7,P_generalization,56.0,0.7,794.3344256864206,2,4,scaled_0.975,defined,0.013048668340760962,1.1046027298131813,0.08881719876778552,0,0,4.879600714021267e-16
P_generalization_R56_eta0.7,P_generalization,56.0,0.7,794.3344256864206,2,4,scaled_1,defined,0.014686854100715907,1.118571352731663,0.08751841991511933,0,0,4.879600714021267e-16
P_generalization_R56_eta0.7,P_generalization,56.0,0.7,794.3344256864206,2,4,scaled_1.025,defined,0.01573055862031003,1.133253828608616,0.08652010190239437,0,0,4.879600714021267e-16
P_generalization_R56_eta0.7,P_generalization,56.0,0.7,794.3344256864206,2,4,scaled_1.05,defined,0.016002979952581316,1.148559652288717,0.08596115712926827,0,0,4.879600714021267e-16
P_generalization_R56_eta0.7,P_generalization,56.0,0.7,794.3344256864206,2,4,scaled_1.075,defined,0.01530450051874177,1.1643408986221218,0.08600380942565167,0,0,4.879600714021267e-16
P_generalization_R56_eta0.7,P_generalization,56.0,0.7,794.3344256864206,2,4,scaled_1.1,defined,0.01341788722990939,1.1803908908142176,0.08682970299284853,0,0,4.879600714021267e-16
P_generalization_R56_eta0.7,P_generalization,56.0,0.7,794.3344256864206,2,4,scaled_1.15,defined,0.005186455193776416,1.2121016767160133,0.09160113291289737,0,0,4.879600714021267e-16
P_generalization_R56_eta0.7,P_generalization,56.0,0.7,794.3344256864206,2,4,scaled_1.2,defined,-0.010273094046874313,1.2404689857526359,0.10167138776695525,0,0,4.879600714021267e-16
P_generalization_R56_eta0.7,P_generalization,56.0,0.7,794.3344256864206,2,4,physical_frozen,defined,0.019758438803862743,1.128716855446829,0.08346985749017821,0,0,4.879600714021267e-16
P_generalization_R56_eta0.7,P_generalization,56.0,0.7,794.3344256864206,2,4,physical_common,defined,0.0012878886241788124,0.9871849015558873,0.10194040766986215,0,0,4.879600714021267e-16
P_generalization_R56_eta0.7,P_generalization,56.0,0.7,794.3344256864206,2,4,actual_root,defined,0.013216175482988203,1.1733844412146024,,1,59,4.879600714021267e-16
P_generalization_R56_eta0.7,P_generalization,56.0,0.7,794.3344256864206,2,4,soft_cosine,defined,0.014388715287381008,1.1185872561188852,0.08769054842023949,0,0,4.879600714021267e-16
P_generalization_R56_eta0.7,P_generalization,56.0,0.7,794.3344256864206,2,6,scaled_0.8,defined,-0.09763478372636092,0.9298586964438401,0.1917953508083595,0,0,4.879600714021267e-16
P_generalization_R56_eta0.7,P_generalization,56.0,0.7,794.3344256864206,2,6,scaled_0.85,defined,-0.09477607843476722,0.9492228871052302,0.19178183528036874,0,0,4.879600714021267e-16
P_generalization_R56_eta0.7,P_generalization,56.0,0.7,794.3344256864206,2,6,scaled_0.9,defined,-0.09146160887417626,0.9749017888834226,0.19091093032838133,0,0,4.879600714021267e-16
P_generalization_R56_eta0.7,P_generalization,56.0,0.7,794.3344256864206,2,6,scaled_0.925,defined,-0.08974529619892335,0.9907781000424497,0.1901982195302939,0,0,4.879600714021267e-16
P_generalization_R56_eta0.7,P_generalization,56.0,0.7,794.3344256864206,2,6,scaled_0.95,defined,-0.08808827385109641,1.0091702629273023,0.189358040582353,0,0,4.879600714021267e-16
P_generalization_R56_eta0.7,P_generalization,56.0,0.7,794.3344256864206,2,6,scaled_0.975,defined,-0.08659538884511186,1.0305902828799103,0.18846125595365834,0,0,4.879600714021267e-16
P_generalization_R56_eta0.7,P_generalization,56.0,0.7,794.3344256864206,2,6,scaled_1,defined,-0.0853985745948107,1.0557373884296646,0.18760384861064594,0,0,4.879600714021267e-16
P_generalization_R56_eta0.7,P_generalization,56.0,0.7,794.3344256864206,2,6,scaled_1.025,defined,-0.0846537875038536,1.085628812953444,0.186904448026558,0,0,4.879600714021267e-16
P_generalization_R56_eta0.7,P_generalization,56.0,0.7,794.3344256864206,2,6,scaled_1.05,defined,-0.0845267147313439,1.121860154802273,0.1864908518131935,0,0,4.879600714021267e-16
P_generalization_R56_eta0.7,P_generalization,56.0,0.7,794.3344256864206,2,6,scaled_1.075,defined,-0.08515211627223812,1.1671952129051657,0.18646042621663156,0,0,4.879600714021267e-16
P_generalization_R56_eta0.7,P_generalization,56.0,0.7,794.3344256864206,2,6,scaled_1.1,defined,-0.08652542839901281,1.2271322582264463,0.18677301862177073,0,0,4.879600714021267e-16
P_generalization_R56_eta0.7,P_generalization,56.0,0.7,794.3344256864206,2,6,scaled_1.15,defined,-0.08786833640179025,1.4832818482274437,0.18465592450846402,0,0,4.879600714021267e-16
P_generalization_R56_eta0.7,P_generalization,56.0,0.7,794.3344256864206,2,6,scaled_1.2,defined,-0.03886815041748842,2.141541544383765,0.13026644413756935,0,0,4.879600714021267e-16
P_generalization_R56_eta0.7,P_generalization,56.0,0.7,794.3344256864206,2,6,physical_frozen,defined,-0.07542182251363447,1.075422504628545,0.17865011880767542,0,0,4.879600714021267e-16
P_generalization_R56_eta0.7,P_generalization,56.0,0.7,794.3344256864206,2,6,physical_common,defined,-0.03987961237693849,0.9226097004530629,0.14310790867097944,0,0,4.879600714021267e-16
P_generalization_R56_eta0.7,P_generalization,56.0,0.7,794.3344256864206,2,6,actual_root,defined,-0.08633413446053921,1.2084314861318006,,2,69,4.879600714021267e-16
P_generalization_R56_eta0.7,P_generalization,56.0,0.7,794.3344256864206,2,6,soft_cosine,defined,-0.08583094843770105,1.056482393464962,0.18791021214532155,0,0,4.879600714021267e-16
P_generalization_R56_eta0.7,P_generalization,56.0,0.7,794.3344256864206,3,1,scaled_0.8,defined,-0.010768742450687485,1.0060729234404915,0.10684047050732268,0,0,4.879600714021267e-16
P_generalization_R56_eta0.7,P_generalization,56.0,0.7,794.3344256864206,3,1,scaled_0.85,defined,-0.004463809143396058,1.0204956826570635,0.10317347077346592,0,0,4.879600714021267e-16
P_generalization_R56_eta0.7,P_generalization,56.0,0.7,794.3344256864206,3,1,scaled_0.9,defined,0.003093975969114176,1.0382562243365565,0.09761129305782859,0,0,4.879600714021267e-16
P_generalization_R56_eta0.7,P_generalization,56.0,0.7,794.3344256864206,3,1,scaled_0.925,defined,0.0074447756305550195,1.0487275833862213,0.09392462263141153,0,0,4.879600714021267e-16
P_generalization_R56_eta0.7,P_generalization,56.0,0.7,794.3344256864206,3,1,scaled_0.95,defined,0.01224821161052092,1.0605055818267748,0.08950718086999024,0,0,4.879600714021267e-16
P_generalization_R56_eta0.7,P_generalization,56.0,0.7,794.3344256864206,3,1,scaled_0.975,defined,0.017573144598721058,1.0738385566856807,0.08424536662644555,0,0,4.879600714021267e-16
P_generalization_R56_eta0.7,P_generalization,56.0,0.7,794.3344256864206,3,1,scaled_1,defined,0.023505787947926904,1.08904342618951,0.07800691008527705,0,0,4.879600714021267e-16
P_generalization_R56_eta0.7,P_generalization,56.0,0.7,794.3344256864206,3,1,scaled_1.025,defined,0.03015652667235301,1.106539951988576,0.0706353354264591,0,0,4.879600714021267e-16
P_generalization_R56_eta0.7,P_generalization,56.0,0.7,794.3344256864206,3,1,scaled_1.05,defined,0.03767022134098751,1.1268985268585658,0.06194130400029985,0,0,4.879600714021267e-16
P_generalization_R56_eta0.7,P_generalization,56.0,0.7,794.3344256864206,3,1,scaled_1.075,defined,0.04624273971187154,1.1509122423440363,0.051688087654395254,0,0,4.879600714021267e-16
P_generalization_R56_eta0.7,P_generalization,56.0,0.7,794.3344256864206,3,1,scaled_1.1,defined,0.0561484608175189,1.179733251948997,0.039566377647939244,0,0,4.879600714021267e-16
P_generalization_R56_eta0.7,P_generalization,56.0,0.7,794.3344256864206,3,1,scaled_1.15,defined,0.08178257674858425,1.2599275013952738,0.007799515834860271,0,0,4.879600714021267e-16
P_generalization_R56_eta0.7,P_generalization,56.0,0.7,794.3344256864206,3,1,scaled_1.2,defined,0.12176066006743945,1.4033303223961726,-0.040613061339060716,0,0,4.879600714021267e-16
P_generalization_R56_eta0.7,P_generalization,56.0,0.7,794.3344256864206,3,1,physical_frozen,defined,0.031236710972268985,1.1018000021727175,0.07083074633364975,0,0,4.879600714021267e-16
P_generalization_R56_eta0.7,P_generalization,56.0,0.7,794.3344256864206,3,1,physical_common,defined,0.002115778366406381,0.9898908015491337,0.09995167893951236,0,0,4.879600714021267e-16
P_generalization_R56_eta0.7,P_generalization,56.0,0.7,794.3344256864206,3,1,actual_root,defined,0.04340650969724013,1.1603831330078438,,0,0,4.879600714021267e-16
P_generalization_R56_eta0.7,P_generalization,56.0,0.7,794.3344256864206,3,1,soft_cosine,defined,0.02375904695255271,1.089789549206831,0.0775970410617279,0,0,4.879600714021267e-16
P_generalization_R56_eta0.7,P_generalization,56.0,0.7,794.3344256864206,3,2,scaled_0.8,defined,0.04446731090908406,1.0832317675254008,0.05160441714755113,0,0,4.879600714021267e-16
P_generalization_R56_eta0.7,P_generalization,56.0,0.7,794.3344256864206,3,2,scaled_0.85,defined,0.04935717718689181,1.0973412650017351,0.04935248444317805,0,0,4.879600714021267e-16
P_generalization_R56_eta0.7,P_generalization,56.0,0.7,794.3344256864206,3,2,scaled_0.9,defined,0.053937362348650986,1.1126657337428978,0.04676790667829178,0,0,4.879600714021267e-16
P_generalization_R56_eta0.7,P_generalization,56.0,0.7,794.3344256864206,3,2,scaled_0.925,defined,0.0559881300951204,1.1207096954043725,0.04538126816684616,0,0,4.879600714021267e-16
P_generalization_R56_eta0.7,P_generalization,56.0,0.7,794.3344256864206,3,2,scaled_0.95,defined,0.05779496976795184,1.1289383910335953,0.043960422712559316,0,0,4.879600714021267e-16
P_generalization_R56_eta0.7,P_generalization,56.0,0.7,794.3344256864206,3,2,scaled_0.975,defined,0.059281765506507975,1.1372829560298385,0.04253674571865863,0,0,4.879600714021267e-16
P_generalization_R56_eta0.7,P_generalization,56.0,0.7,794.3344256864206,3,2,scaled_1,defined,0.06036194475319788,1.1456473908811426,0.04115075328000607,0,0,4.879600714021267e-16
P_generalization_R56_eta0.7,P_generalization,56.0,0.7,794.3344256864206,3,2,scaled_1.025,defined,0.060939046457461954,1.1539108221647376,0.03985281564135015,0,0,4.879600714021267e-16
P_generalization_R56_eta0.7,P_generalization,56.0,0.7,794.3344256864206,3,2,scaled_1.05,defined,0.060908340308915995,1.161931074309938,0.03870318503237137,0,0,4.879600714021267e-16
P_generalization_R56_eta0.7,P_generalization,56.0,0.7,794.3344256864206,3,2,scaled_1.075,defined,0.06015970327285834,1.169531758742855,0.03777112409340845,0,0,4.879600714021267e-16
P_generalization_R56_eta0.7,P_generalization,56.0,0.7,794.3344256864206,3,2,scaled_1.1,defined,0.0585820554377445,1.1765080842163442,0.03713278302771364,0,0,4.879600714021267e-16
P_generalization_R56_eta0.7,P_generalization,56.0,0.7,794.3344256864206,3,2,scaled_1.15,defined,0.05253016946401831,1.1876704838103156,0.037051923119426206,0,0,4.879600714021267e-16
P_generalization_R56_eta0.7,P_generalization,56.0,0.7,794.3344256864206,3,2,scaled_1.2,defined,0.042126248613066936,1.1934895491130606,0.0390213501153118,0,0,4.879600714021267e-16
P_generalization_R56_eta0.7,P_generalization,56.0,0.7,794.3344256864206,3,2,physical_frozen,defined,0.06321737446178068,1.151436257319947,0.03885008284413806,0,0,4.879600714021267e-16
P_generalization_R56_eta0.7,P_generalization,56.0,0.7,794.3344256864206,3,2,physical_common,defined,0.047542379583049396,1.0654540472419345,0.05452507772286934,0,0,4.879600714021267e-16
P_generalization_R56_eta0.7,P_generalization,56.0,0.7,794.3344256864206,3,2,actual_root,defined,,1.1739158301660555,,1,38,4.879600714021267e-16
P_generalization_R56_eta0.7,P_generalization,56.0,0.7,794.3344256864206,3,2,soft_cosine,defined,0.06014633344841047,1.145512712645954,0.041209754565870144,0,0,4.879600714021267e-16
P_generalization_R56_eta0.7,P_generalization,56.0,0.7,794.3344256864206,3,3,scaled_0.8,defined,0.09607172805663519,1.143190906164866,0.0,0,0,4.879600714021267e-16
P_generalization_R56_eta0.7,P_generalization,56.0,0.7,794.3344256864206,3,3,scaled_0.85,defined,0.09870966163006986,1.1512948877639269,0.0,0,0,4.879600714021267e-16
P_generalization_R56_eta0.7,P_generalization,56.0,0.7,794.3344256864206,3,3,scaled_0.9,defined,0.10070526902694277,1.1591414298687543,0.0,0,0,4.879600714021267e-16
P_generalization_R56_eta0.7,P_generalization,56.0,0.7,794.3344256864206,3,3,scaled_0.925,defined,0.10136939826196656,1.162842482006889,0.0,0,0,4.879600714021267e-16
P_generalization_R56_eta0.7,P_generalization,56.0,0.7,794.3344256864206,3,3,scaled_0.95,defined,0.10175539248051116,1.1663134266551398,0.0,0,0,4.879600714021267e-16
P_generalization_R56_eta0.7,P_generalization,56.0,0.7,794.3344256864206,3,3,scaled_0.975,defined,0.10181851122516661,1.1694839991286166,0.0,0,0,4.879600714021267e-16
P_generalization_R56_eta0.7,P_generalization,56.0,0.7,794.3344256864206,3,3,scaled_1,defined,0.10151269803320395,1.1722776193076543,0.0,0,0,4.879600714021267e-16
P_generalization_R56_eta0.7,P_generalization,56.0,0.7,794.3344256864206,3,3,scaled_1.025,defined,0.10079186209881211,1.1746126123153384,0.0,0,0,4.879600714021267e-16
P_generalization_R56_eta0.7,P_generalization,56.0,0.7,794.3344256864206,3,3,scaled_1.05,defined,0.09961152534128737,1.176404226489584,0.0,0,0,4.879600714021267e-16
P_generalization_R56_eta0.7,P_generalization,56.0,0.7,794.3344256864206,3,3,scaled_1.075,defined,0.09793082736626679,1.1775670232243054,0.0,0,0,4.879600714021267e-16
P_generalization_R56_eta0.7,P_generalization,56.0,0.7,794.3344256864206,3,3,scaled_1.1,defined,0.09571483846545814,1.1780179874323387,0.0,0,0,4.879600714021267e-16
P_generalization_R56_eta0.7,P_generalization,56.0,0.7,794.3344256864206,3,3,scaled_1.15,defined,0.08958209258344452,1.1764928332881563,0.0,0,0,4.879600714021267e-16
P_generalization_R56_eta0.7,P_generalization,56.0,0.7,794.3344256864206,3,3,scaled_1.2,defined,0.08114759872837873,1.1713951862126437,0.0,0,0,4.879600714021267e-16
P_generalization_R56_eta0.7,P_generalization,56.0,0.7,794.3344256864206,3,3,physical_frozen,defined,0.10206745730591874,1.1737779732930569,0.0,0,0,4.879600714021267e-16
P_generalization_R56_eta0.7,P_generalization,56.0,0.7,794.3344256864206,3,3,physical_common,defined,0.10206745730591874,1.1737779732930569,0.0,0,0,4.879600714021267e-16
P_generalization_R56_eta0.7,P_generalization,56.0,0.7,794.3344256864206,3,3,actual_root,defined,,2.5445872709739437,,7,65,4.879600714021267e-16
P_generalization_R56_eta0.7,P_generalization,56.0,0.7,794.3344256864206,3,3,soft_cosine,defined,0.10135608801428062,1.172078506004984,0.0,0,0,4.879600714021267e-16
P_generalization_R56_eta0.7,P_generalization,56.0,0.7,794.3344256864206,3,4,scaled_0.8,defined,0.04841592272712646,1.0948633888806731,0.04765580532950873,0,0,4.879600714021267e-16
P_generalization_R56_eta0.7,P_generalization,56.0,0.7,794.3344256864206,3,4,scaled_0.85,defined,0.05308916626718927,1.110541520391354,0.04562049536288059,0,0,4.879600714021267e-16
P_generalization_R56_eta0.7,P_generalization,56.0,0.7,794.3344256864206,3,4,scaled_0.9,defined,0.056849280989130016,1.1270296355286218,0.04385598803781275,0,0,4.879600714021267e-16
P_generalization_R56_eta0.7,P_generalization,56.0,0.7,794.3344256864206,3,4,scaled_0.925,defined,0.05816205829098532,1.135349265731124,0.04320733997098124,0,0,4.879600714021267e-16
P_generalization_R56_eta0.7,P_generalization,56.0,0.7,794.3344256864206,3,4,scaled_0.95,defined,0.05894682859003174,1.143536672301874,0.04280856389047942,0,0,4.879600714021267e-16
P_generalization_R56_eta0.7,P_generalization,56.0,0.7,794.3344256864206,3,4,scaled_0.975,defined,0.059073345675724295,1.1514043008288306,0.04274516554944231,0,0,4.879600714021267e-16
P_generalization_R56_eta0.7,P_generalization,56.0,0.7,794.3344256864206,3,4,scaled_1,defined,0.058400144959046836,1.1587274893129345,0.043112553074157116,0,0,4.879600714021267e-16
P_generalization_R56_eta0.7,P_generalization,56.0,0.7,794.3344256864206,3,4,scaled_1.025,defined,0.05677986912039338,1.1652354695885028,0.04401199297841873,0,0,4.879600714021267e-16
P_generalization_R56_eta0.7,P_generalization,56.0,0.7,794.3344256864206,3,4,scaled_1.05,defined,0.05406755761440708,1.1706161959681405,0.04554396772688028,0,0,4.879600714021267e-16
P_generalization_R56_eta0.7,P_generalization,56.0,0.7,794.3344256864206,3,4,scaled_1.075,defined,0.05013231554593865,1.174530544830611,0.04779851182032814,0,0,4.879600714021267e-16
P_generalization_R56_eta0.7,P_generalization,56.0,0.7,794.3344256864206,3,4,scaled_1.1,defined,0.04487210173320853,1.1766329700467244,0.05084273673224961,0,0,4.879600714021267e-16
P_generalization_R56_eta0.7,P_generalization,56.0,0.7,794.3344256864206,3,4,scaled_1.15,defined,0.030213453363723594,1.1741807183101651,0.05936863921972092,0,0,4.879600714021267e-16
P_generalization_R56_eta0.7,P_generalization,56.0,0.7,794.3344256864206,3,4,scaled_1.2,defined,0.010458406931747584,1.1617486380041242,0.07068919179663115,0,0,4.879600714021267e-16
P_generalization_R56_eta0.7,P_generalization,56.0,0.7,794.3344256864206,3,4,physical_frozen,defined,0.059986813740805944,1.1628987212075548,0.04208064356511279,0,0,4.879600714021267e-16
P_generalization_R56_eta0.7,P_generalization,56.0,0.7,794.3344256864206,3,4,physical_common,defined,0.047527806986692074,1.0654295079529639,0.05453965031922666,0,0,4.879600714021267e-16
P_generalization_R56_eta0.7,P_generalization,56.0,0.7,794.3344256864206,3,4,actual_root,defined,,1.1765990752323718,,11,65,4.879600714021267e-16
P_generalization_R56_eta0.7,P_generalization,56.0,0.7,794.3344256864206,3,4,soft_cosine,defined,0.05802162532977663,1.1583136886916223,0.043334462684503985,0,0,4.879600714021267e-16
P_generalization_R56_eta0.7,P_generalization,56.0,0.7,794.3344256864206,3,5,scaled_0.8,defined,-0.0005635704799828618,1.0437494848822282,0.09663529853661805,0,0,4.879600714021267e-16
P_generalization_R56_eta0.7,P_generalization,56.0,0.7,794.3344256864206,3,5,scaled_0.85,defined,0.00491558541016386,1.0648976583490168,0.093794076219906,0,0,4.879600714021267e-16
P_generalization_R56_eta0.7,P_generalization,56.0,0.7,794.3344256864206,3,5,scaled_0.9,defined,0.009542236431477169,1.0888935454283661,0.0911630325954656,0,0,4.879600714021267e-16
P_generalization_R56_eta0.7,P_generalization,56.0,0.7,794.3344256864206,3,5,scaled_0.925,defined,0.011202657414377877,1.1018079544781114,0.09016674084758869,0,0,4.879600714021267e-16
P_generalization_R56_eta0.7,P_generalization,56.0,0.7,794.3344256864206,3,5,scaled_0.95,defined,0.012183024059316089,1.1151486780038073,0.08957236842119506,0,0,4.879600714021267e-16
P_generalization_R56_eta0.7,P_generalization,56.0,0.7,794.3344256864206,3,5,scaled_0.975,defined,0.012252812597867688,1.128672952187176,0.08956569862729892,0,0,4.879600714021267e-16
P_generalization_R56_eta0.7,P_generalization,56.0,0.7,794.3344256864206,3,5,scaled_1,defined,0.011145112095036705,1.142035741256447,0.09036758593816725,0,0,4.879600714021267e-16
P_generalization_R56_eta0.7,P_generalization,56.0,0.7,794.3344256864206,3,5,scaled_1.025,defined,0.008564430456408756,1.1547487944699162,0.09222743164240335,0,0,4.879600714021267e-16
P_generalization_R56_eta0.7,P_generalization,56.0,0.7,794.3344256864206,3,5,scaled_1.05,defined,0.004203555166945102,1.1661769601753917,0.09540797017434226,0,0,4.879600714021267e-16
P_generalization_R56_eta0.7,P_generalization,56.0,0.7,794.3344256864206,3,5,scaled_1.075,defined,-0.0022273889858682103,1.1755151036308054,0.10015821635213501,0,0,4.879600714021267e-16
P_generalization_R56_eta0.7,P_generalization,56.0,0.7,794.3344256864206,3,5,scaled_1.1,defined,-0.010958298324707466,1.1818321482287308,0.1066731367901656,0,0,4.879600714021267e-16
P_generalization_R56_eta0.7,P_generalization,56.0,0.7,794.3344256864206,3,5,scaled_1.15,defined,-0.03561221011438637,1.1816197084277715,0.12519430269783088,0,0,4.879600714021267e-16
P_generalization_R56_eta0.7,P_generalization,56.0,0.7,794.3344256864206,3,5,scaled_1.2,defined,-0.06841486584285983,1.1606137681757598,0.14956246457123856,0,0,4.879600714021267e-16
P_generalization_R56_eta0.7,P_generalization,56.0,0.7,794.3344256864206,3,5,physical_frozen,defined,0.014274487725048626,1.1501289942938593,0.08779296958087011,0,0,4.879600714021267e-16
P_generalization_R56_eta0.7,P_generalization,56.0,0.7,794.3344256864206,3,5,physical_common,defined,0.0016598146537607494,0.9891619724408395,0.10040764265215799,0,0,4.879600714021267e-16
P_generalization_R56_eta0.7,P_generalization,56.0,0.7,794.3344256864206,3,5,actual_root,defined,,1.1819487284614174,,9,69,4.879600714021267e-16
P_generalization_R56_eta0.7,P_generalization,56.0,0.7,794.3344256864206,3,5,soft_cosine,defined,0.010521061936036018,1.1414273497134353,0.09083502607824459,0,0,4.879600714021267e-16
P_generalization_R56_eta0.7,P_generalization,56.0,0.7,794.3344256864206,3,7,scaled_0.8,defined,-0.09563477256644591,0.9449368886819791,0.1917065006230811,0,0,4.879600714021267e-16
P_generalization_R56_eta0.7,P_generalization,56.0,0.7,794.3344256864206,3,7,scaled_0.85,defined,-0.09263195773312138,0.9700091424963224,0.19134161936319125,0,0,4.879600714021267e-16
P_generalization_R56_eta0.7,P_generalization,56.0,0.7,794.3344256864206,3,7,scaled_0.9,defined,-0.09002906394215342,1.0029044894074417,0.1907343329690962,0,0,4.879600714021267e-16
P_generalization_R56_eta0.7,P_generalization,56.0,0.7,794.3344256864206,3,7,scaled_0.925,defined,-0.08928835248411274,1.0228893966282664,0.1906577507460793,0,0,4.879600714021267e-16
P_generalization_R56_eta0.7,P_generalization,56.0,0.7,794.3344256864206,3,7,scaled_0.95,defined,-0.08926944120007807,1.0455658223921573,0.19102483368058923,0,0,4.879600714021267e-16
P_generalization_R56_eta0.7,P_generalization,56.0,0.7,794.3344256864206,3,7,scaled_0.975,defined,-0.09034061912474867,1.0711680070071719,0.19215913034991527,0,0,4.879600714021267e-16
P_generalization_R56_eta0.7,P_generalization,56.0,0.7,794.3344256864206,3,7,scaled_1,defined,-0.09297212157962767,1.0998811868505227,0.19448481961283162,0,0,4.879600714021267e-16
P_generalization_R56_eta0.7,P_generalization,56.0,0.7,794.3344256864206,3,7,scaled_1.025,defined,-0.09774080264045018,1.1317944732538037,0.1985326647392623,0,0,4.879600714021267e-16
P_generalization_R56_eta0.7,P_generalization,56.0,0.7,794.3344256864206,3,7,scaled_1.05,defined,-0.1053174570258339,1.1668243356099588,0.20492898236712126,0,0,4.879600714021267e-16
P_generalization_R56_eta0.7,P_generalization,56.0,0.7,794.3344256864206,3,7,scaled_1.075,defined,-0.11642445106607163,1.2045830414129113,0.21435527843233843,0,0,4.879600714021267e-16
P_generalization_R56_eta0.7,P_generalization,56.0,0.7,794.3344256864206,3,7,scaled_1.1,defined,-0.1317503135733995,1.2441689484573282,0.22746515203885764,0,0,4.879600714021267e-16
P_generalization_R56_eta0.7,P_generalization,56.0,0.7,794.3344256864206,3,7,scaled_1.15,defined,-0.17677855947348436,1.3192166504877765,0.2663606520569289,0,0,4.879600714021267e-16
P_generalization_R56_eta0.7,P_generalization,56.0,0.7,794.3344256864206,3,7,scaled_1.2,defined,-0.23906128620845163,1.3321300733567834,0.32020888493683036,0,0,4.879600714021267e-16
P_generalization_R56_eta0.7,P_generalization,56.0,0.7,794.3344256864206,3,7,physical_frozen,defined,-0.08535015494574819,1.11958780635047,0.18741761225166692,0,0,4.879600714021267e-16
P_generalization_R56_eta0.7,P_generalization,56.0,0.7,794.3344256864206,3,7,physical_common,defined,-0.0405866639930229,0.9223802571429772,0.14265412129894164,0,0,4.879600714021267e-16
P_generalization_R56_eta0.7,P_generalization,56.0,0.7,794.3344256864206,3,7,actual_root,defined,,1.2639989024435825,,4,70,4.879600714021267e-16
P_generalization_R56_eta0.7,P_generalization,56.0,0.7,794.3344256864206,3,7,soft_cosine,defined,-0.09408831262179343,1.0992543856639618,0.19544440063607404,0,0,4.879600714021267e-16
P_generalization_R96_eta0.35,P_generalization,96.0,0.35,794.3344256864206,2,1,scaled_0.8,defined,0.044371577758998706,0.9988656115178678,0.022564847195539528,0,0,6.4612599092774646e-15
P_generalization_R96_eta0.35,P_generalization,96.0,0.35,794.3344256864206,2,1,scaled_0.85,defined,0.04543485967212069,1.0020439838811552,0.02179568702219617,0,0,6.4612599092774646e-15
P_generalization_R96_eta0.35,P_generalization,96.0,0.35,794.3344256864206,2,1,scaled_0.9,defined,0.04667724967269239,1.005842398348769,0.020591952255680876,0,0,6.4612599092774646e-15
P_generalization_R96_eta0.35,P_generalization,96.0,0.35,794.3344256864206,2,1,scaled_0.925,defined,0.04737401688219999,1.008018660005335,0.019789403353118747,0,0,6.4612599092774646e-15
P_generalization_R96_eta0.35,P_generalization,96.0,0.35,794.3344256864206,2,1,scaled_0.95,defined,0.048126118687684016,1.0104089072647184,0.018830761691182474,0,0,6.4612599092774646e-15
P_generalization_R96_eta0.35,P_generalization,96.0,0.35,794.3344256864206,2,1,scaled_0.975,defined,0.0489375860908151,1.0130395850061487,0.017698183649086707,0,0,6.4612599092774646e-15
P_generalization_R96_eta0.35,P_generalization,96.0,0.35,794.3344256864206,2,1,scaled_1,defined,0.04981271850241555,1.0159416783752,0.01637322743223888,0,0,6.4612599092774646e-15
P_generalization_R96_eta0.35,P_generalization,96.0,0.35,794.3344256864206,2,1,scaled_1.025,defined,0.050756097049145535,1.0191517740827234,0.014837198514109792,0,0,6.4612599092774646e-15
P_generalization_R96_eta0.35,P_generalization,96.0,0.35,794.3344256864206,2,1,scaled_1.05,defined,0.0517725991358029,1.0227134455412534,0.013071585479602965,0,0,6.4612599092774646e-15
P_generalization_R96_eta0.35,P_generalization,96.0,0.35,794.3344256864206,2,1,scaled_1.075,defined,0.05286741653044492,1.0266792414641117,0.011058580816623469,0,0,6.4612599092774646e-15
P_generalization_R96_eta0.35,P_generalization,96.0,0.35,794.3344256864206,2,1,scaled_1.1,defined,0.05404608663432775,1.0311144379669468,0.00878166442077244,0,0,6.4612599092774646e-15
P_generalization_R96_eta0.35,P_generalization,96.0,0.35,794.3344256864206,2,1,scaled_1.15,defined,0.05667919695391466,1.0417297989045085,0.003380134547524498,0,0,6.4612599092774646e-15
P_generalization_R96_eta0.35,P_generalization,96.0,0.35,794.3344256864206,2,1,scaled_1.2,defined,0.05972627768284545,1.0554730656039575,-0.003217225013112626,0,0,6.4612599092774646e-15
P_generalization_R96_eta0.35,P_generalization,96.0,0.35,794.3344256864206,2,1,physical_frozen,defined,0.05062273324312903,1.0171232063239941,0.01568225459732612,0,0,6.4612599092774646e-15
P_generalization_R96_eta0.35,P_generalization,96.0,0.35,794.3344256864206,2,1,physical_common,defined,0.05120356030336892,1.0021277272382598,0.015101427537086223,0,0,6.4612599092774646e-15
P_generalization_R96_eta0.35,P_generalization,96.0,0.35,794.3344256864206,2,1,actual_root,defined,0.05061973535657262,1.0190272923842563,,0,0,6.4612599092774646e-15
P_generalization_R96_eta0.35,P_generalization,96.0,0.35,794.3344256864206,2,1,soft_cosine,defined,0.04982846595019963,1.0160469774397332,0.016299440594798487,0,0,6.4612599092774646e-15
P_generalization_R96_eta0.35,P_generalization,96.0,0.35,794.3344256864206,2,2,scaled_0.8,defined,0.06693642495453823,1.025987584403256,0.0,0,0,6.4612599092774646e-15
P_generalization_R96_eta0.35,P_generalization,96.0,0.35,794.3344256864206,2,2,scaled_0.85,defined,0.06723054669431686,1.0280363519917175,0.0,0,0,6.4612599092774646e-15
P_generalization_R96_eta0.35,P_generalization,96.0,0.35,794.3344256864206,2,2,scaled_0.9,defined,0.06726920192837327,1.0299913077077332,0.0,0,0,6.4612599092774646e-15
P_generalization_R96_eta0.35,P_generalization,96.0,0.35,794.3344256864206,2,2,scaled_0.925,defined,0.06716342023531874,1.030899438649894,0.0,0,0,6.4612599092774646e-15
P_generalization_R96_eta0.35,P_generalization,96.0,0.35,794.3344256864206,2,2,scaled_0.95,defined,0.06695688037886649,1.031739608051027,0.0,0,0,6.4612599092774646e-15
P_generalization_R96_eta0.35,P_generalization,96.0,0.35,794.3344256864206,2,2,scaled_0.975,defined,0.0666357697399018,1.0324933961745653,0.0,0,0,6.4612599092774646e-15
P_generalization_R96_eta0.35,P_generalization,96.0,0.35,794.3344256864206,2,2,scaled_1,defined,0.06618594593465443,1.0331408769144124,0.0,0,0,6.4612599092774646e-15
P_generalization_R96_eta0.35,P_generalization,96.0,0.35,794.3344256864206,2,2,scaled_1.025,defined,0.06559329556325533,1.0336609135512318,0.0,0,0,6.4612599092774646e-15
P_generalization_R96_eta0.35,P_generalization,96.0,0.35,794.3344256864206,2,2,scaled_1.05,defined,0.06484418461540586,1.0340315933161595,0.0,0,0,6.4612599092774646e-15
P_generalization_R96_eta0.35,P_generalization,96.0,0.35,794.3344256864206,2,2,scaled_1.075,defined,0.06392599734706839,1.0342308138477385,0.0,0,0,6.4612599092774646e-15
P_generalization_R96_eta0.35,P_generalization,96.0,0.35,794.3344256864206,2,2,scaled_1.1,defined,0.06282775105510019,1.0342370246423607,0.0,0,0,6.4612599092774646e-15
P_generalization_R96_eta0.35,P_generalization,96.0,0.35,794.3344256864206,2,2,scaled_1.15,defined,0.060059331501439155,1.0335924014669635,0.0,0,0,6.4612599092774646e-15
P_generalization_R96_eta0.35,P_generalization,96.0,0.35,794.3344256864206,2,2,scaled_1.2,defined,0.05650905266973282,1.0319724563893669,0.0,0,0,6.4612599092774646e-15
P_generalization_R96_eta0.35,P_generalization,96.0,0.35,794.3344256864206,2,2,physical_frozen,defined,0.06630498784045515,1.033348654102054,0.0,0,0,6.4612599092774646e-15
P_generalization_R96_eta0.35,P_generalization,96.0,0.35,794.3344256864206,2,2,physical_common,defined,0.06630498784045515,1.033348654102054,0.0,0,0,6.4612599092774646e-15
P_generalization_R96_eta0.35,P_generalization,96.0,0.35,794.3344256864206,2,2,actual_root,defined,,1.0337275261632404,,9,0,6.4612599092774646e-15
P_generalization_R96_eta0.35,P_generalization,96.0,0.35,794.3344256864206,2,2,soft_cosine,defined,0.06612790654499812,1.033090936278383,0.0,0,0,6.4612599092774646e-15
P_generalization_R96_eta0.35,P_generalization,96.0,0.35,794.3344256864206,2,3,scaled_0.8,defined,0.044119875624205704,1.0046329072102276,0.02281654933033253,0,0,6.4612599092774646e-15
P_generalization_R96_eta0.35,P_generalization,96.0,0.35,794.3344256864206,2,3,scaled_0.85,defined,0.0443068980508849,1.0082510731963252,0.02292364864343196,0,0,6.4612599092774646e-15
P_generalization_R96_eta0.35,P_generalization,96.0,0.35,794.3344256864206,2,3,scaled_0.9,defined,0.044111276012566925,1.012064374908764,0.023157925915806343,0,0,6.4612599092774646e-15
P_generalization_R96_eta0.35,P_generalization,96.0,0.35,794.3344256864206,2,3,scaled_0.925,defined,0.04380380576225501,1.0139884739692118,0.023359614473063728,0,0,6.4612599092774646e-15
P_generalization_R96_eta0.35,P_generalization,96.0,0.35,794.3344256864206,2,3,scaled_0.95,defined,0.04331324756937033,1.015881127683855,0.023643632809496162,0,0,6.4612599092774646e-15
P_generalization_R96_eta0.35,P_generalization,96.0,0.35,794.3344256864206,2,3,scaled_0.975,defined,0.042602239147152166,1.0177001936658996,0.02403353059274964,0,0,6.4612599092774646e-15
P_generalization_R96_eta0.35,P_generalization,96.0,0.35,794.3344256864206,2,3,scaled_1,defined,0.04163012445806524,1.0193949948034207,0.02455582147658919,0,0,6.4612599092774646e-15
P_generalization_R96_eta0.35,P_generalization,96.0,0.35,794.3344256864206,2,3,scaled_1.025,defined,0.04035399699380271,1.0209062935187203,0.025239298569452617,0,0,6.4612599092774646e-15
P_generalization_R96_eta0.35,P_generalization,96.0,0.35,794.3344256864206,2,3,scaled_1.05,defined,0.038730323936439444,1.0221669921498282,0.02611386067896642,0,0,6.4612599092774646e-15
P_generalization_R96_eta0.35,P_generalization,96.0,0.35,794.3344256864206,2,3,scaled_1.075,defined,0.036717218894824155,1.0231038217582853,0.02720877845224423,0,0,6.4612599092774646e-15
P_generalization_R96_eta0.35,P_generalization,96.0,0.35,794.3344256864206,2,3,scaled_1.1,defined,0.03427735779711566,1.0236402557611284,0.02855039325798453,0,0,6.4612599092774646e-15
P_generalization_R96_eta0.35,P_generalization,96.0,0.35,794.3344256864206,2,3,scaled_1.15,defined,0.028011771831117915,1.0232165323432185,0.03204755967032124,0,0,6.4612599092774646e-15
P_generalization_R96_eta0.35,P_generalization,96.0,0.35,794.3344256864206,2,3,scaled_1.2,defined,0.019859703364914605,1.0204111163001324,0.03664934930481822,0,0,6.4612599092774646e-15
P_generalization_R96_eta0.35,P_generalization,96.0,0.35,794.3344256864206,2,3,physical_frozen,defined,0.0419828395317996,1.0199760775232067,0.024322148308655547,0,0,6.4612599092774646e-15
P_generalization_R96_eta0.35,P_generalization,96.0,0.35,794.3344256864206,2,3,physical_common,defined,0.05075152229199235,1.0012757138044237,0.015553465548462798,0,0,6.4612599092774646e-15
P_generalization_R96_eta0.35,P_generalization,96.0,0.35,794.3344256864206,2,3,actual_root,defined,0.03941876044445929,1.0209613306358383,,3,0,6.4612599092774646e-15
P_generalization_R96_eta0.35,P_generalization,96.0,0.35,794.3344256864206,2,3,soft_cosine,defined,0.04151105705682817,1.0193214748506356,0.024616849488169945,0,0,6.4612599092774646e-15
P_generalization_R96_eta0.35,P_generalization,96.0,0.35,794.3344256864206,2,4,scaled_0.8,defined,0.02168860909755932,0.9832909427427852,0.045247815856978915,0,0,6.4612599092774646e-15
P_generalization_R96_eta0.35,P_generalization,96.0,0.35,794.3344256864206,2,4,scaled_0.85,defined,0.02111372974993234,0.9875441348346975,0.04611681694438452,0,0,6.4612599092774646e-15
P_generalization_R96_eta0.35,P_generalization,96.0,0.35,794.3344256864206,2,4,scaled_0.9,defined,0.02008059241183044,0.9924983869895029,0.04718860951654283,0,0,6.4612599092774646e-15
P_generalization_R96_eta0.35,P_generalization,96.0,0.35,794.3344256864206,2,4,scaled_0.925,defined,0.019290370856435812,0.9951972719506929,0.047873049378882926,0,0,6.4612599092774646e-15
P_generalization_R96_eta0.35,P_generalization,96.0,0.35,794.3344256864206,2,4,scaled_0.95,defined,0.018244785487206143,0.9979982952762463,0.04871209489166035,0,0,6.4612599092774646e-15
P_generalization_R96_eta0.35,P_generalization,96.0,0.35,794.3344256864206,2,4,scaled_0.975,defined,0.01687593502092031,1.0008466888404794,0.049759834718981495,0,0,6.4612599092774646e-15
P_generalization_R96_eta0.35,P_generalization,96.0,0.35,794.3344256864206,2,4,scaled_1,defined,0.015105104998955765,1.0036675987933612,0.05108084093569867,0,0,6.4612599092774646e-15
P_generalization_R96_eta0.35,P_generalization,96.0,0.35,794.3344256864206,2,4,scaled_1.025,defined,0.012843706856614734,1.0063618008980832,0.05274958870664059,0,0,6.4612599092774646e-15
P_generalization_R96_eta0.35,P_generalization,96.0,0.35,794.3344256864206,2,4,scaled_1.05,defined,0.009995737468948019,1.0088037209924101,0.05484844714645785,0,0,6.4612599092774646e-15
P_generalization_R96_eta0.35,P_generalization,96.0,0.35,794.3344256864206,2,4,scaled_1.075,defined,0.006462254661835452,1.0108417004007082,0.05746374268523294,0,0,6.4612599092774646e-15
P_generalization_R96_eta0.35,P_generalization,96.0,0.35,794.3344256864206,2,4,scaled_1.1,defined,0.0021482254763010872,1.0123016099151072,0.060679525578799104,0,0,6.4612599092774646e-15
P_generalization_R96_eta0.35,P_generalization,96.0,0.35,794.3344256864206,2,4,scaled_1.15,defined,-0.009124913330618298,1.0127362426407882,0.06918424483205746,0,0,6.4612599092774646e-15
P_generalization_R96_eta0.35,P_generalization,96.0,0.35,794.3344256864206,2,4,scaled_1.2,defined,-0.024123134438765646,1.0087438143194747,0.08063218710849847,0,0,6.4612599092774646e-15
P_generalization_R96_eta0.35,P_generalization,96.0,0.35,794.3344256864206,2,4,physical_frozen,defined,0.015728569871757126,1.0046652570810566,0.05057641796869802,0,0,6.4612599092774646e-15
P_generalization_R96_eta0.35,P_generalization,96.0,0.35,794.3344256864206,2,4,physical_common,defined,0.04033297165270658,0.9826181208773368,0.025972016187748567,0,0,6.4612599092774646e-15
P_generalization_R96_eta0.35,P_generalization,96.0,0.35,794.3344256864206,2,4,actual_root,defined,0.011842139049140731,1.0061932829788378,,1,19,6.4612599092774646e-15
P_generalization_R96_eta0.35,P_generalization,96.0,0.35,794.3344256864206,2,4,soft_cosine,defined,0.014913256873401304,1.0035995319058266,0.051214649671596814,0,0,6.4612599092774646e-15
P_generalization_R96_eta0.35,P_generalization,96.0,0.35,794.3344256864206,2,6,scaled_0.8,defined,-0.01961324082407981,0.944965734141448,0.08654966577861804,0,0,6.4612599092774646e-15
P_generalization_R96_eta0.35,P_generalization,96.0,0.35,794.3344256864206,2,6,scaled_0.85,defined,-0.023761038167203763,0.9475364684400097,0.09099158486152062,0,0,6.4612599092774646e-15
P_generalization_R96_eta0.35,P_generalization,96.0,0.35,794.3344256864206,2,6,scaled_0.9,defined,-0.028562259120618272,0.9520247213145412,0.09583146104899154,0,0,6.4612599092774646e-15
P_generalization_R96_eta0.35,P_generalization,96.0,0.35,794.3344256864206,2,6,scaled_0.925,defined,-0.03138116792576018,0.9550815347694742,0.09854458816107892,0,0,6.4612599092774646e-15
P_generalization_R96_eta0.35,P_generalization,96.0,0.35,794.3344256864206,2,6,scaled_0.95,defined,-0.034621206028624285,0.9587062338662777,0.10157808640749078,0,0,6.4612599092774646e-15
P_generalization_R96_eta0.35,P_generalization,96.0,0.35,794.3344256864206,2,6,scaled_0.975,defined,-0.03843150677492313,0.9628881717371073,0.10506727651482493,0,0,6.4612599092774646e-15
P_generalization_R96_eta0.35,P_generalization,96.0,0.35,794.3344256864206,2,6,scaled_1,defined,-0.043003702755788235,0.967576321824421,0.10918964869044268,0,0,6.4612599092774646e-15
P_generalization_R96_eta0.35,P_generalization,96.0,0.35,794.3344256864206,2,6,scaled_1.025,defined,-0.0485783276909838,0.9726602088729288,0.11417162325423913,0,0,6.4612599092774646e-15
P_generalization_R96_eta0.35,P_generalization,96.0,0.35,794.3344256864206,2,6,scaled_1.05,defined,-0.055448497525727114,0.9779461708928386,0.12029268214113298,0,0,6.4612599092774646e-15
P_generalization_R96_eta0.35,P_generalization,96.0,0.35,794.3344256864206,2,6,scaled_1.075,defined,-0.06395780131697093,0.9831302258405596,0.12788379866403932,0,0,6.4612599092774646e-15
P_generalization_R96_eta0.35,P_generalization,96.0,0.35,794.3344256864206,2,6,scaled_1.1,defined,-0.07448836101117695,0.9877643523434614,0.13731611206627714,0,0,6.4612599092774646e-15
P_generalization_R96_eta0.35,P_generalization,96.0,0.35,794.3344256864206,2,6,scaled_1.15,defined,-0.10315947378271459,0.9927636766799636,0.16321880528415375,0,0,6.4612599092774646e-15
P_generalization_R96_eta0.35,P_generalization,96.0,0.35,794.3344256864206,2,6,scaled_1.2,defined,-0.1438851191027694,0.9863475869635517,0.20039417177250224,0,0,6.4612599092774646e-15
P_generalization_R96_eta0.35,P_generalization,96.0,0.35,794.3344256864206,2,6,physical_frozen,defined,-0.04184694294744673,0.9693012656371679,0.10815193078790188,0,0,6.4612599092774646e-15
P_generalization_R96_eta0.35,P_generalization,96.0,0.35,794.3344256864206,2,6,physical_common,defined,0.043748772949136705,0.9844499082629635,0.02255621489131844,0,0,6.4612599092774646e-15
P_generalization_R96_eta0.35,P_generalization,96.0,0.35,794.3344256864206,2,6,actual_root,defined,-0.04969222474258006,0.9713274788297768,,5,57,6.4612599092774646e-15
P_generalization_R96_eta0.35,P_generalization,96.0,0.35,794.3344256864206,2,6,soft_cosine,defined,-0.04340501474401126,0.9676346177537176,0.10953292128900938,0,0,6.4612599092774646e-15
P_generalization_R96_eta0.35,P_generalization,96.0,0.35,794.3344256864206,3,1,scaled_0.8,defined,0.02338602176824557,0.9782027150191626,0.043752332595321505,0,0,6.4612599092774646e-15
P_generalization_R96_eta0.35,P_generalization,96.0,0.35,794.3344256864206,3,1,scaled_0.85,defined,0.023748126800898432,0.981489964493388,0.043500689035434255,0,0,6.4612599092774646e-15
P_generalization_R96_eta0.35,P_generalization,96.0,0.35,794.3344256864206,3,1,scaled_0.9,defined,0.024304601162638537,0.9857883513909491,0.042691965897702314,0,0,6.4612599092774646e-15
P_generalization_R96_eta0.35,P_generalization,96.0,0.35,794.3344256864206,3,1,scaled_0.925,defined,0.024666848965006854,0.9884158663015785,0.042029322132850114,0,0,6.4612599092774646e-15
P_generalization_R96_eta0.35,P_generalization,96.0,0.35,794.3344256864206,3,1,scaled_0.95,defined,0.025091128951456335,0.9914314057332317,0.04116651540829701,0,0,6.4612599092774646e-15
P_generalization_R96_eta0.35,P_generalization,96.0,0.35,794.3344256864206,3,1,scaled_0.975,defined,0.02558185217299167,0.9949010736500363,0.04008233218935223,0,0,6.4612599092774646e-15
P_generalization_R96_eta0.35,P_generalization,96.0,0.35,794.3344256864206,3,1,scaled_1,defined,0.026143170538111746,0.9989065866206496,0.038756173728266494,0,0,6.4612599092774646e-15
P_generalization_R96_eta0.35,P_generalization,96.0,0.35,794.3344256864206,3,1,scaled_1.025,defined,0.02677878098713222,1.0035511454426138,0.03716892594706483,0,0,6.4612599092774646e-15
P_generalization_R96_eta0.35,P_generalization,96.0,0.35,794.3344256864206,3,1,scaled_1.05,defined,0.027491694301940716,1.0089678528548516,0.03530398202401357,0,0,6.4612599092774646e-15
P_generalization_R96_eta0.35,P_generalization,96.0,0.35,794.3344256864206,3,1,scaled_1.075,defined,0.0282839772297641,1.0153285787772053,0.03314837976926506,0,0,6.4612599092774646e-15
P_generalization_R96_eta0.35,P_generalization,96.0,0.35,794.3344256864206,3,1,scaled_1.1,defined,0.029156550189184356,1.0228623410154314,0.030693922593880967,0,0,6.4612599092774646e-15
P_generalization_R96_eta0.35,P_generalization,96.0,0.35,794.3344256864206,3,1,scaled_1.15,defined,0.03114195493637628,1.0428521879443942,0.024883266631945074,0,0,6.4612599092774646e-15
P_generalization_R96_eta0.35,P_generalization,96.0,0.35,794.3344256864206,3,1,scaled_1.2,defined,0.03347238801795949,1.073670986570098,0.01789189273691294,0,0,6.4612599092774646e-15
P_generalization_R96_eta0.35,P_generalization,96.0,0.35,794.3344256864206,3,1,physical_frozen,defined,0.027261796781284313,1.0005403306554979,0.037665558764476144,0,0,6.4612599092774646e-15
P_generalization_R96_eta0.35,P_generalization,96.0,0.35,794.3344256864206,3,1,physical_common,defined,0.03974455192635828,0.982610140148551,0.02518280361940218,0,0,6.4612599092774646e-15
P_generalization_R96_eta0.35,P_generalization,96.0,0.35,794.3344256864206,3,1,actual_root,defined,0.026643690027205878,1.0027629419262079,,0,0,6.4612599092774646e-15
P_generalization_R96_eta0.35,P_generalization,96.0,0.35,794.3344256864206,3,1,soft_cosine,defined,0.02616228284889308,0.999126608457288,0.0386661054513268,0,0,6.4612599092774646e-15
P_generalization_R96_eta0.35,P_generalization,96.0,0.35,794.3344256864206,3,2,scaled_0.8,defined,0.044119875624205704,1.0046329072102276,0.023018478739361373,0,0,6.4612599092774646e-15
P_generalization_R96_eta0.35,P_generalization,96.0,0.35,794.3344256864206,3,2,scaled_0.85,defined,0.0443068980508849,1.0082510731963252,0.02294191778544779,0,0,6.4612599092774646e-15
P_generalization_R96_eta0.35,P_generalization,96.0,0.35,794.3344256864206,3,2,scaled_0.9,defined,0.044111276012566925,1.012064374908764,0.022885291047773926,0,0,6.4612599092774646e-15
P_generalization_R96_eta0.35,P_generalization,96.0,0.35,794.3344256864206,3,2,scaled_0.925,defined,0.04380380576225501,1.0139884739692118,0.02289236533560196,0,0,6.4612599092774646e-15
P_generalization_R96_eta0.35,P_generalization,96.0,0.35,794.3344256864206,3,2,scaled_0.95,defined,0.04331324756937033,1.015881127683855,0.022944396790383015,0,0,6.4612599092774646e-15
P_generalization_R96_eta0.35,P_generalization,96.0,0.35,794.3344256864206,3,2,scaled_0.975,defined,0.042602239147152166,1.0177001936658996,0.023061945215191726,0,0,6.4612599092774646e-15
P_generalization_R96_eta0.35,P_generalization,96.0,0.35,794.3344256864206,3,2,scaled_1,defined,0.04163012445806524,1.0193949948034207,0.023269219808312994,0,0,6.4612599092774646e-15
P_generalization_R96_eta0.35,P_generalization,96.0,0.35,794.3344256864206,3,2,scaled_1.025,defined,0.04035399699380271,1.0209062935187203,0.023593709940394336,0,0,6.4612599092774646e-15
P_generalization_R96_eta0.35,P_generalization,96.0,0.35,794.3344256864206,3,2,scaled_1.05,defined,0.038730323936439444,1.0221669921498282,0.024065352389514842,0,0,6.4612599092774646e-15
P_generalization_R96_eta0.35,P_generalization,96.0,0.35,794.3344256864206,3,2,scaled_1.075,defined,0.036717218894824155,1.0231038217582853,0.024715138104205003,0,0,6.4612599092774646e-15
P_generalization_R96_eta0.35,P_generalization,96.0,0.35,794.3344256864206,3,2,scaled_1.1,defined,0.03427735779711566,1.0236402557611284,0.025573114985949663,0,0,6.4612599092774646e-15
P_generalization_R96_eta0.35,P_generalization,96.0,0.35,794.3344256864206,3,2,scaled_1.15,defined,0.028011771831117915,1.0232165323432185,0.02801344973720344,0,0,6.4612599092774646e-15
P_generalization_R96_eta0.35,P_generalization,96.0,0.35,794.3344256864206,3,2,scaled_1.2,defined,0.019859703364914605,1.0204111163001324,0.03150457738995782,0,0,6.4612599092774646e-15
P_generalization_R96_eta0.35,P_generalization,96.0,0.35,794.3344256864206,3,2,physical_frozen,defined,0.0419828395317996,1.0199760775232067,0.02294451601396086,0,0,6.4612599092774646e-15
P_generalization_R96_eta0.35,P_generalization,96.0,0.35,794.3344256864206,3,2,physical_common,defined,0.050498139145339946,1.0022253176364477,0.014429216400420511,0,0,6.4612599092774646e-15
P_generalization_R96_eta0.35,P_generalization,96.0,0.35,794.3344256864206,3,2,actual_root,defined,0.03941876044445929,1.0209613306358383,,3,0,6.4612599092774646e-15
P_generalization_R96_eta0.35,P_generalization,96.0,0.35,794.3344256864206,3,2,soft_cosine,defined,0.04151105705682817,1.0193214748506356,0.023317331243391706,0,0,6.4612599092774646e-15
P_generalization_R96_eta0.35,P_generalization,96.0,0.35,794.3344256864206,3,3,scaled_0.8,defined,0.06713835436356708,1.027369385542235,0.0,0,0,6.4612599092774646e-15
P_generalization_R96_eta0.35,P_generalization,96.0,0.35,794.3344256864206,3,3,scaled_0.85,defined,0.06724881583633269,1.0294253377132736,0.0,0,0,6.4612599092774646e-15
P_generalization_R96_eta0.35,P_generalization,96.0,0.35,794.3344256864206,3,3,scaled_0.9,defined,0.06699656706034085,1.031277837437162,0.0,0,0,6.4612599092774646e-15
P_generalization_R96_eta0.35,P_generalization,96.0,0.35,794.3344256864206,3,3,scaled_0.925,defined,0.06669617109785697,1.032079295142329,0.0,0,0,6.4612599092774646e-15
P_generalization_R96_eta0.35,P_generalization,96.0,0.35,794.3344256864206,3,3,scaled_0.95,defined,0.06625764435975334,1.0327674321415419,0.0,0,0,6.4612599092774646e-15
P_generalization_R96_eta0.35,P_generalization,96.0,0.35,794.3344256864206,3,3,scaled_0.975,defined,0.06566418436234389,1.0333173994842615,0.0,0,0,6.4612599092774646e-15
P_generalization_R96_eta0.35,P_generalization,96.0,0.35,794.3344256864206,3,3,scaled_1,defined,0.06489934426637824,1.033703098989554,0.0,0,0,6.4612599092774646e-15
P_generalization_R96_eta0.35,P_generalization,96.0,0.35,794.3344256864206,3,3,scaled_1.025,defined,0.06394770693419705,1.0338978860620465,0.0,0,0,6.4612599092774646e-15
P_generalization_R96_eta0.35,P_generalization,96.0,0.35,794.3344256864206,3,3,scaled_1.05,defined,0.06279567632595429,1.0338754948071376,0.0,0,0,6.4612599092774646e-15
P_generalization_R96_eta0.35,P_generalization,96.0,0.35,794.3344256864206,3,3,scaled_1.075,defined,0.06143235699902916,1.0336111777027444,0.0,0,0,6.4612599092774646e-15
P_generalization_R96_eta0.35,P_generalization,96.0,0.35,794.3344256864206,3,3,scaled_1.1,defined,0.05985047278306532,1.0330830249021137,0.0,0,0,6.4612599092774646e-15
P_generalization_R96_eta0.35,P_generalization,96.0,0.35,794.3344256864206,3,3,scaled_1.15,defined,0.056025221568321355,1.0311703616662073,0.0,0,0,6.4612599092774646e-15
P_generalization_R96_eta0.35,P_generalization,96.0,0.35,794.3344256864206,3,3,scaled_1.2,defined,0.05136428075487243,1.0280726025595377,0.0,0,0,6.4612599092774646e-15
P_generalization_R96_eta0.35,P_generalization,96.0,0.35,794.3344256864206,3,3,physical_frozen,defined,0.06492735554576046,1.0337873764654968,0.0,0,0,6.4612599092774646e-15
P_generalization_R96_eta0.35,P_generalization,96.0,0.35,794.3344256864206,3,3,physical_common,defined,0.06492735554576046,1.0337873764654968,0.0,0,0,6.4612599092774646e-15
P_generalization_R96_eta0.35,P_generalization,96.0,0.35,794.3344256864206,3,3,actual_root,defined,,3.9219410311303826,,11,32,6.4612599092774646e-15
P_generalization_R96_eta0.35,P_generalization,96.0,0.35,794.3344256864206,3,3,soft_cosine,defined,0.06482838830021988,1.0336329637165136,0.0,0,0,6.4612599092774646e-15
P_generalization_R96_eta0.35,P_generalization,96.0,0.35,794.3344256864206,3,4,scaled_0.8,defined,0.044242016187015704,1.0076369027845122,0.022896338176551373,0,0,6.4612599092774646e-15
P_generalization_R96_eta0.35,P_generalization,96.0,0.35,794.3344256864206,3,4,scaled_0.85,defined,0.04404264236757727,1.0115623388057702,0.02320617346875542,0,0,6.4612599092774646e-15
P_generalization_R96_eta0.35,P_generalization,96.0,0.35,794.3344256864206,3,4,scaled_0.9,defined,0.04316201086403554,1.01544646107395,0.023834556196305312,0,0,6.4612599092774646e-15
P_generalization_R96_eta0.35,P_generalization,96.0,0.35,794.3344256864206,3,4,scaled_0.925,defined,0.04236160308745724,1.0172555760282997,0.02433456801039973,0,0,6.4612599092774646e-15
P_generalization_R96_eta0.35,P_generalization,96.0,0.35,794.3344256864206,3,4,scaled_0.95,defined,0.041256281211880914,1.018890785082983,0.025001363147872428,0,0,6.4612599092774646e-15
P_generalization_R96_eta0.35,P_generalization,96.0,0.35,794.3344256864206,3,4,scaled_0.975,defined,0.03979405538595444,1.0202734947944108,0.025870128976389455,0,0,6.4612599092774646e-15
P_generalization_R96_eta0.35,P_generalization,96.0,0.35,794.3344256864206,3,4,scaled_1,defined,0.037923263359698645,1.0213148122450975,0.026976080906679592,0,0,6.4612599092774646e-15
P_generalization_R96_eta0.35,P_generalization,96.0,0.35,794.3344256864206,3,4,scaled_1.025,defined,0.035596306529007915,1.02191868972401,0.02835140040518913,0,0,6.4612599092774646e-15
P_generalization_R96_eta0.35,P_generalization,96.0,0.35,794.3344256864206,3,4,scaled_1.05,defined,0.032774391801505764,1.021987219256657,0.03002128452444852,0,0,6.4612599092774646e-15
P_generalization_R96_eta0.35,P_generalization,96.0,0.35,794.3344256864206,3,4,scaled_1.075,defined,0.029432966594716392,1.021428216625344,0.031999390404312766,0,0,6.4612599092774646e-15
P_generalization_R96_eta0.35,P_generalization,96.0,0.35,794.3344256864206,3,4,scaled_1.1,defined,0.025567222299955387,1.0201647740494209,0.034283250483109935,0,0,6.4612599092774646e-15
P_generalization_R96_eta0.35,P_generalization,96.0,0.35,794.3344256864206,3,4,scaled_1.15,defined,0.016368228894516834,1.0153561224042817,0.03965699267380452,0,0,6.4612599092774646e-15
P_generalization_R96_eta0.35,P_generalization,96.0,0.35,794.3344256864206,3,4,scaled_1.2,defined,0.005654643445397964,1.0076216798873783,0.045709637309474464,0,0,6.4612599092774646e-15
P_generalization_R96_eta0.35,P_generalization,96.0,0.35,794.3344256864206,3,4,physical_frozen,defined,0.03803271387003588,1.021566165854959,0.026894641675724577,0,0,6.4612599092774646e-15
P_generalization_R96_eta0.35,P_generalization,96.0,0.35,794.3344256864206,3,4,physical_common,defined,0.05049902752800772,1.0022250917759814,0.014428328017752734,0,0,6.4612599092774646e-15
P_generalization_R96_eta0.35,P_generalization,96.0,0.35,794.3344256864206,3,4,actual_root,defined,,1.0219861807763306,,11,60,6.4612599092774646e-15
P_generalization_R96_eta0.35,P_generalization,96.0,0.35,794.3344256864206,3,4,soft_cosine,defined,0.03775008081134985,1.0211462841409502,0.02707830748887003,0,0,6.4612599092774646e-15
P_generalization_R96_eta0.35,P_generalization,96.0,0.35,794.3344256864206,3,5,scaled_0.8,defined,0.02115736777784502,0.9869465989113393,0.045980986585722056,0,0,6.4612599092774646e-15
P_generalization_R96_eta0.35,P_generalization,96.0,0.35,794.3344256864206,3,5,scaled_0.85,defined,0.020069411824040036,0.9920097890012491,0.04717940401229265,0,0,6.4612599092774646e-15
P_generalization_R96_eta0.35,P_generalization,96.0,0.35,794.3344256864206,3,5,scaled_0.9,defined,0.018066481927348475,0.9975608453052566,0.04893008513299238,0,0,6.4612599092774646e-15
P_generalization_R96_eta0.35,P_generalization,96.0,0.35,794.3344256864206,3,5,scaled_0.925,defined,0.016540552053694313,1.0003586316856607,0.05015561904416266,0,0,6.4612599092774646e-15
P_generalization_R96_eta0.35,P_generalization,96.0,0.35,794.3344256864206,3,5,scaled_0.95,defined,0.014543046480136379,1.0030303482882457,0.051714597879616964,0,0,6.4612599092774646e-15
P_generalization_R96_eta0.35,P_generalization,96.0,0.35,794.3344256864206,3,5,scaled_0.975,defined,0.011970046255924904,1.0054273330189014,0.05369413810641899,0,0,6.4612599092774646e-15
P_generalization_R96_eta0.35,P_generalization,96.0,0.35,794.3344256864206,3,5,scaled_1,defined,0.008714105040403413,1.0073644677399058,0.05618523922597482,0,0,6.4612599092774646e-15
P_generalization_R96_eta0.35,P_generalization,96.0,0.35,794.3344256864206,3,5,scaled_1.025,defined,0.0046738794160040365,1.0086250773689278,0.05927382751819301,0,0,6.4612599092774646e-15
P_generalization_R96_eta0.35,P_generalization,96.0,0.35,794.3344256864206,3,5,scaled_1.05,defined,-0.00023230148041923637,1.008973847643353,0.06302797780637352,0,0,6.4612599092774646e-15
P_generalization_R96_eta0.35,P_generalization,96.0,0.35,794.3344256864206,3,5,scaled_1.075,defined,-0.006049895922569125,1.0081801784694457,0.06748225292159829,0,0,6.4612599092774646e-15
P_generalization_R96_eta0.35,P_generalization,96.0,0.35,794.3344256864206,3,5,scaled_1.1,defined,-0.012771273146820715,1.0060517314608397,0.07262174592988604,0,0,6.4612599092774646e-15
P_generalization_R96_eta0.35,P_generalization,96.0,0.35,794.3344256864206,3,5,scaled_1.15,defined,-0.02856133795011906,0.9974450585188185,0.08458655951844041,0,0,6.4612599092774646e-15
P_generalization_R96_eta0.35,P_generalization,96.0,0.35,794.3344256864206,3,5,scaled_1.2,defined,-0.04624375732897947,0.983685218782252,0.0976080380838519,0,0,6.4612599092774646e-15
P_generalization_R96_eta0.35,P_generalization,96.0,0.35,794.3344256864206,3,5,physical_frozen,defined,0.008971917502178333,1.0078708467057778,0.05595543804358212,0,0,6.4612599092774646e-15
P_generalization_R96_eta0.35,P_generalization,96.0,0.35,794.3344256864206,3,5,physical_common,defined,0.03977872557347649,0.9826209658369394,0.025148629972283967,0,0,6.4612599092774646e-15
P_generalization_R96_eta0.35,P_generalization,96.0,0.35,794.3344256864206,3,5,actual_root,defined,,1.008759888983655,,7,68,6.4612599092774646e-15
P_generalization_R96_eta0.35,P_generalization,96.0,0.35,794.3344256864206,3,5,soft_cosine,defined,0.008416835138941888,1.0070954470640034,0.05641155316127799,0,0,6.4612599092774646e-15
P_generalization_R96_eta0.35,P_generalization,96.0,0.35,794.3344256864206,3,7,scaled_0.8,defined,-0.02285146563328647,0.9471485537251574,0.08998981999685354,0,0,6.4612599092774646e-15
P_generalization_R96_eta0.35,P_generalization,96.0,0.35,794.3344256864206,3,7,scaled_0.85,defined,-0.027671009431698868,0.9515779185270447,0.09491982526803155,0,0,6.4612599092774646e-15
P_generalization_R96_eta0.35,P_generalization,96.0,0.35,794.3344256864206,3,7,scaled_0.9,defined,-0.033723554377535825,0.9582229942473757,0.10072012143787668,0,0,6.4612599092774646e-15
P_generalization_R96_eta0.35,P_generalization,96.0,0.35,794.3344256864206,3,7,scaled_0.925,defined,-0.037537146839343616,0.9622997419810293,0.10423331793720059,0,0,6.4612599092774646e-15
P_generalization_R96_eta0.35,P_generalization,96.0,0.35,794.3344256864206,3,7,scaled_0.95,defined,-0.0421270933904101,0.9667105371228885,0.10838473775016344,0,0,6.4612599092774646e-15
P_generalization_R96_eta0.35,P_generalization,96.0,0.35,794.3344256864206,3,7,scaled_0.975,defined,-0.04773484965074104,0.9711958013904936,0.11339903401308493,0,0,6.4612599092774646e-15
P_generalization_R96_eta0.35,P_generalization,96.0,0.35,794.3344256864206,3,7,scaled_1,defined,-0.0546351529411845,0.9753470696100615,0.11953449720756273,0,0,6.4612599092774646e-15
P_generalization_R96_eta0.35,P_generalization,96.0,0.35,794.3344256864206,3,7,scaled_1.025,defined,-0.06311163753261206,0.9785819969040466,0.1270593444668091,0,0,6.4612599092774646e-15
P_generalization_R96_eta0.35,P_generalization,96.0,0.35,794.3344256864206,3,7,scaled_1.05,defined,-0.07341166531723053,0.9801496394024458,0.13620734164318482,0,0,6.4612599092774646e-15
P_generalization_R96_eta0.35,P_generalization,96.0,0.35,794.3344256864206,3,7,scaled_1.075,defined,-0.08568027722281513,0.9792036878336957,0.14711263422184429,0,0,6.4612599092774646e-15
P_generalization_R96_eta0.35,P_generalization,96.0,0.35,794.3344256864206,3,7,scaled_1.1,defined,-0.09988549331782304,0.9749697846642666,0.15973596610088836,0,0,6.4612599092774646e-15
P_generalization_R96_eta0.35,P_generalization,96.0,0.35,794.3344256864206,3,7,scaled_1.15,defined,-0.13282792950637523,0.9553464271200247,0.18885315107469658,0,0,6.4612599092774646e-15
P_generalization_R96_eta0.35,P_generalization,96.0,0.35,794.3344256864206,3,7,scaled_1.2,defined,-0.16798888356172736,0.9244652495657836,0.2193531643165998,0,0,6.4612599092774646e-15
P_generalization_R96_eta0.35,P_generalization,96.0,0.35,794.3344256864206,3,7,physical_frozen,defined,-0.05388849751833136,0.9765601614915481,0.11881585306409181,0,0,6.4612599092774646e-15
P_generalization_R96_eta0.35,P_generalization,96.0,0.35,794.3344256864206,3,7,physical_common,defined,0.04282363727173233,0.9835808622587298,0.022103718274028128,0,0,6.4612599092774646e-15
P_generalization_R96_eta0.35,P_generalization,96.0,0.35,794.3344256864206,3,7,actual_root,defined,,0.9786832408755625,,3,71,6.4612599092774646e-15
P_generalization_R96_eta0.35,P_generalization,96.0,0.35,794.3344256864206,3,7,soft_cosine,defined,-0.05523559934453781,0.9749103110789774,0.12006398764475769,0,0,6.4612599092774646e-15
P_generalization_R96_eta0.7,P_generalization,96.0,0.7,794.3344256864206,2,1,scaled_0.8,defined,0.09826896702689272,1.1180877070997315,0.041977553907930204,0,0,5.20108473851437e-17
P_generalization_R96_eta0.7,P_generalization,96.0,0.7,794.3344256864206,2,1,scaled_0.85,defined,0.10396182586400937,1.1288115038812052,0.03900402873519537,0,0,5.20108473851437e-17
P_generalization_R96_eta0.7,P_generalization,96.0,0.7,794.3344256864206,2,1,scaled_0.9,defined,0.11045017930950962,1.1412699965242552,0.03491464113834086,0,0,5.20108473851437e-17
P_generalization_R96_eta0.7,P_generalization,96.0,0.7,794.3344256864206,2,1,scaled_0.925,defined,0.11403731592985655,1.1482684280518063,0.032350355001642295,0,0,5.20108473851437e-17
P_generalization_R96_eta0.7,P_generalization,96.0,0.7,794.3344256864206,2,1,scaled_0.95,defined,0.11788210970838006,1.1558599092331623,0.029376410349416432,0,0,5.20108473851437e-17
P_generalization_R96_eta0.7,P_generalization,96.0,0.7,794.3344256864206,2,1,scaled_0.975,defined,0.12201054128318077,1.1641217715850267,0.025938922076264484,0,0,5.20108473851437e-17
P_generalization_R96_eta0.7,P_generalization,96.0,0.7,794.3344256864206,2,1,scaled_1,defined,0.12645283379784966,1.1731401173518436,0.021978448987584387,0,0,5.20108473851437e-17
P_generalization_R96_eta0.7,P_generalization,96.0,0.7,794.3344256864206,2,1,scaled_1.025,defined,0.13124441925496597,1.1830215968730302,0.017429610885714514,0,0,5.20108473851437e-17
P_generalization_R96_eta0.7,P_generalization,96.0,0.7,794.3344256864206,2,1,scaled_1.05,defined,0.13642730597521824,1.1939001083030822,0.012220493414886957,0,0,5.20108473851437e-17
P_generalization_R96_eta0.7,P_generalization,96.0,0.7,794.3344256864206,2,1,scaled_1.075,defined,0.14205176009980944,1.2059317939809313,0.006271939276850158,0,0,5.20108473851437e-17
P_generalization_R96_eta0.7,P_generalization,96.0,0.7,794.3344256864206,2,1,scaled_1.1,defined,0.14817871462796298,1.2193239382544439,-0.0005036941684346818,0,0,5.20108473851437e-17
P_generalization_R96_eta0.7,P_generalization,96.0,0.7,794.3344256864206,2,1,scaled_1.15,defined,0.1622584448991241,1.2512812859337643,-0.016942345854171426,0,0,5.20108473851437e-17
P_generalization_R96_eta0.7,P_generalization,96.0,0.7,794.3344256864206,2,1,scaled_1.2,defined,0.1795353858339861,1.2929694593890557,-0.038081642130857185,0,0,5.20108473851437e-17
P_generalization_R96_eta0.7,P_generalization,96.0,0.7,794.3344256864206,2,1,physical_frozen,defined,0.12910670311820782,1.1775790153710601,0.019781173630171844,0,0,5.20108473851437e-17
P_generalization_R96_eta0.7,P_generalization,96.0,0.7,794.3344256864206,2,1,physical_common,defined,0.10277553476831554,1.1175219298686239,0.04611234198006413,0,0,5.20108473851437e-17
P_generalization_R96_eta0.7,P_generalization,96.0,0.7,794.3344256864206,2,1,actual_root,defined,0.13736477204667963,1.2031802559767903,,0,0,5.20108473851437e-17
P_generalization_R96_eta0.7,P_generalization,96.0,0.7,794.3344256864206,2,1,soft_cosine,defined,0.12657142113358688,1.1734290385387902,0.02176170199861216,0,0,5.20108473851437e-17
P_generalization_R96_eta0.7,P_generalization,96.0,0.7,794.3344256864206,2,2,scaled_0.8,defined,0.14024652093482293,1.1781472549643675,0.0,0,0,5.20108473851437e-17
P_generalization_R96_eta0.7,P_generalization,96.0,0.7,794.3344256864206,2,2,scaled_0.85,defined,0.14296585459920474,1.1845248326582387,0.0,0,0,5.20108473851437e-17
P_generalization_R96_eta0.7,P_generalization,96.0,0.7,794.3344256864206,2,2,scaled_0.9,defined,0.14536482044785048,1.1907760481753262,0.0,0,0,5.20108473851437e-17
P_generalization_R96_eta0.7,P_generalization,96.0,0.7,794.3344256864206,2,2,scaled_0.925,defined,0.14638767093149885,1.1937752872183753,0.0,0,0,5.20108473851437e-17
P_generalization_R96_eta0.7,P_generalization,96.0,0.7,794.3344256864206,2,2,scaled_0.95,defined,0.1472585200577965,1.196639981108532,0.0,0,0,5.20108473851437e-17
P_generalization_R96_eta0.7,P_generalization,96.0,0.7,794.3344256864206,2,2,scaled_0.975,defined,0.14794946335944525,1.199327381448394,0.0,0,0,5.20108473851437e-17
P_generalization_R96_eta0.7,P_generalization,96.0,0.7,794.3344256864206,2,2,scaled_1,defined,0.14843128278543405,1.2017913211686186,0.0,0,0,5.20108473851437e-17
P_generalization_R96_eta0.7,P_generalization,96.0,0.7,794.3344256864206,2,2,scaled_1.025,defined,0.14867403014068048,1.2039828101569945,0.0,0,0,5.20108473851437e-17
P_generalization_R96_eta0.7,P_generalization,96.0,0.7,794.3344256864206,2,2,scaled_1.05,defined,0.1486477993901052,1.205850018264025,0.0,0,0,5.20108473851437e-17
P_generalization_R96_eta0.7,P_generalization,96.0,0.7,794.3344256864206,2,2,scaled_1.075,defined,0.1483236993766596,1.2073402295690563,0.0,0,0,5.20108473851437e-17
P_generalization_R96_eta0.7,P_generalization,96.0,0.7,794.3344256864206,2,2,scaled_1.1,defined,0.1476750204595283,1.208401561135031,0.0,0,0,5.20108473851437e-17
P_generalization_R96_eta0.7,P_generalization,96.0,0.7,794.3344256864206,2,2,scaled_1.15,defined,0.14531609904495268,1.2090469327111109,0.0,0,0,5.20108473851437e-17
P_generalization_R96_eta0.7,P_generalization,96.0,0.7,794.3344256864206,2,2,scaled_1.2,defined,0.1414537437031289,1.2074735722031829,0.0,0,0,5.20108473851437e-17
P_generalization_R96_eta0.7,P_generalization,96.0,0.7,794.3344256864206,2,2,physical_frozen,defined,0.14888787674837967,1.2027407393773206,0.0,0,0,5.20108473851437e-17
P_generalization_R96_eta0.7,P_generalization,96.0,0.7,794.3344256864206,2,2,physical_common,defined,0.14888787674837967,1.2027407393773206,0.0,0,0,5.20108473851437e-17
P_generalization_R96_eta0.7,P_generalization,96.0,0.7,794.3344256864206,2,2,actual_root,defined,,1.2072335789651873,,1,0,5.20108473851437e-17
P_generalization_R96_eta0.7,P_generalization,96.0,0.7,794.3344256864206,2,2,soft_cosine,defined,0.14833312313219904,1.2016764264659836,0.0,0,0,5.20108473851437e-17
P_generalization_R96_eta0.7,P_generalization,96.0,0.7,794.3344256864206,2,3,scaled_0.8,defined,0.10652984003727396,1.1381871202109388,0.033716680897548965,0,0,5.20108473851437e-17
P_generalization_R96_eta0.7,P_generalization,96.0,0.7,794.3344256864206,2,3,scaled_0.85,defined,0.11171437179962607,1.1503499298879156,0.03125148279957868,0,0,5.20108473851437e-17
P_generalization_R96_eta0.7,P_generalization,96.0,0.7,794.3344256864206,2,3,scaled_0.9,defined,0.11668250175061917,1.163218199144081,0.028682318697231313,0,0,5.20108473851437e-17
P_generalization_R96_eta0.7,P_generalization,96.0,0.7,794.3344256864206,2,3,scaled_0.925,defined,0.11897690080847828,1.1698104975844665,0.027410770123020567,0,0,5.20108473851437e-17
P_generalization_R96_eta0.7,P_generalization,96.0,0.7,794.3344256864206,2,3,scaled_0.95,defined,0.12107100497228024,1.1764226577628354,0.026187515085516255,0,0,5.20108473851437e-17
P_generalization_R96_eta0.7,P_generalization,96.0,0.7,794.3344256864206,2,3,scaled_0.975,defined,0.12289881478368608,1.1829741184232012,0.02505064857575917,0,0,5.20108473851437e-17
P_generalization_R96_eta0.7,P_generalization,96.0,0.7,794.3344256864206,2,3,scaled_1,defined,0.12438613731192984,1.1893637666538357,0.024045145473504212,0,0,5.20108473851437e-17
P_generalization_R96_eta0.7,P_generalization,96.0,0.7,794.3344256864206,2,3,scaled_1.025,defined,0.12545163667067238,1.19546952953647,0.023222393470008096,0,0,5.20108473851437e-17
P_generalization_R96_eta0.7,P_generalization,96.0,0.7,794.3344256864206,2,3,scaled_1.05,defined,0.12600891721059398,1.20115094138778,0.02263888217951121,0,0,5.20108473851437e-17
P_generalization_R96_eta0.7,P_generalization,96.0,0.7,794.3344256864206,2,3,scaled_1.075,defined,0.12596987161783751,1.2062539583515002,0.02235382775882208,0,0,5.20108473851437e-17
P_generalization_R96_eta0.7,P_generalization,96.0,0.7,794.3344256864206,2,3,scaled_1.1,defined,0.12524945344356936,1.210610895283551,0.022425567015958936,0,0,5.20108473851437e-17
P_generalization_R96_eta0.7,P_generalization,96.0,0.7,794.3344256864206,2,3,scaled_1.15,defined,0.12147812471318276,1.216405245113028,0.02383797433176993,0,0,5.20108473851437e-17
P_generalization_R96_eta0.7,P_generalization,96.0,0.7,794.3344256864206,2,3,scaled_1.2,defined,0.11433804091105848,1.217346467908293,0.02711570279207043,0,0,5.20108473851437e-17
P_generalization_R96_eta0.7,P_generalization,96.0,0.7,794.3344256864206,2,3,physical_frozen,defined,0.125702769057209,1.1920006152045717,0.02318510769117066,0,0,5.20108473851437e-17
P_generalization_R96_eta0.7,P_generalization,96.0,0.7,794.3344256864206,2,3,physical_common,defined,0.100351688685857,1.1135916895361864,0.04853618806252266,0,0,5.20108473851437e-17
P_generalization_R96_eta0.7,P_generalization,96.0,0.7,794.3344256864206,2,3,actual_root,defined,0.12597730298592613,1.2055652955957104,,1,0,5.20108473851437e-17
P_generalization_R96_eta0.7,P_generalization,96.0,0.7,794.3344256864206,2,3,soft_cosine,defined,0.1242166250241708,1.1892384834558898,0.02411649810802824,0,0,5.20108473851437e-17
P_generalization_R96_eta0.7,P_generalization,96.0,0.7,794.3344256864206,2,4,scaled_0.8,defined,0.07209190632916543,1.0970262264616448,0.0681546146056575,0,0,5.20108473851437e-17
P_generalization_R96_eta0.7,P_generalization,96.0,0.7,794.3344256864206,2,4,scaled_0.85,defined,0.07892723569059552,1.1134556171508363,0.06403861890860922,0,0,5.20108473851437e-17
P_generalization_R96_eta0.7,P_generalization,96.0,0.7,794.3344256864206,2,4,scaled_0.9,defined,0.08586955395357196,1.1319018295809222,0.059495266494278526,0,0,5.20108473851437e-17
P_generalization_R96_eta0.7,P_generalization,96.0,0.7,794.3344256864206,2,4,scaled_0.925,defined,0.08924997436699922,1.1418510826057071,0.05713769656449963,0,0,5.20108473851437e-17
P_generalization_R96_eta0.7,P_generalization,96.0,0.7,794.3344256864206,2,4,scaled_0.95,defined,0.09247014666248918,1.1522292491819297,0.054788373395307316,0,0,5.20108473851437e-17
P_generalization_R96_eta0.7,P_generalization,96.0,0.7,794.3344256864206,2,4,scaled_0.975,defined,0.09543239688074948,1.1629692640883205,0.05251706647869578,0,0,5.20108473851437e-17
P_generalization_R96_eta0.7,P_generalization,96.0,0.7,794.3344256864206,2,4,scaled_1,defined,0.09801857705068054,1.1739644891984742,0.05041270573475351,0,0,5.20108473851437e-17
P_generalization_R96_eta0.7,P_generalization,96.0,0.7,794.3344256864206,2,4,scaled_1.025,defined,0.10008929983066106,1.185068314259607,0.04858473031001942,0,0,5.20108473851437e-17
P_generalization_R96_eta0.7,P_generalization,96.0,0.7,794.3344256864206,2,4,scaled_1.05,defined,0.10148521998171858,1.1960878709953822,0.04716257940838661,0,0,5.20108473851437e-17
P_generalization_R96_eta0.7,P_generalization,96.0,0.7,794.3344256864206,2,4,scaled_1.075,defined,0.10203104809586874,1.2067692468572375,0.04629265128079085,0,0,5.20108473851437e-17
P_generalization_R96_eta0.7,P_generalization,96.0,0.7,794.3344256864206,2,4,scaled_1.1,defined,0.10154371582199798,1.2168110748541865,0.04613130463753032,0,0,5.20108473851437e-17
P_generalization_R96_eta0.7,P_generalization,96.0,0.7,794.3344256864206,2,4,scaled_1.15,defined,0.09678239282193579,1.2335040784379117,0.04853370622301689,0,0,5.20108473851437e-17
P_generalization_R96_eta0.7,P_generalization,96.0,0.7,794.3344256864206,2,4,scaled_1.2,defined,0.08620711138319198,1.2431369462718298,0.05524663231993693,0,0,5.20108473851437e-17
P_generalization_R96_eta0.7,P_generalization,96.0,0.7,794.3344256864206,2,4,physical_frozen,defined,0.10040498358637703,1.1786907140780558,0.04848289316200263,0,0,5.20108473851437e-17
P_generalization_R96_eta0.7,P_generalization,96.0,0.7,794.3344256864206,2,4,physical_common,defined,0.05867413081643972,1.0461940516880743,0.09021374593193995,0,0,5.20108473851437e-17
P_generalization_R96_eta0.7,P_generalization,96.0,0.7,794.3344256864206,2,4,actual_root,defined,0.10198796987575864,1.2047967761746623,,1,20,5.20108473851437e-17
P_generalization_R96_eta0.7,P_generalization,96.0,0.7,794.3344256864206,2,4,soft_cosine,defined,0.09779217112382099,1.17387466432717,0.05054095200837805,0,0,5.20108473851437e-17
P_generalization_R96_eta0.7,P_generalization,96.0,0.7,794.3344256864206,2,6,scaled_0.8,defined,0.006175874130902814,1.0199533709185242,0.1340706468039201,0,0,5.20108473851437e-17
P_generalization_R96_eta0.7,P_generalization,96.0,0.7,794.3344256864206,2,6,scaled_0.85,defined,0.013760771221377865,1.0406000543663039,0.12920508337782688,0,0,5.20108473851437e-17
P_generalization_R96_eta0.7,P_generalization,96.0,0.7,794.3344256864206,2,6,scaled_0.9,defined,0.022247464586824806,1.0662128662226809,0.12311735586102568,0,0,5.20108473851437e-17
P_generalization_R96_eta0.7,P_generalization,96.0,0.7,794.3344256864206,2,6,scaled_0.925,defined,0.026733933695673683,1.0812554813324393,0.11965373723582516,0,0,5.20108473851437e-17
P_generalization_R96_eta0.7,P_generalization,96.0,0.7,794.3344256864206,2,6,scaled_0.95,defined,0.03128689250713414,1.098027615473564,0.11597162755066236,0,0,5.20108473851437e-17
P_generalization_R96_eta0.7,P_generalization,96.0,0.7,794.3344256864206,2,6,scaled_0.975,defined,0.03579433214186778,1.1167301887718124,0.11215513121757748,0,0,5.20108473851437e-17
P_generalization_R96_eta0.7,P_generalization,96.0,0.7,794.3344256864206,2,6,scaled_1,defined,0.04010183599299122,1.1375944749978577,0.10832944679244283,0,0,5.20108473851437e-17
P_generalization_R96_eta0.7,P_generalization,96.0,0.7,794.3344256864206,2,6,scaled_1.025,defined,0.0440036312867288,1.160889117489935,0.10467039885395168,0,0,5.20108473851437e-17
P_generalization_R96_eta0.7,P_generalization,96.0,0.7,794.3344256864206,2,6,scaled_1.05,defined,0.04723501833035171,1.1869386222465204,0.10141278105975349,0,0,5.20108473851437e-17
P_generalization_R96_eta0.7,P_generalization,96.0,0.7,794.3344256864206,2,6,scaled_1.075,defined,0.04946912679601212,1.2161660810251267,0.09885457258064748,0,0,5.20108473851437e-17
P_generalization_R96_eta0.7,P_generalization,96.0,0.7,794.3344256864206,2,6,scaled_1.1,defined,0.050323101397871994,1.2491842846346908,0.0973519190616563,0,0,5.20108473851437e-17
P_generalization_R96_eta0.7,P_generalization,96.0,0.7,794.3344256864206,2,6,scaled_1.15,defined,0.0462536323464774,1.331605069194898,0.0990624666984753,0,0,5.20108473851437e-17
P_generalization_R96_eta0.7,P_generalization,96.0,0.7,794.3344256864206,2,6,scaled_1.2,defined,0.032812144119343856,1.4685534734563057,0.10864159958378505,0,0,5.20108473851437e-17
P_generalization_R96_eta0.7,P_generalization,96.0,0.7,794.3344256864206,2,6,physical_frozen,defined,0.044919249589781884,1.1471008894364016,0.10396862715859778,0,0,5.20108473851437e-17
P_generalization_R96_eta0.7,P_generalization,96.0,0.7,794.3344256864206,2,6,physical_common,defined,0.008847050828445502,0.9701643398060836,0.14004082591993416,0,0,5.20108473851437e-17
P_generalization_R96_eta0.7,P_generalization,96.0,0.7,794.3344256864206,2,6,actual_root,defined,0.04875971989354055,1.2092621406876898,,1,59,5.20108473851437e-17
P_generalization_R96_eta0.7,P_generalization,96.0,0.7,794.3344256864206,2,6,soft_cosine,defined,0.03981207757457628,1.1379942793921418,0.10852104555762276,0,0,5.20108473851437e-17
P_generalization_R96_eta0.7,P_generalization,96.0,0.7,794.3344256864206,3,1,scaled_0.8,defined,0.06380935937548093,1.0758004133756924,0.07826229039197352,0,0,5.20108473851437e-17
P_generalization_R96_eta0.7,P_generalization,96.0,0.7,794.3344256864206,3,1,scaled_0.85,defined,0.07091966635417768,1.0897084795385927,0.07372091002135261,0,0,5.20108473851437e-17
P_generalization_R96_eta0.7,P_generalization,96.0,0.7,794.3344256864206,3,1,scaled_0.9,defined,0.07927421387310186,1.1064693113249324,0.067413270564175,0,0,5.20108473851437e-17
P_generalization_R96_eta0.7,P_generalization,96.0,0.7,794.3344256864206,3,1,scaled_0.925,defined,0.08401155131525176,1.116187507269229,0.06342647836641788,0,0,5.20108473851437e-17
P_generalization_R96_eta0.7,P_generalization,96.0,0.7,794.3344256864206,3,1,scaled_0.95,defined,0.08918652908965141,1.1269852666222555,0.058774359959411826,0,0,5.20108473851437e-17
P_generalization_R96_eta0.7,P_generalization,96.0,0.7,794.3344256864206,3,1,scaled_0.975,defined,0.09485989274480815,1.1390534619422608,0.05335991640443756,0,0,5.20108473851437e-17
P_generalization_R96_eta0.7,P_generalization,96.0,0.7,794.3344256864206,3,1,scaled_1,defined,0.10110620966180113,1.1526268353069713,0.04707180629997958,0,0,5.20108473851437e-17
P_generalization_R96_eta0.7,P_generalization,96.0,0.7,794.3344256864206,3,1,scaled_1.025,defined,0.10801847127377212,1.1680160301501865,0.03978093286741352,0,0,5.20108473851437e-17
P_generalization_R96_eta0.7,P_generalization,96.0,0.7,794.3344256864206,3,1,scaled_1.05,defined,0.11571504788130588,1.1856231904218975,0.03133496861200985,0,0,5.20108473851437e-17
P_generalization_R96_eta0.7,P_generalization,96.0,0.7,794.3344256864206,3,1,scaled_1.075,defined,0.12435008899271943,1.206001950116058,0.02154969599431414,0,0,5.20108473851437e-17
P_generalization_R96_eta0.7,P_generalization,96.0,0.7,794.3344256864206,3,1,scaled_1.1,defined,0.13413002519933953,1.2299245161930672,0.01019444184098045,0,0,5.20108473851437e-17
P_generalization_R96_eta0.7,P_generalization,96.0,0.7,794.3344256864206,3,1,scaled_1.15,defined,0.15839621221167577,1.2935109324675451,-0.018553428736248878,0,0,5.20108473851437e-17
P_generalization_R96_eta0.7,P_generalization,96.0,0.7,794.3344256864206,3,1,scaled_1.2,defined,0.1929650575322709,1.3964604702969239,-0.0593640457105874,0,0,5.20108473851437e-17
P_generalization_R96_eta0.7,P_generalization,96.0,0.7,794.3344256864206,3,1,physical_frozen,defined,0.10512403153988004,1.1593721589018922,0.0432689516098862,0,0,5.20108473851437e-17
P_generalization_R96_eta0.7,P_generalization,96.0,0.7,794.3344256864206,3,1,physical_common,defined,0.0601914312604759,1.0493516293782057,0.08820155188929032,0,0,5.20108473851437e-17
P_generalization_R96_eta0.7,P_generalization,96.0,0.7,794.3344256864206,3,1,actual_root,defined,0.11678122532267388,1.1997712808801708,,0,0,5.20108473851437e-17
P_generalization_R96_eta0.7,P_generalization,96.0,0.7,794.3344256864206,3,1,soft_cosine,defined,0.10134651837010122,1.1532514783651377,0.0467042414196448,0,0,5.20108473851437e-17
P_generalization_R96_eta0.7,P_generalization,96.0,0.7,794.3344256864206,3,2,scaled_0.8,defined,0.10652984003727396,1.1381871202109388,0.03554180973018049,0,0,5.20108473851437e-17
P_generalization_R96_eta0.7,P_generalization,96.0,0.7,794.3344256864206,3,2,scaled_0.85,defined,0.11171437179962607,1.1503499298879156,0.03292620457590423,0,0,5.20108473851437e-17
P_generalization_R96_eta0.7,P_generalization,96.0,0.7,794.3344256864206,3,2,scaled_0.9,defined,0.11668250175061917,1.163218199144081,0.03000498268665769,0,0,5.20108473851437e-17
P_generalization_R96_eta0.7,P_generalization,96.0,0.7,794.3344256864206,3,2,scaled_0.925,defined,0.11897690080847828,1.1698104975844665,0.028461128873191355,0,0,5.20108473851437e-17
P_generalization_R96_eta0.7,P_generalization,96.0,0.7,794.3344256864206,3,2,scaled_0.95,defined,0.12107100497228024,1.1764226577628354,0.026889884076783,0,0,5.20108473851437e-17
P_generalization_R96_eta0.7,P_generalization,96.0,0.7,794.3344256864206,3,2,scaled_0.975,defined,0.12289881478368608,1.1829741184232012,0.025320994365559624,0,0,5.20108473851437e-17
P_generalization_R96_eta0.7,P_generalization,96.0,0.7,794.3344256864206,3,2,scaled_1,defined,0.12438613731192984,1.1893637666538357,0.02379187864985087,0,0,5.20108473851437e-17
P_generalization_R96_eta0.7,P_generalization,96.0,0.7,794.3344256864206,3,2,scaled_1.025,defined,0.12545163667067238,1.19546952953647,0.022347767470513258,0,0,5.20108473851437e-17
P_generalization_R96_eta0.7,P_generalization,96.0,0.7,794.3344256864206,3,2,scaled_1.05,defined,0.12600891721059398,1.20115094138778,0.021041099282721742,0,0,5.20108473851437e-17
P_generalization_R96_eta0.7,P_generalization,96.0,0.7,794.3344256864206,3,2,scaled_1.075,defined,0.12596987161783751,1.2062539583515002,0.019929913369196056,0,0,5.20108473851437e-17
P_generalization_R96_eta0.7,P_generalization,96.0,0.7,794.3344256864206,3,2,scaled_1.1,defined,0.12524945344356936,1.210610895283551,0.019075013596750623,0,0,5.20108473851437e-17
P_generalization_R96_eta0.7,P_generalization,96.0,0.7,794.3344256864206,3,2,scaled_1.15,defined,0.12147812471318276,1.216405245113028,0.018364658762244135,0,0,5.20108473851437e-17
P_generalization_R96_eta0.7,P_generalization,96.0,0.7,794.3344256864206,3,2,scaled_1.2,defined,0.11433804091105848,1.217346467908293,0.01926297091062501,0,0,5.20108473851437e-17
P_generalization_R96_eta0.7,P_generalization,96.0,0.7,794.3344256864206,3,2,physical_frozen,defined,0.125702769057209,1.1920006152045717,0.022690214092557226,0,0,5.20108473851437e-17
P_generalization_R96_eta0.7,P_generalization,96.0,0.7,794.3344256864206,3,2,physical_common,defined,0.1022434303798696,1.1180289754630646,0.04614955276989663,0,0,5.20108473851437e-17
P_generalization_R96_eta0.7,P_generalization,96.0,0.7,794.3344256864206,3,2,actual_root,defined,0.12597730298592613,1.2055652955957104,,1,0,5.20108473851437e-17
P_generalization_R96_eta0.7,P_generalization,96.0,0.7,794.3344256864206,3,2,soft_cosine,defined,0.1242166250241708,1.1892384834558898,0.02383413476557522,0,0,5.20108473851437e-17
P_generalization_R96_eta0.7,P_generalization,96.0,0.7,794.3344256864206,3,3,scaled_0.8,defined,0.14207164976745446,1.1824246546976707,0.0,0,0,5.20108473851437e-17
P_generalization_R96_eta0.7,P_generalization,96.0,0.7,794.3344256864206,3,3,scaled_0.85,defined,0.1446405763755303,1.1889329883808613,0.0,0,0,5.20108473851437e-17
P_generalization_R96_eta0.7,P_generalization,96.0,0.7,794.3344256864206,3,3,scaled_0.9,defined,0.14668748443727686,1.1950554200810604,0.0,0,0,5.20108473851437e-17
P_generalization_R96_eta0.7,P_generalization,96.0,0.7,794.3344256864206,3,3,scaled_0.925,defined,0.14743802968166964,1.1978575120872044,0.0,0,0,5.20108473851437e-17
P_generalization_R96_eta0.7,P_generalization,96.0,0.7,794.3344256864206,3,3,scaled_0.95,defined,0.14796088904906324,1.2004154204040054,0.0,0,0,5.20108473851437e-17
P_generalization_R96_eta0.7,P_generalization,96.0,0.7,794.3344256864206,3,3,scaled_0.975,defined,0.1482198091492457,1.2026702911981086,0.0,0,0,5.20108473851437e-17
P_generalization_R96_eta0.7,P_generalization,96.0,0.7,794.3344256864206,3,3,scaled_1,defined,0.1481780159617807,1.2045593337177984,0.0,0,0,5.20108473851437e-17
P_generalization_R96_eta0.7,P_generalization,96.0,0.7,794.3344256864206,3,3,scaled_1.025,defined,0.14779940414118564,1.2060174733558493,0.0,0,0,5.20108473851437e-17
P_generalization_R96_eta0.7,P_generalization,96.0,0.7,794.3344256864206,3,3,scaled_1.05,defined,0.14705001649331573,1.2069797844971075,0.0,0,0,5.20108473851437e-17
P_generalization_R96_eta0.7,P_generalization,96.0,0.7,794.3344256864206,3,3,scaled_1.075,defined,0.14589978498703357,1.2073841574950337,0.0,0,0,5.20108473851437e-17
P_generalization_R96_eta0.7,P_generalization,96.0,0.7,794.3344256864206,3,3,scaled_1.1,defined,0.14432446704031998,1.2071744827103092,0.0,0,0,5.20108473851437e-17
P_generalization_R96_eta0.7,P_generalization,96.0,0.7,794.3344256864206,3,3,scaled_1.15,defined,0.1398427834754269,1.204740150860305,0.0,0,0,5.20108473851437e-17
P_generalization_R96_eta0.7,P_generalization,96.0,0.7,794.3344256864206,3,3,scaled_1.2,defined,0.1336010118216835,1.1994852430608576,0.0,0,0,5.20108473851437e-17
P_generalization_R96_eta0.7,P_generalization,96.0,0.7,794.3344256864206,3,3,physical_frozen,defined,0.14839298314976623,1.2051510520454407,0.0,0,0,5.20108473851437e-17
P_generalization_R96_eta0.7,P_generalization,96.0,0.7,794.3344256864206,3,3,physical_common,defined,0.14839298314976623,1.2051510520454407,0.0,0,0,5.20108473851437e-17
P_generalization_R96_eta0.7,P_generalization,96.0,0.7,794.3344256864206,3,3,actual_root,root_branch_change,,,,7,33,5.20108473851437e-17
P_generalization_R96_eta0.7,P_generalization,96.0,0.7,794.3344256864206,3,3,soft_cosine,defined,0.14805075978974602,1.204405051392003,0.0,0,0,5.20108473851437e-17
P_generalization_R96_eta0.7,P_generalization,96.0,0.7,794.3344256864206,3,4,scaled_0.8,defined,0.11073836551661542,1.1481886215026085,0.03133328425083903,0,0,5.20108473851437e-17
P_generalization_R96_eta0.7,P_generalization,96.0,0.7,794.3344256864206,3,4,scaled_0.85,defined,0.11581975902303732,1.1613616697141234,0.028820817352492978,0,0,5.20108473851437e-17
P_generalization_R96_eta0.7,P_generalization,96.0,0.7,794.3344256864206,3,4,scaled_0.9,defined,0.12015324933030835,1.1747018370760307,0.026534235106968507,0,0,5.20108473851437e-17
P_generalization_R96_eta0.7,P_generalization,96.0,0.7,794.3344256864206,3,4,scaled_0.925,defined,0.12184273359784825,1.1811813347430054,0.025595296083821384,0,0,5.20108473851437e-17
P_generalization_R96_eta0.7,P_generalization,96.0,0.7,794.3344256864206,3,4,scaled_0.95,defined,0.12308490576708814,1.1873494964021336,0.0248759832819751,0,0,5.20108473851437e-17
P_generalization_R96_eta0.7,P_generalization,96.0,0.7,794.3344256864206,3,4,scaled_0.975,defined,0.12376976925464483,1.193029447782296,0.024450039894600872,0,0,5.20108473851437e-17
P_generalization_R96_eta0.7,P_generalization,96.0,0.7,794.3344256864206,3,4,scaled_1,defined,0.12378070628549404,1.1980172838104353,0.02439730967628667,0,0,5.20108473851437e-17
P_generalization_R96_eta0.7,P_generalization,96.0,0.7,794.3344256864206,3,4,scaled_1.025,defined,0.1230003007611932,1.2020875545281131,0.024799103379992443,0,0,5.20108473851437e-17
P_generalization_R96_eta0.7,P_generalization,96.0,0.7,794.3344256864206,3,4,scaled_1.05,defined,0.12131872293965823,1.2050035650258826,0.025731293553657497,0,0,5.20108473851437e-17
P_generalization_R96_eta0.7,P_generalization,96.0,0.7,794.3344256864206,3,4,scaled_1.075,defined,0.11864458344192341,1.2065304725123012,0.027255201545110158,0,0,5.20108473851437e-17
P_generalization_R96_eta0.7,P_generalization,96.0,0.7,794.3344256864206,3,4,scaled_1.1,defined,0.11491758109012945,1.2064597774303563,0.02940688595019053,0,0,5.20108473851437e-17
P_generalization_R96_eta0.7,P_generalization,96.0,0.7,794.3344256864206,3,4,scaled_1.15,defined,0.10429507148117018,1.2009894257925176,0.035547711994256714,0,0,5.20108473851437e-17
P_generalization_R96_eta0.7,P_generalization,96.0,0.7,794.3344256864206,3,4,scaled_1.2,defined,0.09001347125967306,1.1884724355622462,0.04358754056201043,0,0,5.20108473851437e-17
P_generalization_R96_eta0.7,P_generalization,96.0,0.7,794.3344256864206,3,4,physical_frozen,defined,0.124402634990675,1.1996644678851152,0.023990348159091235,0,0,5.20108473851437e-17
P_generalization_R96_eta0.7,P_generalization,96.0,0.7,794.3344256864206,3,4,physical_common,defined,0.10222653661908879,1.1180016433603457,0.046166446530677446,0,0,5.20108473851437e-17
P_generalization_R96_eta0.7,P_generalization,96.0,0.7,794.3344256864206,3,4,actual_root,defined,,1.20656022195323,,8,62,5.20108473851437e-17
P_generalization_R96_eta0.7,P_generalization,96.0,0.7,794.3344256864206,3,4,soft_cosine,defined,0.1234726948334868,1.1976422681032834,0.02457806495625922,0,0,5.20108473851437e-17
P_generalization_R96_eta0.7,P_generalization,96.0,0.7,794.3344256864206,3,5,scaled_0.8,defined,0.07774132347505575,1.1108561563758463,0.06433032629239871,0,0,5.20108473851437e-17
P_generalization_R96_eta0.7,P_generalization,96.0,0.7,794.3344256864206,3,5,scaled_0.85,defined,0.08471582982390538,1.1295508596433343,0.05992474655162491,0,0,5.20108473851437e-17
P_generalization_R96_eta0.7,P_generalization,96.0,0.7,794.3344256864206,3,5,scaled_0.9,defined,0.09103646257138692,1.1497831134471839,0.05565102186588994,0,0,5.20108473851437e-17
P_generalization_R96_eta0.7,P_generalization,96.0,0.7,794.3344256864206,3,5,scaled_0.925,defined,0.09364298115777628,1.1601808512670828,0.05379504852389336,0,0,5.20108473851437e-17
P_generalization_R96_eta0.7,P_generalization,96.0,0.7,794.3344256864206,3,5,scaled_0.95,defined,0.09565595381672684,1.1704991540229668,0.0523049352323364,0,0,5.20108473851437e-17
P_generalization_R96_eta0.7,P_generalization,96.0,0.7,794.3344256864206,3,5,scaled_0.975,defined,0.09686807136645058,1.1804393674784648,0.05135173778279513,0,0,5.20108473851437e-17
P_generalization_R96_eta0.7,P_generalization,96.0,0.7,794.3344256864206,3,5,scaled_1,defined,0.09704578588017161,1.1896240829905307,0.051132230081609095,0,0,5.20108473851437e-17
P_generalization_R96_eta0.7,P_generalization,96.0,0.7,794.3344256864206,3,5,scaled_1.025,defined,0.09594120934382899,1.1975788636958569,0.05185819479735665,0,0,5.20108473851437e-17
P_generalization_R96_eta0.7,P_generalization,96.0,0.7,794.3344256864206,3,5,scaled_1.05,defined,0.09331328652140115,1.2037568939600394,0.053736729971914574,0,0,5.20108473851437e-17
P_generalization_R96_eta0.7,P_generalization,96.0,0.7,794.3344256864206,3,5,scaled_1.075,defined,0.0889594615749444,1.207578478771871,0.05694032341208917,0,0,5.20108473851437e-17
P_generalization_R96_eta0.7,P_generalization,96.0,0.7,794.3344256864206,3,5,scaled_1.1,defined,0.08275601503530873,1.2084947881439585,0.06156845200501125,0,0,5.20108473851437e-17
P_generalization_R96_eta0.7,P_generalization,96.0,0.7,794.3344256864206,3,5,scaled_1.15,defined,0.06494749906884936,1.2002186882931811,0.07489528440657753,0,0,5.20108473851437e-17
P_generalization_R96_eta0.7,P_generalization,96.0,0.7,794.3344256864206,3,5,scaled_1.2,defined,0.041771860207031476,1.1791592767788295,0.09182915161465202,0,0,5.20108473851437e-17
P_generalization_R96_eta0.7,P_generalization,96.0,0.7,794.3344256864206,3,5,physical_frozen,defined,0.09828406323558457,1.1928213038824738,0.05010891991418166,0,0,5.20108473851437e-17
P_generalization_R96_eta0.7,P_generalization,96.0,0.7,794.3344256864206,3,5,physical_common,defined,0.059647895830466605,1.0485078595388093,0.08874508731929963,0,0,5.20108473851437e-17
P_generalization_R96_eta0.7,P_generalization,96.0,0.7,794.3344256864206,3,5,actual_root,defined,,1.2076861238440213,,7,69,5.20108473851437e-17
P_generalization_R96_eta0.7,P_generalization,96.0,0.7,794.3344256864206,3,5,soft_cosine,defined,0.09653295687079311,1.1890231033502585,0.051517802918952915,0,0,5.20108473851437e-17
P_generalization_R96_eta0.7,P_generalization,96.0,0.7,794.3344256864206,3,7,scaled_0.8,defined,0.011917144180866535,1.0359769050464684,0.13015450558658792,0,0,5.20108473851437e-17
P_generalization_R96_eta0.7,P_generalization,96.0,0.7,794.3344256864206,3,7,scaled_0.85,defined,0.020178820713082524,1.0611352079586478,0.12446175566244777,0,0,5.20108473851437e-17
P_generalization_R96_eta0.7,P_generalization,96.0,0.7,794.3344256864206,3,7,scaled_0.9,defined,0.028507652514378368,1.0917141473356193,0.11817983192289849,0,0,5.20108473851437e-17
P_generalization_R96_eta0.7,P_generalization,96.0,0.7,794.3344256864206,3,7,scaled_0.925,defined,0.03228073540184084,1.1090989866948007,0.11515729427982879,0,0,5.20108473851437e-17
P_generalization_R96_eta0.7,P_generalization,96.0,0.7,794.3344256864206,3,7,scaled_0.95,defined,0.03542754426304673,1.1277587206838278,0.11253334478601651,0,0,5.20108473851437e-17
P_generalization_R96_eta0.7,P_generalization,96.0,0.7,794.3344256864206,3,7,scaled_0.975,defined,0.037554716822344784,1.1474134800290259,0.11066509232690092,0,0,5.20108473851437e-17
P_generalization_R96_eta0.7,P_generalization,96.0,0.7,794.3344256864206,3,7,scaled_1,defined,0.03815975313689456,1.1675367083638772,0.11001826282488614,0,0,5.20108473851437e-17
P_generalization_R96_eta0.7,P_generalization,96.0,0.7,794.3344256864206,3,7,scaled_1.025,defined,0.036637734952664966,1.1872562813088385,0.11116166918852068,0,0,5.20108473851437e-17
P_generalization_R96_eta0.7,P_generalization,96.0,0.7,794.3344256864206,3,7,scaled_1.05,defined,0.03232138551398679,1.205244559083963,0.11472863097932894,0,0,5.20108473851437e-17
P_generalization_R96_eta0.7,P_generalization,96.0,0.7,794.3344256864206,3,7,scaled_1.075,defined,0.02457429859814008,1.2196594964852254,0.12132548638889348,0,0,5.20108473851437e-17
P_generalization_R96_eta0.7,P_generalization,96.0,0.7,794.3344256864206,3,7,scaled_1.1,defined,0.012950674381147598,1.228241570027018,0.13137379265917237,0,0,5.20108473851437e-17
P_generalization_R96_eta0.7,P_generalization,96.0,0.7,794.3344256864206,3,7,scaled_1.15,defined,-0.02151576260498289,1.2199689364088289,0.16135854608040978,0,0,5.20108473851437e-17
P_generalization_R96_eta0.7,P_generalization,96.0,0.7,794.3344256864206,3,7,scaled_1.2,defined,-0.06438732482972744,1.1790605325712928,0.1979883366514109,0,0,5.20108473851437e-17
P_generalization_R96_eta0.7,P_generalization,96.0,0.7,794.3344256864206,3,7,physical_frozen,defined,0.04120427801939163,1.1752433971948288,0.1071887051303746,0,0,5.20108473851437e-17
P_generalization_R96_eta0.7,P_generalization,96.0,0.7,794.3344256864206,3,7,physical_common,defined,0.008876930422732717,0.9706660389395502,0.13951605272703352,0,0,5.20108473851437e-17
P_generalization_R96_eta0.7,P_generalization,96.0,0.7,794.3344256864206,3,7,actual_root,defined,,1.220607924828608,,3,73,5.20108473851437e-17
P_generalization_R96_eta0.7,P_generalization,96.0,0.7,794.3344256864206,3,7,soft_cosine,defined,0.03721527543202008,1.1666822740527856,0.11083548435772594,0,0,5.20108473851437e-17
fixed_alpha_R192_eta0.554256258422,fixed_alpha,192.0,0.5542562584220407,794.3344256864206,1,1,scaled_0.8,defined,0.12786232530796693,1.1152803406829028,0.0,0,0,4.763617246176914e-18
fixed_alpha_R192_eta0.554256258422,fixed_alpha,192.0,0.5542562584220407,794.3344256864206,1,1,scaled_0.85,defined,0.12976966718852762,1.1185613928417135,0.0,0,0,4.763617246176914e-18
fixed_alpha_R192_eta0.554256258422,fixed_alpha,192.0,0.5542562584220407,794.3344256864206,1,1,scaled_0.9,defined,0.1318681483172493,1.1221985891751,0.0,0,0,4.763617246176914e-18
fixed_alpha_R192_eta0.554256258422,fixed_alpha,192.0,0.5542562584220407,794.3344256864206,1,1,scaled_0.925,defined,0.13299489740486686,1.1241635738131577,0.0,0,0,4.763617246176914e-18
fixed_alpha_R192_eta0.554256258422,fixed_alpha,192.0,0.5542562584220407,794.3344256864206,1,1,scaled_0.95,defined,0.1341768312953024,1.126234084118545,0.0,0,0,4.763617246176914e-18
fixed_alpha_R192_eta0.554256258422,fixed_alpha,192.0,0.5542562584220407,794.3344256864206,1,1,scaled_0.975,defined,0.1354168744404613,1.1284171777601069,0.0,0,0,4.763617246176914e-18
fixed_alpha_R192_eta0.554256258422,fixed_alpha,192.0,0.5542562584220407,794.3344256864206,1,1,scaled_1,defined,0.13671821435156226,1.1307202676770274,0.0,0,0,4.763617246176914e-18
fixed_alpha_R192_eta0.554256258422,fixed_alpha,192.0,0.5542562584220407,794.3344256864206,1,1,scaled_1.025,defined,0.13808433105779194,1.1331514891986025,0.0,0,0,4.763617246176914e-18
fixed_alpha_R192_eta0.554256258422,fixed_alpha,192.0,0.5542562584220407,794.3344256864206,1,1,scaled_1.05,defined,0.13951903157384232,1.135719846995768,0.0,0,0,4.763617246176914e-18
fixed_alpha_R192_eta0.554256258422,fixed_alpha,192.0,0.5542562584220407,794.3344256864206,1,1,scaled_1.075,defined,0.14102648958681496,1.1384353343556328,0.0,0,0,4.763617246176914e-18
fixed_alpha_R192_eta0.554256258422,fixed_alpha,192.0,0.5542562584220407,794.3344256864206,1,1,scaled_1.1,defined,0.14261129145037227,1.141309073252601,0.0,0,0,4.763617246176914e-18
fixed_alpha_R192_eta0.554256258422,fixed_alpha,192.0,0.5542562584220407,794.3344256864206,1,1,scaled_1.15,defined,0.14603366595569295,1.1475824579236305,0.0,0,0,4.763617246176914e-18
fixed_alpha_R192_eta0.554256258422,fixed_alpha,192.0,0.5542562584220407,794.3344256864206,1,1,scaled_1.2,defined,0.1498333780919428,1.154660084359178,0.0,0,0,4.763617246176914e-18
fixed_alpha_R192_eta0.554256258422,fixed_alpha,192.0,0.5542562584220407,794.3344256864206,1,1,physical_frozen,defined,0.1370624003324148,1.131251034484703,0.0,0,0,4.763617246176914e-18
fixed_alpha_R192_eta0.554256258422,fixed_alpha,192.0,0.5542562584220407,794.3344256864206,1,1,physical_common,defined,0.1370624003324148,1.131251034484703,0.0,0,0,4.763617246176914e-18
fixed_alpha_R192_eta0.554256258422,fixed_alpha,192.0,0.5542562584220407,794.3344256864206,1,1,actual_root,defined,0.13838337680546187,1.134530055777213,0.0,0,0,4.763617246176914e-18
fixed_alpha_R192_eta0.554256258422,fixed_alpha,192.0,0.5542562584220407,794.3344256864206,1,1,soft_cosine,defined,0.13674433271959163,1.1307739968244206,0.0,0,0,4.763617246176914e-18
fixed_alpha_R192_eta0.554256258422,fixed_alpha,192.0,0.5542562584220407,794.3344256864206,1,2,scaled_0.8,defined,0.10911799767005648,1.0919689115317446,0.018744327637910452,0,0,4.763617246176914e-18
fixed_alpha_R192_eta0.554256258422,fixed_alpha,192.0,0.5542562584220407,794.3344256864206,1,2,scaled_0.85,defined,0.11249225573117397,1.097957057395474,0.017277411457353647,0,0,4.763617246176914e-18
fixed_alpha_R192_eta0.554256258422,fixed_alpha,192.0,0.5542562584220407,794.3344256864206,1,2,scaled_0.9,defined,0.11631157696792628,1.104834191190336,0.01555657134932302,0,0,4.763617246176914e-18
fixed_alpha_R192_eta0.554256258422,fixed_alpha,192.0,0.5542562584220407,794.3344256864206,1,2,scaled_0.925,defined,0.11841067144943895,1.1086618166295341,0.01458422595542791,0,0,4.763617246176914e-18
fixed_alpha_R192_eta0.554256258422,fixed_alpha,192.0,0.5542562584220407,794.3344256864206,1,2,scaled_0.95,defined,0.12065041080024608,1.112784531819061,0.013526420495056313,0,0,4.763617246176914e-18
fixed_alpha_R192_eta0.554256258422,fixed_alpha,192.0,0.5542562584220407,794.3344256864206,1,2,scaled_0.975,defined,0.12304337733933723,1.1172343033028653,0.012373497101124065,0,0,4.763617246176914e-18
fixed_alpha_R192_eta0.554256258422,fixed_alpha,192.0,0.5542562584220407,794.3344256864206,1,2,scaled_1,defined,0.12560392602685866,1.1220483427310768,0.011114288324703597,0,0,4.763617246176914e-18
fixed_alpha_R192_eta0.554256258422,fixed_alpha,192.0,0.5542562584220407,794.3344256864206,1,2,scaled_1.025,defined,0.12834852860491575,1.1272705867536474,0.009735802452876197,0,0,4.763617246176914e-18
fixed_alpha_R192_eta0.554256258422,fixed_alpha,192.0,0.5542562584220407,794.3344256864206,1,2,scaled_1.05,defined,0.13129621843833061,1.1329555610478548,0.008222813135511708,0,0,4.763617246176914e-18
fixed_alpha_R192_eta0.554256258422,fixed_alpha,192.0,0.5542562584220407,794.3344256864206,1,2,scaled_1.075,defined,0.13446915070244192,1.1391661442672423,0.006557338884373043,0,0,4.763617246176914e-18
fixed_alpha_R192_eta0.554256258422,fixed_alpha,192.0,0.5542562584220407,794.3344256864206,1,2,scaled_1.1,defined,0.13789330949363232,1.145977233904375,0.004717981956739947,0,0,4.763617246176914e-18
fixed_alpha_R192_eta0.554256258422,fixed_alpha,192.0,0.5542562584220407,794.3344256864206,1,2,scaled_1.15,defined,0.14562438201810923,1.1617944808966214,0.0004092839375837154,0,0,4.763617246176914e-18
fixed_alpha_R192_eta0.554256258422,fixed_alpha,192.0,0.5542562584220407,794.3344256864206,1,2,scaled_1.2,defined,0.15481929226677763,1.181463884425261,-0.004985914174834821,0,0,4.763617246176914e-18
fixed_alpha_R192_eta0.554256258422,fixed_alpha,192.0,0.5542562584220407,794.3344256864206,1,2,physical_frozen,defined,0.1263250155120964,1.123166555493563,0.010737384820318385,0,0,4.763617246176914e-18
fixed_alpha_R192_eta0.554256258422,fixed_alpha,192.0,0.5542562584220407,794.3344256864206,1,2,physical_common,defined,0.10468041547060633,1.0790841808935512,0.03238198486180846,0,0,4.763617246176914e-18
fixed_alpha_R192_eta0.554256258422,fixed_alpha,192.0,0.5542562584220407,794.3344256864206,1,2,actual_root,defined,0.12886056327706097,1.1299558798348668,0.009522813528400897,0,0,4.763617246176914e-18
fixed_alpha_R192_eta0.554256258422,fixed_alpha,192.0,0.5542562584220407,794.3344256864206,1,2,soft_cosine,defined,0.12567244633890717,1.1221976397683364,0.01107188638068446,0,0,4.763617246176914e-18
fixed_alpha_R192_eta0.554256258422,fixed_alpha,192.0,0.5542562584220407,794.3344256864206,1,4,scaled_0.8,defined,0.07295342123873524,1.048071597994427,0.054908904069231684,0,0,4.763617246176914e-18
fixed_alpha_R192_eta0.554256258422,fixed_alpha,192.0,0.5542562584220407,794.3344256864206,1,4,scaled_0.85,defined,0.07796258501417674,1.0576222668669324,0.05180708217435087,0,0,4.763617246176914e-18
fixed_alpha_R192_eta0.554256258422,fixed_alpha,192.0,0.5542562584220407,794.3344256864206,1,4,scaled_0.9,defined,0.0839402729160933,1.0693155247212334,0.047927875401156006,0,0,4.763617246176914e-18
fixed_alpha_R192_eta0.554256258422,fixed_alpha,192.0,0.5542562584220407,794.3344256864206,1,4,scaled_0.925,defined,0.08737047720986732,1.076178914510793,0.04562442019499954,0,0,4.763617246176914e-18
fixed_alpha_R192_eta0.554256258422,fixed_alpha,192.0,0.5542562584220407,794.3344256864206,1,4,scaled_0.95,defined,0.09114894522079742,1.0838788333598635,0.04302788607450497,0,0,4.763617246176914e-18
fixed_alpha_R192_eta0.554256258422,fixed_alpha,192.0,0.5542562584220407,794.3344256864206,1,4,scaled_0.975,defined,0.0953270708276404,1.0925724246716475,0.0400898036128209,0,0,4.763617246176914e-18
fixed_alpha_R192_eta0.554256258422,fixed_alpha,192.0,0.5542562584220407,794.3344256864206,1,4,scaled_1,defined,0.09996825144324398,1.1024585924605688,0.03674996290831828,0,0,4.763617246176914e-18
fixed_alpha_R192_eta0.554256258422,fixed_alpha,192.0,0.5542562584220407,794.3344256864206,1,4,scaled_1.025,defined,0.10515217071868163,1.1138067705695047,0.03293216033911031,0,0,4.763617246176914e-18
fixed_alpha_R192_eta0.554256258422,fixed_alpha,192.0,0.5542562584220407,794.3344256864206,1,4,scaled_1.05,defined,0.11098130827567179,1.1269724147823683,0.02853772329817053,0,0,4.763617246176914e-18
fixed_alpha_R192_eta0.554256258422,fixed_alpha,192.0,0.5542562584220407,794.3344256864206,1,4,scaled_1.075,defined,0.11759106296439943,1.1424563809283519,0.02343542662241553,0,0,4.763617246176914e-18
fixed_alpha_R192_eta0.554256258422,fixed_alpha,192.0,0.5542562584220407,794.3344256864206,1,4,scaled_1.1,defined,0.1251667455570423,1.1609726482357317,0.01744454589332997,0,0,4.763617246176914e-18
fixed_alpha_R192_eta0.554256258422,fixed_alpha,192.0,0.5542562584220407,794.3344256864206,1,4,scaled_1.15,defined,0.14441244628708783,1.212083825858045,0.0016212196686051228,0,0,4.763617246176914e-18
fixed_alpha_R192_eta0.554256258422,fixed_alpha,192.0,0.5542562584220407,794.3344256864206,1,4,scaled_1.2,defined,0.17334684816970305,1.3013934493970392,-0.02351347007776025,0,0,4.763617246176914e-18
fixed_alpha_R192_eta0.554256258422,fixed_alpha,192.0,0.5542562584220407,794.3344256864206,1,4,physical_frozen,defined,0.10145769401242602,1.104791676316917,0.03560470631998877,0,0,4.763617246176914e-18
fixed_alpha_R192_eta0.554256258422,fixed_alpha,192.0,0.5542562584220407,794.3344256864206,1,4,physical_common,defined,0.06478236506700795,1.0186807446809758,0.07228003526540684,0,0,4.763617246176914e-18
fixed_alpha_R192_eta0.554256258422,fixed_alpha,192.0,0.5542562584220407,794.3344256864206,1,4,actual_root,defined,0.10583870552677563,1.1186180206283551,0.03254467127868624,0,0,4.763617246176914e-18
fixed_alpha_R192_eta0.554256258422,fixed_alpha,192.0,0.5542562584220407,794.3344256864206,1,4,soft_cosine,defined,0.10017242315496655,1.1029813771401187,0.03657190956462508,0,0,4.763617246176914e-18
fixed_alpha_R192_eta0.554256258422,fixed_alpha,192.0,0.5542562584220407,794.3344256864206,1,6,scaled_0.8,defined,0.04007160042295914,1.0096314234270427,0.08779072488500779,0,0,4.763617246176914e-18
fixed_alpha_R192_eta0.554256258422,fixed_alpha,192.0,0.5542562584220407,794.3344256864206,1,6,scaled_0.85,defined,0.04515311654369336,1.02050762173293,0.08461655064483425,0,0,4.763617246176914e-18
fixed_alpha_R192_eta0.554256258422,fixed_alpha,192.0,0.5542562584220407,794.3344256864206,1,6,scaled_0.9,defined,0.051639958307397545,1.0347706961305683,0.08022819000985176,0,0,4.763617246176914e-18
fixed_alpha_R192_eta0.554256258422,fixed_alpha,192.0,0.5542562584220407,794.3344256864206,1,6,scaled_0.925,defined,0.05555683825333144,1.0436231941712353,0.07743805915153543,0,0,4.763617246176914e-18
fixed_alpha_R192_eta0.554256258422,fixed_alpha,192.0,0.5542562584220407,794.3344256864206,1,6,scaled_0.95,defined,0.060030128809960115,1.0539749175516475,0.07414670248534228,0,0,4.763617246176914e-18
fixed_alpha_R192_eta0.554256258422,fixed_alpha,192.0,0.5542562584220407,794.3344256864206,1,6,scaled_0.975,defined,0.0651689098711224,1.066215292363588,0.0702479645693389,0,0,4.763617246176914e-18
fixed_alpha_R192_eta0.554256258422,fixed_alpha,192.0,0.5542562584220407,794.3344256864206,1,6,scaled_1,defined,0.07111762164871271,1.080881284378049,0.06560059270284954,0,0,4.763617246176914e-18
fixed_alpha_R192_eta0.554256258422,fixed_alpha,192.0,0.5542562584220407,794.3344256864206,1,6,scaled_1.025,defined,0.0780750206717274,1.0987676299723705,0.06000931038606454,0,0,4.763617246176914e-18
fixed_alpha_R192_eta0.554256258422,fixed_alpha,192.0,0.5542562584220407,794.3344256864206,1,6,scaled_1.05,defined,0.08632888493586781,1.1210872358096589,0.053190146637974514,0,0,4.763617246176914e-18
fixed_alpha_R192_eta0.554256258422,fixed_alpha,192.0,0.5542562584220407,794.3344256864206,1,6,scaled_1.075,defined,0.09632516887871118,1.1498347966262,0.04470132070810379,0,0,4.763617246176914e-18
fixed_alpha_R192_eta0.554256258422,fixed_alpha,192.0,0.5542562584220407,794.3344256864206,1,6,scaled_1.1,defined,0.1088218951864443,1.188597572923549,0.03378939626392796,0,0,4.763617246176914e-18
fixed_alpha_R192_eta0.554256258422,fixed_alpha,192.0,0.5542562584220407,794.3344256864206,1,6,scaled_1.15,defined,0.14918253427615347,1.33727015547312,-0.0031488683204605183,0,0,4.763617246176914e-18
fixed_alpha_R192_eta0.554256258422,fixed_alpha,192.0,0.5542562584220407,794.3344256864206,1,6,scaled_1.2,defined,0.6731083545750809,4.128651985623405,-0.5232749764831381,0,0,4.763617246176914e-18
fixed_alpha_R192_eta0.554256258422,fixed_alpha,192.0,0.5542562584220407,794.3344256864206,1,6,physical_frozen,defined,0.07334563612372705,1.0844010401003779,0.06371676420868774,0,0,4.763617246176914e-18
fixed_alpha_R192_eta0.554256258422,fixed_alpha,192.0,0.5542562584220407,794.3344256864206,1,6,physical_common,defined,0.04352322582387372,0.9874473880302306,0.09353917450854107,0,0,4.763617246176914e-18
fixed_alpha_R192_eta0.554256258422,fixed_alpha,192.0,0.5542562584220407,794.3344256864206,1,6,actual_root,defined,0.07867544171241299,1.1049021407299011,0.05970793509304888,0,0,4.763617246176914e-18
fixed_alpha_R192_eta0.554256258422,fixed_alpha,192.0,0.5542562584220407,794.3344256864206,1,6,soft_cosine,defined,0.07146918597507823,1.0819867910466576,0.0652751467445134,0,0,4.763617246176914e-18
fixed_alpha_R192_eta1.10851251684,fixed_alpha,192.0,1.1085125168440815,794.3344256864206,1,1,scaled_0.8,no_peak_in_valid_interval,,,,0,0,1.0179485755100673e-19
fixed_alpha_R192_eta1.10851251684,fixed_alpha,192.0,1.1085125168440815,794.3344256864206,1,1,scaled_0.85,no_peak_in_valid_interval,,,,0,0,1.0179485755100673e-19
fixed_alpha_R192_eta1.10851251684,fixed_alpha,192.0,1.1085125168440815,794.3344256864206,1,1,scaled_0.9,no_peak_in_valid_interval,,,,0,0,1.0179485755100673e-19
fixed_alpha_R192_eta1.10851251684,fixed_alpha,192.0,1.1085125168440815,794.3344256864206,1,1,scaled_0.925,no_peak_in_valid_interval,,,,0,0,1.0179485755100673e-19
fixed_alpha_R192_eta1.10851251684,fixed_alpha,192.0,1.1085125168440815,794.3344256864206,1,1,scaled_0.95,no_peak_in_valid_interval,,,,0,0,1.0179485755100673e-19
fixed_alpha_R192_eta1.10851251684,fixed_alpha,192.0,1.1085125168440815,794.3344256864206,1,1,scaled_0.975,no_peak_in_valid_interval,,,,0,0,1.0179485755100673e-19
fixed_alpha_R192_eta1.10851251684,fixed_alpha,192.0,1.1085125168440815,794.3344256864206,1,1,scaled_1,no_peak_in_valid_interval,,,,0,0,1.0179485755100673e-19
fixed_alpha_R192_eta1.10851251684,fixed_alpha,192.0,1.1085125168440815,794.3344256864206,1,1,scaled_1.025,no_peak_in_valid_interval,,,,0,0,1.0179485755100673e-19
fixed_alpha_R192_eta1.10851251684,fixed_alpha,192.0,1.1085125168440815,794.3344256864206,1,1,scaled_1.05,no_peak_in_valid_interval,,,,0,0,1.0179485755100673e-19
fixed_alpha_R192_eta1.10851251684,fixed_alpha,192.0,1.1085125168440815,794.3344256864206,1,1,scaled_1.075,no_peak_in_valid_interval,,,,0,0,1.0179485755100673e-19
fixed_alpha_R192_eta1.10851251684,fixed_alpha,192.0,1.1085125168440815,794.3344256864206,1,1,scaled_1.1,no_peak_in_valid_interval,,,,0,0,1.0179485755100673e-19
fixed_alpha_R192_eta1.10851251684,fixed_alpha,192.0,1.1085125168440815,794.3344256864206,1,1,scaled_1.15,no_peak_in_valid_interval,,,,0,0,1.0179485755100673e-19
fixed_alpha_R192_eta1.10851251684,fixed_alpha,192.0,1.1085125168440815,794.3344256864206,1,1,scaled_1.2,no_peak_in_valid_interval,,,,0,0,1.0179485755100673e-19
fixed_alpha_R192_eta1.10851251684,fixed_alpha,192.0,1.1085125168440815,794.3344256864206,1,1,physical_frozen,no_peak_in_valid_interval,,,,0,0,1.0179485755100673e-19
fixed_alpha_R192_eta1.10851251684,fixed_alpha,192.0,1.1085125168440815,794.3344256864206,1,1,physical_common,no_peak_in_valid_interval,,,,0,0,1.0179485755100673e-19
fixed_alpha_R192_eta1.10851251684,fixed_alpha,192.0,1.1085125168440815,794.3344256864206,1,1,actual_root,no_peak_in_valid_interval,,,,0,0,1.0179485755100673e-19
fixed_alpha_R192_eta1.10851251684,fixed_alpha,192.0,1.1085125168440815,794.3344256864206,1,1,soft_cosine,no_peak_in_valid_interval,,,,0,0,1.0179485755100673e-19
fixed_alpha_R192_eta1.10851251684,fixed_alpha,192.0,1.1085125168440815,794.3344256864206,1,2,scaled_0.8,no_peak_in_valid_interval,,,,0,0,1.0179485755100673e-19
fixed_alpha_R192_eta1.10851251684,fixed_alpha,192.0,1.1085125168440815,794.3344256864206,1,2,scaled_0.85,no_peak_in_valid_interval,,,,0,0,1.0179485755100673e-19
fixed_alpha_R192_eta1.10851251684,fixed_alpha,192.0,1.1085125168440815,794.3344256864206,1,2,scaled_0.9,no_peak_in_valid_interval,,,,0,0,1.0179485755100673e-19
fixed_alpha_R192_eta1.10851251684,fixed_alpha,192.0,1.1085125168440815,794.3344256864206,1,2,scaled_0.925,no_peak_in_valid_interval,,,,0,0,1.0179485755100673e-19
fixed_alpha_R192_eta1.10851251684,fixed_alpha,192.0,1.1085125168440815,794.3344256864206,1,2,scaled_0.95,no_peak_in_valid_interval,,,,0,0,1.0179485755100673e-19
fixed_alpha_R192_eta1.10851251684,fixed_alpha,192.0,1.1085125168440815,794.3344256864206,1,2,scaled_0.975,no_peak_in_valid_interval,,,,0,0,1.0179485755100673e-19
fixed_alpha_R192_eta1.10851251684,fixed_alpha,192.0,1.1085125168440815,794.3344256864206,1,2,scaled_1,no_peak_in_valid_interval,,,,0,0,1.0179485755100673e-19
fixed_alpha_R192_eta1.10851251684,fixed_alpha,192.0,1.1085125168440815,794.3344256864206,1,2,scaled_1.025,no_peak_in_valid_interval,,,,0,0,1.0179485755100673e-19
fixed_alpha_R192_eta1.10851251684,fixed_alpha,192.0,1.1085125168440815,794.3344256864206,1,2,scaled_1.05,no_peak_in_valid_interval,,,,0,0,1.0179485755100673e-19
fixed_alpha_R192_eta1.10851251684,fixed_alpha,192.0,1.1085125168440815,794.3344256864206,1,2,scaled_1.075,no_peak_in_valid_interval,,,,0,0,1.0179485755100673e-19
fixed_alpha_R192_eta1.10851251684,fixed_alpha,192.0,1.1085125168440815,794.3344256864206,1,2,scaled_1.1,no_peak_in_valid_interval,,,,0,0,1.0179485755100673e-19
fixed_alpha_R192_eta1.10851251684,fixed_alpha,192.0,1.1085125168440815,794.3344256864206,1,2,scaled_1.15,no_peak_in_valid_interval,,,,0,0,1.0179485755100673e-19
fixed_alpha_R192_eta1.10851251684,fixed_alpha,192.0,1.1085125168440815,794.3344256864206,1,2,scaled_1.2,no_peak_in_valid_interval,,,,0,0,1.0179485755100673e-19
fixed_alpha_R192_eta1.10851251684,fixed_alpha,192.0,1.1085125168440815,794.3344256864206,1,2,physical_frozen,no_peak_in_valid_interval,,,,0,0,1.0179485755100673e-19
fixed_alpha_R192_eta1.10851251684,fixed_alpha,192.0,1.1085125168440815,794.3344256864206,1,2,physical_common,defined,0.38012933918536396,1.7083554326430879,,0,0,1.0179485755100673e-19
fixed_alpha_R192_eta1.10851251684,fixed_alpha,192.0,1.1085125168440815,794.3344256864206,1,2,actual_root,no_peak_in_valid_interval,,,,0,0,1.0179485755100673e-19
fixed_alpha_R192_eta1.10851251684,fixed_alpha,192.0,1.1085125168440815,794.3344256864206,1,2,soft_cosine,no_peak_in_valid_interval,,,,0,0,1.0179485755100673e-19
fixed_alpha_R192_eta1.10851251684,fixed_alpha,192.0,1.1085125168440815,794.3344256864206,1,4,scaled_0.8,defined,0.31542161068536545,1.5406700841244516,,0,0,1.0179485755100673e-19
fixed_alpha_R192_eta1.10851251684,fixed_alpha,192.0,1.1085125168440815,794.3344256864206,1,4,scaled_0.85,defined,0.3373477789752144,1.6051553893865287,,0,0,1.0179485755100673e-19
fixed_alpha_R192_eta1.10851251684,fixed_alpha,192.0,1.1085125168440815,794.3344256864206,1,4,scaled_0.9,defined,0.3649118057568086,1.7138754721855423,,0,0,1.0179485755100673e-19
fixed_alpha_R192_eta1.10851251684,fixed_alpha,192.0,1.1085125168440815,794.3344256864206,1,4,scaled_0.925,no_peak_in_valid_interval,,,,0,0,1.0179485755100673e-19
fixed_alpha_R192_eta1.10851251684,fixed_alpha,192.0,1.1085125168440815,794.3344256864206,1,4,scaled_0.95,no_peak_in_valid_interval,,,,0,0,1.0179485755100673e-19
fixed_alpha_R192_eta1.10851251684,fixed_alpha,192.0,1.1085125168440815,794.3344256864206,1,4,scaled_0.975,no_peak_in_valid_interval,,,,0,0,1.0179485755100673e-19
fixed_alpha_R192_eta1.10851251684,fixed_alpha,192.0,1.1085125168440815,794.3344256864206,1,4,scaled_1,no_peak_in_valid_interval,,,,0,0,1.0179485755100673e-19
fixed_alpha_R192_eta1.10851251684,fixed_alpha,192.0,1.1085125168440815,794.3344256864206,1,4,scaled_1.025,no_peak_in_valid_interval,,,,0,0,1.0179485755100673e-19
fixed_alpha_R192_eta1.10851251684,fixed_alpha,192.0,1.1085125168440815,794.3344256864206,1,4,scaled_1.05,no_peak_in_valid_interval,,,,0,0,1.0179485755100673e-19
fixed_alpha_R192_eta1.10851251684,fixed_alpha,192.0,1.1085125168440815,794.3344256864206,1,4,scaled_1.075,no_peak_in_valid_interval,,,,0,0,1.0179485755100673e-19
fixed_alpha_R192_eta1.10851251684,fixed_alpha,192.0,1.1085125168440815,794.3344256864206,1,4,scaled_1.1,no_peak_in_valid_interval,,,,0,0,1.0179485755100673e-19
fixed_alpha_R192_eta1.10851251684,fixed_alpha,192.0,1.1085125168440815,794.3344256864206,1,4,scaled_1.15,no_peak_in_valid_interval,,,,0,0,1.0179485755100673e-19
fixed_alpha_R192_eta1.10851251684,fixed_alpha,192.0,1.1085125168440815,794.3344256864206,1,4,scaled_1.2,no_peak_in_valid_interval,,,,0,0,1.0179485755100673e-19
fixed_alpha_R192_eta1.10851251684,fixed_alpha,192.0,1.1085125168440815,794.3344256864206,1,4,physical_frozen,no_peak_in_valid_interval,,,,0,0,1.0179485755100673e-19
fixed_alpha_R192_eta1.10851251684,fixed_alpha,192.0,1.1085125168440815,794.3344256864206,1,4,physical_common,defined,0.2388982117289969,1.3485204089016367,,0,0,1.0179485755100673e-19
fixed_alpha_R192_eta1.10851251684,fixed_alpha,192.0,1.1085125168440815,794.3344256864206,1,4,actual_root,no_peak_in_valid_interval,,,,0,0,1.0179485755100673e-19
fixed_alpha_R192_eta1.10851251684,fixed_alpha,192.0,1.1085125168440815,794.3344256864206,1,4,soft_cosine,no_peak_in_valid_interval,,,,0,0,1.0179485755100673e-19
fixed_alpha_R192_eta1.10851251684,fixed_alpha,192.0,1.1085125168440815,794.3344256864206,1,6,scaled_0.8,defined,0.23503917159193782,1.381307525225889,,0,0,1.0179485755100673e-19
fixed_alpha_R192_eta1.10851251684,fixed_alpha,192.0,1.1085125168440815,794.3344256864206,1,6,scaled_0.85,defined,0.2607438515659132,1.438833633154123,,0,0,1.0179485755100673e-19
fixed_alpha_R192_eta1.10851251684,fixed_alpha,192.0,1.1085125168440815,794.3344256864206,1,6,scaled_0.9,defined,0.293353971128311,1.520546413352487,,0,0,1.0179485755100673e-19
fixed_alpha_R192_eta1.10851251684,fixed_alpha,192.0,1.1085125168440815,794.3344256864206,1,6,scaled_0.925,defined,0.3134013910012073,1.5784636575222688,,0,0,1.0179485755100673e-19
fixed_alpha_R192_eta1.10851251684,fixed_alpha,192.0,1.1085125168440815,794.3344256864206,1,6,scaled_0.95,defined,0.337137660212495,1.6618136793048126,,0,0,1.0179485755100673e-19
fixed_alpha_R192_eta1.10851251684,fixed_alpha,192.0,1.1085125168440815,794.3344256864206,1,6,scaled_0.975,no_peak_in_valid_interval,,,,0,0,1.0179485755100673e-19
fixed_alpha_R192_eta1.10851251684,fixed_alpha,192.0,1.1085125168440815,794.3344256864206,1,6,scaled_1,no_peak_in_valid_interval,,,,0,0,1.0179485755100673e-19
fixed_alpha_R192_eta1.10851251684,fixed_alpha,192.0,1.1085125168440815,794.3344256864206,1,6,scaled_1.025,no_peak_in_valid_interval,,,,0,0,1.0179485755100673e-19
fixed_alpha_R192_eta1.10851251684,fixed_alpha,192.0,1.1085125168440815,794.3344256864206,1,6,scaled_1.05,no_peak_in_valid_interval,,,,0,0,1.0179485755100673e-19
fixed_alpha_R192_eta1.10851251684,fixed_alpha,192.0,1.1085125168440815,794.3344256864206,1,6,scaled_1.075,no_peak_in_valid_interval,,,,0,0,1.0179485755100673e-19
fixed_alpha_R192_eta1.10851251684,fixed_alpha,192.0,1.1085125168440815,794.3344256864206,1,6,scaled_1.1,no_peak_in_valid_interval,,,,0,0,1.0179485755100673e-19
fixed_alpha_R192_eta1.10851251684,fixed_alpha,192.0,1.1085125168440815,794.3344256864206,1,6,scaled_1.15,no_peak_in_valid_interval,,,,0,0,1.0179485755100673e-19
fixed_alpha_R192_eta1.10851251684,fixed_alpha,192.0,1.1085125168440815,794.3344256864206,1,6,scaled_1.2,no_peak_in_valid_interval,,,,0,0,1.0179485755100673e-19
fixed_alpha_R192_eta1.10851251684,fixed_alpha,192.0,1.1085125168440815,794.3344256864206,1,6,physical_frozen,no_peak_in_valid_interval,,,,0,0,1.0179485755100673e-19
fixed_alpha_R192_eta1.10851251684,fixed_alpha,192.0,1.1085125168440815,794.3344256864206,1,6,physical_common,no_peak_in_valid_interval,,,,0,0,1.0179485755100673e-19
fixed_alpha_R192_eta1.10851251684,fixed_alpha,192.0,1.1085125168440815,794.3344256864206,1,6,actual_root,no_peak_in_valid_interval,,,,0,0,1.0179485755100673e-19
fixed_alpha_R192_eta1.10851251684,fixed_alpha,192.0,1.1085125168440815,794.3344256864206,1,6,soft_cosine,no_peak_in_valid_interval,,,,0,0,1.0179485755100673e-19
fixed_alpha_R192_eta1.93989690448,fixed_alpha,192.0,1.9398969044771426,794.3344256864206,1,1,scaled_0.8,no_peak_in_valid_interval,,,,0,0,9.500932134573006e-21
fixed_alpha_R192_eta1.93989690448,fixed_alpha,192.0,1.9398969044771426,794.3344256864206,1,1,scaled_0.85,no_peak_in_valid_interval,,,,0,0,9.500932134573006e-21
fixed_alpha_R192_eta1.93989690448,fixed_alpha,192.0,1.9398969044771426,794.3344256864206,1,1,scaled_0.9,no_peak_in_valid_interval,,,,0,0,9.500932134573006e-21
fixed_alpha_R192_eta1.93989690448,fixed_alpha,192.0,1.9398969044771426,794.3344256864206,1,1,scaled_0.925,no_peak_in_valid_interval,,,,0,0,9.500932134573006e-21
fixed_alpha_R192_eta1.93989690448,fixed_alpha,192.0,1.9398969044771426,794.3344256864206,1,1,scaled_0.95,no_peak_in_valid_interval,,,,0,0,9.500932134573006e-21
fixed_alpha_R192_eta1.93989690448,fixed_alpha,192.0,1.9398969044771426,794.3344256864206,1,1,scaled_0.975,no_peak_in_valid_interval,,,,0,0,9.500932134573006e-21
fixed_alpha_R192_eta1.93989690448,fixed_alpha,192.0,1.9398969044771426,794.3344256864206,1,1,scaled_1,no_peak_in_valid_interval,,,,0,0,9.500932134573006e-21
fixed_alpha_R192_eta1.93989690448,fixed_alpha,192.0,1.9398969044771426,794.3344256864206,1,1,scaled_1.025,no_peak_in_valid_interval,,,,0,0,9.500932134573006e-21
fixed_alpha_R192_eta1.93989690448,fixed_alpha,192.0,1.9398969044771426,794.3344256864206,1,1,scaled_1.05,no_peak_in_valid_interval,,,,0,0,9.500932134573006e-21
fixed_alpha_R192_eta1.93989690448,fixed_alpha,192.0,1.9398969044771426,794.3344256864206,1,1,scaled_1.075,no_peak_in_valid_interval,,,,0,0,9.500932134573006e-21
fixed_alpha_R192_eta1.93989690448,fixed_alpha,192.0,1.9398969044771426,794.3344256864206,1,1,scaled_1.1,no_peak_in_valid_interval,,,,0,0,9.500932134573006e-21
fixed_alpha_R192_eta1.93989690448,fixed_alpha,192.0,1.9398969044771426,794.3344256864206,1,1,scaled_1.15,no_peak_in_valid_interval,,,,0,0,9.500932134573006e-21
fixed_alpha_R192_eta1.93989690448,fixed_alpha,192.0,1.9398969044771426,794.3344256864206,1,1,scaled_1.2,no_peak_in_valid_interval,,,,0,0,9.500932134573006e-21
fixed_alpha_R192_eta1.93989690448,fixed_alpha,192.0,1.9398969044771426,794.3344256864206,1,1,physical_frozen,no_peak_in_valid_interval,,,,0,0,9.500932134573006e-21
fixed_alpha_R192_eta1.93989690448,fixed_alpha,192.0,1.9398969044771426,794.3344256864206,1,1,physical_common,no_peak_in_valid_interval,,,,0,0,9.500932134573006e-21
fixed_alpha_R192_eta1.93989690448,fixed_alpha,192.0,1.9398969044771426,794.3344256864206,1,1,actual_root,no_peak_in_valid_interval,,,,0,0,9.500932134573006e-21
fixed_alpha_R192_eta1.93989690448,fixed_alpha,192.0,1.9398969044771426,794.3344256864206,1,1,soft_cosine,no_peak_in_valid_interval,,,,0,0,9.500932134573006e-21
fixed_alpha_R192_eta1.93989690448,fixed_alpha,192.0,1.9398969044771426,794.3344256864206,1,2,scaled_0.8,no_peak_in_valid_interval,,,,0,0,9.500932134573006e-21
fixed_alpha_R192_eta1.93989690448,fixed_alpha,192.0,1.9398969044771426,794.3344256864206,1,2,scaled_0.85,no_peak_in_valid_interval,,,,0,0,9.500932134573006e-21
fixed_alpha_R192_eta1.93989690448,fixed_alpha,192.0,1.9398969044771426,794.3344256864206,1,2,scaled_0.9,no_peak_in_valid_interval,,,,0,0,9.500932134573006e-21
fixed_alpha_R192_eta1.93989690448,fixed_alpha,192.0,1.9398969044771426,794.3344256864206,1,2,scaled_0.925,no_peak_in_valid_interval,,,,0,0,9.500932134573006e-21
fixed_alpha_R192_eta1.93989690448,fixed_alpha,192.0,1.9398969044771426,794.3344256864206,1,2,scaled_0.95,no_peak_in_valid_interval,,,,0,0,9.500932134573006e-21
fixed_alpha_R192_eta1.93989690448,fixed_alpha,192.0,1.9398969044771426,794.3344256864206,1,2,scaled_0.975,no_peak_in_valid_interval,,,,0,0,9.500932134573006e-21
fixed_alpha_R192_eta1.93989690448,fixed_alpha,192.0,1.9398969044771426,794.3344256864206,1,2,scaled_1,no_peak_in_valid_interval,,,,0,0,9.500932134573006e-21
fixed_alpha_R192_eta1.93989690448,fixed_alpha,192.0,1.9398969044771426,794.3344256864206,1,2,scaled_1.025,no_peak_in_valid_interval,,,,0,0,9.500932134573006e-21
fixed_alpha_R192_eta1.93989690448,fixed_alpha,192.0,1.9398969044771426,794.3344256864206,1,2,scaled_1.05,no_peak_in_valid_interval,,,,0,0,9.500932134573006e-21
fixed_alpha_R192_eta1.93989690448,fixed_alpha,192.0,1.9398969044771426,794.3344256864206,1,2,scaled_1.075,no_peak_in_valid_interval,,,,0,0,9.500932134573006e-21
fixed_alpha_R192_eta1.93989690448,fixed_alpha,192.0,1.9398969044771426,794.3344256864206,1,2,scaled_1.1,no_peak_in_valid_interval,,,,0,0,9.500932134573006e-21
fixed_alpha_R192_eta1.93989690448,fixed_alpha,192.0,1.9398969044771426,794.3344256864206,1,2,scaled_1.15,no_peak_in_valid_interval,,,,0,0,9.500932134573006e-21
fixed_alpha_R192_eta1.93989690448,fixed_alpha,192.0,1.9398969044771426,794.3344256864206,1,2,scaled_1.2,no_peak_in_valid_interval,,,,0,0,9.500932134573006e-21
fixed_alpha_R192_eta1.93989690448,fixed_alpha,192.0,1.9398969044771426,794.3344256864206,1,2,physical_frozen,no_peak_in_valid_interval,,,,0,0,9.500932134573006e-21
fixed_alpha_R192_eta1.93989690448,fixed_alpha,192.0,1.9398969044771426,794.3344256864206,1,2,physical_common,no_peak_in_valid_interval,,,,0,0,9.500932134573006e-21
fixed_alpha_R192_eta1.93989690448,fixed_alpha,192.0,1.9398969044771426,794.3344256864206,1,2,actual_root,no_peak_in_valid_interval,,,,0,0,9.500932134573006e-21
fixed_alpha_R192_eta1.93989690448,fixed_alpha,192.0,1.9398969044771426,794.3344256864206,1,2,soft_cosine,no_peak_in_valid_interval,,,,0,0,9.500932134573006e-21
fixed_alpha_R192_eta1.93989690448,fixed_alpha,192.0,1.9398969044771426,794.3344256864206,1,4,scaled_0.8,no_peak_in_valid_interval,,,,0,0,9.500932134573006e-21
fixed_alpha_R192_eta1.93989690448,fixed_alpha,192.0,1.9398969044771426,794.3344256864206,1,4,scaled_0.85,no_peak_in_valid_interval,,,,0,0,9.500932134573006e-21
fixed_alpha_R192_eta1.93989690448,fixed_alpha,192.0,1.9398969044771426,794.3344256864206,1,4,scaled_0.9,no_peak_in_valid_interval,,,,0,0,9.500932134573006e-21
fixed_alpha_R192_eta1.93989690448,fixed_alpha,192.0,1.9398969044771426,794.3344256864206,1,4,scaled_0.925,no_peak_in_valid_interval,,,,0,0,9.500932134573006e-21
fixed_alpha_R192_eta1.93989690448,fixed_alpha,192.0,1.9398969044771426,794.3344256864206,1,4,scaled_0.95,no_peak_in_valid_interval,,,,0,0,9.500932134573006e-21
fixed_alpha_R192_eta1.93989690448,fixed_alpha,192.0,1.9398969044771426,794.3344256864206,1,4,scaled_0.975,no_peak_in_valid_interval,,,,0,0,9.500932134573006e-21
fixed_alpha_R192_eta1.93989690448,fixed_alpha,192.0,1.9398969044771426,794.3344256864206,1,4,scaled_1,no_peak_in_valid_interval,,,,0,0,9.500932134573006e-21
fixed_alpha_R192_eta1.93989690448,fixed_alpha,192.0,1.9398969044771426,794.3344256864206,1,4,scaled_1.025,no_peak_in_valid_interval,,,,0,0,9.500932134573006e-21
fixed_alpha_R192_eta1.93989690448,fixed_alpha,192.0,1.9398969044771426,794.3344256864206,1,4,scaled_1.05,no_peak_in_valid_interval,,,,0,0,9.500932134573006e-21
fixed_alpha_R192_eta1.93989690448,fixed_alpha,192.0,1.9398969044771426,794.3344256864206,1,4,scaled_1.075,no_peak_in_valid_interval,,,,0,0,9.500932134573006e-21
fixed_alpha_R192_eta1.93989690448,fixed_alpha,192.0,1.9398969044771426,794.3344256864206,1,4,scaled_1.1,no_peak_in_valid_interval,,,,0,0,9.500932134573006e-21
fixed_alpha_R192_eta1.93989690448,fixed_alpha,192.0,1.9398969044771426,794.3344256864206,1,4,scaled_1.15,no_peak_in_valid_interval,,,,0,0,9.500932134573006e-21
fixed_alpha_R192_eta1.93989690448,fixed_alpha,192.0,1.9398969044771426,794.3344256864206,1,4,scaled_1.2,no_peak_in_valid_interval,,,,0,0,9.500932134573006e-21
fixed_alpha_R192_eta1.93989690448,fixed_alpha,192.0,1.9398969044771426,794.3344256864206,1,4,physical_frozen,no_peak_in_valid_interval,,,,0,0,9.500932134573006e-21
fixed_alpha_R192_eta1.93989690448,fixed_alpha,192.0,1.9398969044771426,794.3344256864206,1,4,physical_common,no_peak_in_valid_interval,,,,0,0,9.500932134573006e-21
fixed_alpha_R192_eta1.93989690448,fixed_alpha,192.0,1.9398969044771426,794.3344256864206,1,4,actual_root,no_peak_in_valid_interval,,,,0,0,9.500932134573006e-21
fixed_alpha_R192_eta1.93989690448,fixed_alpha,192.0,1.9398969044771426,794.3344256864206,1,4,soft_cosine,no_peak_in_valid_interval,,,,0,0,9.500932134573006e-21
fixed_alpha_R192_eta1.93989690448,fixed_alpha,192.0,1.9398969044771426,794.3344256864206,1,6,scaled_0.8,no_peak_in_valid_interval,,,,0,0,9.500932134573006e-21
fixed_alpha_R192_eta1.93989690448,fixed_alpha,192.0,1.9398969044771426,794.3344256864206,1,6,scaled_0.85,no_peak_in_valid_interval,,,,0,0,9.500932134573006e-21
fixed_alpha_R192_eta1.93989690448,fixed_alpha,192.0,1.9398969044771426,794.3344256864206,1,6,scaled_0.9,no_peak_in_valid_interval,,,,0,0,9.500932134573006e-21
fixed_alpha_R192_eta1.93989690448,fixed_alpha,192.0,1.9398969044771426,794.3344256864206,1,6,scaled_0.925,no_peak_in_valid_interval,,,,0,0,9.500932134573006e-21
fixed_alpha_R192_eta1.93989690448,fixed_alpha,192.0,1.9398969044771426,794.3344256864206,1,6,scaled_0.95,no_peak_in_valid_interval,,,,0,0,9.500932134573006e-21
fixed_alpha_R192_eta1.93989690448,fixed_alpha,192.0,1.9398969044771426,794.3344256864206,1,6,scaled_0.975,no_peak_in_valid_interval,,,,0,0,9.500932134573006e-21
fixed_alpha_R192_eta1.93989690448,fixed_alpha,192.0,1.9398969044771426,794.3344256864206,1,6,scaled_1,no_peak_in_valid_interval,,,,0,0,9.500932134573006e-21
fixed_alpha_R192_eta1.93989690448,fixed_alpha,192.0,1.9398969044771426,794.3344256864206,1,6,scaled_1.025,no_peak_in_valid_interval,,,,0,0,9.500932134573006e-21
fixed_alpha_R192_eta1.93989690448,fixed_alpha,192.0,1.9398969044771426,794.3344256864206,1,6,scaled_1.05,no_peak_in_valid_interval,,,,0,0,9.500932134573006e-21
fixed_alpha_R192_eta1.93989690448,fixed_alpha,192.0,1.9398969044771426,794.3344256864206,1,6,scaled_1.075,no_peak_in_valid_interval,,,,0,0,9.500932134573006e-21
fixed_alpha_R192_eta1.93989690448,fixed_alpha,192.0,1.9398969044771426,794.3344256864206,1,6,scaled_1.1,no_peak_in_valid_interval,,,,0,0,9.500932134573006e-21
fixed_alpha_R192_eta1.93989690448,fixed_alpha,192.0,1.9398969044771426,794.3344256864206,1,6,scaled_1.15,no_peak_in_valid_interval,,,,0,0,9.500932134573006e-21
fixed_alpha_R192_eta1.93989690448,fixed_alpha,192.0,1.9398969044771426,794.3344256864206,1,6,scaled_1.2,no_peak_in_valid_interval,,,,0,0,9.500932134573006e-21
fixed_alpha_R192_eta1.93989690448,fixed_alpha,192.0,1.9398969044771426,794.3344256864206,1,6,physical_frozen,no_peak_in_valid_interval,,,,0,0,9.500932134573006e-21
fixed_alpha_R192_eta1.93989690448,fixed_alpha,192.0,1.9398969044771426,794.3344256864206,1,6,physical_common,no_peak_in_valid_interval,,,,0,0,9.500932134573006e-21
fixed_alpha_R192_eta1.93989690448,fixed_alpha,192.0,1.9398969044771426,794.3344256864206,1,6,actual_root,no_peak_in_valid_interval,,,,0,0,9.500932134573006e-21
fixed_alpha_R192_eta1.93989690448,fixed_alpha,192.0,1.9398969044771426,794.3344256864206,1,6,soft_cosine,no_peak_in_valid_interval,,,,0,0,9.500932134573006e-21
fixed_alpha_R24_eta0.195959179423,fixed_alpha,24.0,0.19595917942265423,794.3344256864206,1,1,scaled_0.8,defined,0.007364281369805159,0.9525943679714616,0.0,0,0,4.232039804173324e-10
fixed_alpha_R24_eta0.195959179423,fixed_alpha,24.0,0.19595917942265423,794.3344256864206,1,1,scaled_0.85,defined,0.005282108993917818,0.9522461623774016,0.0,0,0,4.232039804173324e-10
fixed_alpha_R24_eta0.195959179423,fixed_alpha,24.0,0.19595917942265423,794.3344256864206,1,1,scaled_0.9,defined,0.003016015321121254,0.952039049846142,0.0,0,0,4.232039804173324e-10
fixed_alpha_R24_eta0.195959179423,fixed_alpha,24.0,0.19595917942265423,794.3344256864206,1,1,scaled_0.925,defined,0.0018074354629170856,0.952002091605761,0.0,0,0,4.232039804173324e-10
fixed_alpha_R24_eta0.195959179423,fixed_alpha,24.0,0.19595917942265423,794.3344256864206,1,1,scaled_0.95,defined,0.0005442392709215322,0.952018017676607,0.0,0,0,4.232039804173324e-10
fixed_alpha_R24_eta0.195959179423,fixed_alpha,24.0,0.19595917942265423,794.3344256864206,1,1,scaled_0.975,defined,-0.0007773456102895468,0.9520940855834054,0.0,0,0,4.232039804173324e-10
fixed_alpha_R24_eta0.195959179423,fixed_alpha,24.0,0.19595917942265423,794.3344256864206,1,1,scaled_1,defined,-0.002161637426724993,0.9522383997687975,0.0,0,0,4.232039804173324e-10
fixed_alpha_R24_eta0.195959179423,fixed_alpha,24.0,0.19595917942265423,794.3344256864206,1,1,scaled_1.025,defined,-0.0036135847254280783,0.9524600475589495,0.0,0,0,4.232039804173324e-10
fixed_alpha_R24_eta0.195959179423,fixed_alpha,24.0,0.19595917942265423,794.3344256864206,1,1,scaled_1.05,defined,-0.005138865555764125,0.9527692628205209,0.0,0,0,4.232039804173324e-10
fixed_alpha_R24_eta0.195959179423,fixed_alpha,24.0,0.19595917942265423,794.3344256864206,1,1,scaled_1.075,defined,-0.006744003840455679,0.9531776281116654,0.0,0,0,4.232039804173324e-10
fixed_alpha_R24_eta0.195959179423,fixed_alpha,24.0,0.19595917942265423,794.3344256864206,1,1,scaled_1.1,defined,-0.00843650616313596,0.9536983204467862,0.0,0,0,4.232039804173324e-10
fixed_alpha_R24_eta0.195959179423,fixed_alpha,24.0,0.19595917942265423,794.3344256864206,1,1,scaled_1.15,defined,-0.012119541991785141,0.9551392732389294,0.0,0,0,4.232039804173324e-10
fixed_alpha_R24_eta0.195959179423,fixed_alpha,24.0,0.19595917942265423,794.3344256864206,1,1,scaled_1.2,defined,-0.016274606357584487,0.957243139697675,0.0,0,0,4.232039804173324e-10
fixed_alpha_R24_eta0.195959179423,fixed_alpha,24.0,0.19595917942265423,794.3344256864206,1,1,physical_frozen,defined,-0.002650914341334909,0.9515661891517785,0.0,0,0,4.232039804173324e-10
fixed_alpha_R24_eta0.195959179423,fixed_alpha,24.0,0.19595917942265423,794.3344256864206,1,1,physical_common,defined,-0.002650914341334909,0.9515661891517785,0.0,0,0,4.232039804173324e-10
fixed_alpha_R24_eta0.195959179423,fixed_alpha,24.0,0.19595917942265423,794.3344256864206,1,1,actual_root,defined,-0.002801478897485832,0.9522584070919919,0.0,6,0,4.232039804173324e-10
fixed_alpha_R24_eta0.195959179423,fixed_alpha,24.0,0.19595917942265423,794.3344256864206,1,1,soft_cosine,defined,-0.0021756814695325297,0.9523772114337888,0.0,0,0,4.232039804173324e-10
fixed_alpha_R24_eta0.195959179423,fixed_alpha,24.0,0.19595917942265423,794.3344256864206,1,2,scaled_0.8,defined,-0.048172462485187806,0.9113601772403734,0.055536743854992965,0,0,4.232039804173324e-10
fixed_alpha_R24_eta0.195959179423,fixed_alpha,24.0,0.19595917942265423,794.3344256864206,1,2,scaled_0.85,defined,-0.055948589246059166,0.9068592647248369,0.06123069823997698,0,0,4.232039804173324e-10
fixed_alpha_R24_eta0.195959179423,fixed_alpha,24.0,0.19595917942265423,794.3344256864206,1,2,scaled_0.9,defined,-0.06455975079482501,0.9025562728163125,0.06757576611594626,0,0,4.232039804173324e-10
fixed_alpha_R24_eta0.195959179423,fixed_alpha,24.0,0.19595917942265423,794.3344256864206,1,2,scaled_0.925,defined,-0.06922995117628394,0.9005258064084075,0.07103738663920103,0,0,4.232039804173324e-10
fixed_alpha_R24_eta0.195959179423,fixed_alpha,24.0,0.19595917942265423,794.3344256864206,1,2,scaled_0.95,defined,-0.07417897880141266,0.898606994243431,0.0747232180723342,0,0,4.232039804173324e-10
fixed_alpha_R24_eta0.195959179423,fixed_alpha,24.0,0.19595917942265423,794.3344256864206,1,2,scaled_0.975,defined,-0.0794404575728328,0.8968280820323865,0.07866311196254325,0,0,4.232039804173324e-10
fixed_alpha_R24_eta0.195959179423,fixed_alpha,24.0,0.19595917942265423,794.3344256864206,1,2,scaled_1,defined,-0.08505495592131196,0.8952230800578777,0.08289331849458696,0,0,4.232039804173324e-10
fixed_alpha_R24_eta0.195959179423,fixed_alpha,24.0,0.19595917942265423,794.3344256864206,1,2,scaled_1.025,defined,-0.09107163264289941,0.8938331363440207,0.08745804791747133,0,0,4.232039804173324e-10
fixed_alpha_R24_eta0.195959179423,fixed_alpha,24.0,0.19595917942265423,794.3344256864206,1,2,scaled_1.05,defined,-0.09755032746757031,0.8927087931476274,0.09241146191180619,0,0,4.232039804173324e-10
fixed_alpha_R24_eta0.195959179423,fixed_alpha,24.0,0.19595917942265423,794.3344256864206,1,2,scaled_1.075,defined,-0.1045642247619103,0.8919132401107387,0.09782022092145462,0,0,4.232039804173324e-10
fixed_alpha_R24_eta0.195959179423,fixed_alpha,24.0,0.19595917942265423,794.3344256864206,1,2,scaled_1.1,defined,-0.1122032472398421,0.8915270983583463,0.10376674107670614,0,0,4.232039804173324e-10
fixed_alpha_R24_eta0.195959179423,fixed_alpha,24.0,0.19595917942265423,794.3344256864206,1,2,scaled_1.15,defined,-0.12982772650449667,0.8924402877003003,0.11770818451271153,0,0,4.232039804173324e-10
fixed_alpha_R24_eta0.195959179423,fixed_alpha,24.0,0.19595917942265423,794.3344256864206,1,2,scaled_1.2,defined,-0.1516794817089174,0.8968480768498374,0.13540487535133292,0,0,4.232039804173324e-10
fixed_alpha_R24_eta0.195959179423,fixed_alpha,24.0,0.19595917942265423,794.3344256864206,1,2,physical_frozen,defined,-0.08765157752001385,0.8907975928084623,0.08500066317867894,0,0,4.232039804173324e-10
fixed_alpha_R24_eta0.195959179423,fixed_alpha,24.0,0.19595917942265423,794.3344256864206,1,2,physical_common,defined,0.0152587671382175,0.9551341382078218,-0.01790968147955241,0,0,4.232039804173324e-10
fixed_alpha_R24_eta0.195959179423,fixed_alpha,24.0,0.19595917942265423,794.3344256864206,1,2,actual_root,defined,-0.08615572314818754,0.8958974592577218,0.0833542442507017,12,29,4.232039804173324e-10
fixed_alpha_R24_eta0.195959179423,fixed_alpha,24.0,0.19595917942265423,794.3344256864206,1,2,soft_cosine,defined,-0.08518140219589765,0.895358797650342,0.08300572072636511,0,0,4.232039804173324e-10
fixed_alpha_R24_eta0.195959179423,fixed_alpha,24.0,0.19595917942265423,794.3344256864206,1,4,scaled_0.8,defined,-0.14753942372447448,0.8481431340235495,0.15490370509427964,0,0,4.232039804173324e-10
fixed_alpha_R24_eta0.195959179423,fixed_alpha,24.0,0.19595917942265423,794.3344256864206,1,4,scaled_0.85,defined,-0.1760143009476006,0.8245024393408689,0.1812964099415184,0,0,4.232039804173324e-10
fixed_alpha_R24_eta0.195959179423,fixed_alpha,24.0,0.19595917942265423,794.3344256864206,1,4,scaled_0.9,defined,-0.20821053853203986,0.8003752575075584,0.2112265538531611,0,0,4.232039804173324e-10
fixed_alpha_R24_eta0.195959179423,fixed_alpha,24.0,0.19595917942265423,794.3344256864206,1,4,scaled_0.925,defined,-0.2260836387596763,0.7881579105146536,0.2278910742225934,0,0,4.232039804173324e-10
fixed_alpha_R24_eta0.195959179423,fixed_alpha,24.0,0.19595917942265423,794.3344256864206,1,4,scaled_0.95,defined,-0.24542828122350424,0.7758455507650676,0.24597252049442578,0,0,4.232039804173324e-10
fixed_alpha_R24_eta0.195959179423,fixed_alpha,24.0,0.19595917942265423,794.3344256864206,1,4,scaled_0.975,defined,-0.2665383458802406,0.7634363789193811,0.2657610002699511,0,0,4.232039804173324e-10
fixed_alpha_R24_eta0.195959179423,fixed_alpha,24.0,0.19595917942265423,794.3344256864206,1,4,scaled_1,defined,-0.2897941727406944,0.7509138696726804,0.28763253531396943,0,0,4.232039804173324e-10
fixed_alpha_R24_eta0.195959179423,fixed_alpha,24.0,0.19595917942265423,794.3344256864206,1,4,scaled_1.025,defined,-0.31569126514889956,0.7382415776890883,0.3120776804234715,0,0,4.232039804173324e-10
fixed_alpha_R24_eta0.195959179423,fixed_alpha,24.0,0.19595917942265423,794.3344256864206,1,4,scaled_1.05,defined,-0.3448785534118173,0.7253416965618962,0.33973968785605313,0,0,4.232039804173324e-10
fixed_alpha_R24_eta0.195959179423,fixed_alpha,24.0,0.19595917942265423,794.3344256864206,1,4,scaled_1.075,defined,-0.37820875930112985,0.7120641923651055,0.37146475546067415,0,0,4.232039804173324e-10
fixed_alpha_R24_eta0.195959179423,fixed_alpha,24.0,0.19595917942265423,794.3344256864206,1,4,scaled_1.1,defined,-0.41680127556307534,0.6981103689240257,0.4083647693999394,0,0,4.232039804173324e-10
fixed_alpha_R24_eta0.195959179423,fixed_alpha,24.0,0.19595917942265423,794.3344256864206,1,4,scaled_1.15,defined,-0.5159993796019998,0.6648576840303798,0.5038798376102147,0,0,4.232039804173324e-10
fixed_alpha_R24_eta0.195959179423,fixed_alpha,24.0,0.19595917942265423,794.3344256864206,1,4,scaled_1.2,defined,-0.6585829018703664,0.5967817438714059,0.6423082955127819,0,0,4.232039804173324e-10
fixed_alpha_R24_eta0.195959179423,fixed_alpha,24.0,0.19595917942265423,794.3344256864206,1,4,physical_frozen,defined,-0.2974683601439668,0.7296054385891048,0.2948174458026319,0,0,4.232039804173324e-10
fixed_alpha_R24_eta0.195959179423,fixed_alpha,24.0,0.19595917942265423,794.3344256864206,1,4,physical_common,defined,0.12722281926352585,1.1033764688877556,-0.12987373360486076,0,0,4.232039804173324e-10
fixed_alpha_R24_eta0.195959179423,fixed_alpha,24.0,0.19595917942265423,794.3344256864206,1,4,actual_root,defined,-0.2868917005655488,0.7668796480850015,0.28409022166806297,3,32,4.232039804173324e-10
fixed_alpha_R24_eta0.195959179423,fixed_alpha,24.0,0.19595917942265423,794.3344256864206,1,4,soft_cosine,defined,-0.29051933024882126,0.751226151993407,0.28834364877928875,0,0,4.232039804173324e-10
fixed_alpha_R24_eta0.195959179423,fixed_alpha,24.0,0.19595917942265423,794.3344256864206,1,6,scaled_0.8,defined,-0.2307292836463931,0.8099253240299918,0.23809356501619827,0,0,4.232039804173324e-10
fixed_alpha_R24_eta0.195959179423,fixed_alpha,24.0,0.19595917942265423,794.3344256864206,1,6,scaled_0.85,defined,-0.29109924091779693,0.7531023232462373,0.2963813499117148,0,0,4.232039804173324e-10
fixed_alpha_R24_eta0.195959179423,fixed_alpha,24.0,0.19595917942265423,794.3344256864206,1,6,scaled_0.9,defined,-0.3598621559688029,0.6939831071584825,0.36287817128992417,0,0,4.232039804173324e-10
fixed_alpha_R24_eta0.195959179423,fixed_alpha,24.0,0.19595917942265423,794.3344256864206,1,6,scaled_0.925,defined,-0.3984826286728742,0.6631344532478017,0.40029006413579127,0,0,4.232039804173324e-10
fixed_alpha_R24_eta0.195959179423,fixed_alpha,24.0,0.19595917942265423,794.3344256864206,1,6,scaled_0.95,defined,-0.44077829564637516,0.6310018982546417,0.44132253491729667,0,0,4.232039804173324e-10
fixed_alpha_R24_eta0.195959179423,fixed_alpha,24.0,0.19595917942265423,794.3344256864206,1,6,scaled_0.975,defined,-0.4876206899036371,0.5970322370668105,0.4868433442933476,0,0,4.232039804173324e-10
fixed_alpha_R24_eta0.195959179423,fixed_alpha,24.0,0.19595917942265423,794.3344256864206,1,6,scaled_1,defined,-0.5401218633517246,0.5603189484649693,0.5379602259249996,0,0,4.232039804173324e-10
fixed_alpha_R24_eta0.195959179423,fixed_alpha,24.0,0.19595917942265423,794.3344256864206,1,6,scaled_1.025,defined,-0.599663900245012,0.5193455239721823,0.596050315519584,0,0,4.232039804173324e-10
fixed_alpha_R24_eta0.195959179423,fixed_alpha,24.0,0.19595917942265423,794.3344256864206,1,6,scaled_1.05,defined,-0.6678691145227585,0.4714891782419774,0.6627302489669944,0,0,4.232039804173324e-10
fixed_alpha_R24_eta0.195959179423,fixed_alpha,24.0,0.19595917942265423,794.3344256864206,1,6,scaled_1.075,defined,-0.7464066200094421,0.4122329651140879,0.7396626161689864,0,0,4.232039804173324e-10
fixed_alpha_R24_eta0.195959179423,fixed_alpha,24.0,0.19595917942265423,794.3344256864206,1,6,scaled_1.1,defined,-0.8364317271312076,0.3344797537863454,0.8279952209680717,0,0,4.232039804173324e-10
fixed_alpha_R24_eta0.195959179423,fixed_alpha,24.0,0.19595917942265423,794.3344256864206,1,6,scaled_1.15,defined,-1.0460157539651451,0.10078446819746258,1.03389621197336,0,0,4.232039804173324e-10
fixed_alpha_R24_eta0.195959179423,fixed_alpha,24.0,0.19595917942265423,794.3344256864206,1,6,scaled_1.2,defined,-1.2624112375718264,-0.18041740216389926,1.246136631214242,0,0,4.232039804173324e-10
fixed_alpha_R24_eta0.195959179423,fixed_alpha,24.0,0.19595917942265423,794.3344256864206,1,6,physical_frozen,defined,-0.5438874385880983,0.5148442830319951,0.5412365242467634,0,0,4.232039804173324e-10
fixed_alpha_R24_eta0.195959179423,fixed_alpha,24.0,0.19595917942265423,794.3344256864206,1,6,physical_common,defined,0.39526231823473573,1.583440303713584,-0.39791323257607064,0,0,4.232039804173324e-10
fixed_alpha_R24_eta0.195959179423,fixed_alpha,24.0,0.19595917942265423,794.3344256864206,1,6,actual_root,defined,-0.5301840810336409,0.6277013411727389,0.5273826021361551,1,38,4.232039804173324e-10
fixed_alpha_R24_eta0.195959179423,fixed_alpha,24.0,0.19595917942265423,794.3344256864206,1,6,soft_cosine,defined,-0.5420185486634532,0.5612776980046075,0.5398428671939207,0,0,4.232039804173324e-10
fixed_alpha_R24_eta0.391918358845,fixed_alpha,24.0,0.39191835884530846,794.3344256864206,1,1,scaled_0.8,defined,-0.02137965333755942,0.9519435511409098,0.0,0,0,8.66678326146016e-13
fixed_alpha_R24_eta0.391918358845,fixed_alpha,24.0,0.39191835884530846,794.3344256864206,1,1,scaled_0.85,defined,-0.02124624080187088,0.9547665231497406,0.0,0,0,8.66678326146016e-13
fixed_alpha_R24_eta0.391918358845,fixed_alpha,24.0,0.39191835884530846,794.3344256864206,1,1,scaled_0.9,defined,-0.021071260313817466,0.9580624720457227,0.0,0,0,8.66678326146016e-13
fixed_alpha_R24_eta0.391918358845,fixed_alpha,24.0,0.39191835884530846,794.3344256864206,1,1,scaled_0.925,defined,-0.020966520387081244,0.9599144206545769,0.0,0,0,8.66678326146016e-13
fixed_alpha_R24_eta0.391918358845,fixed_alpha,24.0,0.39191835884530846,794.3344256864206,1,1,scaled_0.95,defined,-0.020849382627079575,0.9619189960422049,0.0,0,0,8.66678326146016e-13
fixed_alpha_R24_eta0.391918358845,fixed_alpha,24.0,0.39191835884530846,794.3344256864206,1,1,scaled_0.975,defined,-0.02071916629777215,0.9640905406388531,0.0,0,0,8.66678326146016e-13
fixed_alpha_R24_eta0.391918358845,fixed_alpha,24.0,0.39191835884530846,794.3344256864206,1,1,scaled_1,defined,-0.02057518329299689,0.9664451668364097,0.0,0,0,8.66678326146016e-13
fixed_alpha_R24_eta0.391918358845,fixed_alpha,24.0,0.39191835884530846,794.3344256864206,1,1,scaled_1.025,defined,-0.02041673444740555,0.9690010484944678,0.0,0,0,8.66678326146016e-13
fixed_alpha_R24_eta0.391918358845,fixed_alpha,24.0,0.39191835884530846,794.3344256864206,1,1,scaled_1.05,defined,-0.020243102878015673,0.9717787734952623,0.0,0,0,8.66678326146016e-13
fixed_alpha_R24_eta0.391918358845,fixed_alpha,24.0,0.39191835884530846,794.3344256864206,1,1,scaled_1.075,defined,-0.020053542869243234,0.9748017758861836,0.0,0,0,8.66678326146016e-13
fixed_alpha_R24_eta0.391918358845,fixed_alpha,24.0,0.39191835884530846,794.3344256864206,1,1,scaled_1.1,defined,-0.019847261402491396,0.9780973947328349,0.0,0,0,8.66678326146016e-13
fixed_alpha_R24_eta0.391918358845,fixed_alpha,24.0,0.39191835884530846,794.3344256864206,1,1,scaled_1.15,defined,-0.019380931153182734,0.9856377367572908,0.0,0,0,8.66678326146016e-13
fixed_alpha_R24_eta0.391918358845,fixed_alpha,24.0,0.39191835884530846,794.3344256864206,1,1,scaled_1.2,defined,-0.018835320078265275,0.9947154462345865,0.0,0,0,8.66678326146016e-13
fixed_alpha_R24_eta0.391918358845,fixed_alpha,24.0,0.39191835884530846,794.3344256864206,1,1,physical_frozen,defined,-0.018231437470559785,0.9697283219796312,0.0,0,0,8.66678326146016e-13
fixed_alpha_R24_eta0.391918358845,fixed_alpha,24.0,0.39191835884530846,794.3344256864206,1,1,physical_common,defined,-0.018231437470559785,0.9697283219796312,0.0,0,0,8.66678326146016e-13
fixed_alpha_R24_eta0.391918358845,fixed_alpha,24.0,0.39191835884530846,794.3344256864206,1,1,actual_root,defined,-0.020287174068965852,0.9711997834355682,0.0,0,0,8.66678326146016e-13
fixed_alpha_R24_eta0.391918358845,fixed_alpha,24.0,0.39191835884530846,794.3344256864206,1,1,soft_cosine,defined,-0.02056540217491834,0.9666728027800949,0.0,0,0,8.66678326146016e-13
fixed_alpha_R24_eta0.391918358845,fixed_alpha,24.0,0.39191835884530846,794.3344256864206,1,2,scaled_0.8,defined,-0.08967813455804365,0.8930275702648998,0.06829848122048422,0,0,8.66678326146016e-13
fixed_alpha_R24_eta0.391918358845,fixed_alpha,24.0,0.39191835884530846,794.3344256864206,1,2,scaled_0.85,defined,-0.09291034357000472,0.8948718709098182,0.07166410276813384,0,0,8.66678326146016e-13
fixed_alpha_R24_eta0.391918358845,fixed_alpha,24.0,0.39191835884530846,794.3344256864206,1,2,scaled_0.9,defined,-0.09638786900987913,0.897747910342695,0.07531660869606166,0,0,8.66678326146016e-13
fixed_alpha_R24_eta0.391918358845,fixed_alpha,24.0,0.39191835884530846,794.3344256864206,1,2,scaled_0.925,defined,-0.09823165192847227,0.8996778480374955,0.07726513154139103,0,0,8.66678326146016e-13
fixed_alpha_R24_eta0.391918358845,fixed_alpha,24.0,0.39191835884530846,794.3344256864206,1,2,scaled_0.95,defined,-0.10015478669092753,0.9020078372856906,0.07930540406384795,0,0,8.66678326146016e-13
fixed_alpha_R24_eta0.391918358845,fixed_alpha,24.0,0.39191835884530846,794.3344256864206,1,2,scaled_0.975,defined,-0.1021661257972914,0.9048060262903042,0.08144695949951924,0,0,8.66678326146016e-13
fixed_alpha_R24_eta0.391918358845,fixed_alpha,24.0,0.39191835884530846,794.3344256864206,1,2,scaled_1,defined,-0.10427626633422887,0.9081551786129402,0.08370108304123199,0,0,8.66678326146016e-13
fixed_alpha_R24_eta0.391918358845,fixed_alpha,24.0,0.39191835884530846,794.3344256864206,1,2,scaled_1.025,defined,-0.10649776506688657,0.9121575062794465,0.08608103061948102,0,0,8.66678326146016e-13
fixed_alpha_R24_eta0.391918358845,fixed_alpha,24.0,0.39191835884530846,794.3344256864206,1,2,scaled_1.05,defined,-0.10884530276400772,0.916941165709515,0.08860219988599205,0,0,8.66678326146016e-13
fixed_alpha_R24_eta0.391918358845,fixed_alpha,24.0,0.39191835884530846,794.3344256864206,1,2,scaled_1.075,defined,-0.11133571772559914,0.9226696274883959,0.0912821748563559,0,0,8.66678326146016e-13
fixed_alpha_R24_eta0.391918358845,fixed_alpha,24.0,0.39191835884530846,794.3344256864206,1,2,scaled_1.1,defined,-0.11398775088104163,0.92955667197272,0.09414048947855023,0,0,8.66678326146016e-13
fixed_alpha_R24_eta0.391918358845,fixed_alpha,24.0,0.39191835884530846,794.3344256864206,1,2,scaled_1.15,defined,-0.11985470309318735,0.9480644752875163,0.10047377194000462,0,0,8.66678326146016e-13
fixed_alpha_R24_eta0.391918358845,fixed_alpha,24.0,0.39191835884530846,794.3344256864206,1,2,scaled_1.2,defined,-0.1265596480595941,0.97644963125404,0.10772432798132883,0,0,8.66678326146016e-13
fixed_alpha_R24_eta0.391918358845,fixed_alpha,24.0,0.39191835884530846,794.3344256864206,1,2,physical_frozen,defined,-0.10074977609924857,0.9124629769963599,0.08251833862868878,0,0,8.66678326146016e-13
fixed_alpha_R24_eta0.391918358845,fixed_alpha,24.0,0.39191835884530846,794.3344256864206,1,2,physical_common,defined,-0.036827582087226494,0.9210926496175259,0.01859614461666671,0,0,8.66678326146016e-13
fixed_alpha_R24_eta0.391918358845,fixed_alpha,24.0,0.39191835884530846,794.3344256864206,1,2,actual_root,defined,-0.10763438692794747,0.9131698371801102,0.08734721285898162,1,31,8.66678326146016e-13
fixed_alpha_R24_eta0.391918358845,fixed_alpha,24.0,0.39191835884530846,794.3344256864206,1,2,soft_cosine,defined,-0.10432099142541207,0.9084132848613466,0.08375558925049373,0,0,8.66678326146016e-13
fixed_alpha_R24_eta0.391918358845,fixed_alpha,24.0,0.39191835884530846,794.3344256864206,1,4,scaled_0.8,defined,-0.21337495876511656,0.7968835840744136,0.19199530542755713,0,0,8.66678326146016e-13
fixed_alpha_R24_eta0.391918358845,fixed_alpha,24.0,0.39191835884530846,794.3344256864206,1,4,scaled_0.85,defined,-0.23221494759481678,0.7864590629301854,0.2109687067929459,0,0,8.66678326146016e-13
fixed_alpha_R24_eta0.391918358845,fixed_alpha,24.0,0.39191835884530846,794.3344256864206,1,4,scaled_0.9,defined,-0.2532398235589867,0.7775729502973011,0.23216856324516927,0,0,8.66678326146016e-13
fixed_alpha_R24_eta0.391918358845,fixed_alpha,24.0,0.39191835884530846,794.3344256864206,1,4,scaled_0.925,defined,-0.26477847130278037,0.7740055948777403,0.24381195091569913,0,0,8.66678326146016e-13
fixed_alpha_R24_eta0.391918358845,fixed_alpha,24.0,0.39191835884530846,794.3344256864206,1,4,scaled_0.95,defined,-0.2771570632129558,0.7712531111280346,0.2563076805858762,0,0,8.66678326146016e-13
fixed_alpha_R24_eta0.391918358845,fixed_alpha,24.0,0.39191835884530846,794.3344256864206,1,4,scaled_0.975,defined,-0.29053235155518586,0.7695660058519069,0.2698131852574137,0,0,8.66678326146016e-13
fixed_alpha_R24_eta0.391918358845,fixed_alpha,24.0,0.39191835884530846,794.3344256864206,1,4,scaled_1,defined,-0.3051037314364318,0.7692975173207814,0.2845285481434349,0,0,8.66678326146016e-13
fixed_alpha_R24_eta0.391918358845,fixed_alpha,24.0,0.39191835884530846,794.3344256864206,1,4,scaled_1.025,defined,-0.3211245914467855,0.770969692897722,0.30070785699937996,0,0,8.66678326146016e-13
fixed_alpha_R24_eta0.391918358845,fixed_alpha,24.0,0.39191835884530846,794.3344256864206,1,4,scaled_1.05,defined,-0.33891462487221186,0.7754020166136619,0.3186715219941962,0,0,8.66678326146016e-13
fixed_alpha_R24_eta0.391918358845,fixed_alpha,24.0,0.39191835884530846,794.3344256864206,1,4,scaled_1.075,defined,-0.3588687858276165,0.7839899469504158,0.3388152429583733,0,0,8.66678326146016e-13
fixed_alpha_R24_eta0.391918358845,fixed_alpha,24.0,0.39191835884530846,794.3344256864206,1,4,scaled_1.1,defined,-0.38144654380269444,0.799385496133114,0.36159928240020306,0,0,8.66678326146016e-13
fixed_alpha_R24_eta0.391918358845,fixed_alpha,24.0,0.39191835884530846,794.3344256864206,1,4,scaled_1.15,defined,-0.43564418425279194,0.8873136343623453,0.4162632530996092,0,0,8.66678326146016e-13
fixed_alpha_R24_eta0.391918358845,fixed_alpha,24.0,0.39191835884530846,794.3344256864206,1,4,scaled_1.2,defined,-0.3619758146806883,1.8280178692165878,0.343140494602423,0,0,8.66678326146016e-13
fixed_alpha_R24_eta0.391918358845,fixed_alpha,24.0,0.39191835884530846,794.3344256864206,1,4,physical_frozen,defined,-0.30042538077190584,0.7676517965976885,0.28219394330134606,0,0,8.66678326146016e-13
fixed_alpha_R24_eta0.391918358845,fixed_alpha,24.0,0.39191835884530846,794.3344256864206,1,4,physical_common,defined,0.010232852800887603,0.974540689410672,-0.02846429027144739,0,0,8.66678326146016e-13
fixed_alpha_R24_eta0.391918358845,fixed_alpha,24.0,0.39191835884530846,794.3344256864206,1,4,actual_root,defined,-0.32407540448606054,0.7695617031730156,0.3037882304170947,5,34,8.66678326146016e-13
fixed_alpha_R24_eta0.391918358845,fixed_alpha,24.0,0.39191835884530846,794.3344256864206,1,4,soft_cosine,defined,-0.305621877430554,0.7699671385834937,0.2850564752556357,0,0,8.66678326146016e-13
fixed_alpha_R24_eta0.391918358845,fixed_alpha,24.0,0.39191835884530846,794.3344256864206,1,6,scaled_0.8,defined,-0.31952772712680494,0.7278554500545475,0.2981480737892455,0,0,8.66678326146016e-13
fixed_alpha_R24_eta0.391918358845,fixed_alpha,24.0,0.39191835884530846,794.3344256864206,1,6,scaled_0.85,defined,-0.36433423926902186,0.692627129867096,0.343087998467151,0,0,8.66678326146016e-13
fixed_alpha_R24_eta0.391918358845,fixed_alpha,24.0,0.39191835884530846,794.3344256864206,1,6,scaled_0.9,defined,-0.4150579578519846,0.6581662144674251,0.3939866975381672,0,0,8.66678326146016e-13
fixed_alpha_R24_eta0.391918358845,fixed_alpha,24.0,0.39191835884530846,794.3344256864206,1,6,scaled_0.925,defined,-0.44336951365288946,0.6414673234314145,0.4224029932658082,0,0,8.66678326146016e-13
fixed_alpha_R24_eta0.391918358845,fixed_alpha,24.0,0.39191835884530846,794.3344256864206,1,6,scaled_0.95,defined,-0.4742231887685959,0.6253027167553189,0.45337380614151634,0,0,8.66678326146016e-13
fixed_alpha_R24_eta0.391918358845,fixed_alpha,24.0,0.39191835884530846,794.3344256864206,1,6,scaled_0.975,defined,-0.5082219334663899,0.6098712439760985,0.48750276716861773,0,0,8.66678326146016e-13
fixed_alpha_R24_eta0.391918358845,fixed_alpha,24.0,0.39191835884530846,794.3344256864206,1,6,scaled_1,defined,-0.5461595530144541,0.5954652029587008,0.5255843697214572,0,0,8.66678326146016e-13
fixed_alpha_R24_eta0.391918358845,fixed_alpha,24.0,0.39191835884530846,794.3344256864206,1,6,scaled_1.025,defined,-0.5890792824681852,0.5825581402586051,0.5686625480207796,0,0,8.66678326146016e-13
fixed_alpha_R24_eta0.391918358845,fixed_alpha,24.0,0.39191835884530846,794.3344256864206,1,6,scaled_1.05,defined,-0.638339593489448,0.5720428086817002,0.6180964906114323,0,0,8.66678326146016e-13
fixed_alpha_R24_eta0.391918358845,fixed_alpha,24.0,0.39191835884530846,794.3344256864206,1,6,scaled_1.075,defined,-0.6956684267853448,0.565945103934224,0.6756148839161016,0,0,8.66678326146016e-13
fixed_alpha_R24_eta0.391918358845,fixed_alpha,24.0,0.39191835884530846,794.3344256864206,1,6,scaled_1.1,defined,-0.7631371702309669,0.5707891734249135,0.7432899088284756,0,0,8.66678326146016e-13
fixed_alpha_R24_eta0.391918358845,fixed_alpha,24.0,0.39191835884530846,794.3344256864206,1,6,scaled_1.15,defined,-0.5789168502082256,1.8308576814651456,0.5595359190550429,0,0,8.66678326146016e-13
fixed_alpha_R24_eta0.391918358845,fixed_alpha,24.0,0.39191835884530846,794.3344256864206,1,6,scaled_1.2,defined,-1.1822218256434212,0.11503845528615587,1.1633865055651558,0,0,8.66678326146016e-13
fixed_alpha_R24_eta0.391918358845,fixed_alpha,24.0,0.39191835884530846,794.3344256864206,1,6,physical_frozen,defined,-0.5351523880413561,0.5775350454383549,0.5169209505707963,0,0,8.66678326146016e-13
fixed_alpha_R24_eta0.391918358845,fixed_alpha,24.0,0.39191835884530846,794.3344256864206,1,6,physical_common,defined,0.17590775063098416,1.2177795026438867,-0.19413918810154393,0,0,8.66678326146016e-13
fixed_alpha_R24_eta0.391918358845,fixed_alpha,24.0,0.39191835884530846,794.3344256864206,1,6,actual_root,defined,-0.5953147873270919,0.6013422514836402,0.575027613258126,5,39,8.66678326146016e-13
fixed_alpha_R24_eta0.391918358845,fixed_alpha,24.0,0.39191835884530846,794.3344256864206,1,6,soft_cosine,defined,-0.5477540398147569,0.5969536471255877,0.5271886376398386,0,0,8.66678326146016e-13
fixed_alpha_R24_eta0.685857127979,fixed_alpha,24.0,0.6858571279792899,794.3344256864206,1,1,scaled_0.8,defined,-0.021107093872358762,1.0174646571982764,0.0,0,0,1.1315114079776142e-14
fixed_alpha_R24_eta0.685857127979,fixed_alpha,24.0,0.6858571279792899,794.3344256864206,1,1,scaled_0.85,defined,-0.017626872398591065,1.0255462067595609,0.0,0,0,1.1315114079776142e-14
fixed_alpha_R24_eta0.685857127979,fixed_alpha,24.0,0.6858571279792899,794.3344256864206,1,1,scaled_0.9,defined,-0.013747254047800972,1.034711177385729,0.0,0,0,1.1315114079776142e-14
fixed_alpha_R24_eta0.685857127979,fixed_alpha,24.0,0.6858571279792899,794.3344256864206,1,1,scaled_0.925,defined,-0.011641985274038813,1.039754820575184,0.0,0,0,1.1315114079776142e-14
fixed_alpha_R24_eta0.685857127979,fixed_alpha,24.0,0.6858571279792899,794.3344256864206,1,1,scaled_0.95,defined,-0.009416701331155422,1.0451394842955417,0.0,0,0,1.1315114079776142e-14
fixed_alpha_R24_eta0.685857127979,fixed_alpha,24.0,0.6858571279792899,794.3344256864206,1,1,scaled_0.975,defined,-0.00706310777039576,1.0508941920563346,0.0,0,0,1.1315114079776142e-14
fixed_alpha_R24_eta0.685857127979,fixed_alpha,24.0,0.6858571279792899,794.3344256864206,1,1,scaled_1,defined,-0.004571940013112306,1.0570544548510867,0.0,0,0,1.1315114079776142e-14
fixed_alpha_R24_eta0.685857127979,fixed_alpha,24.0,0.6858571279792899,794.3344256864206,1,1,scaled_1.025,defined,-0.0019327883592374431,1.0636594238276107,0.0,0,0,1.1315114079776142e-14
fixed_alpha_R24_eta0.685857127979,fixed_alpha,24.0,0.6858571279792899,794.3344256864206,1,1,scaled_1.05,defined,0.000866083549909596,1.0707518114480727,0.0,0,0,1.1315114079776142e-14
fixed_alpha_R24_eta0.685857127979,fixed_alpha,24.0,0.6858571279792899,794.3344256864206,1,1,scaled_1.075,defined,0.003837975281986499,1.078380980906015,0.0,0,0,1.1315114079776142e-14
fixed_alpha_R24_eta0.685857127979,fixed_alpha,24.0,0.6858571279792899,794.3344256864206,1,1,scaled_1.1,defined,0.006998075050601793,1.0866089314410898,0.0,0,0,1.1315114079776142e-14
fixed_alpha_R24_eta0.685857127979,fixed_alpha,24.0,0.6858571279792899,794.3344256864206,1,1,scaled_1.15,defined,0.013955468824497197,1.105140008868768,0.0,0,0,1.1315114079776142e-14
fixed_alpha_R24_eta0.685857127979,fixed_alpha,24.0,0.6858571279792899,794.3344256864206,1,1,scaled_1.2,defined,0.021914645588560044,1.1270524571683997,0.0,0,0,1.1315114079776142e-14
fixed_alpha_R24_eta0.685857127979,fixed_alpha,24.0,0.6858571279792899,794.3344256864206,1,1,physical_frozen,defined,0.002596586135843776,1.0682736291344346,0.0,0,0,1.1315114079776142e-14
fixed_alpha_R24_eta0.685857127979,fixed_alpha,24.0,0.6858571279792899,794.3344256864206,1,1,physical_common,defined,0.002596586135843776,1.0682736291344346,0.0,0,0,1.1315114079776142e-14
fixed_alpha_R24_eta0.685857127979,fixed_alpha,24.0,0.6858571279792899,794.3344256864206,1,1,actual_root,defined,0.0068842113182908515,1.0941370034331175,0.0,0,0,1.1315114079776142e-14
fixed_alpha_R24_eta0.685857127979,fixed_alpha,24.0,0.6858571279792899,794.3344256864206,1,1,soft_cosine,defined,-0.004498004492822356,1.0572976055711591,0.0,0,0,1.1315114079776142e-14
fixed_alpha_R24_eta0.685857127979,fixed_alpha,24.0,0.6858571279792899,794.3344256864206,1,2,scaled_0.8,defined,-0.11096025548693036,0.9259282141356332,0.0898531616145716,0,0,1.1315114079776142e-14
fixed_alpha_R24_eta0.685857127979,fixed_alpha,24.0,0.6858571279792899,794.3344256864206,1,2,scaled_0.85,defined,-0.10767419167204174,0.9373891390087045,0.09004731927345068,0,0,1.1315114079776142e-14
fixed_alpha_R24_eta0.685857127979,fixed_alpha,24.0,0.6858571279792899,794.3344256864206,1,2,scaled_0.9,defined,-0.10373081148598984,0.9513212202069667,0.08998355743818887,0,0,1.1315114079776142e-14
fixed_alpha_R24_eta0.685857127979,fixed_alpha,24.0,0.6858571279792899,794.3344256864206,1,2,scaled_0.925,defined,-0.10146429418214764,0.9594297399815842,0.08982230890810883,0,0,1.1315114079776142e-14
fixed_alpha_R24_eta0.685857127979,fixed_alpha,24.0,0.6858571279792899,794.3344256864206,1,2,scaled_0.95,defined,-0.09896835317599917,0.9684506463735595,0.08955165184484375,0,0,1.1315114079776142e-14
fixed_alpha_R24_eta0.685857127979,fixed_alpha,24.0,0.6858571279792899,794.3344256864206,1,2,scaled_0.975,defined,-0.09621216034952229,0.9785238914322203,0.08914905257912653,0,0,1.1315114079776142e-14
fixed_alpha_R24_eta0.685857127979,fixed_alpha,24.0,0.6858571279792899,794.3344256864206,1,2,scaled_1,defined,-0.09315811012211461,0.9898292751517824,0.0885861701090023,0,0,1.1315114079776142e-14
fixed_alpha_R24_eta0.685857127979,fixed_alpha,24.0,0.6858571279792899,794.3344256864206,1,2,scaled_1.025,defined,-0.08975955987663997,1.0025833424383992,0.08782677151740254,0,0,1.1315114079776142e-14
fixed_alpha_R24_eta0.685857127979,fixed_alpha,24.0,0.6858571279792899,794.3344256864206,1,2,scaled_1.05,defined,-0.08595766091701773,1.0170686824023538,0.08682374446692732,0,0,1.1315114079776142e-14
fixed_alpha_R24_eta0.685857127979,fixed_alpha,24.0,0.6858571279792899,794.3344256864206,1,2,scaled_1.075,defined,-0.08167659123305349,1.0336432312416148,0.08551456651503998,0,0,1.1315114079776142e-14
fixed_alpha_R24_eta0.685857127979,fixed_alpha,24.0,0.6858571279792899,794.3344256864206,1,2,scaled_1.1,defined,-0.07681650320240832,1.0527875527474595,0.08381457825301011,0,0,1.1315114079776142e-14
fixed_alpha_R24_eta0.685857127979,fixed_alpha,24.0,0.6858571279792899,794.3344256864206,1,2,scaled_1.15,defined,-0.06476740288529814,1.1016319724972603,0.07872287170979533,0,0,1.1315114079776142e-14
fixed_alpha_R24_eta0.685857127979,fixed_alpha,24.0,0.6858571279792899,794.3344256864206,1,2,scaled_1.2,defined,-0.04790497317853826,1.1728820188362068,0.0698196187670983,0,0,1.1315114079776142e-14
fixed_alpha_R24_eta0.685857127979,fixed_alpha,24.0,0.6858571279792899,794.3344256864206,1,2,physical_frozen,defined,-0.07954129446229652,1.010719967046267,0.0821378805981403,0,0,1.1315114079776142e-14
fixed_alpha_R24_eta0.685857127979,fixed_alpha,24.0,0.6858571279792899,794.3344256864206,1,2,physical_common,defined,-0.07150981993920795,0.9331954721453009,0.07410640607505173,0,0,1.1315114079776142e-14
fixed_alpha_R24_eta0.685857127979,fixed_alpha,24.0,0.6858571279792899,794.3344256864206,1,2,actual_root,defined,-0.07798405234212014,1.0621383295496991,0.08486826366041099,0,34,1.1315114079776142e-14
fixed_alpha_R24_eta0.685857127979,fixed_alpha,24.0,0.6858571279792899,794.3344256864206,1,2,soft_cosine,defined,-0.09304753486384643,0.9902265193261927,0.08854953037102407,0,0,1.1315114079776142e-14
fixed_alpha_R24_eta0.685857127979,fixed_alpha,24.0,0.6858571279792899,794.3344256864206,1,4,scaled_0.8,defined,-0.2733322520291717,0.7752270571525149,0.25222515815681296,0,0,1.1315114079776142e-14
fixed_alpha_R24_eta0.685857127979,fixed_alpha,24.0,0.6858571279792899,794.3344256864206,1,4,scaled_0.85,defined,-0.2793163977332215,0.7825142317011228,0.2616895253346304,0,0,1.1315114079776142e-14
fixed_alpha_R24_eta0.685857127979,fixed_alpha,24.0,0.6858571279792899,794.3344256864206,1,4,scaled_0.9,defined,-0.2852172777276062,0.7945814326698399,0.2714700236798052,0,0,1.1315114079776142e-14
fixed_alpha_R24_eta0.685857127979,fixed_alpha,24.0,0.6858571279792899,794.3344256864206,1,4,scaled_0.925,defined,-0.28808429926522783,0.803126468397527,0.276442313991189,0,0,1.1315114079776142e-14
fixed_alpha_R24_eta0.685857127979,fixed_alpha,24.0,0.6858571279792899,794.3344256864206,1,4,scaled_0.95,defined,-0.2908493387794143,0.8139289065822966,0.2814326374482589,0,0,1.1315114079776142e-14
fixed_alpha_R24_eta0.685857127979,fixed_alpha,24.0,0.6858571279792899,794.3344256864206,1,4,scaled_0.975,defined,-0.2934541395015441,0.8276318703757702,0.2863910317311483,0,0,1.1315114079776142e-14
fixed_alpha_R24_eta0.685857127979,fixed_alpha,24.0,0.6858571279792899,794.3344256864206,1,4,scaled_1,defined,-0.29580441904461563,0.8451682344085661,0.29123247903150334,0,0,1.1315114079776142e-14
fixed_alpha_R24_eta0.685857127979,fixed_alpha,24.0,0.6858571279792899,794.3344256864206,1,4,scaled_1.025,defined,-0.29774015898492623,0.8679405734409223,0.2958073706256888,0,0,1.1315114079776142e-14
fixed_alpha_R24_eta0.685857127979,fixed_alpha,24.0,0.6858571279792899,794.3344256864206,1,4,scaled_1.05,defined,-0.2989758748328022,0.8982015030480806,0.29984195838271177,0,0,1.1315114079776142e-14
fixed_alpha_R24_eta0.685857127979,fixed_alpha,24.0,0.6858571279792899,794.3344256864206,1,4,scaled_1.075,defined,-0.29897094366601495,0.9398548589060975,0.30280891894800144,0,0,1.1315114079776142e-14
fixed_alpha_R24_eta0.685857127979,fixed_alpha,24.0,0.6858571279792899,794.3344256864206,1,4,scaled_1.1,defined,-0.29661718915895585,1.000427208083633,0.30361526420955764,0,0,1.1315114079776142e-14
fixed_alpha_R24_eta0.685857127979,fixed_alpha,24.0,0.6858571279792899,794.3344256864206,1,4,scaled_1.15,defined,-0.2703509177658776,1.270676548747512,0.2843063865903748,0,0,1.1315114079776142e-14
fixed_alpha_R24_eta0.685857127979,fixed_alpha,24.0,0.6858571279792899,794.3344256864206,1,4,scaled_1.2,defined,-0.1293784070633425,1.7529509715689569,0.15129305265190254,0,0,1.1315114079776142e-14
fixed_alpha_R24_eta0.685857127979,fixed_alpha,24.0,0.6858571279792899,794.3344256864206,1,4,physical_frozen,defined,-0.2707640673893317,0.8794423041937065,0.27336065352517547,0,0,1.1315114079776142e-14
fixed_alpha_R24_eta0.685857127979,fixed_alpha,24.0,0.6858571279792899,794.3344256864206,1,4,physical_common,defined,-0.10973097748531369,0.8658444094649925,0.11232756362115746,0,0,1.1315114079776142e-14
fixed_alpha_R24_eta0.685857127979,fixed_alpha,24.0,0.6858571279792899,794.3344256864206,1,4,actual_root,defined,-0.29775632592904744,0.9947829624517653,0.3046405372473383,5,38,1.1315114079776142e-14
fixed_alpha_R24_eta0.685857127979,fixed_alpha,24.0,0.6858571279792899,794.3344256864206,1,4,soft_cosine,defined,-0.295839865384129,0.8467549906721314,0.29134186089130665,0,0,1.1315114079776142e-14
fixed_alpha_R24_eta0.685857127979,fixed_alpha,24.0,0.6858571279792899,794.3344256864206,1,6,scaled_0.8,defined,-0.4139490457941313,0.6600559884923654,0.3928419519217725,0,0,1.1315114079776142e-14
fixed_alpha_R24_eta0.685857127979,fixed_alpha,24.0,0.6858571279792899,794.3344256864206,1,6,scaled_0.85,defined,-0.43899622438997227,0.6514623550321478,0.4213693519913812,0,0,1.1315114079776142e-14
fixed_alpha_R24_eta0.685857127979,fixed_alpha,24.0,0.6858571279792899,794.3344256864206,1,6,scaled_0.9,defined,-0.46621158446306915,0.6486777428680062,0.4524643304152682,0,0,1.1315114079776142e-14
fixed_alpha_R24_eta0.685857127979,fixed_alpha,24.0,0.6858571279792899,794.3344256864206,1,6,scaled_0.925,defined,-0.48080450058565394,0.6506618643311761,0.4691625153116151,0,0,1.1315114079776142e-14
fixed_alpha_R24_eta0.685857127979,fixed_alpha,24.0,0.6858571279792899,794.3344256864206,1,6,scaled_0.95,defined,-0.49616707247681324,0.6559770897112827,0.48675037114565783,0,0,1.1315114079776142e-14
fixed_alpha_R24_eta0.685857127979,fixed_alpha,24.0,0.6858571279792899,794.3344256864206,1,6,scaled_0.975,defined,-0.5123813696521082,0.6659939147354946,0.5053182618817125,0,0,1.1315114079776142e-14
fixed_alpha_R24_eta0.685857127979,fixed_alpha,24.0,0.6858571279792899,794.3344256864206,1,6,scaled_1,defined,-0.5294866023973557,0.6830090953856599,0.5249146623842433,0,0,1.1315114079776142e-14
fixed_alpha_R24_eta0.685857127979,fixed_alpha,24.0,0.6858571279792899,794.3344256864206,1,6,scaled_1.025,defined,-0.5473718382100964,0.711311822374521,0.5454390498508589,0,0,1.1315114079776142e-14
fixed_alpha_R24_eta0.685857127979,fixed_alpha,24.0,0.6858571279792899,794.3344256864206,1,6,scaled_1.05,defined,-0.565447422704991,0.7602581532434438,0.5663135062549006,0,0,1.1315114079776142e-14
fixed_alpha_R24_eta0.685857127979,fixed_alpha,24.0,0.6858571279792899,794.3344256864206,1,6,scaled_1.075,defined,-0.5813997970639657,0.8565644278681067,0.5852377723459522,0,0,1.1315114079776142e-14
fixed_alpha_R24_eta0.685857127979,fixed_alpha,24.0,0.6858571279792899,794.3344256864206,1,6,scaled_1.1,defined,-0.5836404692481223,1.1225163877539668,0.5906385442987241,0,0,1.1315114079776142e-14
fixed_alpha_R24_eta0.685857127979,fixed_alpha,24.0,0.6858571279792899,794.3344256864206,1,6,scaled_1.15,defined,-0.39819376744136625,1.6965279606139763,0.4121492362658635,0,0,1.1315114079776142e-14
fixed_alpha_R24_eta0.685857127979,fixed_alpha,24.0,0.6858571279792899,794.3344256864206,1,6,scaled_1.2,defined,0.12214868275364443,1.8499754517068459,-0.10023403716508439,0,0,1.1315114079776142e-14
fixed_alpha_R24_eta0.685857127979,fixed_alpha,24.0,0.6858571279792899,794.3344256864206,1,6,physical_frozen,defined,-0.49131123756804673,0.7216875135043417,0.4939078237038905,0,0,1.1315114079776142e-14
fixed_alpha_R24_eta0.685857127979,fixed_alpha,24.0,0.6858571279792899,794.3344256864206,1,6,physical_common,defined,-0.04108324087894244,0.9570331949897037,0.04367982701478622,0,0,1.1315114079776142e-14
fixed_alpha_R24_eta0.685857127979,fixed_alpha,24.0,0.6858571279792899,794.3344256864206,1,6,actual_root,defined,-0.03178708541014856,2.1262788055651045,0.038671296728439414,5,44,1.1315114079776142e-14
fixed_alpha_R24_eta0.685857127979,fixed_alpha,24.0,0.6858571279792899,794.3344256864206,1,6,soft_cosine,defined,-0.5302207254127503,0.6859240158809791,0.525722720919928,0,0,1.1315114079776142e-14
fixed_alpha_R256_eta0.64,fixed_alpha,256.0,0.64,794.3344256864206,1,1,scaled_0.8,defined,0.16659878585562668,1.1749452979287254,0.0,0,0,8.263571022592404e-19
fixed_alpha_R256_eta0.64,fixed_alpha,256.0,0.64,794.3344256864206,1,1,scaled_0.85,defined,0.16874643457457222,1.178638874712367,0.0,0,0,8.263571022592404e-19
fixed_alpha_R256_eta0.64,fixed_alpha,256.0,0.64,794.3344256864206,1,1,scaled_0.9,defined,0.1711085993833911,1.1827291382054441,0.0,0,0,8.263571022592404e-19
fixed_alpha_R256_eta0.64,fixed_alpha,256.0,0.64,794.3344256864206,1,1,scaled_0.925,defined,0.1723767249976961,1.1849371425720128,0.0,0,0,8.263571022592404e-19
fixed_alpha_R256_eta0.64,fixed_alpha,256.0,0.64,794.3344256864206,1,1,scaled_0.95,defined,0.17370686766960264,1.18726234985795,0.0,0,0,8.263571022592404e-19
fixed_alpha_R256_eta0.64,fixed_alpha,256.0,0.64,794.3344256864206,1,1,scaled_0.975,defined,0.17510235654747983,1.1897120245946917,0.0,0,0,8.263571022592404e-19
fixed_alpha_R256_eta0.64,fixed_alpha,256.0,0.64,794.3344256864206,1,1,scaled_1,defined,0.17656682807570453,1.1922941655073274,0.0,0,0,8.263571022592404e-19
fixed_alpha_R256_eta0.64,fixed_alpha,256.0,0.64,794.3344256864206,1,1,scaled_1.025,defined,0.1781042621733445,1.1950175995091232,0.0,0,0,8.263571022592404e-19
fixed_alpha_R256_eta0.64,fixed_alpha,256.0,0.64,794.3344256864206,1,1,scaled_1.05,defined,0.17971902353061928,1.1978920909105633,0.0,0,0,8.263571022592404e-19
fixed_alpha_R256_eta0.64,fixed_alpha,256.0,0.64,794.3344256864206,1,1,scaled_1.075,defined,0.18141590940723917,1.200928530293597,0.0,0,0,8.263571022592404e-19
fixed_alpha_R256_eta0.64,fixed_alpha,256.0,0.64,794.3344256864206,1,1,scaled_1.1,defined,0.18320020693594138,1.2041399979933651,0.0,0,0,8.263571022592404e-19
fixed_alpha_R256_eta0.64,fixed_alpha,256.0,0.64,794.3344256864206,1,1,scaled_1.15,defined,0.1870550431461373,1.2111453388951343,0.0,0,0,8.263571022592404e-19
fixed_alpha_R256_eta0.64,fixed_alpha,256.0,0.64,794.3344256864206,1,1,scaled_1.2,defined,0.19133840304594116,1.2190391285176085,0.0,0,0,8.263571022592404e-19
fixed_alpha_R256_eta0.64,fixed_alpha,256.0,0.64,794.3344256864206,1,1,physical_frozen,defined,0.17685591392948852,1.192761731362678,0.0,0,0,8.263571022592404e-19
fixed_alpha_R256_eta0.64,fixed_alpha,256.0,0.64,794.3344256864206,1,1,physical_common,defined,0.17685591392948852,1.192761731362678,0.0,0,0,8.263571022592404e-19
fixed_alpha_R256_eta0.64,fixed_alpha,256.0,0.64,794.3344256864206,1,1,actual_root,defined,0.1785182346429978,1.19681346225157,0.0,0,0,8.263571022592404e-19
fixed_alpha_R256_eta0.64,fixed_alpha,256.0,0.64,794.3344256864206,1,1,soft_cosine,defined,0.1765942518984236,1.1923479642880639,0.0,0,0,8.263571022592404e-19
fixed_alpha_R256_eta0.64,fixed_alpha,256.0,0.64,794.3344256864206,1,2,scaled_0.8,defined,0.14865878404186714,1.1508257399667456,0.017940001813759543,0,0,8.263571022592404e-19
fixed_alpha_R256_eta0.64,fixed_alpha,256.0,0.64,794.3344256864206,1,2,scaled_0.85,defined,0.15261569177869339,1.1577160090048066,0.01613074279587884,0,0,8.263571022592404e-19
fixed_alpha_R256_eta0.64,fixed_alpha,256.0,0.64,794.3344256864206,1,2,scaled_0.9,defined,0.15708641302042745,1.1656007599505966,0.014022186362963651,0,0,8.263571022592404e-19
fixed_alpha_R256_eta0.64,fixed_alpha,256.0,0.64,794.3344256864206,1,2,scaled_0.925,defined,0.1595406970061134,1.1699751916045094,0.012836027991582705,0,0,8.263571022592404e-19
fixed_alpha_R256_eta0.64,fixed_alpha,256.0,0.64,794.3344256864206,1,2,scaled_0.95,defined,0.1621577387461204,1.174676244278518,0.011549128923482227,0,0,8.263571022592404e-19
fixed_alpha_R256_eta0.64,fixed_alpha,256.0,0.64,794.3344256864206,1,2,scaled_0.975,defined,0.16495234563506553,1.17974001763641,0.010150010912414298,0,0,8.263571022592404e-19
fixed_alpha_R256_eta0.64,fixed_alpha,256.0,0.64,794.3344256864206,1,2,scaled_1,defined,0.16794149617117918,1.1852091817547683,0.008625331904525357,0,0,8.263571022592404e-19
fixed_alpha_R256_eta0.64,fixed_alpha,256.0,0.64,794.3344256864206,1,2,scaled_1.025,defined,0.1711447617631599,1.1911316882165586,0.006959500410184588,0,0,8.263571022592404e-19
fixed_alpha_R256_eta0.64,fixed_alpha,256.0,0.64,794.3344256864206,1,2,scaled_1.05,defined,0.1745848413865858,1.1975640677526607,0.005134182144033467,0,0,8.263571022592404e-19
fixed_alpha_R256_eta0.64,fixed_alpha,256.0,0.64,794.3344256864206,1,2,scaled_1.075,defined,0.1782882500890692,1.2045749840456106,0.0031276593181699675,0,0,8.263571022592404e-19
fixed_alpha_R256_eta0.64,fixed_alpha,256.0,0.64,794.3344256864206,1,2,scaled_1.1,defined,0.18228624249302242,1.212251129262782,0.0009139644429189686,0,0,8.263571022592404e-19
fixed_alpha_R256_eta0.64,fixed_alpha,256.0,0.64,794.3344256864206,1,2,scaled_1.15,defined,0.19132206317754752,1.2300237176474853,-0.004267020031410218,0,0,8.263571022592404e-19
fixed_alpha_R256_eta0.64,fixed_alpha,256.0,0.64,794.3344256864206,1,2,scaled_1.2,defined,0.2020926880269428,1.2520412230634452,-0.010754284981001644,0,0,8.263571022592404e-19
fixed_alpha_R256_eta0.64,fixed_alpha,256.0,0.64,794.3344256864206,1,2,physical_frozen,defined,0.16855640936170446,1.1862081456080256,0.008299504567784055,0,0,8.263571022592404e-19
fixed_alpha_R256_eta0.64,fixed_alpha,256.0,0.64,794.3344256864206,1,2,physical_common,defined,0.14120112818239716,1.1343461859247754,0.035654785747091355,0,0,8.263571022592404e-19
fixed_alpha_R256_eta0.64,fixed_alpha,256.0,0.64,794.3344256864206,1,2,actual_root,defined,0.1719416477464571,1.1948698210818487,0.006576586896540698,0,0,8.263571022592404e-19
fixed_alpha_R256_eta0.64,fixed_alpha,256.0,0.64,794.3344256864206,1,2,soft_cosine,defined,0.16802348150933408,1.18537471184315,0.008570770389089516,0,0,8.263571022592404e-19
fixed_alpha_R256_eta0.64,fixed_alpha,256.0,0.64,794.3344256864206,1,4,scaled_0.8,defined,0.11354476689849924,1.1047053056965224,0.05305401895712744,0,0,8.263571022592404e-19
fixed_alpha_R256_eta0.64,fixed_alpha,256.0,0.64,794.3344256864206,1,4,scaled_0.85,defined,0.12005583947828923,1.1163208362307449,0.048690595096283,0,0,8.263571022592404e-19
fixed_alpha_R256_eta0.64,fixed_alpha,256.0,0.64,794.3344256864206,1,4,scaled_0.9,defined,0.12774628431875018,1.1303449856702568,0.043362315064640916,0,0,8.263571022592404e-19
fixed_alpha_R256_eta0.64,fixed_alpha,256.0,0.64,794.3344256864206,1,4,scaled_0.925,defined,0.1321296270059979,1.138498574303761,0.040247097991698205,0,0,8.263571022592404e-19
fixed_alpha_R256_eta0.64,fixed_alpha,256.0,0.64,794.3344256864206,1,4,scaled_0.95,defined,0.13693871108159428,1.1475838774460427,0.03676815658800836,0,0,8.263571022592404e-19
fixed_alpha_R256_eta0.64,fixed_alpha,256.0,0.64,794.3344256864206,1,4,scaled_0.975,defined,0.14223777255028805,1.15777176659101,0.032864583997191776,0,0,8.263571022592404e-19
fixed_alpha_R256_eta0.64,fixed_alpha,256.0,0.64,794.3344256864206,1,4,scaled_1,defined,0.1481066455658979,1.1692870625726879,0.028460182509806642,0,0,8.263571022592404e-19
fixed_alpha_R256_eta0.64,fixed_alpha,256.0,0.64,794.3344256864206,1,4,scaled_1.025,defined,0.15464622467545466,1.182415721004415,0.023458037497889828,0,0,8.263571022592404e-19
fixed_alpha_R256_eta0.64,fixed_alpha,256.0,0.64,794.3344256864206,1,4,scaled_1.05,defined,0.16198678755169554,1.1975544405782308,0.017732235978923733,0,0,8.263571022592404e-19
fixed_alpha_R256_eta0.64,fixed_alpha,256.0,0.64,794.3344256864206,1,4,scaled_1.075,defined,0.1703007929816267,1.2152430698568586,0.01111511642561247,0,0,8.263571022592404e-19
fixed_alpha_R256_eta0.64,fixed_alpha,256.0,0.64,794.3344256864206,1,4,scaled_1.1,defined,0.17982379486576416,1.2362641293191465,0.0033764120701772204,0,0,8.263571022592404e-19
fixed_alpha_R256_eta0.64,fixed_alpha,256.0,0.64,794.3344256864206,1,4,scaled_1.15,defined,0.20399999898490173,1.2937170534949398,-0.01694495583876443,0,0,8.263571022592404e-19
fixed_alpha_R256_eta0.64,fixed_alpha,256.0,0.64,794.3344256864206,1,4,scaled_1.2,defined,0.24014170293634707,1.3928846071148113,-0.04880329989040591,0,0,8.263571022592404e-19
fixed_alpha_R256_eta0.64,fixed_alpha,256.0,0.64,794.3344256864206,1,4,physical_frozen,defined,0.1494122036422422,1.1714238529689032,0.02744371028724632,0,0,8.263571022592404e-19
fixed_alpha_R256_eta0.64,fixed_alpha,256.0,0.64,794.3344256864206,1,4,physical_common,defined,0.09418802104978924,1.062019148601077,0.08266789287969928,0,0,8.263571022592404e-19
fixed_alpha_R256_eta0.64,fixed_alpha,256.0,0.64,794.3344256864206,1,4,actual_root,defined,0.15605436261117314,1.1901274846663044,0.02246387203182465,0,0,8.263571022592404e-19
fixed_alpha_R256_eta0.64,fixed_alpha,256.0,0.64,794.3344256864206,1,4,soft_cosine,defined,0.14836697492338152,1.1698722308293592,0.02822727697504207,0,0,8.263571022592404e-19
fixed_alpha_R256_eta0.64,fixed_alpha,256.0,0.64,794.3344256864206,1,6,scaled_0.8,defined,0.08093627382399293,1.0632540222944036,0.08566251203163375,0,0,8.263571022592404e-19
fixed_alpha_R256_eta0.64,fixed_alpha,256.0,0.64,794.3344256864206,1,6,scaled_0.85,defined,0.08870860021877647,1.0775979631467865,0.08003783435579576,0,0,8.263571022592404e-19
fixed_alpha_R256_eta0.64,fixed_alpha,256.0,0.64,794.3344256864206,1,6,scaled_0.9,defined,0.09829241311111181,1.0957973633886262,0.07281618627227929,0,0,8.263571022592404e-19
fixed_alpha_R256_eta0.64,fixed_alpha,256.0,0.64,794.3344256864206,1,6,scaled_0.925,defined,0.10395334688757908,1.1068333813681885,0.06842337811011702,0,0,8.263571022592404e-19
fixed_alpha_R256_eta0.64,fixed_alpha,256.0,0.64,794.3344256864206,1,6,scaled_0.95,defined,0.11033510516171718,1.119552846138987,0.06337176250788545,0,0,8.263571022592404e-19
fixed_alpha_R256_eta0.64,fixed_alpha,256.0,0.64,794.3344256864206,1,6,scaled_0.975,defined,0.11758307217640143,1.1343729363841382,0.057519284371078394,0,0,8.263571022592404e-19
fixed_alpha_R256_eta0.64,fixed_alpha,256.0,0.64,794.3344256864206,1,6,scaled_1,defined,0.12589117543521625,1.151887940728293,0.05067565264048829,0,0,8.263571022592404e-19
fixed_alpha_R256_eta0.64,fixed_alpha,256.0,0.64,794.3344256864206,1,6,scaled_1.025,defined,0.13552709030715226,1.1729587488873217,0.042577171866192226,0,0,8.263571022592404e-19
fixed_alpha_R256_eta0.64,fixed_alpha,256.0,0.64,794.3344256864206,1,6,scaled_1.05,defined,0.14687699120223485,1.1989009257629462,0.032842032328384424,0,0,8.263571022592404e-19
fixed_alpha_R256_eta0.64,fixed_alpha,256.0,0.64,794.3344256864206,1,6,scaled_1.075,defined,0.1605309613006285,1.2318654441374497,0.02088494810661068,0,0,8.263571022592404e-19
fixed_alpha_R256_eta0.64,fixed_alpha,256.0,0.64,794.3344256864206,1,6,scaled_1.1,defined,0.1774642602514175,1.2756939464002157,0.005735946684523874,0,0,8.263571022592404e-19
fixed_alpha_R256_eta0.64,fixed_alpha,256.0,0.64,794.3344256864206,1,6,scaled_1.15,defined,0.23054038208478939,1.4397078626380628,-0.043485338938652085,0,0,8.263571022592404e-19
fixed_alpha_R256_eta0.64,fixed_alpha,256.0,0.64,794.3344256864206,1,6,scaled_1.2,no_peak_in_valid_interval,,,,0,0,8.263571022592404e-19
fixed_alpha_R256_eta0.64,fixed_alpha,256.0,0.64,794.3344256864206,1,6,physical_frozen,defined,0.12789503847724273,1.1551902194859787,0.04896087545224578,0,0,8.263571022592404e-19
fixed_alpha_R256_eta0.64,fixed_alpha,256.0,0.64,794.3344256864206,1,6,physical_common,defined,0.06347992668611635,1.0165468976458487,0.11337598724337217,0,0,8.263571022592404e-19
fixed_alpha_R256_eta0.64,fixed_alpha,256.0,0.64,794.3344256864206,1,6,actual_root,defined,0.1373381141360669,1.1846119556382306,0.0411801205069309,0,0,8.263571022592404e-19
fixed_alpha_R256_eta0.64,fixed_alpha,256.0,0.64,794.3344256864206,1,6,soft_cosine,defined,0.1263825155396293,1.1531289331719226,0.05021173635879431,0,0,8.263571022592404e-19
fixed_alpha_R256_eta1.28,fixed_alpha,256.0,1.28,794.3344256864206,1,1,scaled_0.8,no_peak_in_valid_interval,,,,0,0,2.3400014527717868e-20
fixed_alpha_R256_eta1.28,fixed_alpha,256.0,1.28,794.3344256864206,1,1,scaled_0.85,no_peak_in_valid_interval,,,,0,0,2.3400014527717868e-20
fixed_alpha_R256_eta1.28,fixed_alpha,256.0,1.28,794.3344256864206,1,1,scaled_0.9,no_peak_in_valid_interval,,,,0,0,2.3400014527717868e-20
fixed_alpha_R256_eta1.28,fixed_alpha,256.0,1.28,794.3344256864206,1,1,scaled_0.925,no_peak_in_valid_interval,,,,0,0,2.3400014527717868e-20
fixed_alpha_R256_eta1.28,fixed_alpha,256.0,1.28,794.3344256864206,1,1,scaled_0.95,no_peak_in_valid_interval,,,,0,0,2.3400014527717868e-20
fixed_alpha_R256_eta1.28,fixed_alpha,256.0,1.28,794.3344256864206,1,1,scaled_0.975,no_peak_in_valid_interval,,,,0,0,2.3400014527717868e-20
fixed_alpha_R256_eta1.28,fixed_alpha,256.0,1.28,794.3344256864206,1,1,scaled_1,no_peak_in_valid_interval,,,,0,0,2.3400014527717868e-20
fixed_alpha_R256_eta1.28,fixed_alpha,256.0,1.28,794.3344256864206,1,1,scaled_1.025,no_peak_in_valid_interval,,,,0,0,2.3400014527717868e-20
fixed_alpha_R256_eta1.28,fixed_alpha,256.0,1.28,794.3344256864206,1,1,scaled_1.05,no_peak_in_valid_interval,,,,0,0,2.3400014527717868e-20
fixed_alpha_R256_eta1.28,fixed_alpha,256.0,1.28,794.3344256864206,1,1,scaled_1.075,no_peak_in_valid_interval,,,,0,0,2.3400014527717868e-20
fixed_alpha_R256_eta1.28,fixed_alpha,256.0,1.28,794.3344256864206,1,1,scaled_1.1,no_peak_in_valid_interval,,,,0,0,2.3400014527717868e-20
fixed_alpha_R256_eta1.28,fixed_alpha,256.0,1.28,794.3344256864206,1,1,scaled_1.15,no_peak_in_valid_interval,,,,0,0,2.3400014527717868e-20
fixed_alpha_R256_eta1.28,fixed_alpha,256.0,1.28,794.3344256864206,1,1,scaled_1.2,no_peak_in_valid_interval,,,,0,0,2.3400014527717868e-20
fixed_alpha_R256_eta1.28,fixed_alpha,256.0,1.28,794.3344256864206,1,1,physical_frozen,no_peak_in_valid_interval,,,,0,0,2.3400014527717868e-20
fixed_alpha_R256_eta1.28,fixed_alpha,256.0,1.28,794.3344256864206,1,1,physical_common,no_peak_in_valid_interval,,,,0,0,2.3400014527717868e-20
fixed_alpha_R256_eta1.28,fixed_alpha,256.0,1.28,794.3344256864206,1,1,actual_root,no_peak_in_valid_interval,,,,0,0,2.3400014527717868e-20
fixed_alpha_R256_eta1.28,fixed_alpha,256.0,1.28,794.3344256864206,1,1,soft_cosine,no_peak_in_valid_interval,,,,0,0,2.3400014527717868e-20
fixed_alpha_R256_eta1.28,fixed_alpha,256.0,1.28,794.3344256864206,1,2,scaled_0.8,no_peak_in_valid_interval,,,,0,0,2.3400014527717868e-20
fixed_alpha_R256_eta1.28,fixed_alpha,256.0,1.28,794.3344256864206,1,2,scaled_0.85,no_peak_in_valid_interval,,,,0,0,2.3400014527717868e-20
fixed_alpha_R256_eta1.28,fixed_alpha,256.0,1.28,794.3344256864206,1,2,scaled_0.9,no_peak_in_valid_interval,,,,0,0,2.3400014527717868e-20
fixed_alpha_R256_eta1.28,fixed_alpha,256.0,1.28,794.3344256864206,1,2,scaled_0.925,no_peak_in_valid_interval,,,,0,0,2.3400014527717868e-20
fixed_alpha_R256_eta1.28,fixed_alpha,256.0,1.28,794.3344256864206,1,2,scaled_0.95,no_peak_in_valid_interval,,,,0,0,2.3400014527717868e-20
fixed_alpha_R256_eta1.28,fixed_alpha,256.0,1.28,794.3344256864206,1,2,scaled_0.975,no_peak_in_valid_interval,,,,0,0,2.3400014527717868e-20
fixed_alpha_R256_eta1.28,fixed_alpha,256.0,1.28,794.3344256864206,1,2,scaled_1,no_peak_in_valid_interval,,,,0,0,2.3400014527717868e-20
fixed_alpha_R256_eta1.28,fixed_alpha,256.0,1.28,794.3344256864206,1,2,scaled_1.025,no_peak_in_valid_interval,,,,0,0,2.3400014527717868e-20
fixed_alpha_R256_eta1.28,fixed_alpha,256.0,1.28,794.3344256864206,1,2,scaled_1.05,no_peak_in_valid_interval,,,,0,0,2.3400014527717868e-20
fixed_alpha_R256_eta1.28,fixed_alpha,256.0,1.28,794.3344256864206,1,2,scaled_1.075,no_peak_in_valid_interval,,,,0,0,2.3400014527717868e-20
fixed_alpha_R256_eta1.28,fixed_alpha,256.0,1.28,794.3344256864206,1,2,scaled_1.1,no_peak_in_valid_interval,,,,0,0,2.3400014527717868e-20
fixed_alpha_R256_eta1.28,fixed_alpha,256.0,1.28,794.3344256864206,1,2,scaled_1.15,no_peak_in_valid_interval,,,,0,0,2.3400014527717868e-20
fixed_alpha_R256_eta1.28,fixed_alpha,256.0,1.28,794.3344256864206,1,2,scaled_1.2,no_peak_in_valid_interval,,,,0,0,2.3400014527717868e-20
fixed_alpha_R256_eta1.28,fixed_alpha,256.0,1.28,794.3344256864206,1,2,physical_frozen,no_peak_in_valid_interval,,,,0,0,2.3400014527717868e-20
fixed_alpha_R256_eta1.28,fixed_alpha,256.0,1.28,794.3344256864206,1,2,physical_common,no_peak_in_valid_interval,,,,0,0,2.3400014527717868e-20
fixed_alpha_R256_eta1.28,fixed_alpha,256.0,1.28,794.3344256864206,1,2,actual_root,no_peak_in_valid_interval,,,,0,0,2.3400014527717868e-20
fixed_alpha_R256_eta1.28,fixed_alpha,256.0,1.28,794.3344256864206,1,2,soft_cosine,no_peak_in_valid_interval,,,,0,0,2.3400014527717868e-20
fixed_alpha_R256_eta1.28,fixed_alpha,256.0,1.28,794.3344256864206,1,4,scaled_0.8,no_peak_in_valid_interval,,,,0,0,2.3400014527717868e-20
fixed_alpha_R256_eta1.28,fixed_alpha,256.0,1.28,794.3344256864206,1,4,scaled_0.85,no_peak_in_valid_interval,,,,0,0,2.3400014527717868e-20
fixed_alpha_R256_eta1.28,fixed_alpha,256.0,1.28,794.3344256864206,1,4,scaled_0.9,no_peak_in_valid_interval,,,,0,0,2.3400014527717868e-20
fixed_alpha_R256_eta1.28,fixed_alpha,256.0,1.28,794.3344256864206,1,4,scaled_0.925,no_peak_in_valid_interval,,,,0,0,2.3400014527717868e-20
fixed_alpha_R256_eta1.28,fixed_alpha,256.0,1.28,794.3344256864206,1,4,scaled_0.95,no_peak_in_valid_interval,,,,0,0,2.3400014527717868e-20
fixed_alpha_R256_eta1.28,fixed_alpha,256.0,1.28,794.3344256864206,1,4,scaled_0.975,no_peak_in_valid_interval,,,,0,0,2.3400014527717868e-20
fixed_alpha_R256_eta1.28,fixed_alpha,256.0,1.28,794.3344256864206,1,4,scaled_1,no_peak_in_valid_interval,,,,0,0,2.3400014527717868e-20
fixed_alpha_R256_eta1.28,fixed_alpha,256.0,1.28,794.3344256864206,1,4,scaled_1.025,no_peak_in_valid_interval,,,,0,0,2.3400014527717868e-20
fixed_alpha_R256_eta1.28,fixed_alpha,256.0,1.28,794.3344256864206,1,4,scaled_1.05,no_peak_in_valid_interval,,,,0,0,2.3400014527717868e-20
fixed_alpha_R256_eta1.28,fixed_alpha,256.0,1.28,794.3344256864206,1,4,scaled_1.075,no_peak_in_valid_interval,,,,0,0,2.3400014527717868e-20
fixed_alpha_R256_eta1.28,fixed_alpha,256.0,1.28,794.3344256864206,1,4,scaled_1.1,no_peak_in_valid_interval,,,,0,0,2.3400014527717868e-20
fixed_alpha_R256_eta1.28,fixed_alpha,256.0,1.28,794.3344256864206,1,4,scaled_1.15,no_peak_in_valid_interval,,,,0,0,2.3400014527717868e-20
fixed_alpha_R256_eta1.28,fixed_alpha,256.0,1.28,794.3344256864206,1,4,scaled_1.2,no_peak_in_valid_interval,,,,0,0,2.3400014527717868e-20
fixed_alpha_R256_eta1.28,fixed_alpha,256.0,1.28,794.3344256864206,1,4,physical_frozen,no_peak_in_valid_interval,,,,0,0,2.3400014527717868e-20
fixed_alpha_R256_eta1.28,fixed_alpha,256.0,1.28,794.3344256864206,1,4,physical_common,no_peak_in_valid_interval,,,,0,0,2.3400014527717868e-20
fixed_alpha_R256_eta1.28,fixed_alpha,256.0,1.28,794.3344256864206,1,4,actual_root,no_peak_in_valid_interval,,,,0,0,2.3400014527717868e-20
fixed_alpha_R256_eta1.28,fixed_alpha,256.0,1.28,794.3344256864206,1,4,soft_cosine,no_peak_in_valid_interval,,,,0,0,2.3400014527717868e-20
fixed_alpha_R256_eta1.28,fixed_alpha,256.0,1.28,794.3344256864206,1,6,scaled_0.8,no_peak_in_valid_interval,,,,0,0,2.3400014527717868e-20
fixed_alpha_R256_eta1.28,fixed_alpha,256.0,1.28,794.3344256864206,1,6,scaled_0.85,no_peak_in_valid_interval,,,,0,0,2.3400014527717868e-20
fixed_alpha_R256_eta1.28,fixed_alpha,256.0,1.28,794.3344256864206,1,6,scaled_0.9,no_peak_in_valid_interval,,,,0,0,2.3400014527717868e-20
fixed_alpha_R256_eta1.28,fixed_alpha,256.0,1.28,794.3344256864206,1,6,scaled_0.925,no_peak_in_valid_interval,,,,0,0,2.3400014527717868e-20
fixed_alpha_R256_eta1.28,fixed_alpha,256.0,1.28,794.3344256864206,1,6,scaled_0.95,no_peak_in_valid_interval,,,,0,0,2.3400014527717868e-20
fixed_alpha_R256_eta1.28,fixed_alpha,256.0,1.28,794.3344256864206,1,6,scaled_0.975,no_peak_in_valid_interval,,,,0,0,2.3400014527717868e-20
fixed_alpha_R256_eta1.28,fixed_alpha,256.0,1.28,794.3344256864206,1,6,scaled_1,no_peak_in_valid_interval,,,,0,0,2.3400014527717868e-20
fixed_alpha_R256_eta1.28,fixed_alpha,256.0,1.28,794.3344256864206,1,6,scaled_1.025,no_peak_in_valid_interval,,,,0,0,2.3400014527717868e-20
fixed_alpha_R256_eta1.28,fixed_alpha,256.0,1.28,794.3344256864206,1,6,scaled_1.05,no_peak_in_valid_interval,,,,0,0,2.3400014527717868e-20
fixed_alpha_R256_eta1.28,fixed_alpha,256.0,1.28,794.3344256864206,1,6,scaled_1.075,no_peak_in_valid_interval,,,,0,0,2.3400014527717868e-20
fixed_alpha_R256_eta1.28,fixed_alpha,256.0,1.28,794.3344256864206,1,6,scaled_1.1,no_peak_in_valid_interval,,,,0,0,2.3400014527717868e-20
fixed_alpha_R256_eta1.28,fixed_alpha,256.0,1.28,794.3344256864206,1,6,scaled_1.15,no_peak_in_valid_interval,,,,0,0,2.3400014527717868e-20
fixed_alpha_R256_eta1.28,fixed_alpha,256.0,1.28,794.3344256864206,1,6,scaled_1.2,no_peak_in_valid_interval,,,,0,0,2.3400014527717868e-20
fixed_alpha_R256_eta1.28,fixed_alpha,256.0,1.28,794.3344256864206,1,6,physical_frozen,no_peak_in_valid_interval,,,,0,0,2.3400014527717868e-20
fixed_alpha_R256_eta1.28,fixed_alpha,256.0,1.28,794.3344256864206,1,6,physical_common,no_peak_in_valid_interval,,,,0,0,2.3400014527717868e-20
fixed_alpha_R256_eta1.28,fixed_alpha,256.0,1.28,794.3344256864206,1,6,actual_root,no_peak_in_valid_interval,,,,0,0,2.3400014527717868e-20
fixed_alpha_R256_eta1.28,fixed_alpha,256.0,1.28,794.3344256864206,1,6,soft_cosine,no_peak_in_valid_interval,,,,0,0,2.3400014527717868e-20
fixed_alpha_R256_eta2.24,fixed_alpha,256.0,2.24,794.3344256864206,1,1,scaled_0.8,no_peak_in_valid_interval,,,,0,0,2.517459174187151e-21
fixed_alpha_R256_eta2.24,fixed_alpha,256.0,2.24,794.3344256864206,1,1,scaled_0.85,no_peak_in_valid_interval,,,,0,0,2.517459174187151e-21
fixed_alpha_R256_eta2.24,fixed_alpha,256.0,2.24,794.3344256864206,1,1,scaled_0.9,no_peak_in_valid_interval,,,,0,0,2.517459174187151e-21
fixed_alpha_R256_eta2.24,fixed_alpha,256.0,2.24,794.3344256864206,1,1,scaled_0.925,no_peak_in_valid_interval,,,,0,0,2.517459174187151e-21
fixed_alpha_R256_eta2.24,fixed_alpha,256.0,2.24,794.3344256864206,1,1,scaled_0.95,no_peak_in_valid_interval,,,,0,0,2.517459174187151e-21
fixed_alpha_R256_eta2.24,fixed_alpha,256.0,2.24,794.3344256864206,1,1,scaled_0.975,no_peak_in_valid_interval,,,,0,0,2.517459174187151e-21
fixed_alpha_R256_eta2.24,fixed_alpha,256.0,2.24,794.3344256864206,1,1,scaled_1,no_peak_in_valid_interval,,,,0,0,2.517459174187151e-21
fixed_alpha_R256_eta2.24,fixed_alpha,256.0,2.24,794.3344256864206,1,1,scaled_1.025,no_peak_in_valid_interval,,,,0,0,2.517459174187151e-21
fixed_alpha_R256_eta2.24,fixed_alpha,256.0,2.24,794.3344256864206,1,1,scaled_1.05,no_peak_in_valid_interval,,,,0,0,2.517459174187151e-21
fixed_alpha_R256_eta2.24,fixed_alpha,256.0,2.24,794.3344256864206,1,1,scaled_1.075,no_peak_in_valid_interval,,,,0,0,2.517459174187151e-21
fixed_alpha_R256_eta2.24,fixed_alpha,256.0,2.24,794.3344256864206,1,1,scaled_1.1,no_peak_in_valid_interval,,,,0,0,2.517459174187151e-21
fixed_alpha_R256_eta2.24,fixed_alpha,256.0,2.24,794.3344256864206,1,1,scaled_1.15,no_peak_in_valid_interval,,,,0,0,2.517459174187151e-21
fixed_alpha_R256_eta2.24,fixed_alpha,256.0,2.24,794.3344256864206,1,1,scaled_1.2,no_peak_in_valid_interval,,,,0,0,2.517459174187151e-21
fixed_alpha_R256_eta2.24,fixed_alpha,256.0,2.24,794.3344256864206,1,1,physical_frozen,no_peak_in_valid_interval,,,,0,0,2.517459174187151e-21
fixed_alpha_R256_eta2.24,fixed_alpha,256.0,2.24,794.3344256864206,1,1,physical_common,no_peak_in_valid_interval,,,,0,0,2.517459174187151e-21
fixed_alpha_R256_eta2.24,fixed_alpha,256.0,2.24,794.3344256864206,1,1,actual_root,no_peak_in_valid_interval,,,,0,0,2.517459174187151e-21
fixed_alpha_R256_eta2.24,fixed_alpha,256.0,2.24,794.3344256864206,1,1,soft_cosine,no_peak_in_valid_interval,,,,0,0,2.517459174187151e-21
fixed_alpha_R256_eta2.24,fixed_alpha,256.0,2.24,794.3344256864206,1,2,scaled_0.8,no_peak_in_valid_interval,,,,0,0,2.517459174187151e-21
fixed_alpha_R256_eta2.24,fixed_alpha,256.0,2.24,794.3344256864206,1,2,scaled_0.85,no_peak_in_valid_interval,,,,0,0,2.517459174187151e-21
fixed_alpha_R256_eta2.24,fixed_alpha,256.0,2.24,794.3344256864206,1,2,scaled_0.9,no_peak_in_valid_interval,,,,0,0,2.517459174187151e-21
fixed_alpha_R256_eta2.24,fixed_alpha,256.0,2.24,794.3344256864206,1,2,scaled_0.925,no_peak_in_valid_interval,,,,0,0,2.517459174187151e-21
fixed_alpha_R256_eta2.24,fixed_alpha,256.0,2.24,794.3344256864206,1,2,scaled_0.95,no_peak_in_valid_interval,,,,0,0,2.517459174187151e-21
fixed_alpha_R256_eta2.24,fixed_alpha,256.0,2.24,794.3344256864206,1,2,scaled_0.975,no_peak_in_valid_interval,,,,0,0,2.517459174187151e-21
fixed_alpha_R256_eta2.24,fixed_alpha,256.0,2.24,794.3344256864206,1,2,scaled_1,no_peak_in_valid_interval,,,,0,0,2.517459174187151e-21
fixed_alpha_R256_eta2.24,fixed_alpha,256.0,2.24,794.3344256864206,1,2,scaled_1.025,no_peak_in_valid_interval,,,,0,0,2.517459174187151e-21
fixed_alpha_R256_eta2.24,fixed_alpha,256.0,2.24,794.3344256864206,1,2,scaled_1.05,no_peak_in_valid_interval,,,,0,0,2.517459174187151e-21
fixed_alpha_R256_eta2.24,fixed_alpha,256.0,2.24,794.3344256864206,1,2,scaled_1.075,no_peak_in_valid_interval,,,,0,0,2.517459174187151e-21
fixed_alpha_R256_eta2.24,fixed_alpha,256.0,2.24,794.3344256864206,1,2,scaled_1.1,no_peak_in_valid_interval,,,,0,0,2.517459174187151e-21
fixed_alpha_R256_eta2.24,fixed_alpha,256.0,2.24,794.3344256864206,1,2,scaled_1.15,no_peak_in_valid_interval,,,,0,0,2.517459174187151e-21
fixed_alpha_R256_eta2.24,fixed_alpha,256.0,2.24,794.3344256864206,1,2,scaled_1.2,no_peak_in_valid_interval,,,,0,0,2.517459174187151e-21
fixed_alpha_R256_eta2.24,fixed_alpha,256.0,2.24,794.3344256864206,1,2,physical_frozen,no_peak_in_valid_interval,,,,0,0,2.517459174187151e-21
fixed_alpha_R256_eta2.24,fixed_alpha,256.0,2.24,794.3344256864206,1,2,physical_common,no_peak_in_valid_interval,,,,0,0,2.517459174187151e-21
fixed_alpha_R256_eta2.24,fixed_alpha,256.0,2.24,794.3344256864206,1,2,actual_root,no_peak_in_valid_interval,,,,0,0,2.517459174187151e-21
fixed_alpha_R256_eta2.24,fixed_alpha,256.0,2.24,794.3344256864206,1,2,soft_cosine,no_peak_in_valid_interval,,,,0,0,2.517459174187151e-21
fixed_alpha_R256_eta2.24,fixed_alpha,256.0,2.24,794.3344256864206,1,4,scaled_0.8,no_peak_in_valid_interval,,,,0,0,2.517459174187151e-21
fixed_alpha_R256_eta2.24,fixed_alpha,256.0,2.24,794.3344256864206,1,4,scaled_0.85,no_peak_in_valid_interval,,,,0,0,2.517459174187151e-21
fixed_alpha_R256_eta2.24,fixed_alpha,256.0,2.24,794.3344256864206,1,4,scaled_0.9,no_peak_in_valid_interval,,,,0,0,2.517459174187151e-21
fixed_alpha_R256_eta2.24,fixed_alpha,256.0,2.24,794.3344256864206,1,4,scaled_0.925,no_peak_in_valid_interval,,,,0,0,2.517459174187151e-21
fixed_alpha_R256_eta2.24,fixed_alpha,256.0,2.24,794.3344256864206,1,4,scaled_0.95,no_peak_in_valid_interval,,,,0,0,2.517459174187151e-21
fixed_alpha_R256_eta2.24,fixed_alpha,256.0,2.24,794.3344256864206,1,4,scaled_0.975,no_peak_in_valid_interval,,,,0,0,2.517459174187151e-21
fixed_alpha_R256_eta2.24,fixed_alpha,256.0,2.24,794.3344256864206,1,4,scaled_1,no_peak_in_valid_interval,,,,0,0,2.517459174187151e-21
fixed_alpha_R256_eta2.24,fixed_alpha,256.0,2.24,794.3344256864206,1,4,scaled_1.025,no_peak_in_valid_interval,,,,0,0,2.517459174187151e-21
fixed_alpha_R256_eta2.24,fixed_alpha,256.0,2.24,794.3344256864206,1,4,scaled_1.05,no_peak_in_valid_interval,,,,0,0,2.517459174187151e-21
fixed_alpha_R256_eta2.24,fixed_alpha,256.0,2.24,794.3344256864206,1,4,scaled_1.075,no_peak_in_valid_interval,,,,0,0,2.517459174187151e-21
fixed_alpha_R256_eta2.24,fixed_alpha,256.0,2.24,794.3344256864206,1,4,scaled_1.1,no_peak_in_valid_interval,,,,0,0,2.517459174187151e-21
fixed_alpha_R256_eta2.24,fixed_alpha,256.0,2.24,794.3344256864206,1,4,scaled_1.15,no_peak_in_valid_interval,,,,0,0,2.517459174187151e-21
fixed_alpha_R256_eta2.24,fixed_alpha,256.0,2.24,794.3344256864206,1,4,scaled_1.2,no_peak_in_valid_interval,,,,0,0,2.517459174187151e-21
fixed_alpha_R256_eta2.24,fixed_alpha,256.0,2.24,794.3344256864206,1,4,physical_frozen,no_peak_in_valid_interval,,,,0,0,2.517459174187151e-21
fixed_alpha_R256_eta2.24,fixed_alpha,256.0,2.24,794.3344256864206,1,4,physical_common,no_peak_in_valid_interval,,,,0,0,2.517459174187151e-21
fixed_alpha_R256_eta2.24,fixed_alpha,256.0,2.24,794.3344256864206,1,4,actual_root,no_peak_in_valid_interval,,,,0,0,2.517459174187151e-21
fixed_alpha_R256_eta2.24,fixed_alpha,256.0,2.24,794.3344256864206,1,4,soft_cosine,no_peak_in_valid_interval,,,,0,0,2.517459174187151e-21
fixed_alpha_R256_eta2.24,fixed_alpha,256.0,2.24,794.3344256864206,1,6,scaled_0.8,no_peak_in_valid_interval,,,,0,0,2.517459174187151e-21
fixed_alpha_R256_eta2.24,fixed_alpha,256.0,2.24,794.3344256864206,1,6,scaled_0.85,no_peak_in_valid_interval,,,,0,0,2.517459174187151e-21
fixed_alpha_R256_eta2.24,fixed_alpha,256.0,2.24,794.3344256864206,1,6,scaled_0.9,no_peak_in_valid_interval,,,,0,0,2.517459174187151e-21
fixed_alpha_R256_eta2.24,fixed_alpha,256.0,2.24,794.3344256864206,1,6,scaled_0.925,no_peak_in_valid_interval,,,,0,0,2.517459174187151e-21
fixed_alpha_R256_eta2.24,fixed_alpha,256.0,2.24,794.3344256864206,1,6,scaled_0.95,no_peak_in_valid_interval,,,,0,0,2.517459174187151e-21
fixed_alpha_R256_eta2.24,fixed_alpha,256.0,2.24,794.3344256864206,1,6,scaled_0.975,no_peak_in_valid_interval,,,,0,0,2.517459174187151e-21
fixed_alpha_R256_eta2.24,fixed_alpha,256.0,2.24,794.3344256864206,1,6,scaled_1,no_peak_in_valid_interval,,,,0,0,2.517459174187151e-21
fixed_alpha_R256_eta2.24,fixed_alpha,256.0,2.24,794.3344256864206,1,6,scaled_1.025,no_peak_in_valid_interval,,,,0,0,2.517459174187151e-21
fixed_alpha_R256_eta2.24,fixed_alpha,256.0,2.24,794.3344256864206,1,6,scaled_1.05,no_peak_in_valid_interval,,,,0,0,2.517459174187151e-21
fixed_alpha_R256_eta2.24,fixed_alpha,256.0,2.24,794.3344256864206,1,6,scaled_1.075,no_peak_in_valid_interval,,,,0,0,2.517459174187151e-21
fixed_alpha_R256_eta2.24,fixed_alpha,256.0,2.24,794.3344256864206,1,6,scaled_1.1,no_peak_in_valid_interval,,,,0,0,2.517459174187151e-21
fixed_alpha_R256_eta2.24,fixed_alpha,256.0,2.24,794.3344256864206,1,6,scaled_1.15,no_peak_in_valid_interval,,,,0,0,2.517459174187151e-21
fixed_alpha_R256_eta2.24,fixed_alpha,256.0,2.24,794.3344256864206,1,6,scaled_1.2,no_peak_in_valid_interval,,,,0,0,2.517459174187151e-21
fixed_alpha_R256_eta2.24,fixed_alpha,256.0,2.24,794.3344256864206,1,6,physical_frozen,no_peak_in_valid_interval,,,,0,0,2.517459174187151e-21
fixed_alpha_R256_eta2.24,fixed_alpha,256.0,2.24,794.3344256864206,1,6,physical_common,no_peak_in_valid_interval,,,,0,0,2.517459174187151e-21
fixed_alpha_R256_eta2.24,fixed_alpha,256.0,2.24,794.3344256864206,1,6,actual_root,no_peak_in_valid_interval,,,,0,0,2.517459174187151e-21
fixed_alpha_R256_eta2.24,fixed_alpha,256.0,2.24,794.3344256864206,1,6,soft_cosine,no_peak_in_valid_interval,,,,0,0,2.517459174187151e-21
fixed_alpha_R56_eta0.299332590942,fixed_alpha,56.0,0.29933259094191533,794.3344256864206,1,1,scaled_0.8,defined,0.04238649256578102,0.9936337126730262,0.0,0,0,1.5056962109471422e-13
fixed_alpha_R56_eta0.299332590942,fixed_alpha,56.0,0.29933259094191533,794.3344256864206,1,1,scaled_0.85,defined,0.04278537177546701,0.9953433170016442,0.0,0,0,1.5056962109471422e-13
fixed_alpha_R56_eta0.299332590942,fixed_alpha,56.0,0.29933259094191533,794.3344256864206,1,1,scaled_0.9,defined,0.043235235789828325,0.9973042782544311,0.0,0,0,1.5056962109471422e-13
fixed_alpha_R56_eta0.299332590942,fixed_alpha,56.0,0.29933259094191533,794.3344256864206,1,1,scaled_0.925,defined,0.04348069297396551,0.9983913498471007,0.0,0,0,1.5056962109471422e-13
fixed_alpha_R56_eta0.299332590942,fixed_alpha,56.0,0.29933259094191533,794.3344256864206,1,1,scaled_0.95,defined,0.04374058414248938,0.9995570717016653,0.0,0,0,1.5056962109471422e-13
fixed_alpha_R56_eta0.299332590942,fixed_alpha,56.0,0.29933259094191533,794.3344256864206,1,1,scaled_0.975,defined,0.04401546371842016,1.0008079210070977,0.0,0,0,1.5056962109471422e-13
fixed_alpha_R56_eta0.299332590942,fixed_alpha,56.0,0.29933259094191533,794.3344256864206,1,1,scaled_1,defined,0.04430587157251624,1.0021511811650654,0.0,0,0,1.5056962109471422e-13
fixed_alpha_R56_eta0.299332590942,fixed_alpha,56.0,0.29933259094191533,794.3344256864206,1,1,scaled_1.025,defined,0.04461232475792545,1.003594843922194,0.0,0,0,1.5056962109471422e-13
fixed_alpha_R56_eta0.299332590942,fixed_alpha,56.0,0.29933259094191533,794.3344256864206,1,1,scaled_1.05,defined,0.04493530747026542,1.0051478143510513,0.0,0,0,1.5056962109471422e-13
fixed_alpha_R56_eta0.299332590942,fixed_alpha,56.0,0.29933259094191533,794.3344256864206,1,1,scaled_1.075,defined,0.04527525900135934,1.0068200625242012,0.0,0,0,1.5056962109471422e-13
fixed_alpha_R56_eta0.299332590942,fixed_alpha,56.0,0.29933259094191533,794.3344256864206,1,1,scaled_1.1,defined,0.0456325592576377,1.0086227928024014,0.0,0,0,1.5056962109471422e-13
fixed_alpha_R56_eta0.299332590942,fixed_alpha,56.0,0.29933259094191533,794.3344256864206,1,1,scaled_1.15,defined,0.046400322023323615,1.0126719557455124,0.0,0,0,1.5056962109471422e-13
fixed_alpha_R56_eta0.299332590942,fixed_alpha,56.0,0.29933259094191533,794.3344256864206,1,1,scaled_1.2,defined,0.04723970400075379,1.017418544393309,0.0,0,0,1.5056962109471422e-13
fixed_alpha_R56_eta0.299332590942,fixed_alpha,56.0,0.29933259094191533,794.3344256864206,1,1,physical_frozen,defined,0.044890643911157074,1.0029922445924777,0.0,0,0,1.5056962109471422e-13
fixed_alpha_R56_eta0.299332590942,fixed_alpha,56.0,0.29933259094191533,794.3344256864206,1,1,physical_common,defined,0.044890643911157074,1.0029922445924777,0.0,0,0,1.5056962109471422e-13
fixed_alpha_R56_eta0.299332590942,fixed_alpha,56.0,0.29933259094191533,794.3344256864206,1,1,actual_root,defined,0.04458587308571453,1.0035797873558552,0.0,0,0,1.5056962109471422e-13
fixed_alpha_R56_eta0.299332590942,fixed_alpha,56.0,0.29933259094191533,794.3344256864206,1,1,soft_cosine,defined,0.04433319772105962,1.002166529665893,0.0,0,0,1.5056962109471422e-13
fixed_alpha_R56_eta0.299332590942,fixed_alpha,56.0,0.29933259094191533,794.3344256864206,1,2,scaled_0.8,defined,0.01143458245645904,0.9653672148480785,0.030951910109321978,0,0,1.5056962109471422e-13
fixed_alpha_R56_eta0.299332590942,fixed_alpha,56.0,0.29933259094191533,794.3344256864206,1,2,scaled_0.85,defined,0.01072029690068244,0.9671201968141289,0.03206507487478457,0,0,1.5056962109471422e-13
fixed_alpha_R56_eta0.299332590942,fixed_alpha,56.0,0.29933259094191533,794.3344256864206,1,2,scaled_0.9,defined,0.009995953175467864,0.9694577399794049,0.03323928261436046,0,0,1.5056962109471422e-13
fixed_alpha_R56_eta0.299332590942,fixed_alpha,56.0,0.29933259094191533,794.3344256864206,1,2,scaled_0.925,defined,0.00962820668206466,0.9708963228981979,0.033852486291900845,0,0,1.5056962109471422e-13
fixed_alpha_R56_eta0.299332590942,fixed_alpha,56.0,0.29933259094191533,794.3344256864206,1,2,scaled_0.95,defined,0.009254775040877024,0.9725483618320936,0.03448580910161236,0,0,1.5056962109471422e-13
fixed_alpha_R56_eta0.299332590942,fixed_alpha,56.0,0.29933259094191533,794.3344256864206,1,2,scaled_0.975,defined,0.00887330455426317,0.9744444646969409,0.03514215916415699,0,0,1.5056962109471422e-13
fixed_alpha_R56_eta0.299332590942,fixed_alpha,56.0,0.29933259094191533,794.3344256864206,1,2,scaled_1,defined,0.008480510509259917,0.9766209579268376,0.035825361063256324,0,0,1.5056962109471422e-13
fixed_alpha_R56_eta0.299332590942,fixed_alpha,56.0,0.29933259094191533,794.3344256864206,1,2,scaled_1.025,defined,0.008071929010236336,0.9791215036601667,0.036540395747689115,0,0,1.5056962109471422e-13
fixed_alpha_R56_eta0.299332590942,fixed_alpha,56.0,0.29933259094191533,794.3344256864206,1,2,scaled_1.05,defined,0.007641603961795354,0.9819984790237446,0.03729370350847006,0,0,1.5056962109471422e-13
fixed_alpha_R56_eta0.299332590942,fixed_alpha,56.0,0.29933259094191533,794.3344256864206,1,2,scaled_1.075,defined,0.007181694045283231,0.9853158027994587,0.03809356495607611,0,0,1.5056962109471422e-13
fixed_alpha_R56_eta0.299332590942,fixed_alpha,56.0,0.29933259094191533,794.3344256864206,1,2,scaled_1.1,defined,0.006681983182122098,0.9891525335066599,0.0389505760755156,0,0,1.5056962109471422e-13
fixed_alpha_R56_eta0.299332590942,fixed_alpha,56.0,0.29933259094191533,794.3344256864206,1,2,scaled_1.15,defined,0.005506676816630864,0.9988087080904882,0.04089364520669275,0,0,1.5056962109471422e-13
fixed_alpha_R56_eta0.299332590942,fixed_alpha,56.0,0.29933259094191533,794.3344256864206,1,2,scaled_1.2,defined,0.003960610188853532,1.0121697764524193,0.04327909381190026,0,0,1.5056962109471422e-13
fixed_alpha_R56_eta0.299332590942,fixed_alpha,56.0,0.29933259094191533,794.3344256864206,1,2,physical_frozen,defined,0.009399118642552828,0.977930086095764,0.035491525268604246,0,0,1.5056962109471422e-13
fixed_alpha_R56_eta0.299332590942,fixed_alpha,56.0,0.29933259094191533,794.3344256864206,1,2,physical_common,defined,0.03166838380079118,0.9746267084692398,0.013222260110365897,0,0,1.5056962109471422e-13
fixed_alpha_R56_eta0.299332590942,fixed_alpha,56.0,0.29933259094191533,794.3344256864206,1,2,actual_root,defined,0.008158758865280058,0.9784555101841562,0.03642711422043447,0,0,1.5056962109471422e-13
fixed_alpha_R56_eta0.299332590942,fixed_alpha,56.0,0.29933259094191533,794.3344256864206,1,2,soft_cosine,defined,0.008469025702149904,0.9767692160848602,0.035864172018909714,0,0,1.5056962109471422e-13
fixed_alpha_R56_eta0.299332590942,fixed_alpha,56.0,0.29933259094191533,794.3344256864206,1,4,scaled_0.8,defined,-0.04420645697317194,0.9186424172561771,0.08659294953895295,0,0,1.5056962109471422e-13
fixed_alpha_R56_eta0.299332590942,fixed_alpha,56.0,0.29933259094191533,794.3344256864206,1,4,scaled_0.85,defined,-0.05105319627372984,0.9157274842185058,0.09383856804919685,0,0,1.5056962109471422e-13
fixed_alpha_R56_eta0.299332590942,fixed_alpha,56.0,0.29933259094191533,794.3344256864206,1,4,scaled_0.9,defined,-0.058504950641349654,0.9139577593669695,0.10174018643117798,0,0,1.5056962109471422e-13
fixed_alpha_R56_eta0.299332590942,fixed_alpha,56.0,0.29933259094191533,794.3344256864206,1,4,scaled_0.925,defined,-0.0625180866842272,0.9136796856352345,0.10599877965819271,0,0,1.5056962109471422e-13
fixed_alpha_R56_eta0.299332590942,fixed_alpha,56.0,0.29933259094191533,794.3344256864206,1,4,scaled_0.95,defined,-0.06677193409280044,0.9139375585862596,0.11051251823528982,0,0,1.5056962109471422e-13
fixed_alpha_R56_eta0.299332590942,fixed_alpha,56.0,0.29933259094191533,794.3344256864206,1,4,scaled_0.975,defined,-0.0713192954073977,0.9148656719045357,0.11533475912581787,0,0,1.5056962109471422e-13
fixed_alpha_R56_eta0.299332590942,fixed_alpha,56.0,0.29933259094191533,794.3344256864206,1,4,scaled_1,defined,-0.07623118845823068,0.9166419266244812,0.12053706003074692,0,0,1.5056962109471422e-13
fixed_alpha_R56_eta0.299332590942,fixed_alpha,56.0,0.29933259094191533,794.3344256864206,1,4,scaled_1.025,defined,-0.08160352490347811,0.9195092193725883,0.12621584966140356,0,0,1.5056962109471422e-13
fixed_alpha_R56_eta0.299332590942,fixed_alpha,56.0,0.29933259094191533,794.3344256864206,1,4,scaled_1.05,defined,-0.08756638966440149,0.9238114852516099,0.13250169713466692,0,0,1.5056962109471422e-13
fixed_alpha_R56_eta0.299332590942,fixed_alpha,56.0,0.29933259094191533,794.3344256864206,1,4,scaled_1.075,defined,-0.09429677342100619,0.9300593753539501,0.13957203242236554,0,0,1.5056962109471422e-13
fixed_alpha_R56_eta0.299332590942,fixed_alpha,56.0,0.29933259094191533,794.3344256864206,1,4,scaled_1.1,defined,-0.10203519456391708,0.9390573619837395,0.14766775382155478,0,0,1.5056962109471422e-13
fixed_alpha_R56_eta0.299332590942,fixed_alpha,56.0,0.29933259094191533,794.3344256864206,1,4,scaled_1.15,defined,-0.12191692069214688,0.9719529947306451,0.1683172427154705,0,0,1.5056962109471422e-13
fixed_alpha_R56_eta0.299332590942,fixed_alpha,56.0,0.29933259094191533,794.3344256864206,1,4,scaled_1.2,defined,-0.15003988864247927,1.065824196956213,0.19727959264323308,0,0,1.5056962109471422e-13
fixed_alpha_R56_eta0.299332590942,fixed_alpha,56.0,0.29933259094191533,794.3344256864206,1,4,physical_frozen,defined,-0.07536809734948785,0.9174943447077437,0.12025874126064492,0,0,1.5056962109471422e-13
fixed_alpha_R56_eta0.299332590942,fixed_alpha,56.0,0.29933259094191533,794.3344256864206,1,4,physical_common,defined,0.04523404891545108,0.9885369246621495,-0.0003434050042940076,0,0,1.5056962109471422e-13
fixed_alpha_R56_eta0.299332590942,fixed_alpha,56.0,0.29933259094191533,794.3344256864206,1,4,actual_root,defined,-0.0794024329684323,0.9174915347304925,0.12398830605414683,4,13,1.5056962109471422e-13
fixed_alpha_R56_eta0.299332590942,fixed_alpha,56.0,0.29933259094191533,794.3344256864206,1,4,soft_cosine,defined,-0.07640919371903704,0.9170129384951916,0.12074239144009666,0,0,1.5056962109471422e-13
fixed_alpha_R56_eta0.299332590942,fixed_alpha,56.0,0.29933259094191533,794.3344256864206,1,6,scaled_0.8,defined,-0.08968935298081598,0.8867128700440273,0.13207584554659701,0,0,1.5056962109471422e-13
fixed_alpha_R56_eta0.299332590942,fixed_alpha,56.0,0.29933259094191533,794.3344256864206,1,6,scaled_0.85,defined,-0.10729792772867364,0.8732113527893319,0.15008329950414065,0,0,1.5056962109471422e-13
fixed_alpha_R56_eta0.299332590942,fixed_alpha,56.0,0.29933259094191533,794.3344256864206,1,6,scaled_0.9,defined,-0.12674427287280676,0.8610873934754243,0.1699795086626351,0,0,1.5056962109471422e-13
fixed_alpha_R56_eta0.299332590942,fixed_alpha,56.0,0.29933259094191533,794.3344256864206,1,6,scaled_0.925,defined,-0.13739087981705392,0.8558400493507167,0.18087157279101942,0,0,1.5056962109471422e-13
fixed_alpha_R56_eta0.299332590942,fixed_alpha,56.0,0.29933259094191533,794.3344256864206,1,6,scaled_0.95,defined,-0.14885263817804711,0.8513720909986239,0.1925932223205365,0,0,1.5056962109471422e-13
fixed_alpha_R56_eta0.299332590942,fixed_alpha,56.0,0.29933259094191533,794.3344256864206,1,6,scaled_0.975,defined,-0.16135461167928883,0.8479442296536144,0.205370075397709,0,0,1.5056962109471422e-13
fixed_alpha_R56_eta0.299332590942,fixed_alpha,56.0,0.29933259094191533,794.3344256864206,1,6,scaled_1,defined,-0.17521529655138618,0.8459352501664145,0.21952116812390243,0,0,1.5056962109471422e-13
fixed_alpha_R56_eta0.299332590942,fixed_alpha,56.0,0.29933259094191533,794.3344256864206,1,6,scaled_1.025,defined,-0.1908912321922959,0.8459325702278264,0.23550355695022135,0,0,1.5056962109471422e-13
fixed_alpha_R56_eta0.299332590942,fixed_alpha,56.0,0.29933259094191533,794.3344256864206,1,6,scaled_1.05,defined,-0.20904467027647589,0.8489217356627992,0.2539799777467413,0,0,1.5056962109471422e-13
fixed_alpha_R56_eta0.299332590942,fixed_alpha,56.0,0.29933259094191533,794.3344256864206,1,6,scaled_1.075,defined,-0.23064340990154475,0.8567550271912494,0.27591866890290406,0,0,1.5056962109471422e-13
fixed_alpha_R56_eta0.299332590942,fixed_alpha,56.0,0.29933259094191533,794.3344256864206,1,6,scaled_1.1,defined,-0.2570852662616451,0.8735605006303548,0.3027178255192828,0,0,1.5056962109471422e-13
fixed_alpha_R56_eta0.299332590942,fixed_alpha,56.0,0.29933259094191533,794.3344256864206,1,6,scaled_1.15,defined,-0.32957042634768535,1.0701305962482557,0.37597074837100897,0,0,1.5056962109471422e-13
fixed_alpha_R56_eta0.299332590942,fixed_alpha,56.0,0.29933259094191533,794.3344256864206,1,6,scaled_1.2,defined,0.271109503300507,2.099346943390167,-0.2238697992997532,0,0,1.5056962109471422e-13
fixed_alpha_R56_eta0.299332590942,fixed_alpha,56.0,0.29933259094191533,794.3344256864206,1,6,physical_frozen,defined,-0.17500098868488312,0.8442680523438527,0.2198916325960402,0,0,1.5056962109471422e-13
fixed_alpha_R56_eta0.299332590942,fixed_alpha,56.0,0.29933259094191533,794.3344256864206,1,6,physical_common,defined,0.10936052467091337,1.0795478770585079,-0.06446988075975629,0,0,1.5056962109471422e-13
fixed_alpha_R56_eta0.299332590942,fixed_alpha,56.0,0.29933259094191533,794.3344256864206,1,6,actual_root,defined,-0.1823011284998562,0.8459269407035347,0.22688700158557074,6,47,1.5056962109471422e-13
fixed_alpha_R56_eta0.299332590942,fixed_alpha,56.0,0.29933259094191533,794.3344256864206,1,6,soft_cosine,defined,-0.17584243321037502,0.8467069478696304,0.22017563093143463,0,0,1.5056962109471422e-13
fixed_alpha_R56_eta0.598665181884,fixed_alpha,56.0,0.5986651818838307,794.3344256864206,1,1,scaled_0.8,defined,0.06569309904610833,1.07033618403063,0.0,0,0,6.669019732498556e-16
fixed_alpha_R56_eta0.598665181884,fixed_alpha,56.0,0.5986651818838307,794.3344256864206,1,1,scaled_0.85,defined,0.06849808663367127,1.07582031291484,0.0,0,0,6.669019732498556e-16
fixed_alpha_R56_eta0.598665181884,fixed_alpha,56.0,0.5986651818838307,794.3344256864206,1,1,scaled_0.9,defined,0.07160108923122643,1.0819688997682066,0.0,0,0,6.669019732498556e-16
fixed_alpha_R56_eta0.598665181884,fixed_alpha,56.0,0.5986651818838307,794.3344256864206,1,1,scaled_0.925,defined,0.0732743949365654,1.0853213566726032,0.0,0,0,6.669019732498556e-16
fixed_alpha_R56_eta0.598665181884,fixed_alpha,56.0,0.5986651818838307,794.3344256864206,1,1,scaled_0.95,defined,0.07503500096694063,1.0888768749059177,0.0,0,0,6.669019732498556e-16
fixed_alpha_R56_eta0.598665181884,fixed_alpha,56.0,0.5986651818838307,794.3344256864206,1,1,scaled_0.975,defined,0.07688801989598289,1.0926504732227038,0.0,0,0,6.669019732498556e-16
fixed_alpha_R56_eta0.598665181884,fixed_alpha,56.0,0.5986651818838307,794.3344256864206,1,1,scaled_1,defined,0.07883906215839054,1.096658856836593,0.0,0,0,6.669019732498556e-16
fixed_alpha_R56_eta0.598665181884,fixed_alpha,56.0,0.5986651818838307,794.3344256864206,1,1,scaled_1.025,defined,0.08089430165489753,1.1009207162829142,0.0,0,0,6.669019732498556e-16
fixed_alpha_R56_eta0.598665181884,fixed_alpha,56.0,0.5986651818838307,794.3344256864206,1,1,scaled_1.05,defined,0.08306055745619667,1.10545864615849,0.0,0,0,6.669019732498556e-16
fixed_alpha_R56_eta0.598665181884,fixed_alpha,56.0,0.5986651818838307,794.3344256864206,1,1,scaled_1.075,defined,0.08534539307300298,1.1102972719803392,0.0,0,0,6.669019732498556e-16
fixed_alpha_R56_eta0.598665181884,fixed_alpha,56.0,0.5986651818838307,794.3344256864206,1,1,scaled_1.1,defined,0.08775722246771962,1.1154635701187596,0.0,0,0,6.669019732498556e-16
fixed_alpha_R56_eta0.598665181884,fixed_alpha,56.0,0.5986651818838307,794.3344256864206,1,1,scaled_1.15,defined,0.093000600696416,1.1269058666970084,0.0,0,0,6.669019732498556e-16
fixed_alpha_R56_eta0.598665181884,fixed_alpha,56.0,0.5986651818838307,794.3344256864206,1,1,scaled_1.2,defined,0.09888096001383291,1.14009950710546,0.0,0,0,6.669019732498556e-16
fixed_alpha_R56_eta0.598665181884,fixed_alpha,56.0,0.5986651818838307,794.3344256864206,1,1,physical_frozen,defined,0.08083522389063731,1.0997641243708045,0.0,0,0,6.669019732498556e-16
fixed_alpha_R56_eta0.598665181884,fixed_alpha,56.0,0.5986651818838307,794.3344256864206,1,1,physical_common,defined,0.08083522389063731,1.0997641243708045,0.0,0,0,6.669019732498556e-16
fixed_alpha_R56_eta0.598665181884,fixed_alpha,56.0,0.5986651818838307,794.3344256864206,1,1,actual_root,defined,0.08375341833699074,1.1096475712752831,0.0,0,0,6.669019732498556e-16
fixed_alpha_R56_eta0.598665181884,fixed_alpha,56.0,0.5986651818838307,794.3344256864206,1,1,soft_cosine,defined,0.07889784739356824,1.0967321978990543,0.0,0,0,6.669019732498556e-16
fixed_alpha_R56_eta0.598665181884,fixed_alpha,56.0,0.5986651818838307,794.3344256864206,1,2,scaled_0.8,defined,0.02076207283013003,1.020526798270051,0.044931026215978304,0,0,6.669019732498556e-16
fixed_alpha_R56_eta0.598665181884,fixed_alpha,56.0,0.5986651818838307,794.3344256864206,1,2,scaled_0.85,defined,0.02478965898625301,1.0294527384968293,0.04370842764741826,0,0,6.669019732498556e-16
fixed_alpha_R56_eta0.598665181884,fixed_alpha,56.0,0.5986651818838307,794.3344256864206,1,2,scaled_0.9,defined,0.02943208004622888,1.0399852532604539,0.04216900918499755,0,0,6.669019732498556e-16
fixed_alpha_R56_eta0.598665181884,fixed_alpha,56.0,0.5986651818838307,794.3344256864206,1,2,scaled_0.925,defined,0.0320195319408553,1.0459723126364495,0.0412548629957101,0,0,6.669019732498556e-16
fixed_alpha_R56_eta0.598665181884,fixed_alpha,56.0,0.5986651818838307,794.3344256864206,1,2,scaled_0.95,defined,0.03480762354402481,1.052519255879957,0.04022737742291582,0,0,6.669019732498556e-16
fixed_alpha_R56_eta0.598665181884,fixed_alpha,56.0,0.5986651818838307,794.3344256864206,1,2,scaled_0.975,defined,0.03781707892025743,1.0597030660599271,0.03907094097572546,0,0,6.669019732498556e-16
fixed_alpha_R56_eta0.598665181884,fixed_alpha,56.0,0.5986651818838307,794.3344256864206,1,2,scaled_1,defined,0.04107208200135291,1.0676126647554303,0.03776698015703763,0,0,6.669019732498556e-16
fixed_alpha_R56_eta0.598665181884,fixed_alpha,56.0,0.5986651818838307,794.3344256864206,1,2,scaled_1.025,defined,0.04460111840667831,1.0763538479448271,0.036293183248219216,0,0,6.669019732498556e-16
fixed_alpha_R56_eta0.598665181884,fixed_alpha,56.0,0.5986651818838307,794.3344256864206,1,2,scaled_1.05,defined,0.048438160295031625,1.0860620941278532,0.034622397161165046,0,0,6.669019732498556e-16
fixed_alpha_R56_eta0.598665181884,fixed_alpha,56.0,0.5986651818838307,794.3344256864206,1,2,scaled_1.075,defined,0.052624329717632666,1.0969019360366146,0.03272106335537032,0,0,6.669019732498556e-16
fixed_alpha_R56_eta0.598665181884,fixed_alpha,56.0,0.5986651818838307,794.3344256864206,1,2,scaled_1.1,defined,0.05721011880123554,1.1090793049470176,0.030547103666484082,0,0,6.669019732498556e-16
fixed_alpha_R56_eta0.598665181884,fixed_alpha,56.0,0.5986651818838307,794.3344256864206,1,2,scaled_1.15,defined,0.06785104759680527,1.1386068042729405,0.025149553099610727,0,0,6.669019732498556e-16
fixed_alpha_R56_eta0.598665181884,fixed_alpha,56.0,0.5986651818838307,794.3344256864206,1,2,scaled_1.2,defined,0.08112675700644816,1.1780268621489407,0.017754203007384756,0,0,6.669019732498556e-16
fixed_alpha_R56_eta0.598665181884,fixed_alpha,56.0,0.5986651818838307,794.3344256864206,1,2,physical_frozen,defined,0.045023432264015464,1.0737887598015643,0.03581179162662185,0,0,6.669019732498556e-16
fixed_alpha_R56_eta0.598665181884,fixed_alpha,56.0,0.5986651818838307,794.3344256864206,1,2,physical_common,defined,0.028811659066561194,1.0113133092660593,0.05202356482407612,0,0,6.669019732498556e-16
fixed_alpha_R56_eta0.598665181884,fixed_alpha,56.0,0.5986651818838307,794.3344256864206,1,2,actual_root,defined,0.049247146209269045,1.0931181917359045,0.03450627212772169,0,0,6.669019732498556e-16
fixed_alpha_R56_eta0.598665181884,fixed_alpha,56.0,0.5986651818838307,794.3344256864206,1,2,soft_cosine,defined,0.04117222982045088,1.0679238947239607,0.03772561757311736,0,0,6.669019732498556e-16
fixed_alpha_R56_eta0.598665181884,fixed_alpha,56.0,0.5986651818838307,794.3344256864206,1,4,scaled_0.8,defined,-0.061918216244207444,0.9339392338617597,0.12761131529031577,0,0,6.669019732498556e-16
fixed_alpha_R56_eta0.598665181884,fixed_alpha,56.0,0.5986651818838307,794.3344256864206,1,4,scaled_0.85,defined,-0.05954146157577535,0.9442958229777405,0.12803954820944663,0,0,6.669019732498556e-16
fixed_alpha_R56_eta0.598665181884,fixed_alpha,56.0,0.5986651818838307,794.3344256864206,1,4,scaled_0.9,defined,-0.056213686444174765,0.9581831208676824,0.1278147756754012,0,0,6.669019732498556e-16
fixed_alpha_R56_eta0.598665181884,fixed_alpha,56.0,0.5986651818838307,794.3344256864206,1,4,scaled_0.925,defined,-0.05409861317684136,0.9668955752529257,0.12737300811340677,0,0,6.669019732498556e-16
fixed_alpha_R56_eta0.598665181884,fixed_alpha,56.0,0.5986651818838307,794.3344256864206,1,4,scaled_0.95,defined,-0.05161452806853682,0.9771240987873924,0.12664952903547744,0,0,6.669019732498556e-16
fixed_alpha_R56_eta0.598665181884,fixed_alpha,56.0,0.5986651818838307,794.3344256864206,1,4,scaled_0.975,defined,-0.048692649806187926,0.9892293858951023,0.1255806697021708,0,0,6.669019732498556e-16
fixed_alpha_R56_eta0.598665181884,fixed_alpha,56.0,0.5986651818838307,794.3344256864206,1,4,scaled_1,defined,-0.045241945569546305,1.0036954921111905,0.12408100772793684,0,0,6.669019732498556e-16
fixed_alpha_R56_eta0.598665181884,fixed_alpha,56.0,0.5986651818838307,794.3344256864206,1,4,scaled_1.025,defined,-0.041136997729217195,1.0212106805634025,0.12203129938411472,0,0,6.669019732498556e-16
fixed_alpha_R56_eta0.598665181884,fixed_alpha,56.0,0.5986651818838307,794.3344256864206,1,4,scaled_1.05,defined,-0.03619633634268393,1.0427763395634413,0.1192568937988806,0,0,6.669019732498556e-16
fixed_alpha_R56_eta0.598665181884,fixed_alpha,56.0,0.5986651818838307,794.3344256864206,1,4,scaled_1.075,defined,-0.030141724576091652,1.0699438146973241,0.11548711764909464,0,0,6.669019732498556e-16
fixed_alpha_R56_eta0.598665181884,fixed_alpha,56.0,0.5986651818838307,794.3344256864206,1,4,scaled_1.1,defined,-0.022515602116026004,1.1052723190745608,0.11027282458374563,0,0,6.669019732498556e-16
fixed_alpha_R56_eta0.598665181884,fixed_alpha,56.0,0.5986651818838307,794.3344256864206,1,4,scaled_1.15,defined,0.0015711987849720646,1.2240079441840837,0.09142940191144393,0,0,6.669019732498556e-16
fixed_alpha_R56_eta0.598665181884,fixed_alpha,56.0,0.5986651818838307,794.3344256864206,1,4,scaled_1.2,defined,0.06662722284809115,1.604802258389174,0.03225373716574176,0,0,6.669019732498556e-16
fixed_alpha_R56_eta0.598665181884,fixed_alpha,56.0,0.5986651818838307,794.3344256864206,1,4,physical_frozen,defined,-0.03783348298779132,1.0152390751626603,0.11866870687842863,0,0,6.669019732498556e-16
fixed_alpha_R56_eta0.598665181884,fixed_alpha,56.0,0.5986651818838307,794.3344256864206,1,4,physical_common,defined,-0.01685612382614609,0.9399069960258476,0.0976913477167834,0,0,6.669019732498556e-16
fixed_alpha_R56_eta0.598665181884,fixed_alpha,56.0,0.5986651818838307,794.3344256864206,1,4,actual_root,defined,-0.03598984840031849,1.0509085538956746,0.11974326673730923,0,13,6.669019732498556e-16
fixed_alpha_R56_eta0.598665181884,fixed_alpha,56.0,0.5986651818838307,794.3344256864206,1,4,soft_cosine,defined,-0.04505622391632968,1.0046681663406891,0.12395407130989791,0,0,6.669019732498556e-16
fixed_alpha_R56_eta0.598665181884,fixed_alpha,56.0,0.5986651818838307,794.3344256864206,1,6,scaled_0.8,defined,-0.13307350697601716,0.8655549830210059,0.19876660602212548,0,0,6.669019732498556e-16
fixed_alpha_R56_eta0.598665181884,fixed_alpha,56.0,0.5986651818838307,794.3344256864206,1,6,scaled_0.85,defined,-0.13698260321880973,0.8712575111189297,0.205480689852481,0,0,6.669019732498556e-16
fixed_alpha_R56_eta0.598665181884,fixed_alpha,56.0,0.5986651818838307,794.3344256864206,1,6,scaled_0.9,defined,-0.14017232416168013,0.8820328456022754,0.21177341339290656,0,0,6.669019732498556e-16
fixed_alpha_R56_eta0.598665181884,fixed_alpha,56.0,0.5986651818838307,794.3344256864206,1,6,scaled_0.925,defined,-0.1413930105397858,0.8901770914141063,0.21466740547635121,0,0,6.669019732498556e-16
fixed_alpha_R56_eta0.598665181884,fixed_alpha,56.0,0.5986651818838307,794.3344256864206,1,6,scaled_0.95,defined,-0.14228283720788962,0.9008772769718205,0.21731783817483025,0,0,6.669019732498556e-16
fixed_alpha_R56_eta0.598665181884,fixed_alpha,56.0,0.5986651818838307,794.3344256864206,1,6,scaled_0.975,defined,-0.14274815560935983,0.9149803776057236,0.2196361755053427,0,0,6.669019732498556e-16
fixed_alpha_R56_eta0.598665181884,fixed_alpha,56.0,0.5986651818838307,794.3344256864206,1,6,scaled_1,defined,-0.14264198791230664,0.9337776276728877,0.22148105007069718,0,0,6.669019732498556e-16
fixed_alpha_R56_eta0.598665181884,fixed_alpha,56.0,0.5986651818838307,794.3344256864206,1,6,scaled_1.025,defined,-0.14170991378192443,0.95938862220741,0.22260421543682196,0,0,6.669019732498556e-16
fixed_alpha_R56_eta0.598665181884,fixed_alpha,56.0,0.5986651818838307,794.3344256864206,1,6,scaled_1.05,defined,-0.13946047757628477,0.9956163844825543,0.22252103503248144,0,0,6.669019732498556e-16
fixed_alpha_R56_eta0.598665181884,fixed_alpha,56.0,0.5986651818838307,794.3344256864206,1,6,scaled_1.075,defined,-0.13481303802554667,1.0502726897718364,0.22015843109854966,0,0,6.669019732498556e-16
fixed_alpha_R56_eta0.598665181884,fixed_alpha,56.0,0.5986651818838307,794.3344256864206,1,6,scaled_1.1,defined,-0.12492653195147099,1.1433695809418127,0.21268375441919063,0,0,6.669019732498556e-16
fixed_alpha_R56_eta0.598665181884,fixed_alpha,56.0,0.5986651818838307,794.3344256864206,1,6,scaled_1.15,defined,-0.00811005260797626,1.8336899968593854,0.10111065330439226,0,0,6.669019732498556e-16
fixed_alpha_R56_eta0.598665181884,fixed_alpha,56.0,0.5986651818838307,794.3344256864206,1,6,scaled_1.2,defined,0.4742429916713352,2.1150602469968836,-0.3753620316575023,0,0,6.669019732498556e-16
fixed_alpha_R56_eta0.598665181884,fixed_alpha,56.0,0.5986651818838307,794.3344256864206,1,6,physical_frozen,defined,-0.13235750018450332,0.9493014463361007,0.21319272407514062,0,0,6.669019732498556e-16
fixed_alpha_R56_eta0.598665181884,fixed_alpha,56.0,0.5986651818838307,794.3344256864206,1,6,physical_common,defined,-0.01075662889209461,0.946389890698247,0.09159185278273192,0,0,6.669019732498556e-16
fixed_alpha_R56_eta0.598665181884,fixed_alpha,56.0,0.5986651818838307,794.3344256864206,1,6,actual_root,defined,-0.13968627107340714,0.9970200523831345,0.22343968941039788,4,47,6.669019732498556e-16
fixed_alpha_R56_eta0.598665181884,fixed_alpha,56.0,0.5986651818838307,794.3344256864206,1,6,soft_cosine,defined,-0.14253279662079488,0.9357913135047599,0.22143064401436313,0,0,6.669019732498556e-16
fixed_alpha_R56_eta1.0476640683,fixed_alpha,56.0,1.0476640682967038,794.3344256864206,1,1,scaled_0.8,defined,0.23377990728728626,1.4535334288109114,0.0,0,0,1.1953343351282034e-17
fixed_alpha_R56_eta1.0476640683,fixed_alpha,56.0,1.0476640682967038,794.3344256864206,1,1,scaled_0.85,defined,0.24201236378676577,1.4742921069994388,0.0,0,0,1.1953343351282034e-17
fixed_alpha_R56_eta1.0476640683,fixed_alpha,56.0,1.0476640682967038,794.3344256864206,1,1,scaled_0.9,defined,0.25122788158072157,1.4985485544608241,0.0,0,0,1.1953343351282034e-17
fixed_alpha_R56_eta1.0476640683,fixed_alpha,56.0,1.0476640682967038,794.3344256864206,1,1,scaled_0.925,defined,0.25625129010516634,1.512292597404548,0.0,0,0,1.1953343351282034e-17
fixed_alpha_R56_eta1.0476640683,fixed_alpha,56.0,1.0476640682967038,794.3344256864206,1,1,scaled_0.95,defined,0.26158250837616315,1.5273404573755425,0.0,0,0,1.1953343351282034e-17
fixed_alpha_R56_eta1.0476640683,fixed_alpha,56.0,1.0476640682967038,794.3344256864206,1,1,scaled_0.975,defined,0.2672492542828565,1.5439275592323287,0.0,0,0,1.1953343351282034e-17
fixed_alpha_R56_eta1.0476640683,fixed_alpha,56.0,1.0476640682967038,794.3344256864206,1,1,scaled_1,defined,0.2732842743628868,1.5623622678078104,0.0,0,0,1.1953343351282034e-17
fixed_alpha_R56_eta1.0476640683,fixed_alpha,56.0,1.0476640682967038,794.3344256864206,1,1,scaled_1.025,defined,0.2797269287375873,1.5830878215456587,0.0,0,0,1.1953343351282034e-17
fixed_alpha_R56_eta1.0476640683,fixed_alpha,56.0,1.0476640682967038,794.3344256864206,1,1,scaled_1.05,defined,0.28662572139316755,1.6067609915015992,0.0,0,0,1.1953343351282034e-17
fixed_alpha_R56_eta1.0476640683,fixed_alpha,56.0,1.0476640682967038,794.3344256864206,1,1,scaled_1.075,defined,0.29404263099882444,1.6344478048150197,0.0,0,0,1.1953343351282034e-17
fixed_alpha_R56_eta1.0476640683,fixed_alpha,56.0,1.0476640682967038,794.3344256864206,1,1,scaled_1.1,defined,0.3020616028236398,1.6681316749384134,0.0,0,0,1.1953343351282034e-17
fixed_alpha_R56_eta1.0476640683,fixed_alpha,56.0,1.0476640682967038,794.3344256864206,1,1,scaled_1.15,defined,0.32054848985005224,1.792377659623594,0.0,0,0,1.1953343351282034e-17
fixed_alpha_R56_eta1.0476640683,fixed_alpha,56.0,1.0476640682967038,794.3344256864206,1,1,scaled_1.2,no_peak_in_valid_interval,,,,0,0,1.1953343351282034e-17
fixed_alpha_R56_eta1.0476640683,fixed_alpha,56.0,1.0476640682967038,794.3344256864206,1,1,physical_frozen,defined,0.2799453821332857,1.5842892816709329,0.0,0,0,1.1953343351282034e-17
fixed_alpha_R56_eta1.0476640683,fixed_alpha,56.0,1.0476640682967038,794.3344256864206,1,1,physical_common,defined,0.2799453821332857,1.5842892816709329,0.0,0,0,1.1953343351282034e-17
fixed_alpha_R56_eta1.0476640683,fixed_alpha,56.0,1.0476640682967038,794.3344256864206,1,1,actual_root,no_peak_in_valid_interval,,,,0,0,1.1953343351282034e-17
fixed_alpha_R56_eta1.0476640683,fixed_alpha,56.0,1.0476640682967038,794.3344256864206,1,1,soft_cosine,defined,0.27344938736527646,1.5626542296110402,0.0,0,0,1.1953343351282034e-17
fixed_alpha_R56_eta1.0476640683,fixed_alpha,56.0,1.0476640682967038,794.3344256864206,1,2,scaled_0.8,defined,0.15473652640374858,1.3187066189370427,0.07904338088353768,0,0,1.1953343351282034e-17
fixed_alpha_R56_eta1.0476640683,fixed_alpha,56.0,1.0476640682967038,794.3344256864206,1,2,scaled_0.85,defined,0.16808096693014107,1.3482663918967372,0.0739313968566247,0,0,1.1953343351282034e-17
fixed_alpha_R56_eta1.0476640683,fixed_alpha,56.0,1.0476640682967038,794.3344256864206,1,2,scaled_0.9,defined,0.183540452578294,1.3840495413045515,0.06768742900242758,0,0,1.1953343351282034e-17
fixed_alpha_R56_eta1.0476640683,fixed_alpha,56.0,1.0476640682967038,794.3344256864206,1,2,scaled_0.925,defined,0.19221981812211664,1.4049688485118916,0.0640314719830497,0,0,1.1953343351282034e-17
fixed_alpha_R56_eta1.0476640683,fixed_alpha,56.0,1.0476640682967038,794.3344256864206,1,2,scaled_0.95,defined,0.20164195024038012,1.428451903807431,0.05994055813578303,0,0,1.1953343351282034e-17
fixed_alpha_R56_eta1.0476640683,fixed_alpha,56.0,1.0476640682967038,794.3344256864206,1,2,scaled_0.975,defined,0.21191298941751446,1.4550939764904829,0.055336264865342044,0,0,1.1953343351282034e-17
fixed_alpha_R56_eta1.0476640683,fixed_alpha,56.0,1.0476640682967038,794.3344256864206,1,2,scaled_1,defined,0.22316678201109952,1.4857501669807218,0.05011749235178731,0,0,1.1953343351282034e-17
fixed_alpha_R56_eta1.0476640683,fixed_alpha,56.0,1.0476640682967038,794.3344256864206,1,2,scaled_1.025,defined,0.23557705061010215,1.5217272854326525,0.044149878127485165,0,0,1.1953343351282034e-17
fixed_alpha_R56_eta1.0476640683,fixed_alpha,56.0,1.0476640682967038,794.3344256864206,1,2,scaled_1.05,defined,0.2493789958607631,1.5652267620192863,0.03724672553240446,0,0,1.1953343351282034e-17
fixed_alpha_R56_eta1.0476640683,fixed_alpha,56.0,1.0476640682967038,794.3344256864206,1,2,scaled_1.075,defined,0.2649136109421468,1.620624771664757,0.029129020056677613,0,0,1.1953343351282034e-17
fixed_alpha_R56_eta1.0476640683,fixed_alpha,56.0,1.0476640682967038,794.3344256864206,1,2,scaled_1.1,defined,0.28274950996504344,1.7001679039013755,0.019312092858596364,0,0,1.1953343351282034e-17
fixed_alpha_R56_eta1.0476640683,fixed_alpha,56.0,1.0476640682967038,794.3344256864206,1,2,scaled_1.15,no_peak_in_valid_interval,,,,0,0,1.1953343351282034e-17
fixed_alpha_R56_eta1.0476640683,fixed_alpha,56.0,1.0476640682967038,794.3344256864206,1,2,scaled_1.2,no_peak_in_valid_interval,,,,0,0,1.1953343351282034e-17
fixed_alpha_R56_eta1.0476640683,fixed_alpha,56.0,1.0476640682967038,794.3344256864206,1,2,physical_frozen,defined,0.236194746453797,1.5223753846207886,0.04375063567948867,0,0,1.1953343351282034e-17
fixed_alpha_R56_eta1.0476640683,fixed_alpha,56.0,1.0476640682967038,794.3344256864206,1,2,physical_common,defined,0.14207815234393895,1.2665981745950372,0.13786722978934673,0,0,1.1953343351282034e-17
fixed_alpha_R56_eta1.0476640683,fixed_alpha,56.0,1.0476640682967038,794.3344256864206,1,2,actual_root,no_peak_in_valid_interval,,,,0,0,1.1953343351282034e-17
fixed_alpha_R56_eta1.0476640683,fixed_alpha,56.0,1.0476640682967038,794.3344256864206,1,2,soft_cosine,defined,0.22356608969838532,1.487082673868041,0.049883297666891147,0,0,1.1953343351282034e-17
fixed_alpha_R56_eta1.0476640683,fixed_alpha,56.0,1.0476640682967038,794.3344256864206,1,4,scaled_0.8,defined,0.01567798091231344,1.121544716849731,0.21810192637497283,0,0,1.1953343351282034e-17
fixed_alpha_R56_eta1.0476640683,fixed_alpha,56.0,1.0476640682967038,794.3344256864206,1,4,scaled_0.85,defined,0.03337483112499573,1.1586844207694342,0.20863753266177004,0,0,1.1953343351282034e-17
fixed_alpha_R56_eta1.0476640683,fixed_alpha,56.0,1.0476640682967038,794.3344256864206,1,4,scaled_0.9,defined,0.055098676326634025,1.2062384096663892,0.19612920525408756,0,0,1.1953343351282034e-17
fixed_alpha_R56_eta1.0476640683,fixed_alpha,56.0,1.0476640682967038,794.3344256864206,1,4,scaled_0.925,defined,0.06792230000103161,1.2354301943586414,0.18832899010413473,0,0,1.1953343351282034e-17
fixed_alpha_R56_eta1.0476640683,fixed_alpha,56.0,1.0476640682967038,794.3344256864206,1,4,scaled_0.95,defined,0.08240392278581365,1.2695017819456613,0.1791785855903495,0,0,1.1953343351282034e-17
fixed_alpha_R56_eta1.0476640683,fixed_alpha,56.0,1.0476640682967038,794.3344256864206,1,4,scaled_0.975,defined,0.09891865382597975,1.3099347893517626,0.16833060045687676,0,0,1.1953343351282034e-17
fixed_alpha_R56_eta1.0476640683,fixed_alpha,56.0,1.0476640682967038,794.3344256864206,1,4,scaled_1,defined,0.11798874979915427,1.3590066894511195,0.15529552456373255,0,0,1.1953343351282034e-17
fixed_alpha_R56_eta1.0476640683,fixed_alpha,56.0,1.0476640682967038,794.3344256864206,1,4,scaled_1.025,defined,0.14037515621080204,1.4204900364245379,0.13935177252678527,0,0,1.1953343351282034e-17
fixed_alpha_R56_eta1.0476640683,fixed_alpha,56.0,1.0476640682967038,794.3344256864206,1,4,scaled_1.05,defined,0.1672593076954314,1.5014677572320172,0.11936641369773615,0,0,1.1953343351282034e-17
fixed_alpha_R56_eta1.0476640683,fixed_alpha,56.0,1.0476640682967038,794.3344256864206,1,4,scaled_1.075,defined,0.20067490108530933,1.6188331266693325,0.09336772991351511,0,0,1.1953343351282034e-17
fixed_alpha_R56_eta1.0476640683,fixed_alpha,56.0,1.0476640682967038,794.3344256864206,1,4,scaled_1.1,defined,0.2452320466249454,1.8727373056608376,0.0568295561986944,0,0,1.1953343351282034e-17
fixed_alpha_R56_eta1.0476640683,fixed_alpha,56.0,1.0476640682967038,794.3344256864206,1,4,scaled_1.15,no_peak_in_valid_interval,,,,0,0,1.1953343351282034e-17
fixed_alpha_R56_eta1.0476640683,fixed_alpha,56.0,1.0476640682967038,794.3344256864206,1,4,scaled_1.2,no_peak_in_valid_interval,,,,0,0,1.1953343351282034e-17
fixed_alpha_R56_eta1.0476640683,fixed_alpha,56.0,1.0476640682967038,794.3344256864206,1,4,physical_frozen,defined,0.14252152583870625,1.4176487168433696,0.13742385629457943,0,0,1.1953343351282034e-17
fixed_alpha_R56_eta1.0476640683,fixed_alpha,56.0,1.0476640682967038,794.3344256864206,1,4,physical_common,defined,-0.004065244624551465,1.0224095461296616,0.28401062675783717,0,0,1.1953343351282034e-17
fixed_alpha_R56_eta1.0476640683,fixed_alpha,56.0,1.0476640682967038,794.3344256864206,1,4,actual_root,root_branch_change,,,,0,15,1.1953343351282034e-17
fixed_alpha_R56_eta1.0476640683,fixed_alpha,56.0,1.0476640682967038,794.3344256864206,1,4,soft_cosine,defined,0.11914917360056243,1.3624863488618983,0.15430021376471403,0,0,1.1953343351282034e-17
fixed_alpha_R56_eta1.0476640683,fixed_alpha,56.0,1.0476640682967038,794.3344256864206,1,6,scaled_0.8,defined,-0.10220588906952191,0.975972023827802,0.33598579635680814,0,0,1.1953343351282034e-17
fixed_alpha_R56_eta1.0476640683,fixed_alpha,56.0,1.0476640682967038,794.3344256864206,1,6,scaled_0.85,defined,-0.08563534276438012,1.0134655920307345,0.3276477065511459,0,0,1.1953343351282034e-17
fixed_alpha_R56_eta1.0476640683,fixed_alpha,56.0,1.0476640682967038,794.3344256864206,1,6,scaled_0.9,defined,-0.06381755467228359,1.0644954157582047,0.3150454362530052,0,0,1.1953343351282034e-17
fixed_alpha_R56_eta1.0476640683,fixed_alpha,56.0,1.0476640682967038,794.3344256864206,1,6,scaled_0.925,defined,-0.05018900526879276,1.09743878290946,0.3064402953739591,0,0,1.1953343351282034e-17
fixed_alpha_R56_eta1.0476640683,fixed_alpha,56.0,1.0476640682967038,794.3344256864206,1,6,scaled_0.95,defined,-0.034115387624100935,1.1374367156304177,0.2956978960002641,0,0,1.1953343351282034e-17
fixed_alpha_R56_eta1.0476640683,fixed_alpha,56.0,1.0476640682967038,794.3344256864206,1,6,scaled_0.975,defined,-0.014858108583150167,1.1871069814261501,0.2821073628660067,0,0,1.1953343351282034e-17
fixed_alpha_R56_eta1.0476640683,fixed_alpha,56.0,1.0476640682967038,794.3344256864206,1,6,scaled_1,defined,0.008708826717600726,1.250710551462291,0.2645754476452861,0,0,1.1953343351282034e-17
fixed_alpha_R56_eta1.0476640683,fixed_alpha,56.0,1.0476640682967038,794.3344256864206,1,6,scaled_1.025,defined,0.03841537137147828,1.3357879127076635,0.24131155736610904,0,0,1.1953343351282034e-17
fixed_alpha_R56_eta1.0476640683,fixed_alpha,56.0,1.0476640682967038,794.3344256864206,1,6,scaled_1.05,defined,0.07748495649639581,1.4572300656218389,0.20914076489677175,0,0,1.1953343351282034e-17
fixed_alpha_R56_eta1.0476640683,fixed_alpha,56.0,1.0476640682967038,794.3344256864206,1,6,scaled_1.075,defined,0.13213681146204498,1.648208737489393,0.16190581953677946,0,0,1.1953343351282034e-17
fixed_alpha_R56_eta1.0476640683,fixed_alpha,56.0,1.0476640682967038,794.3344256864206,1,6,scaled_1.1,defined,0.21411211318280454,1.963905324258643,0.08794948964083527,0,0,1.1953343351282034e-17
fixed_alpha_R56_eta1.0476640683,fixed_alpha,56.0,1.0476640682967038,794.3344256864206,1,6,scaled_1.15,defined,0.472478983174316,2.4198366584955777,-0.15193049332426378,0,0,1.1953343351282034e-17
fixed_alpha_R56_eta1.0476640683,fixed_alpha,56.0,1.0476640682967038,794.3344256864206,1,6,scaled_1.2,defined,0.8077298316322564,2.6497474159458676,,0,0,1.1953343351282034e-17
fixed_alpha_R56_eta1.0476640683,fixed_alpha,56.0,1.0476640682967038,794.3344256864206,1,6,physical_frozen,defined,0.04341894003484659,1.3273480322592444,0.2365264420984391,0,0,1.1953343351282034e-17
fixed_alpha_R56_eta1.0476640683,fixed_alpha,56.0,1.0476640682967038,794.3344256864206,1,6,physical_common,defined,-0.07818875085623798,0.9113471106928188,0.3581341329895237,0,0,1.1953343351282034e-17
fixed_alpha_R56_eta1.0476640683,fixed_alpha,56.0,1.0476640682967038,794.3344256864206,1,6,actual_root,root_branch_change,,,,0,50,1.1953343351282034e-17
fixed_alpha_R56_eta1.0476640683,fixed_alpha,56.0,1.0476640682967038,794.3344256864206,1,6,soft_cosine,defined,0.010721692294606289,1.2569431906562754,0.2627276950706702,0,0,1.1953343351282034e-17
fixed_alpha_R96_eta0.391918358845,fixed_alpha,96.0,0.39191835884530846,794.3344256864206,1,1,scaled_0.8,defined,0.06983126984895403,1.0306404081773815,0.0,0,0,9.869777194404822e-16
fixed_alpha_R96_eta0.391918358845,fixed_alpha,96.0,0.39191835884530846,794.3344256864206,1,1,scaled_0.85,defined,0.07105834988722858,1.0331164354421545,0.0,0,0,9.869777194404822e-16
fixed_alpha_R96_eta0.391918358845,fixed_alpha,96.0,0.39191835884530846,794.3344256864206,1,1,scaled_0.9,defined,0.0724129947331934,1.0358887992654906,0.0,0,0,9.869777194404822e-16
fixed_alpha_R96_eta0.391918358845,fixed_alpha,96.0,0.39191835884530846,794.3344256864206,1,1,scaled_0.925,defined,0.0731419868427633,1.0373981771527694,0.0,0,0,9.869777194404822e-16
fixed_alpha_R96_eta0.391918358845,fixed_alpha,96.0,0.39191835884530846,794.3344256864206,1,1,scaled_0.95,defined,0.07390769449576798,1.0389970837185887,0.0,0,0,9.869777194404822e-16
fixed_alpha_R96_eta0.391918358845,fixed_alpha,96.0,0.39191835884530846,794.3344256864206,1,1,scaled_0.975,defined,0.07471197748994575,1.0406917738958328,0.0,0,0,9.869777194404822e-16
fixed_alpha_R96_eta0.391918358845,fixed_alpha,96.0,0.39191835884530846,794.3344256864206,1,1,scaled_1,defined,0.07555683585232172,1.0424891561505154,0.0,0,0,9.869777194404822e-16
fixed_alpha_R96_eta0.391918358845,fixed_alpha,96.0,0.39191835884530846,794.3344256864206,1,1,scaled_1.025,defined,0.07644442323944402,1.0443968804646067,0.0,0,0,9.869777194404822e-16
fixed_alpha_R96_eta0.391918358845,fixed_alpha,96.0,0.39191835884530846,794.3344256864206,1,1,scaled_1.05,defined,0.07737706202329835,1.046423441370182,0.0,0,0,9.869777194404822e-16
fixed_alpha_R96_eta0.391918358845,fixed_alpha,96.0,0.39191835884530846,794.3344256864206,1,1,scaled_1.075,defined,0.07835726042655873,1.0485782994809882,0.0,0,0,9.869777194404822e-16
fixed_alpha_R96_eta0.391918358845,fixed_alpha,96.0,0.39191835884530846,794.3344256864206,1,1,scaled_1.1,defined,0.07938773231076876,1.0508720688908169,0.0,0,0,9.869777194404822e-16
fixed_alpha_R96_eta0.391918358845,fixed_alpha,96.0,0.39191835884530846,794.3344256864206,1,1,scaled_1.15,defined,0.0816115254338643,1.0559269803030344,0.0,0,0,9.869777194404822e-16
fixed_alpha_R96_eta0.391918358845,fixed_alpha,96.0,0.39191835884530846,794.3344256864206,1,1,scaled_1.2,defined,0.08407525268692627,1.061704239746119,0.0,0,0,9.869777194404822e-16
fixed_alpha_R96_eta0.391918358845,fixed_alpha,96.0,0.39191835884530846,794.3344256864206,1,1,physical_frozen,defined,0.07607005454847081,1.0432384132627328,0.0,0,0,9.869777194404822e-16
fixed_alpha_R96_eta0.391918358845,fixed_alpha,96.0,0.39191835884530846,794.3344256864206,1,1,physical_common,defined,0.07607005454847081,1.0432384132627328,0.0,0,0,9.869777194404822e-16
fixed_alpha_R96_eta0.391918358845,fixed_alpha,96.0,0.39191835884530846,794.3344256864206,1,1,actual_root,defined,0.0765146947322362,1.0449784115739391,0.0,0,0,9.869777194404822e-16
fixed_alpha_R96_eta0.391918358845,fixed_alpha,96.0,0.39191835884530846,794.3344256864206,1,1,soft_cosine,defined,0.07559203238628182,1.0425539305849403,0.0,0,0,9.869777194404822e-16
fixed_alpha_R96_eta0.391918358845,fixed_alpha,96.0,0.39191835884530846,794.3344256864206,1,2,scaled_0.8,defined,0.04636231764285334,1.0060805653161886,0.023468952206100693,0,0,9.869777194404822e-16
fixed_alpha_R96_eta0.391918358845,fixed_alpha,96.0,0.39191835884530846,794.3344256864206,1,2,scaled_0.85,defined,0.047940878982485495,1.0100273733687655,0.02311747090474308,0,0,9.869777194404822e-16
fixed_alpha_R96_eta0.391918358845,fixed_alpha,96.0,0.39191835884530846,794.3344256864206,1,2,scaled_0.9,defined,0.049763961639140805,1.0146967244494112,0.022649033094052598,0,0,9.869777194404822e-16
fixed_alpha_R96_eta0.391918358845,fixed_alpha,96.0,0.39191835884530846,794.3344256864206,1,2,scaled_0.925,defined,0.050779219199653815,1.017352885056539,0.02236276764310948,0,0,9.869777194404822e-16
fixed_alpha_R96_eta0.391918358845,fixed_alpha,96.0,0.39191835884530846,794.3344256864206,1,2,scaled_0.95,defined,0.051870958517782034,1.0202566405103757,0.022036735977985944,0,0,9.869777194404822e-16
fixed_alpha_R96_eta0.391918358845,fixed_alpha,96.0,0.39191835884530846,794.3344256864206,1,2,scaled_0.975,defined,0.05304536872424262,1.0234380613826137,0.02166660876570313,0,0,9.869777194404822e-16
fixed_alpha_R96_eta0.391918358845,fixed_alpha,96.0,0.39191835884530846,794.3344256864206,1,2,scaled_1,defined,0.05430928186672804,1.0269326112772998,0.02124755398559368,0,0,9.869777194404822e-16
fixed_alpha_R96_eta0.391918358845,fixed_alpha,96.0,0.39191835884530846,794.3344256864206,1,2,scaled_1.025,defined,0.055670277145167896,1.0307831794759577,0.020774146094276122,0,0,9.869777194404822e-16
fixed_alpha_R96_eta0.391918358845,fixed_alpha,96.0,0.39191835884530846,794.3344256864206,1,2,scaled_1.05,defined,0.057136811102078244,1.0350400391039916,0.0202402509212201,0,0,9.869777194404822e-16
fixed_alpha_R96_eta0.391918358845,fixed_alpha,96.0,0.39191835884530846,794.3344256864206,1,2,scaled_1.075,defined,0.05871838415371436,1.0397635607446427,0.01963887627284437,0,0,9.869777194404822e-16
fixed_alpha_R96_eta0.391918358845,fixed_alpha,96.0,0.39191835884530846,794.3344256864206,1,2,scaled_1.1,defined,0.060425768108624794,1.0450272196479637,0.018961964202143966,0,0,9.869777194404822e-16
fixed_alpha_R96_eta0.391918358845,fixed_alpha,96.0,0.39191835884530846,794.3344256864206,1,2,scaled_1.15,defined,0.0642694684276901,1.0575628005545499,0.017342057006174194,0,0,9.869777194404822e-16
fixed_alpha_R96_eta0.391918358845,fixed_alpha,96.0,0.39191835884530846,794.3344256864206,1,2,scaled_1.2,defined,0.06879614865030548,1.0737135834855849,0.015279104036620791,0,0,9.869777194404822e-16
fixed_alpha_R96_eta0.391918358845,fixed_alpha,96.0,0.39191835884530846,794.3344256864206,1,2,physical_frozen,defined,0.05530355634863268,1.028394418589551,0.020766498199838127,0,0,9.869777194404822e-16
fixed_alpha_R96_eta0.391918358845,fixed_alpha,96.0,0.39191835884530846,794.3344256864206,1,2,physical_common,defined,0.05246258009418442,1.003239814703793,0.02360747445428639,0,0,9.869777194404822e-16
fixed_alpha_R96_eta0.391918358845,fixed_alpha,96.0,0.39191835884530846,794.3344256864206,1,2,actual_root,defined,0.05567603038666591,1.031415269764898,0.020838664345570287,0,0,9.869777194404822e-16
fixed_alpha_R96_eta0.391918358845,fixed_alpha,96.0,0.39191835884530846,794.3344256864206,1,2,soft_cosine,defined,0.05433794105256101,1.0270450826414594,0.021254091333720804,0,0,9.869777194404822e-16
fixed_alpha_R96_eta0.391918358845,fixed_alpha,96.0,0.39191835884530846,794.3344256864206,1,4,scaled_0.8,defined,0.002938113409979776,0.9626987265023548,0.06689315643897426,0,0,9.869777194404822e-16
fixed_alpha_R96_eta0.391918358845,fixed_alpha,96.0,0.39191835884530846,794.3344256864206,1,4,scaled_0.85,defined,0.0028790635814776415,0.9666143506138716,0.06817928630575093,0,0,9.869777194404822e-16
fixed_alpha_R96_eta0.391918358845,fixed_alpha,96.0,0.39191835884530846,794.3344256864206,1,4,scaled_0.9,defined,0.0031183692719502117,0.9721663075646473,0.0692946254612432,0,0,9.869777194404822e-16
fixed_alpha_R96_eta0.391918358845,fixed_alpha,96.0,0.39191835884530846,794.3344256864206,1,4,scaled_0.925,defined,0.0033716794284882508,0.9757496936049158,0.06977030741427505,0,0,9.869777194404822e-16
fixed_alpha_R96_eta0.391918358845,fixed_alpha,96.0,0.39191835884530846,794.3344256864206,1,4,scaled_0.95,defined,0.003726507156289749,0.9800149801185558,0.07018118733947823,0,0,9.869777194404822e-16
fixed_alpha_R96_eta0.391918358845,fixed_alpha,96.0,0.39191835884530846,794.3344256864206,1,4,scaled_0.975,defined,0.004192590093746507,0.9851071670305017,0.07051938739619924,0,0,9.869777194404822e-16
fixed_alpha_R96_eta0.391918358845,fixed_alpha,96.0,0.39191835884530846,794.3344256864206,1,4,scaled_1,defined,0.004780003127516031,0.9912147074672306,0.07077683272480569,0,0,9.869777194404822e-16
fixed_alpha_R96_eta0.391918358845,fixed_alpha,96.0,0.39191835884530846,794.3344256864206,1,4,scaled_1.025,defined,0.005499330977484451,0.9985891386323378,0.07094509226195957,0,0,9.869777194404822e-16
fixed_alpha_R96_eta0.391918358845,fixed_alpha,96.0,0.39191835884530846,794.3344256864206,1,4,scaled_1.05,defined,0.006362318168059546,1.0075789550117722,0.0710147438552388,0,0,9.869777194404822e-16
fixed_alpha_R96_eta0.391918358845,fixed_alpha,96.0,0.39191835884530846,794.3344256864206,1,4,scaled_1.075,defined,0.007383806387671443,1.018684256645917,0.07097345403888729,0,0,9.869777194404822e-16
fixed_alpha_R96_eta0.391918358845,fixed_alpha,96.0,0.39191835884530846,794.3344256864206,1,4,scaled_1.1,defined,0.008586740751059141,1.0326448047053256,0.07080099155970962,0,0,9.869777194404822e-16
fixed_alpha_R96_eta0.391918358845,fixed_alpha,96.0,0.39191835884530846,794.3344256864206,1,4,scaled_1.15,defined,0.011771438487440916,1.0746772034930678,0.06984008694642338,0,0,9.869777194404822e-16
fixed_alpha_R96_eta0.391918358845,fixed_alpha,96.0,0.39191835884530846,794.3344256864206,1,4,scaled_1.2,defined,0.01781251584380112,1.1608687407806457,0.06626273684312514,0,0,9.869777194404822e-16
fixed_alpha_R96_eta0.391918358845,fixed_alpha,96.0,0.39191835884530846,794.3344256864206,1,4,physical_frozen,defined,0.006537025173870337,0.9937992670587665,0.06953302937460047,0,0,9.869777194404822e-16
fixed_alpha_R96_eta0.391918358845,fixed_alpha,96.0,0.39191835884530846,794.3344256864206,1,4,physical_common,defined,0.03556752898226223,0.9759152448483119,0.04050252556620858,0,0,9.869777194404822e-16
fixed_alpha_R96_eta0.391918358845,fixed_alpha,96.0,0.39191835884530846,794.3344256864206,1,4,actual_root,defined,0.0054109313891712585,0.997971577488427,0.07110376334306494,2,0,9.869777194404822e-16
fixed_alpha_R96_eta0.391918358845,fixed_alpha,96.0,0.39191835884530846,794.3344256864206,1,4,soft_cosine,defined,0.004810520751003633,0.9916411748765409,0.07078151163527818,0,0,9.869777194404822e-16
fixed_alpha_R96_eta0.391918358845,fixed_alpha,96.0,0.39191835884530846,794.3344256864206,1,6,scaled_0.8,defined,-0.03411243277910225,0.9287822080024171,0.10394370262805629,0,0,9.869777194404822e-16
fixed_alpha_R96_eta0.391918358845,fixed_alpha,96.0,0.39191835884530846,794.3344256864206,1,6,scaled_0.85,defined,-0.03858183014368345,0.9290266099453416,0.10964018003091203,0,0,9.869777194404822e-16
fixed_alpha_R96_eta0.391918358845,fixed_alpha,96.0,0.39191835884530846,794.3344256864206,1,6,scaled_0.9,defined,-0.04300484157952985,0.9316867266533346,0.11541783631272326,0,0,9.869777194404822e-16
fixed_alpha_R96_eta0.391918358845,fixed_alpha,96.0,0.39191835884530846,794.3344256864206,1,6,scaled_0.925,defined,-0.0452021240800462,0.9343100092763122,0.1183441109228095,0,0,9.869777194404822e-16
fixed_alpha_R96_eta0.391918358845,fixed_alpha,96.0,0.39191835884530846,794.3344256864206,1,6,scaled_0.95,defined,-0.04740186186098094,0.938105169933191,0.12130955635674892,0,0,9.869777194404822e-16
fixed_alpha_R96_eta0.391918358845,fixed_alpha,96.0,0.39191835884530846,794.3344256864206,1,6,scaled_0.975,defined,-0.049623748698567,0.9434143462075557,0.12433572618851274,0,0,9.869777194404822e-16
fixed_alpha_R96_eta0.391918358845,fixed_alpha,96.0,0.39191835884530846,794.3344256864206,1,6,scaled_1,defined,-0.05190038178659518,0.9507279794953537,0.1274572176389169,0,0,9.869777194404822e-16
fixed_alpha_R96_eta0.391918358845,fixed_alpha,96.0,0.39191835884530846,794.3344256864206,1,6,scaled_1.025,defined,-0.05428137002816814,0.9607890220444072,0.13072579326761216,0,0,9.869777194404822e-16
fixed_alpha_R96_eta0.391918358845,fixed_alpha,96.0,0.39191835884530846,794.3344256864206,1,6,scaled_1.05,defined,-0.05683509740767079,0.9747874596905135,0.13421215943096915,0,0,9.869777194404822e-16
fixed_alpha_R96_eta0.391918358845,fixed_alpha,96.0,0.39191835884530846,794.3344256864206,1,6,scaled_1.075,defined,-0.05963747839494038,0.9948046212721494,0.1379947388214991,0,0,9.869777194404822e-16
fixed_alpha_R96_eta0.391918358845,fixed_alpha,96.0,0.39191835884530846,794.3344256864206,1,6,scaled_1.1,defined,-0.06270418275607827,1.0249484845186365,0.14209191506684704,0,0,9.869777194404822e-16
fixed_alpha_R96_eta0.391918358845,fixed_alpha,96.0,0.39191835884530846,794.3344256864206,1,6,scaled_1.15,defined,-0.06594624891064904,1.1798183658795183,0.14755777434451334,0,0,9.869777194404822e-16
fixed_alpha_R96_eta0.391918358845,fixed_alpha,96.0,0.39191835884530846,794.3344256864206,1,6,scaled_1.2,defined,0.22254864759144477,2.1521931035439237,-0.1384733949045185,0,0,9.869777194404822e-16
fixed_alpha_R96_eta0.391918358845,fixed_alpha,96.0,0.39191835884530846,794.3344256864206,1,6,physical_frozen,defined,-0.04966283110602134,0.9539039197245444,0.12573288565449214,0,0,9.869777194404822e-16
fixed_alpha_R96_eta0.391918358845,fixed_alpha,96.0,0.39191835884530846,794.3344256864206,1,6,physical_common,defined,0.048992609311795096,0.9938644762004035,0.027077445236675712,0,0,9.869777194404822e-16
fixed_alpha_R96_eta0.391918358845,fixed_alpha,96.0,0.39191835884530846,794.3344256864206,1,6,actual_root,defined,-0.05377825815480643,0.9576683468705836,0.13029295288704262,4,0,9.869777194404822e-16
fixed_alpha_R96_eta0.391918358845,fixed_alpha,96.0,0.39191835884530846,794.3344256864206,1,6,soft_cosine,defined,-0.05199181837626043,0.9516220138131074,0.12758385076254225,0,0,9.869777194404822e-16
fixed_alpha_R96_eta0.783836717691,fixed_alpha,96.0,0.7838367176906169,794.3344256864206,1,1,scaled_0.8,defined,0.16478288051832296,1.2242800163667775,0.0,0,0,8.54123012165468e-18
fixed_alpha_R96_eta0.783836717691,fixed_alpha,96.0,0.7838367176906169,794.3344256864206,1,1,scaled_0.85,defined,0.1688335667552788,1.2318990706049842,0.0,0,0,8.54123012165468e-18
fixed_alpha_R96_eta0.783836717691,fixed_alpha,96.0,0.7838367176906169,794.3344256864206,1,1,scaled_0.9,defined,0.17330930353429042,1.240417345823905,0.0,0,0,8.54123012165468e-18
fixed_alpha_R96_eta0.783836717691,fixed_alpha,96.0,0.7838367176906169,794.3344256864206,1,1,scaled_0.925,defined,0.17572116000515048,1.2450510895468236,0.0,0,0,8.54123012165468e-18
fixed_alpha_R96_eta0.783836717691,fixed_alpha,96.0,0.7838367176906169,794.3344256864206,1,1,scaled_0.95,defined,0.1782579263619674,1.2499576709969114,0.0,0,0,8.54123012165468e-18
fixed_alpha_R96_eta0.783836717691,fixed_alpha,96.0,0.7838367176906169,794.3344256864206,1,1,scaled_0.975,defined,0.18092712793958543,1.2551588034211387,0.0,0,0,8.54123012165468e-18
fixed_alpha_R96_eta0.783836717691,fixed_alpha,96.0,0.7838367176906169,794.3344256864206,1,1,scaled_1,defined,0.1837370761231271,1.2606789648836454,0.0,0,0,8.54123012165468e-18
fixed_alpha_R96_eta0.783836717691,fixed_alpha,96.0,0.7838367176906169,794.3344256864206,1,1,scaled_1.025,defined,0.18669696539675132,1.2665433694283372,0.0,0,0,8.54123012165468e-18
fixed_alpha_R96_eta0.783836717691,fixed_alpha,96.0,0.7838367176906169,794.3344256864206,1,1,scaled_1.05,defined,0.18981699277459932,1.2727802328106825,0.0,0,0,8.54123012165468e-18
fixed_alpha_R96_eta0.783836717691,fixed_alpha,96.0,0.7838367176906169,794.3344256864206,1,1,scaled_1.075,defined,0.19310850470491694,1.2794227787295869,0.0,0,0,8.54123012165468e-18
fixed_alpha_R96_eta0.783836717691,fixed_alpha,96.0,0.7838367176906169,794.3344256864206,1,1,scaled_1.1,defined,0.19658419628790372,1.2865125427438115,0.0,0,0,8.54123012165468e-18
fixed_alpha_R96_eta0.783836717691,fixed_alpha,96.0,0.7838367176906169,794.3344256864206,1,1,scaled_1.15,defined,0.20414692141166194,1.302209036816869,0.0,0,0,8.54123012165468e-18
fixed_alpha_R96_eta0.783836717691,fixed_alpha,96.0,0.7838367176906169,794.3344256864206,1,1,scaled_1.2,defined,0.2126428423587469,1.3203143489879703,0.0,0,0,8.54123012165468e-18
fixed_alpha_R96_eta0.783836717691,fixed_alpha,96.0,0.7838367176906169,794.3344256864206,1,1,physical_frozen,defined,0.1853224749969696,1.2635191817750286,0.0,0,0,8.54123012165468e-18
fixed_alpha_R96_eta0.783836717691,fixed_alpha,96.0,0.7838367176906169,794.3344256864206,1,1,physical_common,defined,0.1853224749969696,1.2635191817750286,0.0,0,0,8.54123012165468e-18
fixed_alpha_R96_eta0.783836717691,fixed_alpha,96.0,0.7838367176906169,794.3344256864206,1,1,actual_root,defined,0.19173657312834844,1.2821886054913596,0.0,0,0,8.54123012165468e-18
fixed_alpha_R96_eta0.783836717691,fixed_alpha,96.0,0.7838367176906169,794.3344256864206,1,1,soft_cosine,defined,0.18382221706704766,1.2608105545648134,0.0,0,0,8.54123012165468e-18
fixed_alpha_R96_eta0.783836717691,fixed_alpha,96.0,0.7838367176906169,794.3344256864206,1,2,scaled_0.8,defined,0.1248566534323963,1.1704511744325967,0.03992622708592666,0,0,8.54123012165468e-18
fixed_alpha_R96_eta0.783836717691,fixed_alpha,96.0,0.7838367176906169,794.3344256864206,1,2,scaled_0.85,defined,0.13186831644054886,1.1837562181213925,0.03696525031472994,0,0,8.54123012165468e-18
fixed_alpha_R96_eta0.783836717691,fixed_alpha,96.0,0.7838367176906169,794.3344256864206,1,2,scaled_0.9,defined,0.13986688411001824,1.1992445879450115,0.033442419424272174,0,0,8.54123012165468e-18
fixed_alpha_R96_eta0.783836717691,fixed_alpha,96.0,0.7838367176906169,794.3344256864206,1,2,scaled_0.925,defined,0.1442935246697632,1.2079633857960361,0.03142763533538728,0,0,8.54123012165468e-18
fixed_alpha_R96_eta0.783836717691,fixed_alpha,96.0,0.7838367176906169,794.3344256864206,1,2,scaled_0.95,defined,0.1490426508140051,1.2174418829694236,0.0292152755479623,0,0,8.54123012165468e-18
fixed_alpha_R96_eta0.783836717691,fixed_alpha,96.0,0.7838367176906169,794.3344256864206,1,2,scaled_0.975,defined,0.15414814994753864,1.2277754851187292,0.026778977992046787,0,0,8.54123012165468e-18
fixed_alpha_R96_eta0.783836717691,fixed_alpha,96.0,0.7838367176906169,794.3344256864206,1,2,scaled_1,defined,0.1596497346607966,1.2390893264731433,0.02408734146233049,0,0,8.54123012165468e-18
fixed_alpha_R96_eta0.783836717691,fixed_alpha,96.0,0.7838367176906169,794.3344256864206,1,2,scaled_1.025,defined,0.16559440550217264,1.251526959758387,0.021102559894578682,0,0,8.54123012165468e-18
fixed_alpha_R96_eta0.783836717691,fixed_alpha,96.0,0.7838367176906169,794.3344256864206,1,2,scaled_1.05,defined,0.1720382759388246,1.2652734555641987,0.017778716835774727,0,0,8.54123012165468e-18
fixed_alpha_R96_eta0.783836717691,fixed_alpha,96.0,0.7838367176906169,794.3344256864206,1,2,scaled_1.075,defined,0.1790492270678281,1.2805539184822823,0.014059277637088835,0,0,8.54123012165468e-18
fixed_alpha_R96_eta0.783836717691,fixed_alpha,96.0,0.7838367176906169,794.3344256864206,1,2,scaled_1.1,defined,0.18671042689210718,1.2976653818997153,0.009873769395796539,0,0,8.54123012165468e-18
fixed_alpha_R96_eta0.783836717691,fixed_alpha,96.0,0.7838367176906169,794.3344256864206,1,2,scaled_1.15,defined,0.2044255258579686,1.3390283817406758,-0.0002786044463066739,0,0,8.54123012165468e-18
fixed_alpha_R96_eta0.783836717691,fixed_alpha,96.0,0.7838367176906169,794.3344256864206,1,2,scaled_1.2,defined,0.22641846662030263,1.3944298270272093,-0.013775624261555736,0,0,8.54123012165468e-18
fixed_alpha_R96_eta0.783836717691,fixed_alpha,96.0,0.7838367176906169,794.3344256864206,1,2,physical_frozen,defined,0.16293352173086073,1.244971571557287,0.022388953266108874,0,0,8.54123012165468e-18
fixed_alpha_R96_eta0.783836717691,fixed_alpha,96.0,0.7838367176906169,794.3344256864206,1,2,physical_common,defined,0.1167738321624571,1.1437199526146524,0.06854864283451251,0,0,8.54123012165468e-18
fixed_alpha_R96_eta0.783836717691,fixed_alpha,96.0,0.7838367176906169,794.3344256864206,1,2,actual_root,defined,0.17582422736708972,1.2862440017391692,0.015912345761258717,0,0,8.54123012165468e-18
fixed_alpha_R96_eta0.783836717691,fixed_alpha,96.0,0.7838367176906169,794.3344256864206,1,2,soft_cosine,defined,0.1598108643540458,1.239480562325253,0.024011352713001866,0,0,8.54123012165468e-18
fixed_alpha_R96_eta0.783836717691,fixed_alpha,96.0,0.7838367176906169,794.3344256864206,1,4,scaled_0.8,defined,0.04993263829666357,1.0750059104035783,0.11485024222165939,0,0,8.54123012165468e-18
fixed_alpha_R96_eta0.783836717691,fixed_alpha,96.0,0.7838367176906169,794.3344256864206,1,4,scaled_0.85,defined,0.05994527518463366,1.0948727700786223,0.10888829157064514,0,0,8.54123012165468e-18
fixed_alpha_R96_eta0.783836717691,fixed_alpha,96.0,0.7838367176906169,794.3344256864206,1,4,scaled_0.9,defined,0.07204782998047421,1.1196320900834753,0.1012614735538162,0,0,8.54123012165468e-18
fixed_alpha_R96_eta0.783836717691,fixed_alpha,96.0,0.7838367176906169,794.3344256864206,1,4,scaled_0.925,defined,0.07908053997779807,1.134418510151236,0.09664062002735241,0,0,8.54123012165468e-18
fixed_alpha_R96_eta0.783836717691,fixed_alpha,96.0,0.7838367176906169,794.3344256864206,1,4,scaled_0.95,defined,0.08691197122665878,1.1512514949185897,0.09134595513530863,0,0,8.54123012165468e-18
fixed_alpha_R96_eta0.783836717691,fixed_alpha,96.0,0.7838367176906169,794.3344256864206,1,4,scaled_0.975,defined,0.09568746307840265,1.170595300097012,0.08523966486118278,0,0,8.54123012165468e-18
fixed_alpha_R96_eta0.783836717691,fixed_alpha,96.0,0.7838367176906169,794.3344256864206,1,4,scaled_1,defined,0.10559672039467838,1.193081251342772,0.07814035572844871,0,0,8.54123012165468e-18
fixed_alpha_R96_eta0.783836717691,fixed_alpha,96.0,0.7838367176906169,794.3344256864206,1,4,scaled_1.025,defined,0.11689450116558153,1.219603247410118,0.06980246423116979,0,0,8.54123012165468e-18
fixed_alpha_R96_eta0.783836717691,fixed_alpha,96.0,0.7838367176906169,794.3344256864206,1,4,scaled_1.05,defined,0.12993501862665635,1.2514734206534182,0.05988197414794297,0,0,8.54123012165468e-18
fixed_alpha_R96_eta0.783836717691,fixed_alpha,96.0,0.7838367176906169,794.3344256864206,1,4,scaled_1.075,defined,0.1452326741330553,1.2907367047786587,0.04787583057186165,0,0,8.54123012165468e-18
fixed_alpha_R96_eta0.783836717691,fixed_alpha,96.0,0.7838367176906169,794.3344256864206,1,4,scaled_1.1,defined,0.16357773766159034,1.3408151581921797,0.03300645862631338,0,0,8.54123012165468e-18
fixed_alpha_R96_eta0.783836717691,fixed_alpha,96.0,0.7838367176906169,794.3344256864206,1,4,scaled_1.15,defined,0.21577835332593714,1.507413815575243,-0.011631431914275209,0,0,8.54123012165468e-18
fixed_alpha_R96_eta0.783836717691,fixed_alpha,96.0,0.7838367176906169,794.3344256864206,1,4,scaled_1.2,no_peak_in_valid_interval,,,,0,0,8.54123012165468e-18
fixed_alpha_R96_eta0.783836717691,fixed_alpha,96.0,0.7838367176906169,794.3344256864206,1,4,physical_frozen,defined,0.11225996246097014,1.2050139334442098,0.07306251253599946,0,0,8.54123012165468e-18
fixed_alpha_R96_eta0.783836717691,fixed_alpha,96.0,0.7838367176906169,794.3344256864206,1,4,physical_common,defined,0.03614979041740317,1.0175748109261924,0.14917268457956645,0,0,8.54123012165468e-18
fixed_alpha_R96_eta0.783836717691,fixed_alpha,96.0,0.7838367176906169,794.3344256864206,1,4,actual_root,defined,0.1375481864915355,1.3068503006354193,0.05418838663681294,0,0,8.54123012165468e-18
fixed_alpha_R96_eta0.783836717691,fixed_alpha,96.0,0.7838367176906169,794.3344256864206,1,4,soft_cosine,defined,0.10610337237884876,1.194449793060932,0.0777188446881989,0,0,8.54123012165468e-18
fixed_alpha_R96_eta0.783836717691,fixed_alpha,96.0,0.7838367176906169,794.3344256864206,1,6,scaled_0.8,defined,-0.016480401051340063,0.9958677895922303,0.18126328156966304,0,0,8.54123012165468e-18
fixed_alpha_R96_eta0.783836717691,fixed_alpha,96.0,0.7838367176906169,794.3344256864206,1,6,scaled_0.85,defined,-0.006688449485210277,1.0174724609497054,0.17552201624048908,0,0,8.54123012165468e-18
fixed_alpha_R96_eta0.783836717691,fixed_alpha,96.0,0.7838367176906169,794.3344256864206,1,6,scaled_0.9,defined,0.006026361369804065,1.046357018585523,0.16728294216448636,0,0,8.54123012165468e-18
fixed_alpha_R96_eta0.783836717691,fixed_alpha,96.0,0.7838367176906169,794.3344256864206,1,6,scaled_0.925,defined,0.013842079569905371,1.0646371792061122,0.1618790804352451,0,0,8.54123012165468e-18
fixed_alpha_R96_eta0.783836717691,fixed_alpha,96.0,0.7838367176906169,794.3344256864206,1,6,scaled_0.95,defined,0.022917197341790044,1.0864076234195823,0.15534072902017737,0,0,8.54123012165468e-18
fixed_alpha_R96_eta0.783836717691,fixed_alpha,96.0,0.7838367176906169,794.3344256864206,1,6,scaled_0.975,defined,0.033568345923622296,1.1127524352369704,0.14735878201596314,0,0,8.54123012165468e-18
fixed_alpha_R96_eta0.783836717691,fixed_alpha,96.0,0.7838367176906169,794.3344256864206,1,6,scaled_1,defined,0.046251717552124504,1.1453103374398055,0.13748535857100258,0,0,8.54123012165468e-18
fixed_alpha_R96_eta0.783836717691,fixed_alpha,96.0,0.7838367176906169,794.3344256864206,1,6,scaled_1.025,defined,0.06166213368458381,1.1867185798637838,0.1250348317121675,0,0,8.54123012165468e-18
fixed_alpha_R96_eta0.783836717691,fixed_alpha,96.0,0.7838367176906169,794.3344256864206,1,6,scaled_1.05,defined,0.08093784919432853,1.2416090758845206,0.10887914358027079,0,0,8.54123012165468e-18
fixed_alpha_R96_eta0.783836717691,fixed_alpha,96.0,0.7838367176906169,794.3344256864206,1,6,scaled_1.075,defined,0.10613841715957828,1.3191907423629934,0.08697008754533866,0,0,8.54123012165468e-18
fixed_alpha_R96_eta0.783836717691,fixed_alpha,96.0,0.7838367176906169,794.3344256864206,1,6,scaled_1.1,defined,0.14158467674950495,1.4420838423201467,0.05499951953839877,0,0,8.54123012165468e-18
fixed_alpha_R96_eta0.783836717691,fixed_alpha,96.0,0.7838367176906169,794.3344256864206,1,6,scaled_1.15,defined,0.5038180815044082,4.0591030034476905,-0.2996711600927463,0,0,8.54123012165468e-18
fixed_alpha_R96_eta0.783836717691,fixed_alpha,96.0,0.7838367176906169,794.3344256864206,1,6,scaled_1.2,defined,0.7133302200711023,2.532378546416869,-0.5006873777123554,0,0,8.54123012165468e-18
fixed_alpha_R96_eta0.783836717691,fixed_alpha,96.0,0.7838367176906169,794.3344256864206,1,6,physical_frozen,defined,0.05610273900492676,1.1629719763654052,0.12921973599204284,0,0,8.54123012165468e-18
fixed_alpha_R96_eta0.783836717691,fixed_alpha,96.0,0.7838367176906169,794.3344256864206,1,6,physical_common,defined,-0.005718402339662868,0.9556001279926487,0.19104087733663247,0,0,8.54123012165468e-18
fixed_alpha_R96_eta0.783836717691,fixed_alpha,96.0,0.7838367176906169,794.3344256864206,1,6,actual_root,defined,0.09506196867631156,1.4267874342565066,0.09667460445203688,0,0,8.54123012165468e-18
fixed_alpha_R96_eta0.783836717691,fixed_alpha,96.0,0.7838367176906169,794.3344256864206,1,6,soft_cosine,defined,0.047158532021591454,1.1480759204572915,0.1366636850454562,0,0,8.54123012165468e-18
fixed_alpha_R96_eta1.37171425596,fixed_alpha,96.0,1.3717142559585798,794.3344256864206,1,1,scaled_0.8,no_peak_in_valid_interval,,,,0,0,3.5980728244407003e-19
fixed_alpha_R96_eta1.37171425596,fixed_alpha,96.0,1.3717142559585798,794.3344256864206,1,1,scaled_0.85,no_peak_in_valid_interval,,,,0,0,3.5980728244407003e-19
fixed_alpha_R96_eta1.37171425596,fixed_alpha,96.0,1.3717142559585798,794.3344256864206,1,1,scaled_0.9,no_peak_in_valid_interval,,,,0,0,3.5980728244407003e-19
fixed_alpha_R96_eta1.37171425596,fixed_alpha,96.0,1.3717142559585798,794.3344256864206,1,1,scaled_0.925,no_peak_in_valid_interval,,,,0,0,3.5980728244407003e-19
fixed_alpha_R96_eta1.37171425596,fixed_alpha,96.0,1.3717142559585798,794.3344256864206,1,1,scaled_0.95,no_peak_in_valid_interval,,,,0,0,3.5980728244407003e-19
fixed_alpha_R96_eta1.37171425596,fixed_alpha,96.0,1.3717142559585798,794.3344256864206,1,1,scaled_0.975,no_peak_in_valid_interval,,,,0,0,3.5980728244407003e-19
fixed_alpha_R96_eta1.37171425596,fixed_alpha,96.0,1.3717142559585798,794.3344256864206,1,1,scaled_1,no_peak_in_valid_interval,,,,0,0,3.5980728244407003e-19
fixed_alpha_R96_eta1.37171425596,fixed_alpha,96.0,1.3717142559585798,794.3344256864206,1,1,scaled_1.025,no_peak_in_valid_interval,,,,0,0,3.5980728244407003e-19
fixed_alpha_R96_eta1.37171425596,fixed_alpha,96.0,1.3717142559585798,794.3344256864206,1,1,scaled_1.05,no_peak_in_valid_interval,,,,0,0,3.5980728244407003e-19
fixed_alpha_R96_eta1.37171425596,fixed_alpha,96.0,1.3717142559585798,794.3344256864206,1,1,scaled_1.075,no_peak_in_valid_interval,,,,0,0,3.5980728244407003e-19
fixed_alpha_R96_eta1.37171425596,fixed_alpha,96.0,1.3717142559585798,794.3344256864206,1,1,scaled_1.1,no_peak_in_valid_interval,,,,0,0,3.5980728244407003e-19
fixed_alpha_R96_eta1.37171425596,fixed_alpha,96.0,1.3717142559585798,794.3344256864206,1,1,scaled_1.15,no_peak_in_valid_interval,,,,0,0,3.5980728244407003e-19
fixed_alpha_R96_eta1.37171425596,fixed_alpha,96.0,1.3717142559585798,794.3344256864206,1,1,scaled_1.2,no_peak_in_valid_interval,,,,0,0,3.5980728244407003e-19
fixed_alpha_R96_eta1.37171425596,fixed_alpha,96.0,1.3717142559585798,794.3344256864206,1,1,physical_frozen,no_peak_in_valid_interval,,,,0,0,3.5980728244407003e-19
fixed_alpha_R96_eta1.37171425596,fixed_alpha,96.0,1.3717142559585798,794.3344256864206,1,1,physical_common,no_peak_in_valid_interval,,,,0,0,3.5980728244407003e-19
fixed_alpha_R96_eta1.37171425596,fixed_alpha,96.0,1.3717142559585798,794.3344256864206,1,1,actual_root,no_peak_in_valid_interval,,,,0,0,3.5980728244407003e-19
fixed_alpha_R96_eta1.37171425596,fixed_alpha,96.0,1.3717142559585798,794.3344256864206,1,1,soft_cosine,no_peak_in_valid_interval,,,,0,0,3.5980728244407003e-19
fixed_alpha_R96_eta1.37171425596,fixed_alpha,96.0,1.3717142559585798,794.3344256864206,1,2,scaled_0.8,no_peak_in_valid_interval,,,,0,0,3.5980728244407003e-19
fixed_alpha_R96_eta1.37171425596,fixed_alpha,96.0,1.3717142559585798,794.3344256864206,1,2,scaled_0.85,no_peak_in_valid_interval,,,,0,0,3.5980728244407003e-19
fixed_alpha_R96_eta1.37171425596,fixed_alpha,96.0,1.3717142559585798,794.3344256864206,1,2,scaled_0.9,no_peak_in_valid_interval,,,,0,0,3.5980728244407003e-19
fixed_alpha_R96_eta1.37171425596,fixed_alpha,96.0,1.3717142559585798,794.3344256864206,1,2,scaled_0.925,no_peak_in_valid_interval,,,,0,0,3.5980728244407003e-19
fixed_alpha_R96_eta1.37171425596,fixed_alpha,96.0,1.3717142559585798,794.3344256864206,1,2,scaled_0.95,no_peak_in_valid_interval,,,,0,0,3.5980728244407003e-19
fixed_alpha_R96_eta1.37171425596,fixed_alpha,96.0,1.3717142559585798,794.3344256864206,1,2,scaled_0.975,no_peak_in_valid_interval,,,,0,0,3.5980728244407003e-19
fixed_alpha_R96_eta1.37171425596,fixed_alpha,96.0,1.3717142559585798,794.3344256864206,1,2,scaled_1,no_peak_in_valid_interval,,,,0,0,3.5980728244407003e-19
fixed_alpha_R96_eta1.37171425596,fixed_alpha,96.0,1.3717142559585798,794.3344256864206,1,2,scaled_1.025,no_peak_in_valid_interval,,,,0,0,3.5980728244407003e-19
fixed_alpha_R96_eta1.37171425596,fixed_alpha,96.0,1.3717142559585798,794.3344256864206,1,2,scaled_1.05,no_peak_in_valid_interval,,,,0,0,3.5980728244407003e-19
fixed_alpha_R96_eta1.37171425596,fixed_alpha,96.0,1.3717142559585798,794.3344256864206,1,2,scaled_1.075,no_peak_in_valid_interval,,,,0,0,3.5980728244407003e-19
fixed_alpha_R96_eta1.37171425596,fixed_alpha,96.0,1.3717142559585798,794.3344256864206,1,2,scaled_1.1,no_peak_in_valid_interval,,,,0,0,3.5980728244407003e-19
fixed_alpha_R96_eta1.37171425596,fixed_alpha,96.0,1.3717142559585798,794.3344256864206,1,2,scaled_1.15,no_peak_in_valid_interval,,,,0,0,3.5980728244407003e-19
fixed_alpha_R96_eta1.37171425596,fixed_alpha,96.0,1.3717142559585798,794.3344256864206,1,2,scaled_1.2,no_peak_in_valid_interval,,,,0,0,3.5980728244407003e-19
fixed_alpha_R96_eta1.37171425596,fixed_alpha,96.0,1.3717142559585798,794.3344256864206,1,2,physical_frozen,no_peak_in_valid_interval,,,,0,0,3.5980728244407003e-19
fixed_alpha_R96_eta1.37171425596,fixed_alpha,96.0,1.3717142559585798,794.3344256864206,1,2,physical_common,no_peak_in_valid_interval,,,,0,0,3.5980728244407003e-19
fixed_alpha_R96_eta1.37171425596,fixed_alpha,96.0,1.3717142559585798,794.3344256864206,1,2,actual_root,no_peak_in_valid_interval,,,,0,0,3.5980728244407003e-19
fixed_alpha_R96_eta1.37171425596,fixed_alpha,96.0,1.3717142559585798,794.3344256864206,1,2,soft_cosine,no_peak_in_valid_interval,,,,0,0,3.5980728244407003e-19
fixed_alpha_R96_eta1.37171425596,fixed_alpha,96.0,1.3717142559585798,794.3344256864206,1,4,scaled_0.8,no_peak_in_valid_interval,,,,0,0,3.5980728244407003e-19
fixed_alpha_R96_eta1.37171425596,fixed_alpha,96.0,1.3717142559585798,794.3344256864206,1,4,scaled_0.85,no_peak_in_valid_interval,,,,0,0,3.5980728244407003e-19
fixed_alpha_R96_eta1.37171425596,fixed_alpha,96.0,1.3717142559585798,794.3344256864206,1,4,scaled_0.9,no_peak_in_valid_interval,,,,0,0,3.5980728244407003e-19
fixed_alpha_R96_eta1.37171425596,fixed_alpha,96.0,1.3717142559585798,794.3344256864206,1,4,scaled_0.925,no_peak_in_valid_interval,,,,0,0,3.5980728244407003e-19
fixed_alpha_R96_eta1.37171425596,fixed_alpha,96.0,1.3717142559585798,794.3344256864206,1,4,scaled_0.95,no_peak_in_valid_interval,,,,0,0,3.5980728244407003e-19
fixed_alpha_R96_eta1.37171425596,fixed_alpha,96.0,1.3717142559585798,794.3344256864206,1,4,scaled_0.975,no_peak_in_valid_interval,,,,0,0,3.5980728244407003e-19
fixed_alpha_R96_eta1.37171425596,fixed_alpha,96.0,1.3717142559585798,794.3344256864206,1,4,scaled_1,no_peak_in_valid_interval,,,,0,0,3.5980728244407003e-19
fixed_alpha_R96_eta1.37171425596,fixed_alpha,96.0,1.3717142559585798,794.3344256864206,1,4,scaled_1.025,no_peak_in_valid_interval,,,,0,0,3.5980728244407003e-19
fixed_alpha_R96_eta1.37171425596,fixed_alpha,96.0,1.3717142559585798,794.3344256864206,1,4,scaled_1.05,no_peak_in_valid_interval,,,,0,0,3.5980728244407003e-19
fixed_alpha_R96_eta1.37171425596,fixed_alpha,96.0,1.3717142559585798,794.3344256864206,1,4,scaled_1.075,no_peak_in_valid_interval,,,,0,0,3.5980728244407003e-19
fixed_alpha_R96_eta1.37171425596,fixed_alpha,96.0,1.3717142559585798,794.3344256864206,1,4,scaled_1.1,no_peak_in_valid_interval,,,,0,0,3.5980728244407003e-19
fixed_alpha_R96_eta1.37171425596,fixed_alpha,96.0,1.3717142559585798,794.3344256864206,1,4,scaled_1.15,no_peak_in_valid_interval,,,,0,0,3.5980728244407003e-19
fixed_alpha_R96_eta1.37171425596,fixed_alpha,96.0,1.3717142559585798,794.3344256864206,1,4,scaled_1.2,no_peak_in_valid_interval,,,,0,0,3.5980728244407003e-19
fixed_alpha_R96_eta1.37171425596,fixed_alpha,96.0,1.3717142559585798,794.3344256864206,1,4,physical_frozen,no_peak_in_valid_interval,,,,0,0,3.5980728244407003e-19
fixed_alpha_R96_eta1.37171425596,fixed_alpha,96.0,1.3717142559585798,794.3344256864206,1,4,physical_common,defined,0.2558154021211174,1.4879047134013583,,0,0,3.5980728244407003e-19
fixed_alpha_R96_eta1.37171425596,fixed_alpha,96.0,1.3717142559585798,794.3344256864206,1,4,actual_root,no_peak_in_valid_interval,,,,0,0,3.5980728244407003e-19
fixed_alpha_R96_eta1.37171425596,fixed_alpha,96.0,1.3717142559585798,794.3344256864206,1,4,soft_cosine,no_peak_in_valid_interval,,,,0,0,3.5980728244407003e-19
fixed_alpha_R96_eta1.37171425596,fixed_alpha,96.0,1.3717142559585798,794.3344256864206,1,6,scaled_0.8,defined,0.22425220544915755,1.515650057546632,,0,0,3.5980728244407003e-19
fixed_alpha_R96_eta1.37171425596,fixed_alpha,96.0,1.3717142559585798,794.3344256864206,1,6,scaled_0.85,defined,0.2694310228785294,1.6637158673428578,,0,0,3.5980728244407003e-19
fixed_alpha_R96_eta1.37171425596,fixed_alpha,96.0,1.3717142559585798,794.3344256864206,1,6,scaled_0.9,no_peak_in_valid_interval,,,,0,0,3.5980728244407003e-19
fixed_alpha_R96_eta1.37171425596,fixed_alpha,96.0,1.3717142559585798,794.3344256864206,1,6,scaled_0.925,no_peak_in_valid_interval,,,,0,0,3.5980728244407003e-19
fixed_alpha_R96_eta1.37171425596,fixed_alpha,96.0,1.3717142559585798,794.3344256864206,1,6,scaled_0.95,no_peak_in_valid_interval,,,,0,0,3.5980728244407003e-19
fixed_alpha_R96_eta1.37171425596,fixed_alpha,96.0,1.3717142559585798,794.3344256864206,1,6,scaled_0.975,no_peak_in_valid_interval,,,,0,0,3.5980728244407003e-19
fixed_alpha_R96_eta1.37171425596,fixed_alpha,96.0,1.3717142559585798,794.3344256864206,1,6,scaled_1,no_peak_in_valid_interval,,,,0,0,3.5980728244407003e-19
fixed_alpha_R96_eta1.37171425596,fixed_alpha,96.0,1.3717142559585798,794.3344256864206,1,6,scaled_1.025,no_peak_in_valid_interval,,,,0,0,3.5980728244407003e-19
fixed_alpha_R96_eta1.37171425596,fixed_alpha,96.0,1.3717142559585798,794.3344256864206,1,6,scaled_1.05,no_peak_in_valid_interval,,,,0,0,3.5980728244407003e-19
fixed_alpha_R96_eta1.37171425596,fixed_alpha,96.0,1.3717142559585798,794.3344256864206,1,6,scaled_1.075,no_peak_in_valid_interval,,,,0,0,3.5980728244407003e-19
fixed_alpha_R96_eta1.37171425596,fixed_alpha,96.0,1.3717142559585798,794.3344256864206,1,6,scaled_1.1,no_peak_in_valid_interval,,,,0,0,3.5980728244407003e-19
fixed_alpha_R96_eta1.37171425596,fixed_alpha,96.0,1.3717142559585798,794.3344256864206,1,6,scaled_1.15,no_peak_in_valid_interval,,,,0,0,3.5980728244407003e-19
fixed_alpha_R96_eta1.37171425596,fixed_alpha,96.0,1.3717142559585798,794.3344256864206,1,6,scaled_1.2,no_peak_in_valid_interval,,,,0,0,3.5980728244407003e-19
fixed_alpha_R96_eta1.37171425596,fixed_alpha,96.0,1.3717142559585798,794.3344256864206,1,6,physical_frozen,no_peak_in_valid_interval,,,,0,0,3.5980728244407003e-19
fixed_alpha_R96_eta1.37171425596,fixed_alpha,96.0,1.3717142559585798,794.3344256864206,1,6,physical_common,defined,0.10247100508285023,1.1907493972719247,,0,0,3.5980728244407003e-19
fixed_alpha_R96_eta1.37171425596,fixed_alpha,96.0,1.3717142559585798,794.3344256864206,1,6,actual_root,root_branch_change,,,,0,3,3.5980728244407003e-19
fixed_alpha_R96_eta1.37171425596,fixed_alpha,96.0,1.3717142559585798,794.3344256864206,1,6,soft_cosine,no_peak_in_valid_interval,,,,0,0,3.5980728244407003e-19
high_order_R192_eta0.35,high_order,192.0,0.35,794.3344256864206,1,1,scaled_0.8,defined,0.0880301451255816,1.040190895669163,0.0,0,0,3.2607081572343125e-14
high_order_R192_eta0.35,high_order,192.0,0.35,794.3344256864206,1,1,scaled_0.85,defined,0.08896731542165325,1.0419004099996432,0.0,0,0,3.2607081572343125e-14
high_order_R192_eta0.35,high_order,192.0,0.35,794.3344256864206,1,1,scaled_0.9,defined,0.08999872777108375,1.0438021420025598,0.0,0,0,3.2607081572343125e-14
high_order_R192_eta0.35,high_order,192.0,0.35,794.3344256864206,1,1,scaled_0.925,defined,0.09055249959965228,1.0448322548875375,0.0,0,0,3.2607081572343125e-14
high_order_R192_eta0.35,high_order,192.0,0.35,794.3344256864206,1,1,scaled_0.95,defined,0.09113326394497812,1.0459195657766105,0.0,0,0,3.2607081572343125e-14
high_order_R192_eta0.35,high_order,192.0,0.35,794.3344256864206,1,1,scaled_0.975,defined,0.09174234595946396,1.0470677473340249,0.0,0,0,3.2607081572343125e-14
high_order_R192_eta0.35,high_order,192.0,0.35,794.3344256864206,1,1,scaled_1,defined,0.09238117128835566,1.0482808371363015,0.0,0,0,3.2607081572343125e-14
high_order_R192_eta0.35,high_order,192.0,0.35,794.3344256864206,1,1,scaled_1.025,defined,0.09305127514202194,1.049563283824416,0.0,0,0,3.2607081572343125e-14
high_order_R192_eta0.35,high_order,192.0,0.35,794.3344256864206,1,1,scaled_1.05,defined,0.09375431246565624,1.0509200482122323,0.0,0,0,3.2607081572343125e-14
high_order_R192_eta0.35,high_order,192.0,0.35,794.3344256864206,1,1,scaled_1.075,defined,0.09449206954891198,1.0523567395633981,0.0,0,0,3.2607081572343125e-14
high_order_R192_eta0.35,high_order,192.0,0.35,794.3344256864206,1,1,scaled_1.1,defined,0.09526647671630584,1.05387944959588,0.0,0,0,3.2607081572343125e-14
high_order_R192_eta0.35,high_order,192.0,0.35,794.3344256864206,1,1,scaled_1.15,defined,0.09693376950104737,1.0572108173240857,0.0,0,0,3.2607081572343125e-14
high_order_R192_eta0.35,high_order,192.0,0.35,794.3344256864206,1,1,scaled_1.2,defined,0.09877510086582375,1.0609786509327834,0.0,0,0,3.2607081572343125e-14
high_order_R192_eta0.35,high_order,192.0,0.35,794.3344256864206,1,1,physical_frozen,defined,0.09255853397181324,1.0485372817925087,0.0,0,0,3.2607081572343125e-14
high_order_R192_eta0.35,high_order,192.0,0.35,794.3344256864206,1,1,physical_common,defined,0.09255853397181324,1.0485372817925087,0.0,0,0,3.2607081572343125e-14
high_order_R192_eta0.35,high_order,192.0,0.35,794.3344256864206,1,1,actual_root,defined,0.0928489818382533,1.049380098915949,0.0,0,0,3.2607081572343125e-14
high_order_R192_eta0.35,high_order,192.0,0.35,794.3344256864206,1,1,soft_cosine,defined,0.09238688688383079,1.0482999622620652,0.0,0,0,3.2607081572343125e-14
high_order_R192_eta0.35,high_order,192.0,0.35,794.3344256864206,1,8,scaled_0.8,defined,0.008660411346801112,0.959018747983706,0.0793697337787805,0,0,3.2607081572343125e-14
high_order_R192_eta0.35,high_order,192.0,0.35,794.3344256864206,1,8,scaled_0.85,defined,0.005396523258225688,0.9590736563848069,0.08357079216342755,0,0,3.2607081572343125e-14
high_order_R192_eta0.35,high_order,192.0,0.35,794.3344256864206,1,8,scaled_0.9,defined,0.0024124562892357242,0.9614183343657431,0.08758627148184803,0,0,3.2607081572343125e-14
high_order_R192_eta0.35,high_order,192.0,0.35,794.3344256864206,1,8,scaled_0.925,defined,0.0010465067551259644,0.963842709636804,0.08950599284452632,0,0,3.2607081572343125e-14
high_order_R192_eta0.35,high_order,192.0,0.35,794.3344256864206,1,8,scaled_0.95,defined,-0.00023291994924501402,0.9674253573779922,0.09136618389422313,0,0,3.2607081572343125e-14
high_order_R192_eta0.35,high_order,192.0,0.35,794.3344256864206,1,8,scaled_0.975,defined,-0.0014361920755051605,0.9725346608005628,0.09317853803496912,0,0,3.2607081572343125e-14
high_order_R192_eta0.35,high_order,192.0,0.35,794.3344256864206,1,8,scaled_1,defined,-0.0025922335493210324,0.9797170990234693,0.09497340483767669,0,0,3.2607081572343125e-14
high_order_R192_eta0.35,high_order,192.0,0.35,794.3344256864206,1,8,scaled_1.025,defined,-0.003761087090603188,0.9898346864272471,0.09681236223262513,0,0,3.2607081572343125e-14
high_order_R192_eta0.35,high_order,192.0,0.35,794.3344256864206,1,8,scaled_1.05,defined,-0.005052273934730182,1.0043426978462522,0.09880658640038642,0,0,3.2607081572343125e-14
high_order_R192_eta0.35,high_order,192.0,0.35,794.3344256864206,1,8,scaled_1.075,defined,-0.006641704089895839,1.0260008727740084,0.10113377363880782,0,0,3.2607081572343125e-14
high_order_R192_eta0.35,high_order,192.0,0.35,794.3344256864206,1,8,scaled_1.1,defined,-0.00872369328420666,1.060944147701774,0.1039901700005125,0,0,3.2607081572343125e-14
high_order_R192_eta0.35,high_order,192.0,0.35,794.3344256864206,1,8,scaled_1.15,defined,-0.004584017684247436,1.3491656194108255,0.1015177871852948,0,0,3.2607081572343125e-14
high_order_R192_eta0.35,high_order,192.0,0.35,794.3344256864206,1,8,scaled_1.2,defined,1.0085738992367075,2.2718316538275203,-0.9097987983708837,0,0,3.2607081572343125e-14
high_order_R192_eta0.35,high_order,192.0,0.35,794.3344256864206,1,8,physical_frozen,defined,-0.0014835560479272702,0.9813417132380655,0.09404209001974051,0,0,3.2607081572343125e-14
high_order_R192_eta0.35,high_order,192.0,0.35,794.3344256864206,1,8,physical_common,defined,0.07274798973079832,1.0144479005734672,0.019810544241014916,0,0,3.2607081572343125e-14
high_order_R192_eta0.35,high_order,192.0,0.35,794.3344256864206,1,8,actual_root,defined,-0.00318178922312351,0.9842102462843432,0.09603077106137681,11,62,3.2607081572343125e-14
high_order_R192_eta0.35,high_order,192.0,0.35,794.3344256864206,1,8,soft_cosine,defined,-0.0026451291402135313,0.9806957981767953,0.09503201602404432,0,0,3.2607081572343125e-14
high_order_R192_eta0.35,high_order,192.0,0.35,794.3344256864206,1,12,scaled_0.8,defined,-0.017013262175189163,0.9409765833270579,0.10504340730077077,0,0,3.2607081572343125e-14
high_order_R192_eta0.35,high_order,192.0,0.35,794.3344256864206,1,12,scaled_0.85,defined,-0.02985318268200632,0.9302989404684507,0.11882049810365956,0,0,3.2607081572343125e-14
high_order_R192_eta0.35,high_order,192.0,0.35,794.3344256864206,1,12,scaled_0.9,defined,-0.04296643382984566,0.9227432570915147,0.13296516160092942,0,0,3.2607081572343125e-14
high_order_R192_eta0.35,high_order,192.0,0.35,794.3344256864206,1,12,scaled_0.925,defined,-0.04970091488651916,0.9208234173961272,0.14025341448617146,0,0,3.2607081572343125e-14
high_order_R192_eta0.35,high_order,192.0,0.35,794.3344256864206,1,12,scaled_0.95,defined,-0.05666255408560439,0.9207588834383741,0.1477958180305825,0,0,3.2607081572343125e-14
high_order_R192_eta0.35,high_order,192.0,0.35,794.3344256864206,1,12,scaled_0.975,defined,-0.06402258569470633,0.9233307402927504,0.15576493165417027,0,0,3.2607081572343125e-14
high_order_R192_eta0.35,high_order,192.0,0.35,794.3344256864206,1,12,scaled_1,defined,-0.07209276968740189,0.9298562191356858,0.16447394097575754,0,0,3.2607081572343125e-14
high_order_R192_eta0.35,high_order,192.0,0.35,794.3344256864206,1,12,scaled_1.025,defined,-0.08143765549512273,0.9428291870011875,0.17448893063714466,0,0,3.2607081572343125e-14
high_order_R192_eta0.35,high_order,192.0,0.35,794.3344256864206,1,12,scaled_1.05,defined,-0.09305438831883528,0.9678594680737997,0.18680870078449152,0,0,3.2607081572343125e-14
high_order_R192_eta0.35,high_order,192.0,0.35,794.3344256864206,1,12,scaled_1.075,defined,-0.10837503095771193,1.0222549945667398,0.20286710050662393,0,0,3.2607081572343125e-14
high_order_R192_eta0.35,high_order,192.0,0.35,794.3344256864206,1,12,scaled_1.1,defined,-0.12256172040034158,1.2479439136934636,0.21782819711664742,0,0,3.2607081572343125e-14
high_order_R192_eta0.35,high_order,192.0,0.35,794.3344256864206,1,12,scaled_1.15,defined,1.2208279432739624,2.2275933316383036,-1.1238941737729151,0,0,3.2607081572343125e-14
high_order_R192_eta0.35,high_order,192.0,0.35,794.3344256864206,1,12,scaled_1.2,defined,-0.9771042144957088,-0.0633797775709193,1.0758793153615325,0,0,3.2607081572343125e-14
high_order_R192_eta0.35,high_order,192.0,0.35,794.3344256864206,1,12,physical_frozen,defined,-0.07083962942878354,0.931525243208257,0.16339816340059676,0,0,3.2607081572343125e-14
high_order_R192_eta0.35,high_order,192.0,0.35,794.3344256864206,1,12,physical_common,no_peak_in_valid_interval,,,,0,0,3.2607081572343125e-14
high_order_R192_eta0.35,high_order,192.0,0.35,794.3344256864206,1,12,actual_root,defined,-0.0759828847720502,0.9332012950221948,0.1688318666103035,12,126,3.2607081572343125e-14
high_order_R192_eta0.35,high_order,192.0,0.35,794.3344256864206,1,12,soft_cosine,defined,-0.07266207961316794,0.9319292230124845,0.16504896649699874,0,0,3.2607081572343125e-14
high_order_R192_eta0.35,high_order,192.0,0.35,794.3344256864206,1,16,scaled_0.8,defined,-0.027201956296926042,0.9449667082046079,0.11523210142250764,0,0,3.2607081572343125e-14
high_order_R192_eta0.35,high_order,192.0,0.35,794.3344256864206,1,16,scaled_0.85,defined,-0.054460205728307065,0.9166574451941004,0.14342752114996032,0,0,3.2607081572343125e-14
high_order_R192_eta0.35,high_order,192.0,0.35,794.3344256864206,1,16,scaled_0.9,defined,-0.082822038083007,0.8922488873679126,0.17282076585409076,0,0,3.2607081572343125e-14
high_order_R192_eta0.35,high_order,192.0,0.35,794.3344256864206,1,16,scaled_0.925,defined,-0.09770529521420829,0.8824151971167479,0.18825779481386057,0,0,3.2607081572343125e-14
high_order_R192_eta0.35,high_order,192.0,0.35,794.3344256864206,1,16,scaled_0.95,defined,-0.11341573661736992,0.8750235636547832,0.20454900056234804,0,0,3.2607081572343125e-14
high_order_R192_eta0.35,high_order,192.0,0.35,794.3344256864206,1,16,scaled_0.975,defined,-0.13050725159810272,0.871250646192324,0.22224959755756668,0,0,3.2607081572343125e-14
high_order_R192_eta0.35,high_order,192.0,0.35,794.3344256864206,1,16,scaled_1,defined,-0.1500163860746614,0.8733114304845655,0.24239755736301705,0,0,3.2607081572343125e-14
high_order_R192_eta0.35,high_order,192.0,0.35,794.3344256864206,1,16,scaled_1.025,defined,-0.17393714375466007,0.8862353367872929,0.266988418896682,0,0,3.2607081572343125e-14
high_order_R192_eta0.35,high_order,192.0,0.35,794.3344256864206,1,16,scaled_1.05,defined,-0.20604714911206934,0.9261272051482546,0.2998014615777256,0,0,3.2607081572343125e-14
high_order_R192_eta0.35,high_order,192.0,0.35,794.3344256864206,1,16,scaled_1.075,defined,-0.24692560238182248,1.1768015086215247,0.34141767193073447,0,0,3.2607081572343125e-14
high_order_R192_eta0.35,high_order,192.0,0.35,794.3344256864206,1,16,scaled_1.1,defined,0.259121923691574,2.1331387254517113,-0.16385544697526816,0,0,3.2607081572343125e-14
high_order_R192_eta0.35,high_order,192.0,0.35,794.3344256864206,1,16,scaled_1.15,defined,-0.963308292594267,0.01574202727202597,1.0602420620953144,0,0,3.2607081572343125e-14
high_order_R192_eta0.35,high_order,192.0,0.35,794.3344256864206,1,16,scaled_1.2,defined,-1.1358610477373363,-0.24036730469634612,1.23463614860316,0,0,3.2607081572343125e-14
high_order_R192_eta0.35,high_order,192.0,0.35,794.3344256864206,1,16,physical_frozen,defined,-0.1488059198621976,0.874362036591791,0.24136445383401084,0,0,3.2607081572343125e-14
high_order_R192_eta0.35,high_order,192.0,0.35,794.3344256864206,1,16,physical_common,no_peak_in_valid_interval,,,,0,0,3.2607081572343125e-14
high_order_R192_eta0.35,high_order,192.0,0.35,794.3344256864206,1,16,actual_root,defined,-0.1584933070865537,0.8746260148497275,0.25134228892480703,11,157,3.2607081572343125e-14
high_order_R192_eta0.35,high_order,192.0,0.35,794.3344256864206,1,16,soft_cosine,defined,-0.1516872325950953,0.876856757666225,0.2440741194789261,0,0,3.2607081572343125e-14
high_order_R192_eta0.7,high_order,192.0,0.7,794.3344256864206,1,1,scaled_0.8,defined,0.17671324093030946,1.2043334681972737,0.0,0,0,3.062633117504935e-16
high_order_R192_eta0.7,high_order,192.0,0.7,794.3344256864206,1,1,scaled_0.85,defined,0.17943796478284382,1.2091645819299452,0.0,0,0,3.062633117504935e-16
high_order_R192_eta0.7,high_order,192.0,0.7,794.3344256864206,1,1,scaled_0.9,defined,0.182438513697322,1.2145273030401873,0.0,0,0,3.062633117504935e-16
high_order_R192_eta0.7,high_order,192.0,0.7,794.3344256864206,1,1,scaled_0.925,defined,0.18405097510873547,1.2174277500087378,0.0,0,0,3.062633117504935e-16
high_order_R192_eta0.7,high_order,192.0,0.7,794.3344256864206,1,1,scaled_0.95,defined,0.18574353302065627,1.2204863439816442,0.0,0,0,3.062633117504935e-16
high_order_R192_eta0.7,high_order,192.0,0.7,794.3344256864206,1,1,scaled_0.975,defined,0.18752062813313164,1.223713299553387,0.0,0,0,3.062633117504935e-16
high_order_R192_eta0.7,high_order,192.0,0.7,794.3344256864206,1,1,scaled_1,defined,0.18938712301257343,1.227120223102191,0.0,0,0,3.062633117504935e-16
high_order_R192_eta0.7,high_order,192.0,0.7,794.3344256864206,1,1,scaled_1.025,defined,0.19134835705572872,1.2307210101225208,0.0,0,0,3.062633117504935e-16
high_order_R192_eta0.7,high_order,192.0,0.7,794.3344256864206,1,1,scaled_1.05,defined,0.19341020627547045,1.234529939853838,0.0,0,0,3.062633117504935e-16
high_order_R192_eta0.7,high_order,192.0,0.7,794.3344256864206,1,1,scaled_1.075,defined,0.19557915052676889,1.2385627702577593,0.0,0,0,3.062633117504935e-16
high_order_R192_eta0.7,high_order,192.0,0.7,794.3344256864206,1,1,scaled_1.1,defined,0.19786235451991985,1.2428370937539306,0.0,0,0,3.062633117504935e-16
high_order_R192_eta0.7,high_order,192.0,0.7,794.3344256864206,1,1,scaled_1.15,defined,0.20280421299331064,1.2521918352789219,0.0,0,0,3.062633117504935e-16
high_order_R192_eta0.7,high_order,192.0,0.7,794.3344256864206,1,1,scaled_1.2,defined,0.20831093041525794,1.2627948948508632,0.0,0,0,3.062633117504935e-16
high_order_R192_eta0.7,high_order,192.0,0.7,794.3344256864206,1,1,physical_frozen,defined,0.18988892204886498,1.2279653396868244,0.0,0,0,3.062633117504935e-16
high_order_R192_eta0.7,high_order,192.0,0.7,794.3344256864206,1,1,physical_common,defined,0.18988892204886498,1.2279653396868244,0.0,0,0,3.062633117504935e-16
high_order_R192_eta0.7,high_order,192.0,0.7,794.3344256864206,1,1,actual_root,defined,0.1926014845554178,1.2349199256274401,0.0,0,0,3.062633117504935e-16
high_order_R192_eta0.7,high_order,192.0,0.7,794.3344256864206,1,1,soft_cosine,defined,0.18940677535295092,1.22717103344004,0.0,0,0,3.062633117504935e-16
high_order_R192_eta0.7,high_order,192.0,0.7,794.3344256864206,1,8,scaled_0.8,defined,0.02934493503723008,1.014721609319977,0.1473683058930794,0,0,3.062633117504935e-16
high_order_R192_eta0.7,high_order,192.0,0.7,794.3344256864206,1,8,scaled_0.85,defined,0.038342388034757424,1.032997180738906,0.1410955767480864,0,0,3.062633117504935e-16
high_order_R192_eta0.7,high_order,192.0,0.7,794.3344256864206,1,8,scaled_0.9,defined,0.0502119530661822,1.0578335102208272,0.1322265606311398,0,0,3.062633117504935e-16
high_order_R192_eta0.7,high_order,192.0,0.7,794.3344256864206,1,8,scaled_0.925,defined,0.05759983342861222,1.0737718740557713,0.12645114168012325,0,0,3.062633117504935e-16
high_order_R192_eta0.7,high_order,192.0,0.7,794.3344256864206,1,8,scaled_0.95,defined,0.06625856368269137,1.0929681620924319,0.1194849693379649,0,0,3.062633117504935e-16
high_order_R192_eta0.7,high_order,192.0,0.7,794.3344256864206,1,8,scaled_0.975,defined,0.0765265046705913,1.1165113653409842,0.11099412346254034,0,0,3.062633117504935e-16
high_order_R192_eta0.7,high_order,192.0,0.7,794.3344256864206,1,8,scaled_1,defined,0.08890069603234262,1.146098704357319,0.10048642698023082,0,0,3.062633117504935e-16
high_order_R192_eta0.7,high_order,192.0,0.7,794.3344256864206,1,8,scaled_1.025,defined,0.10416128075086017,1.1845704616575718,0.08718707630486855,0,0,3.062633117504935e-16
high_order_R192_eta0.7,high_order,192.0,0.7,794.3344256864206,1,8,scaled_1.05,defined,0.12364907813598758,1.2372001520545035,0.06976112813948288,0,0,3.062633117504935e-16
high_order_R192_eta0.7,high_order,192.0,0.7,794.3344256864206,1,8,scaled_1.075,defined,0.14999257444648695,1.3154363527969837,0.04558657608028194,0,0,3.062633117504935e-16
high_order_R192_eta0.7,high_order,192.0,0.7,794.3344256864206,1,8,scaled_1.1,defined,0.18957096598258205,1.4526478022925975,0.008291388537337796,0,0,3.062633117504935e-16
high_order_R192_eta0.7,high_order,192.0,0.7,794.3344256864206,1,8,scaled_1.15,defined,0.8666972190170376,4.221050413191203,-0.6638930060237269,0,0,3.062633117504935e-16
high_order_R192_eta0.7,high_order,192.0,0.7,794.3344256864206,1,8,scaled_1.2,defined,1.1153621926026842,2.5803032814702282,-0.9070512621874263,0,0,3.062633117504935e-16
high_order_R192_eta0.7,high_order,192.0,0.7,794.3344256864206,1,8,physical_frozen,defined,0.09343119727860605,1.1538968821700262,0.09645772477025893,0,0,3.062633117504935e-16
high_order_R192_eta0.7,high_order,192.0,0.7,794.3344256864206,1,8,physical_common,no_peak_in_valid_interval,,,,0,0,3.062633117504935e-16
high_order_R192_eta0.7,high_order,192.0,0.7,794.3344256864206,1,8,actual_root,defined,0.11311561084491084,1.2319155331965854,0.07948587371050697,0,63,3.062633117504935e-16
high_order_R192_eta0.7,high_order,192.0,0.7,794.3344256864206,1,8,soft_cosine,defined,0.08988598943643589,1.1489632208070188,0.09952078591651503,0,0,3.062633117504935e-16
high_order_R192_eta0.7,high_order,192.0,0.7,794.3344256864206,1,12,scaled_0.8,defined,-0.03214935133396073,0.9445725067088429,0.20886259226427017,0,0,3.062633117504935e-16
high_order_R192_eta0.7,high_order,192.0,0.7,794.3344256864206,1,12,scaled_0.85,defined,-0.027470830084719556,0.9589822057301062,0.2069087948675634,0,0,3.062633117504935e-16
high_order_R192_eta0.7,high_order,192.0,0.7,794.3344256864206,1,12,scaled_0.9,defined,-0.019149670251957535,0.9824954491748936,0.20158818394927955,0,0,3.062633117504935e-16
high_order_R192_eta0.7,high_order,192.0,0.7,794.3344256864206,1,12,scaled_0.925,defined,-0.013023443967823251,0.9995273875576981,0.19707441907655873,0,0,3.062633117504935e-16
high_order_R192_eta0.7,high_order,192.0,0.7,794.3344256864206,1,12,scaled_0.95,defined,-0.005064072031372824,1.0218489821339634,0.1908076050520291,0,0,3.062633117504935e-16
high_order_R192_eta0.7,high_order,192.0,0.7,794.3344256864206,1,12,scaled_0.975,defined,0.005380742848603125,1.0518503169078497,0.1821398852845285,0,0,3.062633117504935e-16
high_order_R192_eta0.7,high_order,192.0,0.7,794.3344256864206,1,12,scaled_1,defined,0.019412645921007672,1.0938499467457323,0.16997447709156577,0,0,3.062633117504935e-16
high_order_R192_eta0.7,high_order,192.0,0.7,794.3344256864206,1,12,scaled_1.025,defined,0.03916301246974929,1.1568050158359204,0.15218534458597943,0,0,3.062633117504935e-16
high_order_R192_eta0.7,high_order,192.0,0.7,794.3344256864206,1,12,scaled_1.05,defined,0.06972149890993105,1.2642683122988838,0.1236887073655394,0,0,3.062633117504935e-16
high_order_R192_eta0.7,high_order,192.0,0.7,794.3344256864206,1,12,scaled_1.075,defined,0.12909831064557786,1.5209792256534016,0.06648083988119102,0,0,3.062633117504935e-16
high_order_R192_eta0.7,high_order,192.0,0.7,794.3344256864206,1,12,scaled_1.1,defined,0.324564417071911,2.2630825224700457,-0.12670206255199118,0,0,3.062633117504935e-16
high_order_R192_eta0.7,high_order,192.0,0.7,794.3344256864206,1,12,scaled_1.15,defined,1.1193178861918323,2.4127243911839398,-0.9165136731985216,0,0,3.062633117504935e-16
high_order_R192_eta0.7,high_order,192.0,0.7,794.3344256864206,1,12,scaled_1.2,defined,1.5711869041686521,2.505370142328332,-1.3628759737533942,0,0,3.062633117504935e-16
high_order_R192_eta0.7,high_order,192.0,0.7,794.3344256864206,1,12,physical_frozen,defined,0.026032586030879108,1.1053679614814733,0.16385633601798588,0,0,3.062633117504935e-16
high_order_R192_eta0.7,high_order,192.0,0.7,794.3344256864206,1,12,physical_common,no_peak_in_valid_interval,,,,0,0,3.062633117504935e-16
high_order_R192_eta0.7,high_order,192.0,0.7,794.3344256864206,1,12,actual_root,defined,0.05216678986382325,1.259671241703245,0.14043469469159456,10,127,3.062633117504935e-16
high_order_R192_eta0.7,high_order,192.0,0.7,794.3344256864206,1,12,soft_cosine,defined,0.021084223975053155,1.0999815153146326,0.16832255137789776,0,0,3.062633117504935e-16
high_order_R192_eta0.7,high_order,192.0,0.7,794.3344256864206,1,16,scaled_0.8,defined,-0.0770418754888795,0.8990553753402145,0.25375511641918896,0,0,3.062633117504935e-16
high_order_R192_eta0.7,high_order,192.0,0.7,794.3344256864206,1,16,scaled_0.85,defined,-0.0812275553118762,0.9034660715279674,0.26066552009472,0,0,3.062633117504935e-16
high_order_R192_eta0.7,high_order,192.0,0.7,794.3344256864206,1,16,scaled_0.9,defined,-0.08153324706263398,0.9188211328072909,0.263971760759956,0,0,3.062633117504935e-16
high_order_R192_eta0.7,high_order,192.0,0.7,794.3344256864206,1,16,scaled_0.925,defined,-0.07949741499875868,0.9331893217667412,0.26354839010749415,0,0,3.062633117504935e-16
high_order_R192_eta0.7,high_order,192.0,0.7,794.3344256864206,1,16,scaled_0.95,defined,-0.07533018378291126,0.9546758605186922,0.2610737168035675,0,0,3.062633117504935e-16
high_order_R192_eta0.7,high_order,192.0,0.7,794.3344256864206,1,16,scaled_0.975,defined,-0.06811588306367511,0.9872297371731757,0.25563651119680675,0,0,3.062633117504935e-16
high_order_R192_eta0.7,high_order,192.0,0.7,794.3344256864206,1,16,scaled_1,defined,-0.05608200108677286,1.0389864814907752,0.2454691240993463,0,0,3.062633117504935e-16
high_order_R192_eta0.7,high_order,192.0,0.7,794.3344256864206,1,16,scaled_1.025,defined,-0.03489304091806433,1.131078247478274,0.22624139797379306,0,0,3.062633117504935e-16
high_order_R192_eta0.7,high_order,192.0,0.7,794.3344256864206,1,16,scaled_1.05,defined,0.011600397824835362,1.353116539531515,0.1818098084506351,0,0,3.062633117504935e-16
high_order_R192_eta0.7,high_order,192.0,0.7,794.3344256864206,1,16,scaled_1.075,defined,0.20034029628289904,2.0517275240489123,-0.004761145756130153,0,0,3.062633117504935e-16
high_order_R192_eta0.7,high_order,192.0,0.7,794.3344256864206,1,16,scaled_1.1,defined,0.6411879836637187,2.2426290166733924,-0.4433256291437988,0,0,3.062633117504935e-16
high_order_R192_eta0.7,high_order,192.0,0.7,794.3344256864206,1,16,scaled_1.15,defined,1.4114522624420278,2.4021689734729588,-1.2086480494487173,0,0,3.062633117504935e-16
high_order_R192_eta0.7,high_order,192.0,0.7,794.3344256864206,1,16,scaled_1.2,defined,-1.0676359652510217,-0.11667052414129596,1.2759468956662796,0,0,3.062633117504935e-16
high_order_R192_eta0.7,high_order,192.0,0.7,794.3344256864206,1,16,physical_frozen,defined,-0.0475979005381022,1.053865683055277,0.23748682258696718,0,0,3.062633117504935e-16
high_order_R192_eta0.7,high_order,192.0,0.7,794.3344256864206,1,16,physical_common,no_peak_in_valid_interval,,,,0,0,3.062633117504935e-16
high_order_R192_eta0.7,high_order,192.0,0.7,794.3344256864206,1,16,actual_root,defined,,4.177736390192395,,11,158,3.062633117504935e-16
high_order_R192_eta0.7,high_order,192.0,0.7,794.3344256864206,1,16,soft_cosine,defined,-0.05390842883440162,1.0495618363392831,0.24331520418735253,0,0,3.062633117504935e-16
high_order_R24_eta0.35,high_order,24.0,0.35,794.3344256864206,1,1,scaled_0.8,defined,-0.017190645285132578,0.9492004103845636,0.0,0,0,8.467104320726604e-10
high_order_R24_eta0.35,high_order,24.0,0.35,794.3344256864206,1,1,scaled_0.85,defined,-0.017525900981554488,0.9513401118108972,0.0,0,0,8.467104320726604e-10
high_order_R24_eta0.35,high_order,24.0,0.35,794.3344256864206,1,1,scaled_0.9,defined,-0.01786802319468826,0.9538790930304826,0.0,0,0,8.467104320726604e-10
high_order_R24_eta0.35,high_order,24.0,0.35,794.3344256864206,1,1,scaled_0.925,defined,-0.018041801686050407,0.9553219704019513,0.0,0,0,8.467104320726604e-10
high_order_R24_eta0.35,high_order,24.0,0.35,794.3344256864206,1,1,scaled_0.95,defined,-0.018217625442240228,0.9568952150518881,0.0,0,0,8.467104320726604e-10
high_order_R24_eta0.35,high_order,24.0,0.35,794.3344256864206,1,1,scaled_0.975,defined,-0.018395790676028145,0.9586115501603139,0.0,0,0,8.467104320726604e-10
high_order_R24_eta0.35,high_order,24.0,0.35,794.3344256864206,1,1,scaled_1,defined,-0.01857670775716027,0.9604852608244009,0.0,0,0,8.467104320726604e-10
high_order_R24_eta0.35,high_order,24.0,0.35,794.3344256864206,1,1,scaled_1.025,defined,-0.018760917058501025,0.9625324509849353,0.0,0,0,8.467104320726604e-10
high_order_R24_eta0.35,high_order,24.0,0.35,794.3344256864206,1,1,scaled_1.05,defined,-0.018949105623584782,0.9647713548671935,0.0,0,0,8.467104320726604e-10
high_order_R24_eta0.35,high_order,24.0,0.35,794.3344256864206,1,1,scaled_1.075,defined,-0.01914212419233867,0.9672227172346826,0.0,0,0,8.467104320726604e-10
high_order_R24_eta0.35,high_order,24.0,0.35,794.3344256864206,1,1,scaled_1.1,defined,-0.0193410037744266,0.9699102611734585,0.0,0,0,8.467104320726604e-10
high_order_R24_eta0.35,high_order,24.0,0.35,794.3344256864206,1,1,scaled_1.15,defined,-0.019761455732480244,0.9761073720836168,0.0,0,0,8.467104320726604e-10
high_order_R24_eta0.35,high_order,24.0,0.35,794.3344256864206,1,1,scaled_1.2,defined,-0.020222729107722354,0.9836420064686096,0.0,0,0,8.467104320726604e-10
high_order_R24_eta0.35,high_order,24.0,0.35,794.3344256864206,1,1,physical_frozen,defined,-0.016847543220445307,0.9628804214006836,0.0,0,0,8.467104320726604e-10
high_order_R24_eta0.35,high_order,24.0,0.35,794.3344256864206,1,1,physical_common,defined,-0.016847543220445307,0.9628804214006836,0.0,0,0,8.467104320726604e-10
high_order_R24_eta0.35,high_order,24.0,0.35,794.3344256864206,1,1,actual_root,defined,-0.018848296408481423,0.9634512366814443,0.0,1,35,8.467104320726604e-10
high_order_R24_eta0.35,high_order,24.0,0.35,794.3344256864206,1,1,soft_cosine,defined,-0.018571643240361625,0.9605145336120777,0.0,0,0,8.467104320726604e-10
high_order_R24_eta0.35,high_order,24.0,0.35,794.3344256864206,1,8,scaled_0.8,defined,-0.3890848038142308,0.702380861554946,0.3718941585290982,0,0,8.467104320726604e-10
high_order_R24_eta0.35,high_order,24.0,0.35,794.3344256864206,1,8,scaled_0.85,defined,-0.4736862105141618,0.6242540805688319,0.45616030953260733,0,0,8.467104320726604e-10
high_order_R24_eta0.35,high_order,24.0,0.35,794.3344256864206,1,8,scaled_0.9,defined,-0.5698678898715686,0.5442070642347839,0.5519998666768803,0,0,8.467104320726604e-10
high_order_R24_eta0.35,high_order,24.0,0.35,794.3344256864206,1,8,scaled_0.925,defined,-0.6239513699137514,0.5028092558071633,0.605909568227701,0,0,8.467104320726604e-10
high_order_R24_eta0.35,high_order,24.0,0.35,794.3344256864206,1,8,scaled_0.95,defined,-0.6833027648457594,0.4597987006799955,0.6650851394035191,0,0,8.467104320726604e-10
high_order_R24_eta0.35,high_order,24.0,0.35,794.3344256864206,1,8,scaled_0.975,defined,-0.7491948458577857,0.41419022046770215,0.7307990551817576,0,0,8.467104320726604e-10
high_order_R24_eta0.35,high_order,24.0,0.35,794.3344256864206,1,8,scaled_1,defined,-0.8231738004451299,0.3642486469309158,0.8045970926879696,0,0,8.467104320726604e-10
high_order_R24_eta0.35,high_order,24.0,0.35,794.3344256864206,1,8,scaled_1.025,defined,-0.9069797106680291,0.30681107931232227,0.888218793609528,0,0,8.467104320726604e-10
high_order_R24_eta0.35,high_order,24.0,0.35,794.3344256864206,1,8,scaled_1.05,defined,-1.0022442059298273,0.23609786334810967,0.9832951003062426,0,0,8.467104320726604e-10
high_order_R24_eta0.35,high_order,24.0,0.35,794.3344256864206,1,8,scaled_1.075,defined,-1.109722158541371,0.14272579842805855,1.0905800343490324,0,0,8.467104320726604e-10
high_order_R24_eta0.35,high_order,24.0,0.35,794.3344256864206,1,8,scaled_1.1,defined,-1.2278902192427452,0.0178157039488004,1.2085492154683186,0,0,8.467104320726604e-10
high_order_R24_eta0.35,high_order,24.0,0.35,794.3344256864206,1,8,scaled_1.15,defined,-1.475325381771656,-0.292880166290316,1.4555639260391757,0,0,8.467104320726604e-10
high_order_R24_eta0.35,high_order,24.0,0.35,794.3344256864206,1,8,scaled_1.2,defined,-1.702389229973744,-0.5778216431342147,1.6821665008660216,0,0,8.467104320726604e-10
high_order_R24_eta0.35,high_order,24.0,0.35,794.3344256864206,1,8,physical_frozen,defined,-0.7940628596994428,0.3230165788029608,0.7772153164789974,0,0,8.467104320726604e-10
high_order_R24_eta0.35,high_order,24.0,0.35,794.3344256864206,1,8,physical_common,no_peak_in_valid_interval,,,,0,0,8.467104320726604e-10
high_order_R24_eta0.35,high_order,24.0,0.35,794.3344256864206,1,8,actual_root,defined,-0.9247113280851595,0.4262177521607237,0.9058630316766781,2,44,8.467104320726604e-10
high_order_R24_eta0.35,high_order,24.0,0.35,794.3344256864206,1,8,soft_cosine,defined,-0.8266154746506083,0.3663224525109254,0.8080438314102466,0,0,8.467104320726604e-10
high_order_R24_eta0.35,high_order,24.0,0.35,794.3344256864206,1,12,scaled_0.8,defined,-0.5325155094915566,0.6685123678917912,0.515324864206424,0,0,8.467104320726604e-10
high_order_R24_eta0.35,high_order,24.0,0.35,794.3344256864206,1,12,scaled_0.85,defined,-0.7165246728285772,0.4779567677527956,0.6989987718470227,0,0,8.467104320726604e-10
high_order_R24_eta0.35,high_order,24.0,0.35,794.3344256864206,1,12,scaled_0.9,defined,-0.9219841047279353,0.2823081430911688,0.9041160815332471,0,0,8.467104320726604e-10
high_order_R24_eta0.35,high_order,24.0,0.35,794.3344256864206,1,12,scaled_0.925,defined,-1.0358339707656754,0.17840586937512454,1.017792169079625,0,0,8.467104320726604e-10
high_order_R24_eta0.35,high_order,24.0,0.35,794.3344256864206,1,12,scaled_0.95,defined,-1.1587631233737745,0.06706124009801226,1.1405454979315344,0,0,8.467104320726604e-10
high_order_R24_eta0.35,high_order,24.0,0.35,794.3344256864206,1,12,scaled_0.975,defined,-1.291565740210572,-0.05514698437821196,1.2731699495345439,0,0,8.467104320726604e-10
high_order_R24_eta0.35,high_order,24.0,0.35,794.3344256864206,1,12,scaled_1,defined,-1.434044908580158,-0.19164649440702103,1.4154682008229977,0,0,8.467104320726604e-10
high_order_R24_eta0.35,high_order,24.0,0.35,794.3344256864206,1,12,scaled_1.025,defined,-1.584444223318766,-0.3438756888292015,1.565683306260265,0,0,8.467104320726604e-10
high_order_R24_eta0.35,high_order,24.0,0.35,794.3344256864206,1,12,scaled_1.05,defined,-1.7393842541377518,-0.5088247751800966,1.720435148514167,0,0,8.467104320726604e-10
high_order_R24_eta0.35,high_order,24.0,0.35,794.3344256864206,1,12,scaled_1.075,defined,-1.8947284437239913,-0.6792221675598071,1.8755863195316527,0,0,8.467104320726604e-10
high_order_R24_eta0.35,high_order,24.0,0.35,794.3344256864206,1,12,scaled_1.1,defined,-2.046913278236509,-0.8471762160196568,2.0275722744620825,0,0,8.467104320726604e-10
high_order_R24_eta0.35,high_order,24.0,0.35,794.3344256864206,1,12,scaled_1.15,defined,-2.3345410081241624,-1.1578864374730087,2.3147795523916823,0,0,8.467104320726604e-10
high_order_R24_eta0.35,high_order,24.0,0.35,794.3344256864206,1,12,scaled_1.2,defined,-2.5994177370386247,-1.4312876014215532,2.5791950079309025,0,0,8.467104320726604e-10
high_order_R24_eta0.35,high_order,24.0,0.35,794.3344256864206,1,12,physical_frozen,defined,-1.3059964142430058,-0.1986235139561664,1.2891488710225605,0,0,8.467104320726604e-10
high_order_R24_eta0.35,high_order,24.0,0.35,794.3344256864206,1,12,physical_common,no_peak_in_valid_interval,,,,0,0,8.467104320726604e-10
high_order_R24_eta0.35,high_order,24.0,0.35,794.3344256864206,1,12,actual_root,defined,-2.335705838636324,0.05015457966573152,2.3168575422278423,0,55,8.467104320726604e-10
high_order_R24_eta0.35,high_order,24.0,0.35,794.3344256864206,1,12,soft_cosine,defined,-1.4428618051767252,-0.18993706595461507,1.4242901619363637,0,0,8.467104320726604e-10
high_order_R24_eta0.35,high_order,24.0,0.35,794.3344256864206,1,16,scaled_0.8,defined,-0.6618432296863564,0.658189338890712,0.6446525844012239,0,0,8.467104320726604e-10
high_order_R24_eta0.35,high_order,24.0,0.35,794.3344256864206,1,16,scaled_0.85,defined,-0.9745537370181441,0.31625281194393723,0.9570278360365896,0,0,8.467104320726604e-10
high_order_R24_eta0.35,high_order,24.0,0.35,794.3344256864206,1,16,scaled_0.9,defined,-1.3121776101055953,-0.026484323529241027,1.2943095869109071,0,0,8.467104320726604e-10
high_order_R24_eta0.35,high_order,24.0,0.35,794.3344256864206,1,16,scaled_0.925,defined,-1.4930825744102207,-0.20611877706740034,1.4750407727241703,0,0,8.467104320726604e-10
high_order_R24_eta0.35,high_order,24.0,0.35,794.3344256864206,1,16,scaled_0.95,defined,-1.682022772972714,-0.3946784502479166,1.6638051475304738,0,0,8.467104320726604e-10
high_order_R24_eta0.35,high_order,24.0,0.35,794.3344256864206,1,16,scaled_0.975,defined,-1.8774747750823388,-0.5928131530074926,1.8590789844063107,0,0,8.467104320726604e-10
high_order_R24_eta0.35,high_order,24.0,0.35,794.3344256864206,1,16,scaled_1,defined,-2.076762908146164,-0.7984909186386544,2.0581862003890037,0,0,8.467104320726604e-10
high_order_R24_eta0.35,high_order,24.0,0.35,794.3344256864206,1,16,scaled_1.025,defined,-2.276715279364918,-1.0073347210946157,2.257954362306417,0,0,8.467104320726604e-10
high_order_R24_eta0.35,high_order,24.0,0.35,794.3344256864206,1,16,scaled_1.05,defined,-2.474553028437203,-1.2144290225986498,2.4556039228136184,0,0,8.467104320726604e-10
high_order_R24_eta0.35,high_order,24.0,0.35,794.3344256864206,1,16,scaled_1.075,defined,-2.6684809835797734,-1.4161330640752203,2.6493388593874347,0,0,8.467104320726604e-10
high_order_R24_eta0.35,high_order,24.0,0.35,794.3344256864206,1,16,scaled_1.1,defined,-2.857766542980211,-1.6107329074069916,2.838425539205784,0,0,8.467104320726604e-10
high_order_R24_eta0.35,high_order,24.0,0.35,794.3344256864206,1,16,scaled_1.15,defined,-3.223153462022574,-1.9790044549520185,3.203392006290094,0,0,8.467104320726604e-10
high_order_R24_eta0.35,high_order,24.0,0.35,794.3344256864206,1,16,scaled_1.2,defined,-3.575211296036806,-2.3260489355332585,3.554988566929084,0,0,8.467104320726604e-10
high_order_R24_eta0.35,high_order,24.0,0.35,794.3344256864206,1,16,physical_frozen,defined,-1.7981335433141592,-0.698886361505263,1.7812860000937139,0,0,8.467104320726604e-10
high_order_R24_eta0.35,high_order,24.0,0.35,794.3344256864206,1,16,physical_common,no_peak_in_valid_interval,,,,0,0,8.467104320726604e-10
high_order_R24_eta0.35,high_order,24.0,0.35,794.3344256864206,1,16,actual_root,defined,,-0.38160774323981556,,0,72,8.467104320726604e-10
high_order_R24_eta0.35,high_order,24.0,0.35,794.3344256864206,1,16,soft_cosine,defined,-2.0935567569628963,-0.7993475563173524,2.074985113722535,0,0,8.467104320726604e-10
high_order_R24_eta0.7,high_order,24.0,0.7,794.3344256864206,1,1,scaled_0.8,defined,-0.01976109039822771,1.0228318709015287,0.0,0,0,3.457545816477426e-12
high_order_R24_eta0.7,high_order,24.0,0.7,794.3344256864206,1,1,scaled_0.85,defined,-0.016112203181774344,1.0312040708108636,0.0,0,0,3.457545816477426e-12
high_order_R24_eta0.7,high_order,24.0,0.7,794.3344256864206,1,1,scaled_0.9,defined,-0.012045238630622599,1.0406975805498728,0.0,0,0,3.457545816477426e-12
high_order_R24_eta0.7,high_order,24.0,0.7,794.3344256864206,1,1,scaled_0.925,defined,-0.009838522502843894,1.0459199675264912,0.0,0,0,3.457545816477426e-12
high_order_R24_eta0.7,high_order,24.0,0.7,794.3344256864206,1,1,scaled_0.95,defined,-0.0075061285809621126,1.0514940659817873,0.0,0,0,3.457545816477426e-12
high_order_R24_eta0.7,high_order,24.0,0.7,794.3344256864206,1,1,scaled_0.975,defined,-0.005039339306223911,1.0574526525783743,0.0,0,0,3.457545816477426e-12
high_order_R24_eta0.7,high_order,24.0,0.7,794.3344256864206,1,1,scaled_1,defined,-0.0024284014125651975,1.063831041642377,0.0,0,0,3.457545816477426e-12
high_order_R24_eta0.7,high_order,24.0,0.7,794.3344256864206,1,1,scaled_1.025,defined,0.00033763023940980297,1.0706679233964758,0.0,0,0,3.457545816477426e-12
high_order_R24_eta0.7,high_order,24.0,0.7,794.3344256864206,1,1,scaled_1.05,defined,0.003271095927602774,1.078007725461443,0.0,0,0,3.457545816477426e-12
high_order_R24_eta0.7,high_order,24.0,0.7,794.3344256864206,1,1,scaled_1.075,defined,0.006386008377716079,1.0859061862801083,0.0,0,0,3.457545816477426e-12
high_order_R24_eta0.7,high_order,24.0,0.7,794.3344256864206,1,1,scaled_1.1,defined,0.009698381301834936,1.0944232512211045,0.0,0,0,3.457545816477426e-12
high_order_R24_eta0.7,high_order,24.0,0.7,794.3344256864206,1,1,scaled_1.15,defined,0.01699193149182623,1.1136060666920153,0.0,0,0,3.457545816477426e-12
high_order_R24_eta0.7,high_order,24.0,0.7,794.3344256864206,1,1,scaled_1.2,defined,0.025337720845663634,1.1362937642048005,0.0,0,0,3.457545816477426e-12
high_order_R24_eta0.7,high_order,24.0,0.7,794.3344256864206,1,1,physical_frozen,defined,0.005010569958863264,1.0755594729304392,0.0,0,0,3.457545816477426e-12
high_order_R24_eta0.7,high_order,24.0,0.7,794.3344256864206,1,1,physical_common,defined,0.005010569958863264,1.0755594729304392,0.0,0,0,3.457545816477426e-12
high_order_R24_eta0.7,high_order,24.0,0.7,794.3344256864206,1,1,actual_root,defined,0.009986726729027319,1.1038780028180661,0.0,1,40,3.457545816477426e-12
high_order_R24_eta0.7,high_order,24.0,0.7,794.3344256864206,1,1,soft_cosine,defined,-0.0023604581974381936,1.0636931035625665,0.0,0,0,3.457545816477426e-12
high_order_R24_eta0.7,high_order,24.0,0.7,794.3344256864206,1,8,scaled_0.8,defined,-0.5418373310134792,0.5684994357627566,0.5220762406152515,0,0,3.457545816477426e-12
high_order_R24_eta0.7,high_order,24.0,0.7,794.3344256864206,1,8,scaled_0.85,defined,-0.593186763797237,0.5355119717561344,0.5770745606154627,0,0,3.457545816477426e-12
high_order_R24_eta0.7,high_order,24.0,0.7,794.3344256864206,1,8,scaled_0.9,defined,-0.6501749792413776,0.5083318587378096,0.638129740610755,0,0,3.457545816477426e-12
high_order_R24_eta0.7,high_order,24.0,0.7,794.3344256864206,1,8,scaled_0.925,defined,-0.681424771140994,0.49834561582116066,0.6715862486381501,0,0,3.457545816477426e-12
high_order_R24_eta0.7,high_order,24.0,0.7,794.3344256864206,1,8,scaled_0.95,defined,-0.7149889101856963,0.4921491755201452,0.7074827816047342,0,0,3.457545816477426e-12
high_order_R24_eta0.7,high_order,24.0,0.7,794.3344256864206,1,8,scaled_0.975,defined,-0.7513152963035244,0.49169850913422686,0.7462759569973005,0,0,3.457545816477426e-12
high_order_R24_eta0.7,high_order,24.0,0.7,794.3344256864206,1,8,scaled_1,defined,-0.790878701683317,0.5007668277168824,0.7884503002707518,0,0,3.457545816477426e-12
high_order_R24_eta0.7,high_order,24.0,0.7,794.3344256864206,1,8,scaled_1.025,defined,-0.8339747964417396,0.5281554046154123,0.8343124266811494,0,0,3.457545816477426e-12
high_order_R24_eta0.7,high_order,24.0,0.7,794.3344256864206,1,8,scaled_1.05,defined,-0.8797101972332255,0.6034727081074392,0.8829812931608283,0,0,3.457545816477426e-12
high_order_R24_eta0.7,high_order,24.0,0.7,794.3344256864206,1,8,scaled_1.075,defined,-0.9122685371075073,1.0796003943988237,0.9186545454852234,0,0,3.457545816477426e-12
high_order_R24_eta0.7,high_order,24.0,0.7,794.3344256864206,1,8,scaled_1.1,defined,-0.8370994976941053,1.499321598543941,0.8467978789959403,0,0,3.457545816477426e-12
high_order_R24_eta0.7,high_order,24.0,0.7,794.3344256864206,1,8,scaled_1.15,defined,-0.46834147037625873,1.6970012391336473,0.48533340186808493,0,0,3.457545816477426e-12
high_order_R24_eta0.7,high_order,24.0,0.7,794.3344256864206,1,8,scaled_1.2,defined,0.5338398918791945,1.802821220361784,-0.5085021710335308,0,0,3.457545816477426e-12
high_order_R24_eta0.7,high_order,24.0,0.7,794.3344256864206,1,8,physical_frozen,defined,-0.7302189593872925,0.5381602247139318,0.7352295293461558,0,0,3.457545816477426e-12
high_order_R24_eta0.7,high_order,24.0,0.7,794.3344256864206,1,8,physical_common,defined,0.12901679119236234,1.2139335192101732,-0.12400622123349908,0,0,3.457545816477426e-12
high_order_R24_eta0.7,high_order,24.0,0.7,794.3344256864206,1,8,actual_root,defined,,2.912086995490313,,10,49,3.457545816477426e-12
high_order_R24_eta0.7,high_order,24.0,0.7,794.3344256864206,1,8,soft_cosine,defined,-0.7929439364195806,0.5056537280340738,0.7905834782221424,0,0,3.457545816477426e-12
high_order_R24_eta0.7,high_order,24.0,0.7,794.3344256864206,1,12,scaled_0.8,defined,-0.7530937951912315,0.44685790346293697,0.7333327047930038,0,0,3.457545816477426e-12
high_order_R24_eta0.7,high_order,24.0,0.7,794.3344256864206,1,12,scaled_0.85,defined,-0.8811418482946995,0.33543116124352645,0.8650296451129252,0,0,3.457545816477426e-12
high_order_R24_eta0.7,high_order,24.0,0.7,794.3344256864206,1,12,scaled_0.9,defined,-1.0245692727452416,0.22645176347832713,1.0125240341146189,0,0,3.457545816477426e-12
high_order_R24_eta0.7,high_order,24.0,0.7,794.3344256864206,1,12,scaled_0.925,defined,-1.1041556752159891,0.17295011752340617,1.0943171527131452,0,0,3.457545816477426e-12
high_order_R24_eta0.7,high_order,24.0,0.7,794.3344256864206,1,12,scaled_0.95,defined,-1.190515561541301,0.12012033894794381,1.183009432960339,0,0,3.457545816477426e-12
high_order_R24_eta0.7,high_order,24.0,0.7,794.3344256864206,1,12,scaled_0.975,defined,-1.285052223225383,0.06793160525039196,1.280012883919159,0,0,3.457545816477426e-12
high_order_R24_eta0.7,high_order,24.0,0.7,794.3344256864206,1,12,scaled_1,defined,-1.3893079141686304,0.016269975022560033,1.3868795127560651,0,0,3.457545816477426e-12
high_order_R24_eta0.7,high_order,24.0,0.7,794.3344256864206,1,12,scaled_1.025,defined,-1.5047958990346764,-0.03520134569212795,1.5051335292740862,0,0,3.457545816477426e-12
high_order_R24_eta0.7,high_order,24.0,0.7,794.3344256864206,1,12,scaled_1.05,defined,-1.6326973318542803,-0.08767127020513699,1.6359684277818831,0,0,3.457545816477426e-12
high_order_R24_eta0.7,high_order,24.0,0.7,794.3344256864206,1,12,scaled_1.075,defined,-1.773434228829629,-0.1493353042673419,1.779820237207345,0,0,3.457545816477426e-12
high_order_R24_eta0.7,high_order,24.0,0.7,794.3344256864206,1,12,scaled_1.1,defined,-1.925666914227155,-0.3261004373897189,1.93536529552899,0,0,3.457545816477426e-12
high_order_R24_eta0.7,high_order,24.0,0.7,794.3344256864206,1,12,scaled_1.15,defined,-2.234422992152143,-0.7975984122896311,2.2514149236439693,0,0,3.457545816477426e-12
high_order_R24_eta0.7,high_order,24.0,0.7,794.3344256864206,1,12,scaled_1.2,defined,-2.5199964036452407,-1.154495041519146,2.5453341244909042,0,0,3.457545816477426e-12
high_order_R24_eta0.7,high_order,24.0,0.7,794.3344256864206,1,12,physical_frozen,defined,-1.2433258142114636,0.04185782273855594,1.2483363841703268,0,0,3.457545816477426e-12
high_order_R24_eta0.7,high_order,24.0,0.7,794.3344256864206,1,12,physical_common,no_peak_in_valid_interval,,,,0,0,3.457545816477426e-12
high_order_R24_eta0.7,high_order,24.0,0.7,794.3344256864206,1,12,actual_root,defined,,-0.03302790977950819,,2,61,3.457545816477426e-12
high_order_R24_eta0.7,high_order,24.0,0.7,794.3344256864206,1,12,soft_cosine,defined,-1.3964353147390092,0.024926548001877543,1.394074856541571,0,0,3.457545816477426e-12
high_order_R24_eta0.7,high_order,24.0,0.7,794.3344256864206,1,16,scaled_0.8,defined,-0.9392338268535402,0.3667981325682949,0.9194727364553125,0,0,3.457545816477426e-12
high_order_R24_eta0.7,high_order,24.0,0.7,794.3344256864206,1,16,scaled_0.85,defined,-1.170339228450732,0.14448881474933342,1.1542270252689575,0,0,3.457545816477426e-12
high_order_R24_eta0.7,high_order,24.0,0.7,794.3344256864206,1,16,scaled_0.9,defined,-1.4262158958370705,-0.07959095487322732,1.4141706572064479,0,0,3.457545816477426e-12
high_order_R24_eta0.7,high_order,24.0,0.7,794.3344256864206,1,16,scaled_0.925,defined,-1.5664979082531745,-0.19563463039471668,1.5566593857503306,0,0,3.457545816477426e-12
high_order_R24_eta0.7,high_order,24.0,0.7,794.3344256864206,1,16,scaled_0.95,defined,-1.7166040695264135,-0.3173585601628419,1.7090979409454514,0,0,3.457545816477426e-12
high_order_R24_eta0.7,high_order,24.0,0.7,794.3344256864206,1,16,scaled_0.975,defined,-1.8773122974344314,-0.4483723995555275,1.8722729581282076,0,0,3.457545816477426e-12
high_order_R24_eta0.7,high_order,24.0,0.7,794.3344256864206,1,16,scaled_1,defined,-2.048588906802634,-0.5935406847846806,2.046160505390069,0,0,3.457545816477426e-12
high_order_R24_eta0.7,high_order,24.0,0.7,794.3344256864206,1,16,scaled_1.025,defined,-2.2291334207603573,-0.7577323046870355,2.2294710509997673,0,0,3.457545816477426e-12
high_order_R24_eta0.7,high_order,24.0,0.7,794.3344256864206,1,16,scaled_1.05,defined,-2.4162078121245374,-0.9420791150658187,2.41947890805214,0,0,3.457545816477426e-12
high_order_R24_eta0.7,high_order,24.0,0.7,794.3344256864206,1,16,scaled_1.075,defined,-2.60620633941556,-1.1407244408827484,2.612592347793276,0,0,3.457545816477426e-12
high_order_R24_eta0.7,high_order,24.0,0.7,794.3344256864206,1,16,scaled_1.1,defined,-2.7958478595916136,-1.3439490228985271,2.8055462408934484,0,0,3.457545816477426e-12
high_order_R24_eta0.7,high_order,24.0,0.7,794.3344256864206,1,16,scaled_1.15,defined,-3.166972512485513,-1.738001391521777,3.1839644439773394,0,0,3.457545816477426e-12
high_order_R24_eta0.7,high_order,24.0,0.7,794.3344256864206,1,16,scaled_1.2,defined,-3.5254368731216483,-2.1056131774739772,3.550774593967312,0,0,3.457545816477426e-12
high_order_R24_eta0.7,high_order,24.0,0.7,794.3344256864206,1,16,physical_frozen,defined,-1.7532419276264926,-0.49534878323173964,1.7582524975853557,0,0,3.457545816477426e-12
high_order_R24_eta0.7,high_order,24.0,0.7,794.3344256864206,1,16,physical_common,no_peak_in_valid_interval,,,,0,0,3.457545816477426e-12
high_order_R24_eta0.7,high_order,24.0,0.7,794.3344256864206,1,16,actual_root,defined,,-0.788209930404592,,4,78,3.457545816477426e-12
high_order_R24_eta0.7,high_order,24.0,0.7,794.3344256864206,1,16,soft_cosine,defined,-2.063850340614082,-0.5857792661074016,2.0614898824166437,0,0,3.457545816477426e-12
high_order_R256_eta0.35,high_order,256.0,0.35,794.3344256864206,1,1,scaled_0.8,defined,0.09474080474633317,1.0460691075149637,0.0,0,0,8.126212136018751e-15
high_order_R256_eta0.35,high_order,256.0,0.35,794.3344256864206,1,1,scaled_0.85,defined,0.09562425502370202,1.047617342275072,0.0,0,0,8.126212136018751e-15
high_order_R256_eta0.35,high_order,256.0,0.35,794.3344256864206,1,1,scaled_0.9,defined,0.09659559506515976,1.04933518360423,0.0,0,0,8.126212136018751e-15
high_order_R256_eta0.35,high_order,256.0,0.35,794.3344256864206,1,1,scaled_0.925,defined,0.09711675338660672,1.0502638049936215,0.0,0,0,8.126212136018751e-15
high_order_R256_eta0.35,high_order,256.0,0.35,794.3344256864206,1,1,scaled_0.95,defined,0.09766307484671552,1.051242677723006,0.0,0,0,8.126212136018751e-15
high_order_R256_eta0.35,high_order,256.0,0.35,794.3344256864206,1,1,scaled_0.975,defined,0.09823579689741707,1.0522749579622428,0.0,0,0,8.126212136018751e-15
high_order_R256_eta0.35,high_order,256.0,0.35,794.3344256864206,1,1,scaled_1,defined,0.09883625398936952,1.0533640847331287,0.0,0,0,8.126212136018751e-15
high_order_R256_eta0.35,high_order,256.0,0.35,794.3344256864206,1,1,scaled_1.025,defined,0.09946588670624387,1.054513842903453,0.0,0,0,8.126212136018751e-15
high_order_R256_eta0.35,high_order,256.0,0.35,794.3344256864206,1,1,scaled_1.05,defined,0.10012625203342895,1.05572840755274,0.0,0,0,8.126212136018751e-15
high_order_R256_eta0.35,high_order,256.0,0.35,794.3344256864206,1,1,scaled_1.075,defined,0.10081903490299196,1.0570123956000212,0.0,0,0,8.126212136018751e-15
high_order_R256_eta0.35,high_order,256.0,0.35,794.3344256864206,1,1,scaled_1.1,defined,0.10154606113310694,1.0583709260438385,0.0,0,0,8.126212136018751e-15
high_order_R256_eta0.35,high_order,256.0,0.35,794.3344256864206,1,1,scaled_1.15,defined,0.10311094053034142,1.0613350367668126,0.0,0,0,8.126212136018751e-15
high_order_R256_eta0.35,high_order,256.0,0.35,794.3344256864206,1,1,scaled_1.2,defined,0.10483891721127463,1.0646747534003007,0.0,0,0,8.126212136018751e-15
high_order_R256_eta0.35,high_order,256.0,0.35,794.3344256864206,1,1,physical_frozen,defined,0.09895708272141765,1.0535386364883643,0.0,0,0,8.126212136018751e-15
high_order_R256_eta0.35,high_order,256.0,0.35,794.3344256864206,1,1,physical_common,defined,0.09895708272141765,1.0535386364883643,0.0,0,0,8.126212136018751e-15
high_order_R256_eta0.35,high_order,256.0,0.35,794.3344256864206,1,1,actual_root,defined,0.0992237056626527,1.0542410506330937,0.0,0,0,8.126212136018751e-15
high_order_R256_eta0.35,high_order,256.0,0.35,794.3344256864206,1,1,soft_cosine,defined,0.09884293670835728,1.0533814858099686,0.0,0,0,8.126212136018751e-15
high_order_R256_eta0.35,high_order,256.0,0.35,794.3344256864206,1,8,scaled_0.8,defined,0.028134914999661517,0.9748165208661175,0.06660588974667166,0,0,8.126212136018751e-15
high_order_R256_eta0.35,high_order,256.0,0.35,794.3344256864206,1,8,scaled_0.85,defined,0.027092496097467222,0.9768711308882462,0.0685317589262348,0,0,8.126212136018751e-15
high_order_R256_eta0.35,high_order,256.0,0.35,794.3344256864206,1,8,scaled_0.9,defined,0.026540413513554434,0.981060611013031,0.07005518155160533,0,0,8.126212136018751e-15
high_order_R256_eta0.35,high_order,256.0,0.35,794.3344256864206,1,8,scaled_0.925,defined,0.026496204933156076,0.9843011733223341,0.07062054845345064,0,0,8.126212136018751e-15
high_order_R256_eta0.35,high_order,256.0,0.35,794.3344256864206,1,8,scaled_0.95,defined,0.026633078066971627,0.9885868122218675,0.07102999677974389,0,0,8.126212136018751e-15
high_order_R256_eta0.35,high_order,256.0,0.35,794.3344256864206,1,8,scaled_0.975,defined,0.0269690854596075,0.9942335789546054,0.07126671143780958,0,0,8.126212136018751e-15
high_order_R256_eta0.35,high_order,256.0,0.35,794.3344256864206,1,8,scaled_1,defined,0.027517142041504666,1.0017023188738814,0.07131911194786485,0,0,8.126212136018751e-15
high_order_R256_eta0.35,high_order,256.0,0.35,794.3344256864206,1,8,scaled_1.025,defined,0.02827937867392416,1.011706157775343,0.07118650803231971,0,0,8.126212136018751e-15
high_order_R256_eta0.35,high_order,256.0,0.35,794.3344256864206,1,8,scaled_1.05,defined,0.029238657140166158,1.025413923016083,0.0708875948932628,0,0,8.126212136018751e-15
high_order_R256_eta0.35,high_order,256.0,0.35,794.3344256864206,1,8,scaled_1.075,defined,0.030350988206696718,1.0449407411648368,0.07046804669629525,0,0,8.126212136018751e-15
high_order_R256_eta0.35,high_order,256.0,0.35,794.3344256864206,1,8,scaled_1.1,defined,0.031571389427787644,1.0746591323277614,0.06997467170531929,0,0,8.126212136018751e-15
high_order_R256_eta0.35,high_order,256.0,0.35,794.3344256864206,1,8,scaled_1.15,defined,0.038225119608976135,1.2454270192356043,0.06488582092136529,0,0,8.126212136018751e-15
high_order_R256_eta0.35,high_order,256.0,0.35,794.3344256864206,1,8,scaled_1.2,defined,0.7489612325862327,2.297897033680807,-0.6441223153749581,0,0,8.126212136018751e-15
high_order_R256_eta0.35,high_order,256.0,0.35,794.3344256864206,1,8,physical_frozen,defined,0.028376595654021175,1.0029767965235428,0.07058048706739647,0,0,8.126212136018751e-15
high_order_R256_eta0.35,high_order,256.0,0.35,794.3344256864206,1,8,physical_common,no_peak_in_valid_interval,,,,0,0,8.126212136018751e-15
high_order_R256_eta0.35,high_order,256.0,0.35,794.3344256864206,1,8,actual_root,defined,0.0278527310644352,1.0062238932311414,0.07137097459821751,10,3,8.126212136018751e-15
high_order_R256_eta0.35,high_order,256.0,0.35,794.3344256864206,1,8,soft_cosine,defined,0.02756080636971268,1.0025642337269192,0.0712821303386446,0,0,8.126212136018751e-15
high_order_R256_eta0.35,high_order,256.0,0.35,794.3344256864206,1,12,scaled_0.8,defined,0.004925424762713737,0.9555773098756516,0.08981537998361944,0,0,8.126212136018751e-15
high_order_R256_eta0.35,high_order,256.0,0.35,794.3344256864206,1,12,scaled_0.85,defined,-0.0026920262448310757,0.9504156582486789,0.09831628126853309,0,0,8.126212136018751e-15
high_order_R256_eta0.35,high_order,256.0,0.35,794.3344256864206,1,12,scaled_0.9,defined,-0.01006269512608506,0.948245109463758,0.10665829019124481,0,0,8.126212136018751e-15
high_order_R256_eta0.35,high_order,256.0,0.35,794.3344256864206,1,12,scaled_0.925,defined,-0.013641474070075278,0.9489090528629813,0.110758227456682,0,0,8.126212136018751e-15
high_order_R256_eta0.35,high_order,256.0,0.35,794.3344256864206,1,12,scaled_0.95,defined,-0.017171114286455545,0.9512966879808652,0.11483418913317106,0,0,8.126212136018751e-15
high_order_R256_eta0.35,high_order,256.0,0.35,794.3344256864206,1,12,scaled_0.975,defined,-0.020711376238614854,0.9561044114835564,0.11894717313603193,0,0,8.126212136018751e-15
high_order_R256_eta0.35,high_order,256.0,0.35,794.3344256864206,1,12,scaled_1,defined,-0.02439442152747307,0.9644809749997559,0.12323067551684258,0,0,8.126212136018751e-15
high_order_R256_eta0.35,high_order,256.0,0.35,794.3344256864206,1,12,scaled_1.025,defined,-0.02848761101485463,0.9785173589632735,0.1279534977210985,0,0,8.126212136018751e-15
high_order_R256_eta0.35,high_order,256.0,0.35,794.3344256864206,1,12,scaled_1.05,defined,-0.03349434951353061,1.002646965647807,0.13362060154695957,0,0,8.126212136018751e-15
high_order_R256_eta0.35,high_order,256.0,0.35,794.3344256864206,1,12,scaled_1.075,defined,-0.0401630762915397,1.0489156546160951,0.14098211119453166,0,0,8.126212136018751e-15
high_order_R256_eta0.35,high_order,256.0,0.35,794.3344256864206,1,12,scaled_1.1,defined,-0.04699928579608745,1.1752810167512069,0.14854534692919438,0,0,8.126212136018751e-15
high_order_R256_eta0.35,high_order,256.0,0.35,794.3344256864206,1,12,scaled_1.15,defined,1.0850503306051602,2.2583932876004664,-0.9819393900748188,0,0,8.126212136018751e-15
high_order_R256_eta0.35,high_order,256.0,0.35,794.3344256864206,1,12,scaled_1.2,defined,-0.9200020854238824,-0.01450618782816411,1.024841002635157,0,0,8.126212136018751e-15
high_order_R256_eta0.35,high_order,256.0,0.35,794.3344256864206,1,12,physical_frozen,defined,-0.02333227493729207,0.9660201251597813,0.12228935765870971,0,0,8.126212136018751e-15
high_order_R256_eta0.35,high_order,256.0,0.35,794.3344256864206,1,12,physical_common,no_peak_in_valid_interval,,,,0,0,8.126212136018751e-15
high_order_R256_eta0.35,high_order,256.0,0.35,794.3344256864206,1,12,actual_root,defined,-0.02602988215833723,0.9688428853348664,0.12525358782098994,14,89,8.126212136018751e-15
high_order_R256_eta0.35,high_order,256.0,0.35,794.3344256864206,1,12,soft_cosine,defined,-0.024642920857885775,0.9663070774592817,0.12348585756624306,0,0,8.126212136018751e-15
high_order_R256_eta0.35,high_order,256.0,0.35,794.3344256864206,1,16,scaled_0.8,defined,-0.0063638605913778346,0.9532629016839153,0.10110466533771101,0,0,8.126212136018751e-15
high_order_R256_eta0.35,high_order,256.0,0.35,794.3344256864206,1,16,scaled_0.85,defined,-0.024199904030514852,0.9357408516289916,0.11982415905421687,0,0,8.126212136018751e-15
high_order_R256_eta0.35,high_order,256.0,0.35,794.3344256864206,1,16,scaled_0.9,defined,-0.0422836839624352,0.9219151884336931,0.13887927902759495,0,0,8.126212136018751e-15
high_order_R256_eta0.35,high_order,256.0,0.35,794.3344256864206,1,16,scaled_0.925,defined,-0.051512238331141935,0.9172700709986714,0.14862899171774865,0,0,8.126212136018751e-15
high_order_R256_eta0.35,high_order,256.0,0.35,794.3344256864206,1,16,scaled_0.95,defined,-0.061023648857367885,0.9149673087940394,0.1586867237040834,0,0,8.126212136018751e-15
high_order_R256_eta0.35,high_order,256.0,0.35,794.3344256864206,1,16,scaled_0.975,defined,-0.071095513824163,0.916129252587903,0.16933131072158009,0,0,8.126212136018751e-15
high_order_R256_eta0.35,high_order,256.0,0.35,794.3344256864206,1,16,scaled_1,defined,-0.08228365356432976,0.922812452586304,0.18111990755369928,0,0,8.126212136018751e-15
high_order_R256_eta0.35,high_order,256.0,0.35,794.3344256864206,1,16,scaled_1.025,defined,-0.09570485692777475,0.9394555702055238,0.19517074363401862,0,0,8.126212136018751e-15
high_order_R256_eta0.35,high_order,256.0,0.35,794.3344256864206,1,16,scaled_1.05,defined,-0.11351837552690403,0.9787562801333788,0.21364462756033298,0,0,8.126212136018751e-15
high_order_R256_eta0.35,high_order,256.0,0.35,794.3344256864206,1,16,scaled_1.075,defined,-0.1371038244317475,1.1144848423860538,0.23792285933473947,0,0,8.126212136018751e-15
high_order_R256_eta0.35,high_order,256.0,0.35,794.3344256864206,1,16,scaled_1.1,defined,0.176773880397453,2.157087953813051,-0.07522781926434607,0,0,8.126212136018751e-15
high_order_R256_eta0.35,high_order,256.0,0.35,794.3344256864206,1,16,scaled_1.15,defined,-0.866121607664939,0.12443989509565606,0.9692325481952804,0,0,8.126212136018751e-15
high_order_R256_eta0.35,high_order,256.0,0.35,794.3344256864206,1,16,scaled_1.2,defined,-1.0401174207764425,-0.15725755231805327,1.1449563379877172,0,0,8.126212136018751e-15
high_order_R256_eta0.35,high_order,256.0,0.35,794.3344256864206,1,16,physical_frozen,defined,-0.081165021739385,0.9242705372759675,0.18012210446080265,0,0,8.126212136018751e-15
high_order_R256_eta0.35,high_order,256.0,0.35,794.3344256864206,1,16,physical_common,no_peak_in_valid_interval,,,,0,0,8.126212136018751e-15
high_order_R256_eta0.35,high_order,256.0,0.35,794.3344256864206,1,16,actual_root,defined,-0.08690766122822802,0.925913031965665,0.18613136689088072,14,131,8.126212136018751e-15
high_order_R256_eta0.35,high_order,256.0,0.35,794.3344256864206,1,16,soft_cosine,defined,-0.08324436008217728,0.9259539536781168,0.18208729679053456,0,0,8.126212136018751e-15
high_order_R256_eta0.7,high_order,256.0,0.7,794.3344256864206,1,1,scaled_0.8,defined,0.19034886508080429,1.2176333042093006,0.0,0,0,1.1358273621602506e-16
high_order_R256_eta0.7,high_order,256.0,0.7,794.3344256864206,1,1,scaled_0.85,defined,0.19281403318629903,1.2219695232258674,0.0,0,0,1.1358273621602506e-16
high_order_R256_eta0.7,high_order,256.0,0.7,794.3344256864206,1,1,scaled_0.9,defined,0.1955267081299855,1.2267735295759907,0.0,0,0,1.1358273621602506e-16
high_order_R256_eta0.7,high_order,256.0,0.7,794.3344256864206,1,1,scaled_0.925,defined,0.19698359836076834,1.2293687054700293,0.0,0,0,1.1358273621602506e-16
high_order_R256_eta0.7,high_order,256.0,0.7,794.3344256864206,1,1,scaled_0.95,defined,0.1985122120649459,1.2321033496600609,0.0,0,0,1.1358273621602506e-16
high_order_R256_eta0.7,high_order,256.0,0.7,794.3344256864206,1,1,scaled_0.975,defined,0.2001164709315102,1.2349862896988248,0.0,0,0,1.1358273621602506e-16
high_order_R256_eta0.7,high_order,256.0,0.7,794.3344256864206,1,1,scaled_1,defined,0.20180066619010364,1.2380272581107497,0.0,0,0,1.1358273621602506e-16
high_order_R256_eta0.7,high_order,256.0,0.7,794.3344256864206,1,1,scaled_1.025,defined,0.20356950319000977,1.241237009827355,0.0,0,0,1.1358273621602506e-16
high_order_R256_eta0.7,high_order,256.0,0.7,794.3344256864206,1,1,scaled_1.05,defined,0.20542815230793435,1.2446274588328445,0.0,0,0,1.1358273621602506e-16
high_order_R256_eta0.7,high_order,256.0,0.7,794.3344256864206,1,1,scaled_1.075,defined,0.2073823081517585,1.248211837844183,0.0,0,0,1.1358273621602506e-16
high_order_R256_eta0.7,high_order,256.0,0.7,794.3344256864206,1,1,scaled_1.1,defined,0.20943825869416144,1.252005193638425,0.0,0,0,1.1358273621602506e-16
high_order_R256_eta0.7,high_order,256.0,0.7,794.3344256864206,1,1,scaled_1.15,defined,0.21388418588061442,1.2602929466500499,0.0,0,0,1.1358273621602506e-16
high_order_R256_eta0.7,high_order,256.0,0.7,794.3344256864206,1,1,scaled_1.2,defined,0.21883164778394937,1.269654361801995,0.0,0,0,1.1358273621602506e-16
high_order_R256_eta0.7,high_order,256.0,0.7,794.3344256864206,1,1,physical_frozen,defined,0.20213714752176917,1.2385960177295368,0.0,0,0,1.1358273621602506e-16
high_order_R256_eta0.7,high_order,256.0,0.7,794.3344256864206,1,1,physical_common,defined,0.20213714752176917,1.2385960177295368,0.0,0,0,1.1358273621602506e-16
high_order_R256_eta0.7,high_order,256.0,0.7,794.3344256864206,1,1,actual_root,defined,0.20431790697933092,1.2440615404247795,0.0,0,0,1.1358273621602506e-16
high_order_R256_eta0.7,high_order,256.0,0.7,794.3344256864206,1,1,soft_cosine,defined,0.20182094477026968,1.238071952474365,0.0,0,0,1.1358273621602506e-16
high_order_R256_eta0.7,high_order,256.0,0.7,794.3344256864206,1,8,scaled_0.8,defined,0.0633737873573178,1.0486480367263986,0.12697507772348648,0,0,1.1358273621602506e-16
high_order_R256_eta0.7,high_order,256.0,0.7,794.3344256864206,1,8,scaled_0.85,defined,0.07325666049705204,1.0672347897363703,0.11955737268924699,0,0,1.1358273621602506e-16
high_order_R256_eta0.7,high_order,256.0,0.7,794.3344256864206,1,8,scaled_0.9,defined,0.08594354231249803,1.0918638284149633,0.10958316581748746,0,0,1.1358273621602506e-16
high_order_R256_eta0.7,high_order,256.0,0.7,794.3344256864206,1,8,scaled_0.925,defined,0.09369432031999843,1.1073805338508875,0.10328927804076991,0,0,1.1358273621602506e-16
high_order_R256_eta0.7,high_order,256.0,0.7,794.3344256864206,1,8,scaled_0.95,defined,0.10266654867966356,1.1258308887898834,0.09584566338528235,0,0,1.1358273621602506e-16
high_order_R256_eta0.7,high_order,256.0,0.7,794.3344256864206,1,8,scaled_0.975,defined,0.11317307896042639,1.1481511017780766,0.0869433919710838,0,0,1.1358273621602506e-16
high_order_R256_eta0.7,high_order,256.0,0.7,794.3344256864206,1,8,scaled_1,defined,0.12566536873091452,1.1757751454917678,0.07613529745918912,0,0,1.1358273621602506e-16
high_order_R256_eta0.7,high_order,256.0,0.7,794.3344256864206,1,8,scaled_1.025,defined,0.14083366174466475,1.2110532170914325,0.06273584144534503,0,0,1.1358273621602506e-16
high_order_R256_eta0.7,high_order,256.0,0.7,794.3344256864206,1,8,scaled_1.05,defined,0.15982024527056202,1.2581947995346805,0.04560790703737233,0,0,1.1358273621602506e-16
high_order_R256_eta0.7,high_order,256.0,0.7,794.3344256864206,1,8,scaled_1.075,defined,0.18474250176647092,1.3258697722830388,0.022639806385287592,0,0,1.1358273621602506e-16
high_order_R256_eta0.7,high_order,256.0,0.7,794.3344256864206,1,8,scaled_1.1,defined,0.22029612835278736,1.4368724050657737,-0.010857869658625924,0,0,1.1358273621602506e-16
high_order_R256_eta0.7,high_order,256.0,0.7,794.3344256864206,1,8,scaled_1.15,defined,2.20076088289742,6.935884693156023,-1.9868766970168055,0,0,1.1358273621602506e-16
high_order_R256_eta0.7,high_order,256.0,0.7,794.3344256864206,1,8,scaled_1.2,defined,1.711769721410858,4.310952511308235,-1.4929380736269087,0,0,1.1358273621602506e-16
high_order_R256_eta0.7,high_order,256.0,0.7,794.3344256864206,1,8,physical_frozen,defined,0.12884277964604282,1.1812519255513199,0.07329436787572635,0,0,1.1358273621602506e-16
high_order_R256_eta0.7,high_order,256.0,0.7,794.3344256864206,1,8,physical_common,no_peak_in_valid_interval,,,,0,0,1.1358273621602506e-16
high_order_R256_eta0.7,high_order,256.0,0.7,794.3344256864206,1,8,actual_root,defined,0.14628156058056205,1.2417865580517728,0.05803634639876887,0,4,1.1358273621602506e-16
high_order_R256_eta0.7,high_order,256.0,0.7,794.3344256864206,1,8,soft_cosine,defined,0.12661909008916136,1.1783101661988125,0.07520185468110832,0,0,1.1358273621602506e-16
high_order_R256_eta0.7,high_order,256.0,0.7,794.3344256864206,1,12,scaled_0.8,defined,0.008052217694726761,0.9820150433634899,0.18229664738607754,0,0,1.1358273621602506e-16
high_order_R256_eta0.7,high_order,256.0,0.7,794.3344256864206,1,12,scaled_0.85,defined,0.01590438554692475,0.9993050199359131,0.17690964763937428,0,0,1.1358273621602506e-16
high_order_R256_eta0.7,high_order,256.0,0.7,794.3344256864206,1,12,scaled_0.9,defined,0.0275324475930313,1.0251580427899019,0.16799426053695418,0,0,1.1358273621602506e-16
high_order_R256_eta0.7,high_order,256.0,0.7,794.3344256864206,1,12,scaled_0.925,defined,0.03536283890217638,1.0429750155010256,0.16162075945859194,0,0,1.1358273621602506e-16
high_order_R256_eta0.7,high_order,256.0,0.7,794.3344256864206,1,12,scaled_0.95,defined,0.0450555162348693,1.0656259514614774,0.1534566958300766,0,0,1.1358273621602506e-16
high_order_R256_eta0.7,high_order,256.0,0.7,794.3344256864206,1,12,scaled_0.975,defined,0.05724356381841272,1.0951935551412284,0.14287290711309747,0,0,1.1358273621602506e-16
high_order_R256_eta0.7,high_order,256.0,0.7,794.3344256864206,1,12,scaled_1,defined,0.07296240376063438,1.135337033140307,0.12883826242946927,0,0,1.1358273621602506e-16
high_order_R256_eta0.7,high_order,256.0,0.7,794.3344256864206,1,12,scaled_1.025,defined,0.09411496022455657,1.1933623050164925,0.1094545429654532,0,0,1.1358273621602506e-16
high_order_R256_eta0.7,high_order,256.0,0.7,794.3344256864206,1,12,scaled_1.05,defined,0.12488746014872838,1.287162182628385,0.08054069215920596,0,0,1.1358273621602506e-16
high_order_R256_eta0.7,high_order,256.0,0.7,794.3344256864206,1,12,scaled_1.075,defined,0.17801056158619968,1.4844938895410527,0.029371746565558826,0,0,1.1358273621602506e-16
high_order_R256_eta0.7,high_order,256.0,0.7,794.3344256864206,1,12,scaled_1.1,defined,0.6245323434888999,4.14445930281576,-0.4150940847947384,0,0,1.1358273621602506e-16
high_order_R256_eta0.7,high_order,256.0,0.7,794.3344256864206,1,12,scaled_1.15,defined,1.1200666806558213,2.5159251641510925,-0.9061824947752068,0,0,1.1358273621602506e-16
high_order_R256_eta0.7,high_order,256.0,0.7,794.3344256864206,1,12,scaled_1.2,defined,1.6152054228972628,2.548318465303149,-1.3963737751133134,0,0,1.1358273621602506e-16
high_order_R256_eta0.7,high_order,256.0,0.7,794.3344256864206,1,12,physical_frozen,defined,0.07769537247860363,1.1435813414637146,0.12444177504316555,0,0,1.1358273621602506e-16
high_order_R256_eta0.7,high_order,256.0,0.7,794.3344256864206,1,12,physical_common,no_peak_in_valid_interval,,,,0,0,1.1358273621602506e-16
high_order_R256_eta0.7,high_order,256.0,0.7,794.3344256864206,1,12,actual_root,defined,0.10183275739941533,1.250825926681237,0.10248514957991559,0,90,1.1358273621602506e-16
high_order_R256_eta0.7,high_order,256.0,0.7,794.3344256864206,1,12,soft_cosine,defined,0.0746945516300617,1.140795108882798,0.127126393140208,0,0,1.1358273621602506e-16
high_order_R256_eta0.7,high_order,256.0,0.7,794.3344256864206,1,16,scaled_0.8,defined,-0.03420294816248224,0.9352341185677712,0.22455181324328652,0,0,1.1358273621602506e-16
high_order_R256_eta0.7,high_order,256.0,0.7,794.3344256864206,1,16,scaled_0.85,defined,-0.03196958835253763,0.9463088960285743,0.22478362153883666,0,0,1.1358273621602506e-16
high_order_R256_eta0.7,high_order,256.0,0.7,794.3344256864206,1,16,scaled_0.9,defined,-0.02542397275847527,0.9678306646309831,0.22095068088846076,0,0,1.1358273621602506e-16
high_order_R256_eta0.7,high_order,256.0,0.7,794.3344256864206,1,16,scaled_0.925,defined,-0.01974204927113911,0.9848877102971495,0.21672564763190744,0,0,1.1358273621602506e-16
high_order_R256_eta0.7,high_order,256.0,0.7,794.3344256864206,1,16,scaled_0.95,defined,-0.011733047571542308,1.0085435069440316,0.2102452596364882,0,0,1.1358273621602506e-16
high_order_R256_eta0.7,high_order,256.0,0.7,794.3344256864206,1,16,scaled_0.975,defined,-0.0004421817056517695,1.042279851847013,0.20055865263716197,0,0,1.1358273621602506e-16
high_order_R256_eta0.7,high_order,256.0,0.7,794.3344256864206,1,16,scaled_1,defined,0.01588499787711704,1.0930156274084568,0.18591566831298661,0,0,1.1358273621602506e-16
high_order_R256_eta0.7,high_order,256.0,0.7,794.3344256864206,1,16,scaled_1.025,defined,0.041170938212368044,1.1776123527067894,0.1623985649776417,0,0,1.1358273621602506e-16
high_order_R256_eta0.7,high_order,256.0,0.7,794.3344256864206,1,16,scaled_1.05,defined,0.08782232976601882,1.3577550441831854,0.11760582254191553,0,0,1.1358273621602506e-16
high_order_R256_eta0.7,high_order,256.0,0.7,794.3344256864206,1,16,scaled_1.075,defined,0.24589720871768908,2.1504164027151993,-0.03851490056593057,0,0,1.1358273621602506e-16
high_order_R256_eta0.7,high_order,256.0,0.7,794.3344256864206,1,16,scaled_1.1,defined,0.6534118946199245,2.3508376483104283,-0.4439736359257631,0,0,1.1358273621602506e-16
high_order_R256_eta0.7,high_order,256.0,0.7,794.3344256864206,1,16,scaled_1.15,defined,1.461761310944028,2.465993927912346,-1.2478771250634135,0,0,1.1358273621602506e-16
high_order_R256_eta0.7,high_order,256.0,0.7,794.3344256864206,1,16,scaled_1.2,defined,-0.9899376941776498,-0.06764020063868738,1.2087693419615992,0,0,1.1358273621602506e-16
high_order_R256_eta0.7,high_order,256.0,0.7,794.3344256864206,1,16,physical_frozen,defined,0.022043863263755036,1.103847934083992,0.18009328425801413,0,0,1.1358273621602506e-16
high_order_R256_eta0.7,high_order,256.0,0.7,794.3344256864206,1,16,physical_common,no_peak_in_valid_interval,,,,0,0,1.1358273621602506e-16
high_order_R256_eta0.7,high_order,256.0,0.7,794.3344256864206,1,16,actual_root,defined,0.05240464581347615,1.3147163173675152,0.15191326116585477,11,132,1.1358273621602506e-16
high_order_R256_eta0.7,high_order,256.0,0.7,794.3344256864206,1,16,soft_cosine,defined,0.018356844270697482,1.1024558158975764,0.1834641004995722,0,0,1.1358273621602506e-16
high_order_R56_eta0.35,high_order,56.0,0.35,794.3344256864206,1,1,scaled_0.8,defined,0.042146045797574194,1.0001238464576658,0.0,0,0,1.1569705794678967e-11
high_order_R56_eta0.35,high_order,56.0,0.35,794.3344256864206,1,1,scaled_0.85,defined,0.04293670530646665,1.0024117832481685,0.0,0,0,1.1569705794678967e-11
high_order_R56_eta0.35,high_order,56.0,0.35,794.3344256864206,1,1,scaled_0.9,defined,0.04381758238290843,1.0050114760642386,0.0,0,0,1.1569705794678967e-11
high_order_R56_eta0.35,high_order,56.0,0.35,794.3344256864206,1,1,scaled_0.925,defined,0.044294570740728956,1.0064427648361283,0.0,0,0,1.1569705794678967e-11
high_order_R56_eta0.35,high_order,56.0,0.35,794.3344256864206,1,1,scaled_0.95,defined,0.04479748629390623,1.0079706386598675,0.0,0,0,1.1569705794678967e-11
high_order_R56_eta0.35,high_order,56.0,0.35,794.3344256864206,1,1,scaled_0.975,defined,0.04532757284398556,1.0096027091017536,0.0,0,0,1.1569705794678967e-11
high_order_R56_eta0.35,high_order,56.0,0.35,794.3344256864206,1,1,scaled_1,defined,0.045886135748116036,1.0113474214697968,0.0,0,0,1.1569705794678967e-11
high_order_R56_eta0.35,high_order,56.0,0.35,794.3344256864206,1,1,scaled_1.025,defined,0.046474544496853905,1.013214174202696,0.0,0,0,1.1569705794678967e-11
high_order_R56_eta0.35,high_order,56.0,0.35,794.3344256864206,1,1,scaled_1.05,defined,0.04709423553644027,1.015213460121826,0.0,0,0,1.1569705794678967e-11
high_order_R56_eta0.35,high_order,56.0,0.35,794.3344256864206,1,1,scaled_1.075,defined,0.047746715480476196,1.0173570345315943,0.0,0,0,1.1569705794678967e-11
high_order_R56_eta0.35,high_order,56.0,0.35,794.3344256864206,1,1,scaled_1.1,defined,0.04843356483289396,1.0196581164598477,0.0,0,0,1.1569705794678967e-11
high_order_R56_eta0.35,high_order,56.0,0.35,794.3344256864206,1,1,scaled_1.15,defined,0.0499170912806364,1.0247945034745016,0.0,0,0,1.1569705794678967e-11
high_order_R56_eta0.35,high_order,56.0,0.35,794.3344256864206,1,1,scaled_1.2,defined,0.051559145800331885,1.0307701307612824,0.0,0,0,1.1569705794678967e-11
high_order_R56_eta0.35,high_order,56.0,0.35,794.3344256864206,1,1,physical_frozen,defined,0.046686466983128616,1.0125036808911343,0.0,0,0,1.1569705794678967e-11
high_order_R56_eta0.35,high_order,56.0,0.35,794.3344256864206,1,1,physical_common,defined,0.046686466983128616,1.0125036808911343,0.0,0,0,1.1569705794678967e-11
high_order_R56_eta0.35,high_order,56.0,0.35,794.3344256864206,1,1,actual_root,defined,0.04655905874417449,1.0137693033280224,0.0,0,0,1.1569705794678967e-11
high_order_R56_eta0.35,high_order,56.0,0.35,794.3344256864206,1,1,soft_cosine,defined,0.04595602248562744,1.0115150971382647,0.0,0,0,1.1569705794678967e-11
high_order_R56_eta0.35,high_order,56.0,0.35,794.3344256864206,1,8,scaled_0.8,defined,-0.13993099975858686,0.8550390790009413,0.18207704555616105,0,0,1.1569705794678967e-11
high_order_R56_eta0.35,high_order,56.0,0.35,794.3344256864206,1,8,scaled_0.85,defined,-0.16926848299220332,0.829880409398309,0.21220518829866997,0,0,1.1569705794678967e-11
high_order_R56_eta0.35,high_order,56.0,0.35,794.3344256864206,1,8,scaled_0.9,defined,-0.20161481094815406,0.8068099722234583,0.24543239333106248,0,0,1.1569705794678967e-11
high_order_R56_eta0.35,high_order,56.0,0.35,794.3344256864206,1,8,scaled_0.925,defined,-0.2193760322581377,0.7965296126635816,0.2636706029988667,0,0,1.1569705794678967e-11
high_order_R56_eta0.35,high_order,56.0,0.35,794.3344256864206,1,8,scaled_0.95,defined,-0.23860613349128382,0.7874791555797818,0.28340361978519,0,0,1.1569705794678967e-11
high_order_R56_eta0.35,high_order,56.0,0.35,794.3344256864206,1,8,scaled_0.975,defined,-0.2597879332786672,0.7801327927564083,0.3051155061226528,0,0,1.1569705794678967e-11
high_order_R56_eta0.35,high_order,56.0,0.35,794.3344256864206,1,8,scaled_1,defined,-0.2836315941003904,0.7752492638863577,0.32951772984850647,0,0,1.1569705794678967e-11
high_order_R56_eta0.35,high_order,56.0,0.35,794.3344256864206,1,8,scaled_1.025,defined,-0.3111950342735955,0.7741754028512597,0.3576695787704494,0,0,1.1569705794678967e-11
high_order_R56_eta0.35,high_order,56.0,0.35,794.3344256864206,1,8,scaled_1.05,defined,-0.344063138463372,0.7797026993299151,0.39115737399981226,0,0,1.1569705794678967e-11
high_order_R56_eta0.35,high_order,56.0,0.35,794.3344256864206,1,8,scaled_1.075,defined,-0.3845494565242802,0.7992606182302693,0.4322961720047564,0,0,1.1569705794678967e-11
high_order_R56_eta0.35,high_order,56.0,0.35,794.3344256864206,1,8,scaled_1.1,defined,-0.43524420100525446,0.8676912982146899,0.4836777658381484,0,0,1.1569705794678967e-11
high_order_R56_eta0.35,high_order,56.0,0.35,794.3344256864206,1,8,scaled_1.15,defined,0.021855248635204605,2.0290381915634756,0.028061842645431795,0,0,1.1569705794678967e-11
high_order_R56_eta0.35,high_order,56.0,0.35,794.3344256864206,1,8,scaled_1.2,defined,-0.9645044809198795,0.19353788694682597,1.0160636267202114,0,0,1.1569705794678967e-11
high_order_R56_eta0.35,high_order,56.0,0.35,794.3344256864206,1,8,physical_frozen,defined,-0.2818769166932956,0.7725018733350063,0.32856338367642424,0,0,1.1569705794678967e-11
high_order_R56_eta0.35,high_order,56.0,0.35,794.3344256864206,1,8,physical_common,defined,0.19358910613543712,1.2157785608225198,-0.1469026391523085,0,0,1.1569705794678967e-11
high_order_R56_eta0.35,high_order,56.0,0.35,794.3344256864206,1,8,actual_root,defined,-0.2997358970514328,0.7752550068385965,0.34629495579560726,10,116,1.1569705794678967e-11
high_order_R56_eta0.35,high_order,56.0,0.35,794.3344256864206,1,8,soft_cosine,defined,-0.28489777307236686,0.7768427107997369,0.3308537955579943,0,0,1.1569705794678967e-11
high_order_R56_eta0.35,high_order,56.0,0.35,794.3344256864206,1,12,scaled_0.8,defined,-0.1878498683121074,0.8531770242155698,0.2299959141096816,0,0,1.1569705794678967e-11
high_order_R56_eta0.35,high_order,56.0,0.35,794.3344256864206,1,12,scaled_0.85,defined,-0.2576106168119793,0.7809400281444274,0.3005473221184459,0,0,1.1569705794678967e-11
high_order_R56_eta0.35,high_order,56.0,0.35,794.3344256864206,1,12,scaled_0.9,defined,-0.33434886274691694,0.7112716981953912,0.3781664451298254,0,0,1.1569705794678967e-11
high_order_R56_eta0.35,high_order,56.0,0.35,794.3344256864206,1,12,scaled_0.925,defined,-0.37679637382976533,0.6774791497438086,0.4210909445704943,0,0,1.1569705794678967e-11
high_order_R56_eta0.35,high_order,56.0,0.35,794.3344256864206,1,12,scaled_0.95,defined,-0.42331799213141763,0.6443864002699029,0.46811547842532386,0,0,1.1569705794678967e-11
high_order_R56_eta0.35,high_order,56.0,0.35,794.3344256864206,1,12,scaled_0.975,defined,-0.47557238238573407,0.6119017108707776,0.5208999552297197,0,0,1.1569705794678967e-11
high_order_R56_eta0.35,high_order,56.0,0.35,794.3344256864206,1,12,scaled_1,defined,-0.5360781986259417,0.5797085793344644,0.5819643343740578,0,0,1.1569705794678967e-11
high_order_R56_eta0.35,high_order,56.0,0.35,794.3344256864206,1,12,scaled_1.025,defined,-0.6086682547531564,0.5468155758921899,0.6551427992500104,0,0,1.1569705794678967e-11
high_order_R56_eta0.35,high_order,56.0,0.35,794.3344256864206,1,12,scaled_1.05,defined,-0.699041103327344,0.5097850163469506,0.7461353388637844,0,0,1.1569705794678967e-11
high_order_R56_eta0.35,high_order,56.0,0.35,794.3344256864206,1,12,scaled_1.075,defined,-0.8149079036458977,0.4526494113681231,0.8626546191263739,0,0,1.1569705794678967e-11
high_order_R56_eta0.35,high_order,56.0,0.35,794.3344256864206,1,12,scaled_1.1,defined,-0.962237611505524,0.2949108931826285,1.010671176338418,0,0,1.1569705794678967e-11
high_order_R56_eta0.35,high_order,56.0,0.35,794.3344256864206,1,12,scaled_1.15,defined,-1.280053863788221,-0.20583162402874955,1.3299709550688574,0,0,1.1569705794678967e-11
high_order_R56_eta0.35,high_order,56.0,0.35,794.3344256864206,1,12,scaled_1.2,defined,-1.5143343133969365,-0.5170535210937769,1.5658934591972684,0,0,1.1569705794678967e-11
high_order_R56_eta0.35,high_order,56.0,0.35,794.3344256864206,1,12,physical_frozen,defined,-0.5307190974800042,0.5646999483462459,0.5774055644631328,0,0,1.1569705794678967e-11
high_order_R56_eta0.35,high_order,56.0,0.35,794.3344256864206,1,12,physical_common,no_peak_in_valid_interval,,,,0,0,1.1569705794678967e-11
high_order_R56_eta0.35,high_order,56.0,0.35,794.3344256864206,1,12,actual_root,defined,-0.5766197146599412,0.5950626911887199,0.6231787734041158,4,123,1.1569705794678967e-11
high_order_R56_eta0.35,high_order,56.0,0.35,794.3344256864206,1,12,soft_cosine,defined,-0.539998692877834,0.5828502179881944,0.5859547153634614,0,0,1.1569705794678967e-11
high_order_R56_eta0.35,high_order,56.0,0.35,794.3344256864206,1,16,scaled_0.8,defined,-0.19768995705064532,0.9083197134647862,0.23983600284821951,0,0,1.1569705794678967e-11
high_order_R56_eta0.35,high_order,56.0,0.35,794.3344256864206,1,16,scaled_0.85,defined,-0.3246154305629325,0.7630991409685474,0.36755213586939917,0,0,1.1569705794678967e-11
high_order_R56_eta0.35,high_order,56.0,0.35,794.3344256864206,1,16,scaled_0.9,defined,-0.46156576800101623,0.6250252655302304,0.5053833503839247,0,0,1.1569705794678967e-11
high_order_R56_eta0.35,high_order,56.0,0.35,794.3344256864206,1,16,scaled_0.925,defined,-0.5368267705961607,0.5569008916083213,0.5811213413368896,0,0,1.1569705794678967e-11
high_order_R56_eta0.35,high_order,56.0,0.35,794.3344256864206,1,16,scaled_0.95,defined,-0.6192907084170663,0.4877875537104723,0.6640881947109726,0,0,1.1569705794678967e-11
high_order_R56_eta0.35,high_order,56.0,0.35,794.3344256864206,1,16,scaled_0.975,defined,-0.7120594527392362,0.4152408987805818,0.7573870255832218,0,0,1.1569705794678967e-11
high_order_R56_eta0.35,high_order,56.0,0.35,794.3344256864206,1,16,scaled_1,defined,-0.8193801914558959,0.3341781507557383,0.865266327204012,0,0,1.1569705794678967e-11
high_order_R56_eta0.35,high_order,56.0,0.35,794.3344256864206,1,16,scaled_1.025,defined,-0.946290287855418,0.2333311443186534,0.992764832352272,0,0,1.1569705794678967e-11
high_order_R56_eta0.35,high_order,56.0,0.35,794.3344256864206,1,16,scaled_1.05,defined,-1.0960850634059465,0.09103586834757801,1.1431792989423868,0,0,1.1569705794678967e-11
high_order_R56_eta0.35,high_order,56.0,0.35,794.3344256864206,1,16,scaled_1.075,defined,-1.2637495510928543,-0.10664200126991723,1.3114962665733305,0,0,1.1569705794678967e-11
high_order_R56_eta0.35,high_order,56.0,0.35,794.3344256864206,1,16,scaled_1.1,defined,-1.4333156687534117,-0.3261839105535738,1.4817492335863056,0,0,1.1569705794678967e-11
high_order_R56_eta0.35,high_order,56.0,0.35,794.3344256864206,1,16,scaled_1.15,defined,-1.7257866977303684,-0.6891927877570035,1.7757037890110048,0,0,1.1569705794678967e-11
high_order_R56_eta0.35,high_order,56.0,0.35,794.3344256864206,1,16,scaled_1.2,defined,-1.9443150438247727,-0.9265296784223095,1.9958741896251047,0,0,1.1569705794678967e-11
high_order_R56_eta0.35,high_order,56.0,0.35,794.3344256864206,1,16,physical_frozen,defined,-0.7999149293607849,0.3092188196041431,0.8466013963439135,0,0,1.1569705794678967e-11
high_order_R56_eta0.35,high_order,56.0,0.35,794.3344256864206,1,16,physical_common,no_peak_in_valid_interval,,,,0,0,1.1569705794678967e-11
high_order_R56_eta0.35,high_order,56.0,0.35,794.3344256864206,1,16,actual_root,defined,-0.9261769484690533,0.4007120562566728,0.9727360072132278,5,133,1.1569705794678967e-11
high_order_R56_eta0.35,high_order,56.0,0.35,794.3344256864206,1,16,soft_cosine,defined,-0.8274382991803506,0.3383049149303161,0.8733943216659781,0,0,1.1569705794678967e-11
high_order_R56_eta0.7,high_order,56.0,0.7,794.3344256864206,1,1,scaled_0.8,defined,0.08777655791319527,1.119957070261409,0.0,0,0,5.5995607643931604e-14
high_order_R56_eta0.7,high_order,56.0,0.7,794.3344256864206,1,1,scaled_0.85,defined,0.0914937038518649,1.1270844359168428,0.0,0,0,5.5995607643931604e-14
high_order_R56_eta0.7,high_order,56.0,0.7,794.3344256864206,1,1,scaled_0.9,defined,0.09560718795344847,1.1350752101221866,0.0,0,0,5.5995607643931604e-14
high_order_R56_eta0.7,high_order,56.0,0.7,794.3344256864206,1,1,scaled_0.925,defined,0.09782636388444715,1.1394323038254714,0.0,0,0,5.5995607643931604e-14
high_order_R56_eta0.7,high_order,56.0,0.7,794.3344256864206,1,1,scaled_0.95,defined,0.1001622638913795,1.144053639275925,0.0,0,0,5.5995607643931604e-14
high_order_R56_eta0.7,high_order,56.0,0.7,794.3344256864206,1,1,scaled_0.975,defined,0.10262200271212525,1.148958936388508,0.0,0,0,5.5995607643931604e-14
high_order_R56_eta0.7,high_order,56.0,0.7,794.3344256864206,1,1,scaled_1,defined,0.10521342916872913,1.1541713406882719,0.0,0,0,5.5995607643931604e-14
high_order_R56_eta0.7,high_order,56.0,0.7,794.3344256864206,1,1,scaled_1.025,defined,0.10794524015776023,1.1597182419478396,0.0,0,0,5.5995607643931604e-14
high_order_R56_eta0.7,high_order,56.0,0.7,794.3344256864206,1,1,scaled_1.05,defined,0.11082709760980247,1.1656279661835203,0.0,0,0,5.5995607643931604e-14
high_order_R56_eta0.7,high_order,56.0,0.7,794.3344256864206,1,1,scaled_1.075,defined,0.1138697672807633,1.1719323098150258,0.0,0,0,5.5995607643931604e-14
high_order_R56_eta0.7,high_order,56.0,0.7,794.3344256864206,1,1,scaled_1.1,defined,0.11708529251297002,1.1786681374780417,0.0,0,0,5.5995607643931604e-14
high_order_R56_eta0.7,high_order,56.0,0.7,794.3344256864206,1,1,scaled_1.15,defined,0.1240909025628738,1.19362143898878,0.0,0,0,5.5995607643931604e-14
high_order_R56_eta0.7,high_order,56.0,0.7,794.3344256864206,1,1,scaled_1.2,defined,0.13197556667516486,1.2109163906821168,0.0,0,0,5.5995607643931604e-14
high_order_R56_eta0.7,high_order,56.0,0.7,794.3344256864206,1,1,physical_frozen,defined,0.1078176587690584,1.158453826358103,0.0,0,0,5.5995607643931604e-14
high_order_R56_eta0.7,high_order,56.0,0.7,794.3344256864206,1,1,physical_common,defined,0.1078176587690584,1.158453826358103,0.0,0,0,5.5995607643931604e-14
high_order_R56_eta0.7,high_order,56.0,0.7,794.3344256864206,1,1,actual_root,defined,0.11336814286085106,1.1760557107156364,0.0,0,0,5.5995607643931604e-14
high_order_R56_eta0.7,high_order,56.0,0.7,794.3344256864206,1,1,soft_cosine,defined,0.10534354530417245,1.1544108008635006,0.0,0,0,5.5995607643931604e-14
high_order_R56_eta0.7,high_order,56.0,0.7,794.3344256864206,1,8,scaled_0.8,defined,-0.20440706315265106,0.8114408283556973,0.29218362106584633,0,0,5.5995607643931604e-14
high_order_R56_eta0.7,high_order,56.0,0.7,794.3344256864206,1,8,scaled_0.85,defined,-0.21279441579564007,0.8154183935830314,0.30428811964750496,0,0,5.5995607643931604e-14
high_order_R56_eta0.7,high_order,56.0,0.7,794.3344256864206,1,8,scaled_0.9,defined,-0.22001662884297,0.827376930184432,0.3156238167964185,0,0,5.5995607643931604e-14
high_order_R56_eta0.7,high_order,56.0,0.7,794.3344256864206,1,8,scaled_0.925,defined,-0.2229706335312228,0.8379479705676904,0.3207969974156699,0,0,5.5995607643931604e-14
high_order_R56_eta0.7,high_order,56.0,0.7,794.3344256864206,1,8,scaled_0.95,defined,-0.22529143966923418,0.853052892111952,0.32545370356061365,0,0,5.5995607643931604e-14
high_order_R56_eta0.7,high_order,56.0,0.7,794.3344256864206,1,8,scaled_0.975,defined,-0.22672116078454152,0.8746111398482128,0.32934316349666676,0,0,5.5995607643931604e-14
high_order_R56_eta0.7,high_order,56.0,0.7,794.3344256864206,1,8,scaled_1,defined,-0.2267937741976932,0.9059346798422114,0.3320072033664223,0,0,5.5995607643931604e-14
high_order_R56_eta0.7,high_order,56.0,0.7,794.3344256864206,1,8,scaled_1.025,defined,-0.22455280744826223,0.9534639789498672,0.3324980476060225,0,0,5.5995607643931604e-14
high_order_R56_eta0.7,high_order,56.0,0.7,794.3344256864206,1,8,scaled_1.05,defined,-0.2176872826389059,1.0321765134636083,0.3285143802487084,0,0,5.5995607643931604e-14
high_order_R56_eta0.7,high_order,56.0,0.7,794.3344256864206,1,8,scaled_1.075,defined,-0.19900620319757445,1.1896059195332118,0.31287597047833776,0,0,5.5995607643931604e-14
high_order_R56_eta0.7,high_order,56.0,0.7,794.3344256864206,1,8,scaled_1.1,defined,-0.13553443967520562,1.5941016322084414,0.2526197321881756,0,0,5.5995607643931604e-14
high_order_R56_eta0.7,high_order,56.0,0.7,794.3344256864206,1,8,scaled_1.15,defined,0.3016636455461735,2.024840431844097,-0.17757274298329967,0,0,5.5995607643931604e-14
high_order_R56_eta0.7,high_order,56.0,0.7,794.3344256864206,1,8,scaled_1.2,defined,0.9902166561597063,2.1606359912371844,-0.8582410894845415,0,0,5.5995607643931604e-14
high_order_R56_eta0.7,high_order,56.0,0.7,794.3344256864206,1,8,physical_frozen,defined,-0.20857955800730232,0.934682968326396,0.31639721677636073,0,0,5.5995607643931604e-14
high_order_R56_eta0.7,high_order,56.0,0.7,794.3344256864206,1,8,physical_common,defined,-0.0020756628602865666,0.9710358788120736,0.10989332162934497,0,0,5.5995607643931604e-14
high_order_R56_eta0.7,high_order,56.0,0.7,794.3344256864206,1,8,actual_root,defined,,4.71104198753189,,14,122,5.5995607643931604e-14
high_order_R56_eta0.7,high_order,56.0,0.7,794.3344256864206,1,8,soft_cosine,defined,-0.22649187892270972,0.9102402315019693,0.33183542422688217,0,0,5.5995607643931604e-14
high_order_R56_eta0.7,high_order,56.0,0.7,794.3344256864206,1,12,scaled_0.8,defined,-0.307842110666073,0.7319628873606808,0.39561866857926825,0,0,5.5995607643931604e-14
high_order_R56_eta0.7,high_order,56.0,0.7,794.3344256864206,1,12,scaled_0.85,defined,-0.3447481029015726,0.7058468608992573,0.4362418067534375,0,0,5.5995607643931604e-14
high_order_R56_eta0.7,high_order,56.0,0.7,794.3344256864206,1,12,scaled_0.9,defined,-0.3827766742154998,0.6893998096058225,0.4783838621689483,0,0,5.5995607643931604e-14
high_order_R56_eta0.7,high_order,56.0,0.7,794.3344256864206,1,12,scaled_0.925,defined,-0.40235557982014125,0.6871330824752164,0.5001819437045885,0,0,5.5995607643931604e-14
high_order_R56_eta0.7,high_order,56.0,0.7,794.3344256864206,1,12,scaled_0.95,defined,-0.42242044207217616,0.6912536567909029,0.5225827059635557,0,0,5.5995607643931604e-14
high_order_R56_eta0.7,high_order,56.0,0.7,794.3344256864206,1,12,scaled_0.975,defined,-0.44300861516600554,0.7054343988227277,0.5456306178781308,0,0,5.5995607643931604e-14
high_order_R56_eta0.7,high_order,56.0,0.7,794.3344256864206,1,12,scaled_1,defined,-0.46387083860394934,0.7375554431974468,0.5690842677726785,0,0,5.5995607643931604e-14
high_order_R56_eta0.7,high_order,56.0,0.7,794.3344256864206,1,12,scaled_1.025,defined,-0.48339081375813403,0.8098177820234805,0.5913360539158943,0,0,5.5995607643931604e-14
high_order_R56_eta0.7,high_order,56.0,0.7,794.3344256864206,1,12,scaled_1.05,defined,-0.49067809515114524,1.0432685502777026,0.6015051927609477,0,0,5.5995607643931604e-14
high_order_R56_eta0.7,high_order,56.0,0.7,794.3344256864206,1,12,scaled_1.075,defined,-0.38283969786511285,1.6634357331628955,0.49670946514587616,0,0,5.5995607643931604e-14
high_order_R56_eta0.7,high_order,56.0,0.7,794.3344256864206,1,12,scaled_1.1,defined,-0.10970987992320391,1.8435007485713693,0.22679517243617392,0,0,5.5995607643931604e-14
high_order_R56_eta0.7,high_order,56.0,0.7,794.3344256864206,1,12,scaled_1.15,defined,0.8528778039758729,2.0102896413659597,-0.7287869014129991,0,0,5.5995607643931604e-14
high_order_R56_eta0.7,high_order,56.0,0.7,794.3344256864206,1,12,scaled_1.2,defined,1.1597086926080817,2.202798529264204,-1.027733125932917,0,0,5.5995607643931604e-14
high_order_R56_eta0.7,high_order,56.0,0.7,794.3344256864206,1,12,physical_frozen,defined,-0.4374804373512913,0.7723551116029572,0.5452980961203496,0,0,5.5995607643931604e-14
high_order_R56_eta0.7,high_order,56.0,0.7,794.3344256864206,1,12,physical_common,no_peak_in_valid_interval,,,,0,0,5.5995607643931604e-14
high_order_R56_eta0.7,high_order,56.0,0.7,794.3344256864206,1,12,actual_root,defined,,3.0420004049769975,,13,129,5.5995607643931604e-14
high_order_R56_eta0.7,high_order,56.0,0.7,794.3344256864206,1,12,soft_cosine,defined,-0.4648093117722486,0.7465785063108357,0.570152857076421,0,0,5.5995607643931604e-14
high_order_R56_eta0.7,high_order,56.0,0.7,794.3344256864206,1,16,scaled_0.8,defined,-0.37255593586457225,0.7074075414116996,0.4603324937777675,0,0,5.5995607643931604e-14
high_order_R56_eta0.7,high_order,56.0,0.7,794.3344256864206,1,16,scaled_0.85,defined,-0.45119783423684523,0.6334557274712027,0.5426915380887101,0,0,5.5995607643931604e-14
high_order_R56_eta0.7,high_order,56.0,0.7,794.3344256864206,1,16,scaled_0.9,defined,-0.5340272563559658,0.5708160414294075,0.6296344443094143,0,0,5.5995607643931604e-14
high_order_R56_eta0.7,high_order,56.0,0.7,794.3344256864206,1,16,scaled_0.925,defined,-0.5779936889855856,0.5460806128251935,0.6758200528700327,0,0,5.5995607643931604e-14
high_order_R56_eta0.7,high_order,56.0,0.7,794.3344256864206,1,16,scaled_0.95,defined,-0.6245482243266236,0.5283878472064619,0.7247104882180031,0,0,5.5995607643931604e-14
high_order_R56_eta0.7,high_order,56.0,0.7,794.3344256864206,1,16,scaled_0.975,defined,-0.6746644906110932,0.5222857297763148,0.7772864933232185,0,0,5.5995607643931604e-14
high_order_R56_eta0.7,high_order,56.0,0.7,794.3344256864206,1,16,scaled_1,defined,-0.7293966565581966,0.5395249842271564,0.8346100857269257,0,0,5.5995607643931604e-14
high_order_R56_eta0.7,high_order,56.0,0.7,794.3344256864206,1,16,scaled_1.025,defined,-0.7878834360243054,0.632230445672885,0.8958286761820656,0,0,5.5995607643931604e-14
high_order_R56_eta0.7,high_order,56.0,0.7,794.3344256864206,1,16,scaled_1.05,defined,-0.7533697307854393,1.5160148937502933,0.8641968283952418,0,0,5.5995607643931604e-14
high_order_R56_eta0.7,high_order,56.0,0.7,794.3344256864206,1,16,scaled_1.075,defined,-0.501028459045233,1.70920328138416,0.6148982263259962,0,0,5.5995607643931604e-14
high_order_R56_eta0.7,high_order,56.0,0.7,794.3344256864206,1,16,scaled_1.1,defined,0.1614616922494559,1.7985961596178515,-0.04437639973648587,0,0,5.5995607643931604e-14
high_order_R56_eta0.7,high_order,56.0,0.7,794.3344256864206,1,16,scaled_1.15,defined,0.8685011128065807,1.9897886329673045,-0.7444102102437069,0,0,5.5995607643931604e-14
high_order_R56_eta0.7,high_order,56.0,0.7,794.3344256864206,1,16,scaled_1.2,defined,-1.8314625919334087,-0.6703132788061882,1.9634381586085734,0,0,5.5995607643931604e-14
high_order_R56_eta0.7,high_order,56.0,0.7,794.3344256864206,1,16,physical_frozen,defined,-0.6910312709385248,0.5721248294938651,0.7988489297075831,0,0,5.5995607643931604e-14
high_order_R56_eta0.7,high_order,56.0,0.7,794.3344256864206,1,16,physical_common,no_peak_in_valid_interval,,,,0,0,5.5995607643931604e-14
high_order_R56_eta0.7,high_order,56.0,0.7,794.3344256864206,1,16,actual_root,defined,,3.0112419823837118,,6,140,5.5995607643931604e-14
high_order_R56_eta0.7,high_order,56.0,0.7,794.3344256864206,1,16,soft_cosine,defined,-0.7331402887568671,0.5549740966945498,0.8384838340610395,0,0,5.5995607643931604e-14
high_order_R96_eta0.35,high_order,96.0,0.35,794.3344256864206,1,1,scaled_0.8,defined,0.06640623765883369,1.0212679683595316,0.0,0,0,6.987029155649934e-13
high_order_R96_eta0.35,high_order,96.0,0.35,794.3344256864206,1,1,scaled_0.85,defined,0.0673752721278676,1.0233511934316721,0.0,0,0,6.987029155649934e-13
high_order_R96_eta0.35,high_order,96.0,0.35,794.3344256864206,1,1,scaled_0.9,defined,0.06844610825189582,1.0256896062522085,0.0,0,0,6.987029155649934e-13
high_order_R96_eta0.35,high_order,96.0,0.35,794.3344256864206,1,1,scaled_0.925,defined,0.06902269604686614,1.0269652703875192,0.0,0,0,6.987029155649934e-13
high_order_R96_eta0.35,high_order,96.0,0.35,794.3344256864206,1,1,scaled_0.95,defined,0.06962848514436987,1.0283184884123668,0.0,0,0,6.987029155649934e-13
high_order_R96_eta0.35,high_order,96.0,0.35,794.3344256864206,1,1,scaled_0.975,defined,0.0702649003316643,1.0297547816070858,0.0,0,0,6.987029155649934e-13
high_order_R96_eta0.35,high_order,96.0,0.35,794.3344256864206,1,1,scaled_1,defined,0.07093346099350697,1.0312802465092212,0.0,0,0,6.987029155649934e-13
high_order_R96_eta0.35,high_order,96.0,0.35,794.3344256864206,1,1,scaled_1.025,defined,0.07163578823556735,1.0329016321518278,0.0,0,0,6.987029155649934e-13
high_order_R96_eta0.35,high_order,96.0,0.35,794.3344256864206,1,1,scaled_1.05,defined,0.07237361276504697,1.0346264305729331,0.0,0,0,6.987029155649934e-13
high_order_R96_eta0.35,high_order,96.0,0.35,794.3344256864206,1,1,scaled_1.075,defined,0.0731487836547305,1.0364629833755181,0.0,0,0,6.987029155649934e-13
high_order_R96_eta0.35,high_order,96.0,0.35,794.3344256864206,1,1,scaled_1.1,defined,0.07396327808078218,1.0384206078221132,0.0,0,0,6.987029155649934e-13
high_order_R96_eta0.35,high_order,96.0,0.35,794.3344256864206,1,1,scaled_1.15,defined,0.0757188532230546,1.0427421491176094,0.0,0,0,6.987029155649934e-13
high_order_R96_eta0.35,high_order,96.0,0.35,794.3344256864206,1,1,scaled_1.2,defined,0.07765916653759866,1.047691603511846,0.0,0,0,6.987029155649934e-13
high_order_R96_eta0.35,high_order,96.0,0.35,794.3344256864206,1,1,physical_frozen,defined,0.07136213055748844,1.031901046358336,0.0,0,0,6.987029155649934e-13
high_order_R96_eta0.35,high_order,96.0,0.35,794.3344256864206,1,1,physical_common,defined,0.07136213055748844,1.031901046358336,0.0,0,0,6.987029155649934e-13
high_order_R96_eta0.35,high_order,96.0,0.35,794.3344256864206,1,1,actual_root,defined,0.07158815794291018,1.0330740956282447,0.0,0,0,6.987029155649934e-13
high_order_R96_eta0.35,high_order,96.0,0.35,794.3344256864206,1,1,soft_cosine,defined,0.07094376208141145,1.0313371561736204,0.0,0,0,6.987029155649934e-13
high_order_R96_eta0.35,high_order,96.0,0.35,794.3344256864206,1,8,scaled_0.8,defined,-0.057718555951205966,0.9098024812594384,0.12412479361003965,0,0,6.987029155649934e-13
high_order_R96_eta0.35,high_order,96.0,0.35,794.3344256864206,1,8,scaled_0.85,defined,-0.07111715226027338,0.9002028815422887,0.13849242438814097,0,0,6.987029155649934e-13
high_order_R96_eta0.35,high_order,96.0,0.35,794.3344256864206,1,8,scaled_0.9,defined,-0.08539995061800143,0.893062607043889,0.15384605886989725,0,0,6.987029155649934e-13
high_order_R96_eta0.35,high_order,96.0,0.35,794.3344256864206,1,8,scaled_0.925,defined,-0.09301236954782088,0.8909117061032823,0.16203506559468703,0,0,6.987029155649934e-13
high_order_R96_eta0.35,high_order,96.0,0.35,794.3344256864206,1,8,scaled_0.95,defined,-0.10107612294160839,0.8901262133527548,0.17070460808597826,0,0,6.987029155649934e-13
high_order_R96_eta0.35,high_order,96.0,0.35,794.3344256864206,1,8,scaled_0.975,defined,-0.10976348335618025,0.8912005786907271,0.18002838368784455,0,0,6.987029155649934e-13
high_order_R96_eta0.35,high_order,96.0,0.35,794.3344256864206,1,8,scaled_1,defined,-0.11933891365530891,0.8949021694264584,0.19027237464881588,0,0,6.987029155649934e-13
high_order_R96_eta0.35,high_order,96.0,0.35,794.3344256864206,1,8,scaled_1.025,defined,-0.13021026052447013,0.9025198012850699,0.20184604876003748,0,0,6.987029155649934e-13
high_order_R96_eta0.35,high_order,96.0,0.35,794.3344256864206,1,8,scaled_1.05,defined,-0.14300315484121784,0.9164782548986098,0.2153767676062648,0,0,6.987029155649934e-13
high_order_R96_eta0.35,high_order,96.0,0.35,794.3344256864206,1,8,scaled_1.075,defined,-0.15863154234616084,0.9421534322627438,0.23178032600089132,0,0,6.987029155649934e-13
high_order_R96_eta0.35,high_order,96.0,0.35,794.3344256864206,1,8,scaled_1.1,defined,-0.17805777627152486,0.9956416652826214,0.25202105435230704,0,0,6.987029155649934e-13
high_order_R96_eta0.35,high_order,96.0,0.35,794.3344256864206,1,8,scaled_1.15,defined,0.01534679354273849,2.080976556611759,0.060372059680316115,0,0,6.987029155649934e-13
high_order_R96_eta0.35,high_order,96.0,0.35,794.3344256864206,1,8,scaled_1.2,defined,1.2726462631148037,2.1920530497972988,-1.194987096577205,0,0,6.987029155649934e-13
high_order_R96_eta0.35,high_order,96.0,0.35,794.3344256864206,1,8,physical_frozen,defined,-0.11773579891633479,0.8966114680051798,0.18909792947382323,0,0,6.987029155649934e-13
high_order_R96_eta0.35,high_order,96.0,0.35,794.3344256864206,1,8,physical_common,defined,0.11029136269816098,1.0780388542204282,-0.03892923214067254,0,0,6.987029155649934e-13
high_order_R96_eta0.35,high_order,96.0,0.35,794.3344256864206,1,8,actual_root,defined,-0.125380677872915,0.8970143280864751,0.19696883581582517,10,149,6.987029155649934e-13
high_order_R96_eta0.35,high_order,96.0,0.35,794.3344256864206,1,8,soft_cosine,defined,-0.11986224226004047,0.8962078632859477,0.19080600434145192,0,0,6.987029155649934e-13
high_order_R96_eta0.35,high_order,96.0,0.35,794.3344256864206,1,12,scaled_0.8,defined,-0.09160449859404436,0.8992378750780345,0.15801073625287804,0,0,6.987029155649934e-13
high_order_R96_eta0.35,high_order,96.0,0.35,794.3344256864206,1,12,scaled_0.85,defined,-0.12706330381524783,0.8642052034848111,0.19443857594311542,0,0,6.987029155649934e-13
high_order_R96_eta0.35,high_order,96.0,0.35,794.3344256864206,1,12,scaled_0.9,defined,-0.16532676501126553,0.8323048358612458,0.23377287326316135,0,0,6.987029155649934e-13
high_order_R96_eta0.35,high_order,96.0,0.35,794.3344256864206,1,12,scaled_0.925,defined,-0.18607778091876628,0.8182054759986793,0.25510047696563243,0,0,6.987029155649934e-13
high_order_R96_eta0.35,high_order,96.0,0.35,794.3344256864206,1,12,scaled_0.95,defined,-0.20848156462326256,0.8059420575353377,0.27811004976763243,0,0,6.987029155649934e-13
high_order_R96_eta0.35,high_order,96.0,0.35,794.3344256864206,1,12,scaled_0.975,defined,-0.23329530945537508,0.7963021104218061,0.30356020978703935,0,0,6.987029155649934e-13
high_order_R96_eta0.35,high_order,96.0,0.35,794.3344256864206,1,12,scaled_1,defined,-0.2617612596812775,0.7906718633150089,0.33269472067478445,0,0,6.987029155649934e-13
high_order_R96_eta0.35,high_order,96.0,0.35,794.3344256864206,1,12,scaled_1.025,defined,-0.295968053027019,0.7919439219714368,0.3676038412625864,0,0,6.987029155649934e-13
high_order_R96_eta0.35,high_order,96.0,0.35,794.3344256864206,1,12,scaled_1.05,defined,-0.33945771053865226,0.8080050701995699,0.4118313233036992,0,0,6.987029155649934e-13
high_order_R96_eta0.35,high_order,96.0,0.35,794.3344256864206,1,12,scaled_1.075,defined,-0.39742517666424704,0.8793797486986018,0.4705739603189775,0,0,6.987029155649934e-13
high_order_R96_eta0.35,high_order,96.0,0.35,794.3344256864206,1,12,scaled_1.1,defined,-0.20743814898656243,2.007216796404738,0.2814014270673446,0,0,6.987029155649934e-13
high_order_R96_eta0.35,high_order,96.0,0.35,794.3344256864206,1,12,scaled_1.15,defined,-0.8921706324930241,0.3023974167859426,0.9678894857160787,0,0,6.987029155649934e-13
high_order_R96_eta0.35,high_order,96.0,0.35,794.3344256864206,1,12,scaled_1.2,defined,-1.1989185241048996,-0.2506721944009573,1.2765776906424984,0,0,6.987029155649934e-13
high_order_R96_eta0.35,high_order,96.0,0.35,794.3344256864206,1,12,physical_frozen,defined,-0.2602850773144316,0.7893820387280281,0.33164720787192004,0,0,6.987029155649934e-13
high_order_R96_eta0.35,high_order,96.0,0.35,794.3344256864206,1,12,physical_common,no_peak_in_valid_interval,,,,0,0,6.987029155649934e-13
high_order_R96_eta0.35,high_order,96.0,0.35,794.3344256864206,1,12,actual_root,defined,-0.27703070340501046,0.7905811108276731,0.34861886134792064,12,156,6.987029155649934e-13
high_order_R96_eta0.35,high_order,96.0,0.35,794.3344256864206,1,12,soft_cosine,defined,-0.26373401504087807,0.7933941180933493,0.3346777771222895,0,0,6.987029155649934e-13
high_order_R96_eta0.35,high_order,96.0,0.35,794.3344256864206,1,16,scaled_0.8,defined,-0.09789355841180626,0.9287741264651356,0.16429979607063994,0,0,6.987029155649934e-13
high_order_R96_eta0.35,high_order,96.0,0.35,794.3344256864206,1,16,scaled_0.85,defined,-0.1652133179925216,0.8537032024533245,0.23258859012038918,0,0,6.987029155649934e-13
high_order_R96_eta0.35,high_order,96.0,0.35,794.3344256864206,1,16,scaled_0.9,defined,-0.23733006258511047,0.7835484071931372,0.30577617083700626,0,0,6.987029155649934e-13
high_order_R96_eta0.35,high_order,96.0,0.35,794.3344256864206,1,16,scaled_0.925,defined,-0.2765100243073294,0.7507235432799283,0.3455327203541956,0,0,6.987029155649934e-13
high_order_R96_eta0.35,high_order,96.0,0.35,794.3344256864206,1,16,scaled_0.95,defined,-0.3191348851236494,0.7197803296913546,0.38876337026801927,0,0,6.987029155649934e-13
high_order_R96_eta0.35,high_order,96.0,0.35,794.3344256864206,1,16,scaled_0.975,defined,-0.36707171266323413,0.6911968559593753,0.43733661299489845,0,0,6.987029155649934e-13
high_order_R96_eta0.35,high_order,96.0,0.35,794.3344256864206,1,16,scaled_1,defined,-0.42351198465063455,0.6657997969263656,0.4944454456441415,0,0,6.987029155649934e-13
high_order_R96_eta0.35,high_order,96.0,0.35,794.3344256864206,1,16,scaled_1.025,defined,-0.4940769791627076,0.6453615004724085,0.5657127673982749,0,0,6.987029155649934e-13
high_order_R96_eta0.35,high_order,96.0,0.35,794.3344256864206,1,16,scaled_1.05,defined,-0.5887640628177039,0.6360710403061457,0.6611376755827508,0,0,6.987029155649934e-13
high_order_R96_eta0.35,high_order,96.0,0.35,794.3344256864206,1,16,scaled_1.075,defined,-0.40073490484654556,1.9583782808625014,0.47388368850127605,0,0,6.987029155649934e-13
high_order_R96_eta0.35,high_order,96.0,0.35,794.3344256864206,1,16,scaled_1.1,defined,-0.9252405198249556,0.32700471429196554,0.9992037979057378,0,0,6.987029155649934e-13
high_order_R96_eta0.35,high_order,96.0,0.35,794.3344256864206,1,16,scaled_1.15,defined,-1.2914291005043568,-0.30039006602885704,1.3671479537274114,0,0,6.987029155649934e-13
high_order_R96_eta0.35,high_order,96.0,0.35,794.3344256864206,1,16,scaled_1.2,defined,-1.4765259915846343,-0.5263942405167465,1.554185158122233,0,0,6.987029155649934e-13
high_order_R96_eta0.35,high_order,96.0,0.35,794.3344256864206,1,16,physical_frozen,defined,-0.42112825471731247,0.6588848832672828,0.49249038527480093,0,0,6.987029155649934e-13
high_order_R96_eta0.35,high_order,96.0,0.35,794.3344256864206,1,16,physical_common,no_peak_in_valid_interval,,,,0,0,6.987029155649934e-13
high_order_R96_eta0.35,high_order,96.0,0.35,794.3344256864206,1,16,actual_root,defined,-0.4521875615017428,0.6712028624001293,0.523775719444653,6,164,6.987029155649934e-13
high_order_R96_eta0.35,high_order,96.0,0.35,794.3344256864206,1,16,soft_cosine,defined,-0.42806922796510216,0.6702546069252144,0.4990129900465136,0,0,6.987029155649934e-13
high_order_R96_eta0.7,high_order,96.0,0.7,794.3344256864206,1,1,scaled_0.8,defined,0.13396646284384323,1.163292170833669,0.0,0,0,5.62254080540426e-15
high_order_R96_eta0.7,high_order,96.0,0.7,794.3344256864206,1,1,scaled_0.85,defined,0.13730978718462863,1.1694104564947045,0.0,0,0,5.62254080540426e-15
high_order_R96_eta0.7,high_order,96.0,0.7,794.3344256864206,1,1,scaled_0.9,defined,0.14100012221771824,1.176232970324005,0.0,0,0,5.62254080540426e-15
high_order_R96_eta0.7,high_order,96.0,0.7,794.3344256864206,1,1,scaled_0.925,defined,0.14298693175219354,1.1799378456623688,0.0,0,0,5.62254080540426e-15
high_order_R96_eta0.7,high_order,96.0,0.7,794.3344256864206,1,1,scaled_0.95,defined,0.1450751767434189,1.1838568625727452,0.0,0,0,5.62254080540426e-15
high_order_R96_eta0.7,high_order,96.0,0.7,794.3344256864206,1,1,scaled_0.975,defined,0.14727074411945534,1.1880050303069816,0.0,0,0,5.62254080540426e-15
high_order_R96_eta0.7,high_order,96.0,0.7,794.3344256864206,1,1,scaled_1,defined,0.14958010019401236,1.1923989929501733,0.0,0,0,5.62254080540426e-15
high_order_R96_eta0.7,high_order,96.0,0.7,794.3344256864206,1,1,scaled_1.025,defined,0.15201036545474703,1.1970572566270488,0.0,0,0,5.62254080540426e-15
high_order_R96_eta0.7,high_order,96.0,0.7,794.3344256864206,1,1,scaled_1.05,defined,0.15456940308185732,1.202000745407882,0.0,0,0,5.62254080540426e-15
high_order_R96_eta0.7,high_order,96.0,0.7,794.3344256864206,1,1,scaled_1.075,defined,0.15726593009550927,1.2072554656199472,0.0,0,0,5.62254080540426e-15
high_order_R96_eta0.7,high_order,96.0,0.7,794.3344256864206,1,1,scaled_1.1,defined,0.1601096452397477,1.2128486801796567,0.0,0,0,5.62254080540426e-15
high_order_R96_eta0.7,high_order,96.0,0.7,794.3344256864206,1,1,scaled_1.15,defined,0.1662832056291327,1.2251747010168794,0.0,0,0,5.62254080540426e-15
high_order_R96_eta0.7,high_order,96.0,0.7,794.3344256864206,1,1,scaled_1.2,defined,0.17319352786605655,1.239286033501145,0.0,0,0,5.62254080540426e-15
high_order_R96_eta0.7,high_order,96.0,0.7,794.3344256864206,1,1,physical_frozen,defined,0.15086637618260487,1.1945422291607113,0.0,0,0,5.62254080540426e-15
high_order_R96_eta0.7,high_order,96.0,0.7,794.3344256864206,1,1,physical_common,defined,0.15086637618260487,1.1945422291607113,0.0,0,0,5.62254080540426e-15
high_order_R96_eta0.7,high_order,96.0,0.7,794.3344256864206,1,1,actual_root,defined,0.15516756961532038,1.206561331283801,0.0,0,0,5.62254080540426e-15
high_order_R96_eta0.7,high_order,96.0,0.7,794.3344256864206,1,1,soft_cosine,defined,0.14961459614995287,1.1925255302927014,0.0,0,0,5.62254080540426e-15
high_order_R96_eta0.7,high_order,96.0,0.7,794.3344256864206,1,8,scaled_0.8,defined,-0.07984611284499178,0.9142400351003935,0.213812575688835,0,0,5.62254080540426e-15
high_order_R96_eta0.7,high_order,96.0,0.7,794.3344256864206,1,8,scaled_0.85,defined,-0.07688615187440413,0.9279791586578041,0.21419593905903278,0,0,5.62254080540426e-15
high_order_R96_eta0.7,high_order,96.0,0.7,794.3344256864206,1,8,scaled_0.9,defined,-0.07142643908344659,0.9493407566329409,0.21242656130116483,0,0,5.62254080540426e-15
high_order_R96_eta0.7,high_order,96.0,0.7,794.3344256864206,1,8,scaled_0.925,defined,-0.06739369157927591,0.9642553463904187,0.21038062333146945,0,0,5.62254080540426e-15
high_order_R96_eta0.7,high_order,96.0,0.7,794.3344256864206,1,8,scaled_0.95,defined,-0.06218886331607903,0.9832191021187195,0.20726404005949794,0,0,5.62254080540426e-15
high_order_R96_eta0.7,high_order,96.0,0.7,794.3344256864206,1,8,scaled_0.975,defined,-0.055453762762681276,1.0077624661123332,0.2027245068821366,0,0,5.62254080540426e-15
high_order_R96_eta0.7,high_order,96.0,0.7,794.3344256864206,1,8,scaled_1,defined,-0.04662450335097179,1.0403909959516089,0.19620460354498415,0,0,5.62254080540426e-15
high_order_R96_eta0.7,high_order,96.0,0.7,794.3344256864206,1,8,scaled_1.025,defined,-0.03472498951098409,1.0856038020774308,0.18673535496573113,0,0,5.62254080540426e-15
high_order_R96_eta0.7,high_order,96.0,0.7,794.3344256864206,1,8,scaled_1.05,defined,-0.01783329039917151,1.1526607908387898,0.17240269348102882,0,0,5.62254080540426e-15
high_order_R96_eta0.7,high_order,96.0,0.7,794.3344256864206,1,8,scaled_1.075,defined,0.008622486445552191,1.265302633401532,0.14864344364995707,0,0,5.62254080540426e-15
high_order_R96_eta0.7,high_order,96.0,0.7,794.3344256864206,1,8,scaled_1.1,defined,0.05971805462217489,1.5160678285142923,0.1003915906175728,0,0,5.62254080540426e-15
high_order_R96_eta0.7,high_order,96.0,0.7,794.3344256864206,1,8,scaled_1.15,defined,0.43547373214423146,2.2040467012946547,-0.2691905265150988,0,0,5.62254080540426e-15
high_order_R96_eta0.7,high_order,96.0,0.7,794.3344256864206,1,8,scaled_1.2,defined,1.0922838907309613,2.328300665052815,-0.9190903628649048,0,0,5.62254080540426e-15
high_order_R96_eta0.7,high_order,96.0,0.7,794.3344256864206,1,8,physical_frozen,defined,-0.03650343835389099,1.0575480465875837,0.18736981453649587,0,0,5.62254080540426e-15
high_order_R96_eta0.7,high_order,96.0,0.7,794.3344256864206,1,8,physical_common,no_peak_in_valid_interval,,,,0,0,5.62254080540426e-15
high_order_R96_eta0.7,high_order,96.0,0.7,794.3344256864206,1,8,actual_root,defined,-0.016471040208391553,1.2255017635888708,0.17163860982371193,8,151,5.62254080540426e-15
high_order_R96_eta0.7,high_order,96.0,0.7,794.3344256864206,1,8,soft_cosine,defined,-0.04577633040601725,1.0441043495930655,0.19539092655597012,0,0,5.62254080540426e-15
high_order_R96_eta0.7,high_order,96.0,0.7,794.3344256864206,1,12,scaled_0.8,defined,-0.1599629814225283,0.8381973038273637,0.2939294442663715,0,0,5.62254080540426e-15
high_order_R96_eta0.7,high_order,96.0,0.7,794.3344256864206,1,12,scaled_0.85,defined,-0.17106715913541248,0.8373579818877565,0.3083769463200411,0,0,5.62254080540426e-15
high_order_R96_eta0.7,high_order,96.0,0.7,794.3344256864206,1,12,scaled_0.9,defined,-0.18001323567128036,0.846461461886843,0.3210133578889986,0,0,5.62254080540426e-15
high_order_R96_eta0.7,high_order,96.0,0.7,794.3344256864206,1,12,scaled_0.925,defined,-0.1832726483397099,0.8570027065586907,0.3262595800919035,0,0,5.62254080540426e-15
high_order_R96_eta0.7,high_order,96.0,0.7,794.3344256864206,1,12,scaled_0.95,defined,-0.1853574704338761,0.873790680562072,0.33043264717729504,0,0,5.62254080540426e-15
high_order_R96_eta0.7,high_order,96.0,0.7,794.3344256864206,1,12,scaled_0.975,defined,-0.18576193452607775,0.9000468773979858,0.3330326786455331,0,0,5.62254080540426e-15
high_order_R96_eta0.7,high_order,96.0,0.7,794.3344256864206,1,12,scaled_1,defined,-0.18348632563932937,0.9420870550798811,0.33306642583334173,0,0,5.62254080540426e-15
high_order_R96_eta0.7,high_order,96.0,0.7,794.3344256864206,1,12,scaled_1.025,defined,-0.17610124579296932,1.0149071896338833,0.3281116112477164,0,0,5.62254080540426e-15
high_order_R96_eta0.7,high_order,96.0,0.7,794.3344256864206,1,12,scaled_1.05,defined,-0.1555170847248552,1.1695446236674978,0.31008648780671255,0,0,5.62254080540426e-15
high_order_R96_eta0.7,high_order,96.0,0.7,794.3344256864206,1,12,scaled_1.075,defined,-0.0726764547540229,1.6747859305337423,0.22994238484953217,0,0,5.62254080540426e-15
high_order_R96_eta0.7,high_order,96.0,0.7,794.3344256864206,1,12,scaled_1.1,defined,0.18142488237001267,2.007041662632443,-0.02131523713026498,0,0,5.62254080540426e-15
high_order_R96_eta0.7,high_order,96.0,0.7,794.3344256864206,1,12,scaled_1.15,defined,1.0379310010768215,2.203052332940725,-0.8716477954476888,0,0,5.62254080540426e-15
high_order_R96_eta0.7,high_order,96.0,0.7,794.3344256864206,1,12,scaled_1.2,defined,1.4011673315045041,2.364599329548229,-1.2279738036384475,0,0,5.62254080540426e-15
high_order_R96_eta0.7,high_order,96.0,0.7,794.3344256864206,1,12,physical_frozen,defined,-0.16932855004959774,0.9657489197251448,0.3201949262322026,0,0,5.62254080540426e-15
high_order_R96_eta0.7,high_order,96.0,0.7,794.3344256864206,1,12,physical_common,no_peak_in_valid_interval,,,,0,0,5.62254080540426e-15
high_order_R96_eta0.7,high_order,96.0,0.7,794.3344256864206,1,12,actual_root,defined,,4.788310251734514,,18,162,5.62254080540426e-15
high_order_R96_eta0.7,high_order,96.0,0.7,794.3344256864206,1,12,soft_cosine,defined,-0.18263607700113133,0.9498839802271634,0.3322506731510842,0,0,5.62254080540426e-15
high_order_R96_eta0.7,high_order,96.0,0.7,794.3344256864206,1,16,scaled_0.8,defined,-0.211842719467078,0.8024709071170942,0.3458091823109212,0,0,5.62254080540426e-15
high_order_R96_eta0.7,high_order,96.0,0.7,794.3344256864206,1,16,scaled_0.85,defined,-0.24523333931910468,0.776088368454638,0.38254312650373334,0,0,5.62254080540426e-15
high_order_R96_eta0.7,high_order,96.0,0.7,794.3344256864206,1,16,scaled_0.9,defined,-0.2775662116059072,0.7613479768189216,0.41856633382362546,0,0,5.62254080540426e-15
high_order_R96_eta0.7,high_order,96.0,0.7,794.3344256864206,1,16,scaled_0.925,defined,-0.29314865486631714,0.7612306351688621,0.4361355866185107,0,0,5.62254080540426e-15
high_order_R96_eta0.7,high_order,96.0,0.7,794.3344256864206,1,16,scaled_0.95,defined,-0.30817265804419214,0.7690617508272151,0.45324783478761105,0,0,5.62254080540426e-15
high_order_R96_eta0.7,high_order,96.0,0.7,794.3344256864206,1,16,scaled_0.975,defined,-0.32231374061858975,0.7898322497388814,0.4695844847380451,0,0,5.62254080540426e-15
high_order_R96_eta0.7,high_order,96.0,0.7,794.3344256864206,1,16,scaled_1,defined,-0.3345565705135696,0.8351169923095639,0.48413667070758193,0,0,5.62254080540426e-15
high_order_R96_eta0.7,high_order,96.0,0.7,794.3344256864206,1,16,scaled_1.025,defined,-0.340612192571551,0.9431766362161871,0.49262255802629806,0,0,5.62254080540426e-15
high_order_R96_eta0.7,high_order,96.0,0.7,794.3344256864206,1,16,scaled_1.05,defined,-0.30336047962966745,1.4304540289035603,0.4579298827115248,0,0,5.62254080540426e-15
high_order_R96_eta0.7,high_order,96.0,0.7,794.3344256864206,1,16,scaled_1.075,defined,-0.04220956296311761,1.885522645666126,0.19947549305862688,0,0,5.62254080540426e-15
high_order_R96_eta0.7,high_order,96.0,0.7,794.3344256864206,1,16,scaled_1.1,defined,0.5174533194410889,2.0187098521734157,-0.35734367420134117,0,0,5.62254080540426e-15
high_order_R96_eta0.7,high_order,96.0,0.7,794.3344256864206,1,16,scaled_1.15,defined,1.1988176396566617,2.209409485464936,-1.0325344340275289,0,0,5.62254080540426e-15
high_order_R96_eta0.7,high_order,96.0,0.7,794.3344256864206,1,16,scaled_1.2,defined,-1.3730678518145558,-0.3202800156708976,1.5462613796806124,0,0,5.62254080540426e-15
high_order_R96_eta0.7,high_order,96.0,0.7,794.3344256864206,1,16,physical_frozen,defined,-0.31657963166831005,0.8634084718053668,0.46744600785091495,0,0,5.62254080540426e-15
high_order_R96_eta0.7,high_order,96.0,0.7,794.3344256864206,1,16,physical_common,no_peak_in_valid_interval,,,,0,0,5.62254080540426e-15
high_order_R96_eta0.7,high_order,96.0,0.7,794.3344256864206,1,16,actual_root,defined,,3.1313653757261837,,15,171,5.62254080540426e-15
high_order_R96_eta0.7,high_order,96.0,0.7,794.3344256864206,1,16,soft_cosine,defined,-0.33451762592251516,0.8485870023419692,0.48413222207246803,0,0,5.62254080540426e-15
kw1600_R24_eta0.35,kw_control,24.0,0.35,1600,1,1,scaled_0.8,defined,-0.01719063184767323,0.9492004210992673,0.0,0,0,8.602896759014519e-15
kw1600_R24_eta0.35,kw_control,24.0,0.35,1600,1,1,scaled_0.85,defined,-0.01752588672460712,0.9513401231899115,0.0,0,0,8.602896759014519e-15
kw1600_R24_eta0.35,kw_control,24.0,0.35,1600,1,1,scaled_0.9,defined,-0.017868008442470905,0.9538791048952261,0.0,0,0,8.602896759014519e-15
kw1600_R24_eta0.35,kw_control,24.0,0.35,1600,1,1,scaled_0.925,defined,-0.0180417867572924,0.9553219823268193,0.0,0,0,8.602896759014519e-15
kw1600_R24_eta0.35,kw_control,24.0,0.35,1600,1,1,scaled_0.95,defined,-0.018217610386196313,0.9568952269440919,0.0,0,0,8.602896759014519e-15
kw1600_R24_eta0.35,kw_control,24.0,0.35,1600,1,1,scaled_0.975,defined,-0.01839577554745917,0.9586115619688163,0.0,0,0,8.602896759014519e-15
kw1600_R24_eta0.35,kw_control,24.0,0.35,1600,1,1,scaled_1,defined,-0.018576692658620608,0.9604852725236939,0.0,0,0,8.602896759014519e-15
kw1600_R24_eta0.35,kw_control,24.0,0.35,1600,1,1,scaled_1.025,defined,-0.01876090209320487,0.9625324626708095,0.0,0,0,8.602896759014519e-15
kw1600_R24_eta0.35,kw_control,24.0,0.35,1600,1,1,scaled_1.05,defined,-0.018949090878840558,0.9647713661942368,0.0,0,0,8.602896759014519e-15
kw1600_R24_eta0.35,kw_control,24.0,0.35,1600,1,1,scaled_1.075,defined,-0.019142109788570227,0.9672227280398312,0.0,0,0,8.602896759014519e-15
kw1600_R24_eta0.35,kw_control,24.0,0.35,1600,1,1,scaled_1.1,defined,-0.019340989839730406,0.9699102713119468,0.0,0,0,8.602896759014519e-15
kw1600_R24_eta0.35,kw_control,24.0,0.35,1600,1,1,scaled_1.15,defined,-0.01976144330889938,0.9761073792079794,0.0,0,0,8.602896759014519e-15
kw1600_R24_eta0.35,kw_control,24.0,0.35,1600,1,1,scaled_1.2,defined,-0.020222718933028752,0.9836420097763227,0.0,0,0,8.602896759014519e-15
kw1600_R24_eta0.35,kw_control,24.0,0.35,1600,1,1,physical_frozen,defined,-0.016847528353563,0.9628804326036723,0.0,0,0,8.602896759014519e-15
kw1600_R24_eta0.35,kw_control,24.0,0.35,1600,1,1,physical_common,defined,-0.016847528353563,0.9628804326036723,0.0,0,0,8.602896759014519e-15
kw1600_R24_eta0.35,kw_control,24.0,0.35,1600,1,1,actual_root,defined,-0.018848281517695395,0.963451247564109,0.0,0,0,8.602896759014519e-15
kw1600_R24_eta0.35,kw_control,24.0,0.35,1600,1,1,soft_cosine,defined,-0.018573122440943023,0.9606886562404409,0.0,0,0,8.602896759014519e-15
kw1600_R24_eta0.35,kw_control,24.0,0.35,1600,1,2,scaled_0.8,defined,-0.08269286447446826,0.8942239235469164,0.06550223262679503,0,0,8.602896759014519e-15
kw1600_R24_eta0.35,kw_control,24.0,0.35,1600,1,2,scaled_0.85,defined,-0.08687275889757928,0.8947329906777034,0.06934687217297217,0,0,8.602896759014519e-15
kw1600_R24_eta0.35,kw_control,24.0,0.35,1600,1,2,scaled_0.9,defined,-0.09142385131050523,0.8960905907075419,0.07355584286803432,0,0,8.602896759014519e-15
kw1600_R24_eta0.35,kw_control,24.0,0.35,1600,1,2,scaled_0.925,defined,-0.09385994694503452,0.897179537522156,0.07581816018774212,0,0,8.602896759014519e-15
kw1600_R24_eta0.35,kw_control,24.0,0.35,1600,1,2,scaled_0.95,defined,-0.09641813161362198,0.8986046821870395,0.07820052122742566,0,0,8.602896759014519e-15
kw1600_R24_eta0.35,kw_control,24.0,0.35,1600,1,2,scaled_0.975,defined,-0.09911262717067504,0.9004249011820331,0.08071685162321587,0,0,8.602896759014519e-15
kw1600_R24_eta0.35,kw_control,24.0,0.35,1600,1,2,scaled_1,defined,-0.10196053995023557,0.9027120872330914,0.08338384729161497,0,0,8.602896759014519e-15
kw1600_R24_eta0.35,kw_control,24.0,0.35,1600,1,2,scaled_1.025,defined,-0.1049823912771272,0.9055548476503404,0.08622148918392233,0,0,8.602896759014519e-15
kw1600_R24_eta0.35,kw_control,24.0,0.35,1600,1,2,scaled_1.05,defined,-0.10820271428514294,0.9090639867271999,0.08925362340630238,0,0,8.602896759014519e-15
kw1600_R24_eta0.35,kw_control,24.0,0.35,1600,1,2,scaled_1.075,defined,-0.11165068602640127,0.9133806512441637,0.09250857623783104,0,0,8.602896759014519e-15
kw1600_R24_eta0.35,kw_control,24.0,0.35,1600,1,2,scaled_1.1,defined,-0.11536071861681714,0.9186882637859726,0.09601972877708673,0,0,8.602896759014519e-15
kw1600_R24_eta0.35,kw_control,24.0,0.35,1600,1,2,scaled_1.15,defined,-0.1237324848871657,0.9333453413573858,0.10397104157826632,0,0,8.602896759014519e-15
kw1600_R24_eta0.35,kw_control,24.0,0.35,1600,1,2,scaled_1.2,defined,-0.13369000944723358,0.9564279789154602,0.11346729051420483,0,0,8.602896759014519e-15
kw1600_R24_eta0.35,kw_control,24.0,0.35,1600,1,2,physical_frozen,defined,-0.09975187696089576,0.9050808599070154,0.08290434860733276,0,0,8.602896759014519e-15
kw1600_R24_eta0.35,kw_control,24.0,0.35,1600,1,2,physical_common,defined,-0.027715333585913705,0.9254667429150905,0.010867805232350706,0,0,8.602896759014519e-15
kw1600_R24_eta0.35,kw_control,24.0,0.35,1600,1,2,actual_root,defined,-0.1056216649630725,0.9050983813548574,0.0867733834453771,5,30,8.602896759014519e-15
kw1600_R24_eta0.35,kw_control,24.0,0.35,1600,1,2,soft_cosine,defined,-0.10202449517996526,0.9029454028263808,0.08345137273902223,0,0,8.602896759014519e-15
kw1600_R24_eta0.35,kw_control,24.0,0.35,1600,1,4,scaled_0.8,defined,-0.2011472069915735,0.8052085273236093,0.1839565751439003,0,0,8.602896759014519e-15
kw1600_R24_eta0.35,kw_control,24.0,0.35,1600,1,4,scaled_0.85,defined,-0.22195390001369514,0.7921006828254985,0.20442801328908802,0,0,8.602896759014519e-15
kw1600_R24_eta0.35,kw_control,24.0,0.35,1600,1,4,scaled_0.9,defined,-0.2452727425645878,0.7800865955590632,0.2274047341221169,0,0,8.602896759014519e-15
kw1600_R24_eta0.35,kw_control,24.0,0.35,1600,1,4,scaled_0.925,defined,-0.25811814227030444,0.774731100738939,0.24007635551301204,0,0,8.602896759014519e-15
kw1600_R24_eta0.35,kw_control,24.0,0.35,1600,1,4,scaled_0.95,defined,-0.27193868199524646,0.7699925378223711,0.25372107160905016,0,0,8.602896759014519e-15
kw1600_R24_eta0.35,kw_control,24.0,0.35,1600,1,4,scaled_0.975,defined,-0.28692118920188014,0.7660657528658205,0.26852541365442095,0,0,8.602896759014519e-15
kw1600_R24_eta0.35,kw_control,24.0,0.35,1600,1,4,scaled_1,defined,-0.3033054287962162,0.7632233859715706,0.2847287361375956,0,0,8.602896759014519e-15
kw1600_R24_eta0.35,kw_control,24.0,0.35,1600,1,4,scaled_1.025,defined,-0.3214001763393304,0.7618635385900718,0.3026392742461255,0,0,8.602896759014519e-15
kw1600_R24_eta0.35,kw_control,24.0,0.35,1600,1,4,scaled_1.05,defined,-0.3416033047189934,0.7626037270821335,0.32265421384015286,0,0,8.602896759014519e-15
kw1600_R24_eta0.35,kw_control,24.0,0.35,1600,1,4,scaled_1.075,defined,-0.3644247525832482,0.7664794692905945,0.34528264279467796,0,0,8.602896759014519e-15
kw1600_R24_eta0.35,kw_control,24.0,0.35,1600,1,4,scaled_1.1,defined,-0.39050466262261135,0.7754218443305974,0.3711636727828809,0,0,8.602896759014519e-15
kw1600_R24_eta0.35,kw_control,24.0,0.35,1600,1,4,scaled_1.15,defined,-0.45532105784943433,0.8336149494301629,0.43555961454053493,0,0,8.602896759014519e-15
kw1600_R24_eta0.35,kw_control,24.0,0.35,1600,1,4,scaled_1.2,defined,-0.3953041959424469,1.8524571415715978,0.3750814770094182,0,0,8.602896759014519e-15
kw1600_R24_eta0.35,kw_control,24.0,0.35,1600,1,4,physical_frozen,defined,-0.30130139664718136,0.7572094633784906,0.28445386829361835,0,0,8.602896759014519e-15
kw1600_R24_eta0.35,kw_control,24.0,0.35,1600,1,4,physical_common,defined,0.032409265781062215,0.9975567926727129,-0.04925679413462521,0,0,8.602896759014519e-15
kw1600_R24_eta0.35,kw_control,24.0,0.35,1600,1,4,actual_root,defined,-0.31926665299736595,0.7633550756879494,0.30041837147967054,5,33,8.602896759014519e-15
kw1600_R24_eta0.35,kw_control,24.0,0.35,1600,1,4,soft_cosine,defined,-0.30387597090077084,0.7637982477713159,0.28530284845982784,0,0,8.602896759014519e-15
kw1600_R24_eta0.7,kw_control,24.0,0.7,1600,1,1,scaled_0.8,defined,-0.019761079287390952,1.022831878179232,0.0,0,0,3.5248333104571847e-17
kw1600_R24_eta0.7,kw_control,24.0,0.7,1600,1,1,scaled_0.85,defined,-0.016112191189533148,1.031204078471762,0.0,0,0,3.5248333104571847e-17
kw1600_R24_eta0.7,kw_control,24.0,0.7,1600,1,1,scaled_0.9,defined,-0.012045226069005297,1.0406975888330254,0.0,0,0,3.5248333104571847e-17
kw1600_R24_eta0.7,kw_control,24.0,0.7,1600,1,1,scaled_0.925,defined,-0.00983850973945355,1.0459199759613127,0.0,0,0,3.5248333104571847e-17
kw1600_R24_eta0.7,kw_control,24.0,0.7,1600,1,1,scaled_0.95,defined,-0.0075061156811120355,1.0514940745374686,0.0,0,0,3.5248333104571847e-17
kw1600_R24_eta0.7,kw_control,24.0,0.7,1600,1,1,scaled_0.975,defined,-0.005039326321393058,1.0574526610953552,0.0,0,0,3.5248333104571847e-17
kw1600_R24_eta0.7,kw_control,24.0,0.7,1600,1,1,scaled_1,defined,-0.002428388422551799,1.0638310499474142,0.0,0,0,3.5248333104571847e-17
kw1600_R24_eta0.7,kw_control,24.0,0.7,1600,1,1,scaled_1.025,defined,0.0003376431438470995,1.0706679314270264,0.0,0,0,3.5248333104571847e-17
kw1600_R24_eta0.7,kw_control,24.0,0.7,1600,1,1,scaled_1.05,defined,0.003271108653356025,1.0780077331414013,0.0,0,0,3.5248333104571847e-17
kw1600_R24_eta0.7,kw_control,24.0,0.7,1600,1,1,scaled_1.075,defined,0.00638602082569144,1.0859061936296934,0.0,0,0,3.5248333104571847e-17
kw1600_R24_eta0.7,kw_control,24.0,0.7,1600,1,1,scaled_1.1,defined,0.009698393332475819,1.094423257950773,0.0,0,0,3.5248333104571847e-17
kw1600_R24_eta0.7,kw_control,24.0,0.7,1600,1,1,scaled_1.15,defined,0.016991942151640904,1.1136060718033454,0.0,0,0,3.5248333104571847e-17
kw1600_R24_eta0.7,kw_control,24.0,0.7,1600,1,1,scaled_1.2,defined,0.02533772920521318,1.1362937663459258,0.0,0,0,3.5248333104571847e-17
kw1600_R24_eta0.7,kw_control,24.0,0.7,1600,1,1,physical_frozen,defined,0.005010582599561442,1.0755594806564717,0.0,0,0,3.5248333104571847e-17
kw1600_R24_eta0.7,kw_control,24.0,0.7,1600,1,1,physical_common,defined,0.005010582599561442,1.0755594806564717,0.0,0,0,3.5248333104571847e-17
kw1600_R24_eta0.7,kw_control,24.0,0.7,1600,1,1,actual_root,defined,0.00998673816518316,1.1038780046936567,0.0,0,0,3.5248333104571847e-17
kw1600_R24_eta0.7,kw_control,24.0,0.7,1600,1,1,soft_cosine,defined,-0.0023508393823686614,1.0640704446305969,0.0,0,0,3.5248333104571847e-17
kw1600_R24_eta0.7,kw_control,24.0,0.7,1600,1,2,scaled_0.8,defined,-0.11077363716092856,0.9293893972735271,0.0910125578735376,0,0,3.5248333104571847e-17
kw1600_R24_eta0.7,kw_control,24.0,0.7,1600,1,2,scaled_0.85,defined,-0.10717232929370288,0.9413452101498093,0.09106013810416973,0,0,3.5248333104571847e-17
kw1600_R24_eta0.7,kw_control,24.0,0.7,1600,1,2,scaled_0.9,defined,-0.10286843544897394,0.9558507349744041,0.09082320937996864,0,0,3.5248333104571847e-17
kw1600_R24_eta0.7,kw_control,24.0,0.7,1600,1,2,scaled_0.925,defined,-0.10040151745844883,0.9642836886455901,0.09056300771899528,0,0,3.5248333104571847e-17
kw1600_R24_eta0.7,kw_control,24.0,0.7,1600,1,2,scaled_0.95,defined,-0.09768957183456684,0.9736563734540191,0.0901834561534548,0,0,3.5248333104571847e-17
kw1600_R24_eta0.7,kw_control,24.0,0.7,1600,1,2,scaled_0.975,defined,-0.09469972972628826,0.9841161869904378,0.0896604034048952,0,0,3.5248333104571847e-17
kw1600_R24_eta0.7,kw_control,24.0,0.7,1600,1,2,scaled_1,defined,-0.09139186701567859,0.9958469745918189,0.08896347859312678,0,0,3.5248333104571847e-17
kw1600_R24_eta0.7,kw_control,24.0,0.7,1600,1,2,scaled_1.025,defined,-0.08771629550818494,1.009072460111326,0.08805393865203204,0,0,3.5248333104571847e-17
kw1600_R24_eta0.7,kw_control,24.0,0.7,1600,1,2,scaled_1.05,defined,-0.08361030936752678,1.0240846284195833,0.08688141802088281,0,0,3.5248333104571847e-17
kw1600_R24_eta0.7,kw_control,24.0,0.7,1600,1,2,scaled_1.075,defined,-0.07899327088737096,1.0412553180066886,0.0853792917130624,0,0,3.5248333104571847e-17
kw1600_R24_eta0.7,kw_control,24.0,0.7,1600,1,2,scaled_1.1,defined,-0.07375909819948956,1.0610783212254717,0.08345749153196538,0,0,3.5248333104571847e-17
kw1600_R24_eta0.7,kw_control,24.0,0.7,1600,1,2,scaled_1.15,defined,-0.06081205780396681,1.1116342815178804,0.07780399995560772,0,0,3.5248333104571847e-17
kw1600_R24_eta0.7,kw_control,24.0,0.7,1600,1,2,scaled_1.2,defined,-0.04275641374560646,1.1853681059497767,0.06809414295081964,0,0,3.5248333104571847e-17
kw1600_R24_eta0.7,kw_control,24.0,0.7,1600,1,2,physical_frozen,defined,-0.07722465872124451,1.0177563168505732,0.08223524132080595,0,0,3.5248333104571847e-17
kw1600_R24_eta0.7,kw_control,24.0,0.7,1600,1,2,physical_common,defined,-0.07191373613756791,0.9356901246516808,0.07692431873712935,0,0,3.5248333104571847e-17
kw1600_R24_eta0.7,kw_control,24.0,0.7,1600,1,2,actual_root,defined,-0.07430670266046502,1.075501253327622,0.08429344082564819,0,34,3.5248333104571847e-17
kw1600_R24_eta0.7,kw_control,24.0,0.7,1600,1,2,soft_cosine,defined,-0.0912731698978897,0.9962570047718622,0.08892233051552104,0,0,3.5248333104571847e-17
kw1600_R24_eta0.7,kw_control,24.0,0.7,1600,1,4,scaled_0.8,defined,-0.2751346268371413,0.7757456530359726,0.25537354754975033,0,0,3.5248333104571847e-17
kw1600_R24_eta0.7,kw_control,24.0,0.7,1600,1,4,scaled_0.85,defined,-0.2805294018043932,0.7838618767623853,0.26441721061486,0,0,3.5248333104571847e-17
kw1600_R24_eta0.7,kw_control,24.0,0.7,1600,1,4,scaled_0.9,defined,-0.2857326432846069,0.796921130981376,0.2736874172156016,0,0,3.5248333104571847e-17
kw1600_R24_eta0.7,kw_control,24.0,0.7,1600,1,4,scaled_0.925,defined,-0.2881978797364465,0.8060446469989536,0.27835936999699296,0,0,3.5248333104571847e-17
kw1600_R24_eta0.7,kw_control,24.0,0.7,1600,1,4,scaled_0.95,defined,-0.29051614541449045,0.8174980013738276,0.2830100297333784,0,0,3.5248333104571847e-17
kw1600_R24_eta0.7,kw_control,24.0,0.7,1600,1,4,scaled_0.975,defined,-0.2926188754187631,0.8319425763771328,0.28757954909737005,0,0,3.5248333104571847e-17
kw1600_R24_eta0.7,kw_control,24.0,0.7,1600,1,4,scaled_1,defined,-0.2943976042273392,0.8503394280056219,0.2919692158047874,0,0,3.5248333104571847e-17
kw1600_R24_eta0.7,kw_control,24.0,0.7,1600,1,4,scaled_1.025,defined,-0.2956722504046838,0.8741333081369675,0.2960098935485309,0,0,3.5248333104571847e-17
kw1600_R24_eta0.7,kw_control,24.0,0.7,1600,1,4,scaled_1.05,defined,-0.2961277583350398,0.9056394509451132,0.2993988669883958,0,0,3.5248333104571847e-17
kw1600_R24_eta0.7,kw_control,24.0,0.7,1600,1,4,scaled_1.075,defined,-0.29517771087463096,0.9488669576542387,0.3015637317003224,0,0,3.5248333104571847e-17
kw1600_R24_eta0.7,kw_control,24.0,0.7,1600,1,4,scaled_1.1,defined,-0.2916387762076743,1.0115041545136516,0.3013371695401501,0,0,3.5248333104571847e-17
kw1600_R24_eta0.7,kw_control,24.0,0.7,1600,1,4,scaled_1.15,defined,-0.26175119022478066,1.2861200251873983,0.27874313237642157,0,0,3.5248333104571847e-17
kw1600_R24_eta0.7,kw_control,24.0,0.7,1600,1,4,scaled_1.2,defined,-0.11891084320229917,1.7539395395090618,0.14424857240751235,0,0,3.5248333104571847e-17
kw1600_R24_eta0.7,kw_control,24.0,0.7,1600,1,4,physical_frozen,defined,-0.2682676360467183,0.8866902714366764,0.27327821864627977,0,0,3.5248333104571847e-17
kw1600_R24_eta0.7,kw_control,24.0,0.7,1600,1,4,physical_common,defined,-0.11409699568589593,0.8626425781281167,0.11910757828545737,0,0,3.5248333104571847e-17
kw1600_R24_eta0.7,kw_control,24.0,0.7,1600,1,4,actual_root,defined,-0.2921882796657146,1.056588262816429,0.30217501783089773,3,38,3.5248333104571847e-17
kw1600_R24_eta0.7,kw_control,24.0,0.7,1600,1,4,soft_cosine,defined,-0.2944048688452592,0.8519566096883288,0.2920540294628905,0,0,3.5248333104571847e-17
kw1600_R256_eta0.35,kw_control,256.0,0.35,1600,1,1,scaled_0.8,defined,0.09474080548538637,1.046069107850166,0.0,0,0,1.1371030241930073e-19
kw1600_R256_eta0.35,kw_control,256.0,0.35,1600,1,1,scaled_0.85,defined,0.0956242558985289,1.0476173427414266,0.0,0,0,1.1371030241930073e-19
kw1600_R256_eta0.35,kw_control,256.0,0.35,1600,1,1,scaled_0.9,defined,0.09659559593787928,1.0493351840841851,0.0,0,0,1.1371030241930073e-19
kw1600_R256_eta0.35,kw_control,256.0,0.35,1600,1,1,scaled_0.925,defined,0.09711675428237126,1.050263805487994,0.0,0,0,1.1371030241930073e-19
kw1600_R256_eta0.35,kw_control,256.0,0.35,1600,1,1,scaled_0.95,defined,0.09766307576532249,1.0512426782318443,0.0,0,0,1.1371030241930073e-19
kw1600_R256_eta0.35,kw_control,256.0,0.35,1600,1,1,scaled_0.975,defined,0.0982357978283202,1.052274958482372,0.0,0,0,1.1371030241930073e-19
kw1600_R256_eta0.35,kw_control,256.0,0.35,1600,1,1,scaled_1,defined,0.0988362549179643,1.0533640852481119,0.0,0,0,1.1371030241930073e-19
kw1600_R256_eta0.35,kw_control,256.0,0.35,1600,1,1,scaled_1.025,defined,0.0994658876212805,1.0545138433945707,0.0,0,0,1.1371030241930073e-19
kw1600_R256_eta0.35,kw_control,256.0,0.35,1600,1,1,scaled_1.05,defined,0.10012625295248476,1.055728408031741,0.0,0,0,1.1371030241930073e-19
kw1600_R256_eta0.35,kw_control,256.0,0.35,1600,1,1,scaled_1.075,defined,0.10081903583936361,1.0570123960762163,0.0,0,0,1.1371030241930073e-19
kw1600_R256_eta0.35,kw_control,256.0,0.35,1600,1,1,scaled_1.1,defined,0.10154606204560035,1.058370926494197,0.0,0,0,1.1371030241930073e-19
kw1600_R256_eta0.35,kw_control,256.0,0.35,1600,1,1,scaled_1.15,defined,0.10311094125019116,1.0613350370883574,0.0,0,0,1.1371030241930073e-19
kw1600_R256_eta0.35,kw_control,256.0,0.35,1600,1,1,scaled_1.2,defined,0.1048389176874877,1.0646747533942338,0.0,0,0,1.1371030241930073e-19
kw1600_R256_eta0.35,kw_control,256.0,0.35,1600,1,1,physical_frozen,defined,0.09895708364718489,1.0535386369984177,0.0,0,0,1.1371030241930073e-19
kw1600_R256_eta0.35,kw_control,256.0,0.35,1600,1,1,physical_common,defined,0.09895708364718489,1.0535386369984177,0.0,0,0,1.1371030241930073e-19
kw1600_R256_eta0.35,kw_control,256.0,0.35,1600,1,1,actual_root,defined,0.09922370655896195,1.0542410510824534,0.0,0,0,1.1371030241930073e-19
kw1600_R256_eta0.35,kw_control,256.0,0.35,1600,1,1,soft_cosine,defined,0.09884779462433366,1.0533884626806191,0.0,0,0,1.1371030241930073e-19
kw1600_R256_eta0.35,kw_control,256.0,0.35,1600,1,2,scaled_0.8,defined,0.08375770702228845,1.0336332786515474,0.010983098463097918,0,0,1.1371030241930073e-19
kw1600_R256_eta0.35,kw_control,256.0,0.35,1600,1,2,scaled_0.85,defined,0.08520960821903001,1.036374053667328,0.010414647679498887,0,0,1.1371030241930073e-19
kw1600_R256_eta0.35,kw_control,256.0,0.35,1600,1,2,scaled_0.9,defined,0.08685497165053013,1.0395362202119367,0.009740624287349148,0,0,1.1371030241930073e-19
kw1600_R256_eta0.35,kw_control,256.0,0.35,1600,1,2,scaled_0.925,defined,0.0877592250653425,1.0413009119912966,0.00935752921702876,0,0,1.1371030241930073e-19
kw1600_R256_eta0.35,kw_control,256.0,0.35,1600,1,2,scaled_0.95,defined,0.08872343692811047,1.043204607709758,0.008939638837212022,0,0,1.1371030241930073e-19
kw1600_R256_eta0.35,kw_control,256.0,0.35,1600,1,2,scaled_0.975,defined,0.08975235683495665,1.0452620943520385,0.008483440993363553,0,0,1.1371030241930073e-19
kw1600_R256_eta0.35,kw_control,256.0,0.35,1600,1,2,scaled_1,defined,0.09085126183863422,1.0474904783744876,0.00798499307933008,0,0,1.1371030241930073e-19
kw1600_R256_eta0.35,kw_control,256.0,0.35,1600,1,2,scaled_1.025,defined,0.09202603061173077,1.0499096718056604,0.00743985700954973,0,0,1.1371030241930073e-19
kw1600_R256_eta0.35,kw_control,256.0,0.35,1600,1,2,scaled_1.05,defined,0.09328323121467351,1.0525433720261372,0.006843021737811247,0,0,1.1371030241930073e-19
kw1600_R256_eta0.35,kw_control,256.0,0.35,1600,1,2,scaled_1.075,defined,0.09463022657040188,1.0554196827801365,0.006188809268961731,0,0,1.1371030241930073e-19
kw1600_R256_eta0.35,kw_control,256.0,0.35,1600,1,2,scaled_1.1,defined,0.09607529791706093,1.0585716531982756,0.005470764128539418,0,0,1.1371030241930073e-19
kw1600_R256_eta0.35,kw_control,256.0,0.35,1600,1,2,scaled_1.15,defined,0.09929831507824904,1.065869942524827,0.003812626171942113,0,0,1.1371030241930073e-19
kw1600_R256_eta0.35,kw_control,256.0,0.35,1600,1,2,scaled_1.2,defined,0.10304350564374963,1.074873825833741,0.001795412043738065,0,0,1.1371030241930073e-19
kw1600_R256_eta0.35,kw_control,256.0,0.35,1600,1,2,physical_frozen,defined,0.09109869213352874,1.0478501439107801,0.007858391513656152,0,0,1.1371030241930073e-19
kw1600_R256_eta0.35,kw_control,256.0,0.35,1600,1,2,physical_common,defined,0.08338419245121874,1.0287240077897588,0.015572891195966151,0,0,1.1371030241930073e-19
kw1600_R256_eta0.35,kw_control,256.0,0.35,1600,1,2,actual_root,defined,0.09153848424263576,1.0492025198880661,0.007685222316326193,0,0,1.1371030241930073e-19
kw1600_R256_eta0.35,kw_control,256.0,0.35,1600,1,2,soft_cosine,defined,0.09087950775319732,1.0475606636501473,0.007968286871136335,0,0,1.1371030241930073e-19
kw1600_R256_eta0.35,kw_control,256.0,0.35,1600,1,4,scaled_0.8,defined,0.06277799104574834,1.0104200469879656,0.031962814439638026,0,0,1.1371030241930073e-19
kw1600_R256_eta0.35,kw_control,256.0,0.35,1600,1,4,scaled_0.85,defined,0.06446824495421066,1.0143845344816322,0.031156010944318233,0,0,1.1371030241930073e-19
kw1600_R256_eta0.35,kw_control,256.0,0.35,1600,1,4,scaled_0.9,defined,0.06653578520529413,1.0193601152289062,0.03005981073258515,0,0,1.1371030241930073e-19
kw1600_R256_eta0.35,kw_control,256.0,0.35,1600,1,4,scaled_0.925,defined,0.06773790212653599,1.022327940865042,0.029378852155835272,0,0,1.1371030241930073e-19
kw1600_R256_eta0.35,kw_control,256.0,0.35,1600,1,4,scaled_0.95,defined,0.06906943227157342,1.0256878167640786,0.02859364349374907,0,0,1.1371030241930073e-19
kw1600_R256_eta0.35,kw_control,256.0,0.35,1600,1,4,scaled_0.975,defined,0.07054544597564656,1.029511140111845,0.027690351852673642,0,0,1.1371030241930073e-19
kw1600_R256_eta0.35,kw_control,256.0,0.35,1600,1,4,scaled_1,defined,0.07218310552059186,1.0338877383864855,0.02665314939737244,0,0,1.1371030241930073e-19
kw1600_R256_eta0.35,kw_control,256.0,0.35,1600,1,4,scaled_1.025,defined,0.07400201290524097,1.038932524513212,0.02546387471603953,0,0,1.1371030241930073e-19
kw1600_R256_eta0.35,kw_control,256.0,0.35,1600,1,4,scaled_1.05,defined,0.0760246408037953,1.0447961351069677,0.024101612148689458,0,0,1.1371030241930073e-19
kw1600_R256_eta0.35,kw_control,256.0,0.35,1600,1,4,scaled_1.075,defined,0.0782768965418621,1.0516809002973726,0.022542139297501512,0,0,1.1371030241930073e-19
kw1600_R256_eta0.35,kw_control,256.0,0.35,1600,1,4,scaled_1.1,defined,0.08078896236122221,1.0598708980310052,0.02075709968437814,0,0,1.1371030241930073e-19
kw1600_R256_eta0.35,kw_control,256.0,0.35,1600,1,4,scaled_1.15,defined,0.08674479487345654,1.081982737665945,0.016366146376734614,0,0,1.1371030241930073e-19
kw1600_R256_eta0.35,kw_control,256.0,0.35,1600,1,4,scaled_1.2,defined,0.0943389617561867,1.1178773161542928,0.010499955931301,0,0,1.1371030241930073e-19
kw1600_R256_eta0.35,kw_control,256.0,0.35,1600,1,4,physical_frozen,defined,0.0726711566978701,1.034604814375546,0.026285926949314795,0,0,1.1371030241930073e-19
kw1600_R256_eta0.35,kw_control,256.0,0.35,1600,1,4,physical_common,defined,0.06643044010124588,1.0031281010158983,0.03252664354593901,0,0,1.1371030241930073e-19
kw1600_R256_eta0.35,kw_control,256.0,0.35,1600,1,4,actual_root,defined,0.07315451176127845,1.0369811610169652,0.026069194797683506,0,0,1.1371030241930073e-19
kw1600_R256_eta0.35,kw_control,256.0,0.35,1600,1,4,soft_cosine,defined,0.07224925491139178,1.0341311735950358,0.026598539712941877,0,0,1.1371030241930073e-19
kw1600_R256_eta0.7,kw_control,256.0,0.7,1600,1,1,scaled_0.8,defined,0.190348865001777,1.2176333031227784,0.0,0,0,1.5895400919304683e-21
kw1600_R256_eta0.7,kw_control,256.0,0.7,1600,1,1,scaled_0.85,defined,0.19281403326615054,1.2219695222954163,0.0,0,0,1.5895400919304683e-21
kw1600_R256_eta0.7,kw_control,256.0,0.7,1600,1,1,scaled_0.9,defined,0.1955267082028896,1.2267735286508814,0.0,0,0,1.5895400919304683e-21
kw1600_R256_eta0.7,kw_control,256.0,0.7,1600,1,1,scaled_0.925,defined,0.1969835984578928,1.2293687045541335,0.0,0,0,1.5895400919304683e-21
kw1600_R256_eta0.7,kw_control,256.0,0.7,1600,1,1,scaled_0.95,defined,0.19851221219119458,1.2321033487594706,0.0,0,0,1.5895400919304683e-21
kw1600_R256_eta0.7,kw_control,256.0,0.7,1600,1,1,scaled_0.975,defined,0.2001164710794172,1.2349862888167746,0.0,0,0,1.5895400919304683e-21
kw1600_R256_eta0.7,kw_control,256.0,0.7,1600,1,1,scaled_1,defined,0.20180066634355712,1.2380272572342512,0.0,0,0,1.5895400919304683e-21
kw1600_R256_eta0.7,kw_control,256.0,0.7,1600,1,1,scaled_1.025,defined,0.2035695033307654,1.2412370089296951,0.0,0,0,1.5895400919304683e-21
kw1600_R256_eta0.7,kw_control,256.0,0.7,1600,1,1,scaled_1.05,defined,0.20542815244832,1.2446274579097854,0.0,0,0,1.5895400919304683e-21
kw1600_R256_eta0.7,kw_control,256.0,0.7,1600,1,1,scaled_1.075,defined,0.20738230830739113,1.2482118369038033,0.0,0,0,1.5895400919304683e-21
kw1600_R256_eta0.7,kw_control,256.0,0.7,1600,1,1,scaled_1.1,defined,0.2094382588358822,1.252005192679354,0.0,0,0,1.5895400919304683e-21
kw1600_R256_eta0.7,kw_control,256.0,0.7,1600,1,1,scaled_1.15,defined,0.2138841858747711,1.2602929456068401,0.0,0,0,1.5895400919304683e-21
kw1600_R256_eta0.7,kw_control,256.0,0.7,1600,1,1,scaled_1.2,defined,0.21883164750793083,1.2696543604137256,0.0,0,0,1.5895400919304683e-21
kw1600_R256_eta0.7,kw_control,256.0,0.7,1600,1,1,physical_frozen,defined,0.20213714766820892,1.2385960168417287,0.0,0,0,1.5895400919304683e-21
kw1600_R256_eta0.7,kw_control,256.0,0.7,1600,1,1,physical_common,defined,0.20213714766820892,1.2385960168417287,0.0,0,0,1.5895400919304683e-21
kw1600_R256_eta0.7,kw_control,256.0,0.7,1600,1,1,actual_root,defined,0.20431790701823557,1.2440615394835648,0.0,0,0,1.5895400919304683e-21
kw1600_R256_eta0.7,kw_control,256.0,0.7,1600,1,1,soft_cosine,defined,0.20183243156857453,1.2380908243810538,0.0,0,0,1.5895400919304683e-21
kw1600_R256_eta0.7,kw_control,256.0,0.7,1600,1,2,scaled_0.8,defined,0.17062806797351177,1.1899893916066795,0.019720797028265236,0,0,1.5895400919304683e-21
kw1600_R256_eta0.7,kw_control,256.0,0.7,1600,1,2,scaled_0.85,defined,0.175200745298397,1.19807301657559,0.01761328796775355,0,0,1.5895400919304683e-21
kw1600_R256_eta0.7,kw_control,256.0,0.7,1600,1,2,scaled_0.9,defined,0.18037032890948168,1.2073309410618942,0.015156379293407907,0,0,1.5895400919304683e-21
kw1600_R256_eta0.7,kw_control,256.0,0.7,1600,1,2,scaled_0.925,defined,0.18321002148979848,1.2124742359373168,0.013773576968094309,0,0,1.5895400919304683e-21
kw1600_R256_eta0.7,kw_control,256.0,0.7,1600,1,2,scaled_0.95,defined,0.18623963613832584,1.2180073728872975,0.012272576052868744,0,0,1.5895400919304683e-21
kw1600_R256_eta0.7,kw_control,256.0,0.7,1600,1,2,scaled_0.975,defined,0.18947684851749114,1.2239724301376171,0.010639622561926076,0,0,1.5895400919304683e-21
kw1600_R256_eta0.7,kw_control,256.0,0.7,1600,1,2,scaled_1,defined,0.1929419827400023,1.2304205845236638,0.008858683603554823,0,0,1.5895400919304683e-21
kw1600_R256_eta0.7,kw_control,256.0,0.7,1600,1,2,scaled_1.025,defined,0.19665857608370474,1.2374141364019697,0.006910927247060661,0,0,1.5895400919304683e-21
kw1600_R256_eta0.7,kw_control,256.0,0.7,1600,1,2,scaled_1.05,defined,0.20065405469299769,1.2450228311396452,0.00477409775532231,0,0,1.5895400919304683e-21
kw1600_R256_eta0.7,kw_control,256.0,0.7,1600,1,2,scaled_1.075,defined,0.20496060257712445,1.2533305469362153,0.0024217057302666767,0,0,1.5895400919304683e-21
kw1600_R256_eta0.7,kw_control,256.0,0.7,1600,1,2,scaled_1.1,defined,0.20961634733302537,1.2624463914018043,-0.0001780884971431529,0,0,1.5895400919304683e-21
kw1600_R256_eta0.7,kw_control,256.0,0.7,1600,1,2,scaled_1.15,defined,0.22016735348478034,1.283642463291669,-0.006283167610009244,0,0,1.5895400919304683e-21
kw1600_R256_eta0.7,kw_control,256.0,0.7,1600,1,2,scaled_1.2,defined,0.23280415621657047,1.3101018498803745,-0.013972508708639642,0,0,1.5895400919304683e-21
kw1600_R256_eta0.7,kw_control,256.0,0.7,1600,1,2,physical_frozen,defined,0.19365959584686887,1.231637657845263,0.008477551821340051,0,0,1.5895400919304683e-21
kw1600_R256_eta0.7,kw_control,256.0,0.7,1600,1,2,physical_common,defined,0.1614767518647044,1.1703140192216546,0.04066039580350453,0,0,1.5895400919304683e-21
kw1600_R256_eta0.7,kw_control,256.0,0.7,1600,1,2,actual_root,defined,0.19817362630668445,1.2434664933743989,0.0061442807115511255,0,0,1.5895400919304683e-21
kw1600_R256_eta0.7,kw_control,256.0,0.7,1600,1,2,soft_cosine,defined,0.19303826778877875,1.2306167137543977,0.008794163779795777,0,0,1.5895400919304683e-21
kw1600_R256_eta0.7,kw_control,256.0,0.7,1600,1,4,scaled_0.8,defined,0.13200693892439963,1.1373490221038454,0.05834192607737737,0,0,1.5895400919304683e-21
kw1600_R256_eta0.7,kw_control,256.0,0.7,1600,1,4,scaled_0.85,defined,0.13965860202387836,1.1510124848520369,0.05315543124227218,0,0,1.5895400919304683e-21
kw1600_R256_eta0.7,kw_control,256.0,0.7,1600,1,4,scaled_0.9,defined,0.14869342809800798,1.1675153201286756,0.04683328010488161,0,0,1.5895400919304683e-21
kw1600_R256_eta0.7,kw_control,256.0,0.7,1600,1,4,scaled_0.925,defined,0.1538443126460518,1.177112890158003,0.04313928581184098,0,0,1.5895400919304683e-21
kw1600_R256_eta0.7,kw_control,256.0,0.7,1600,1,4,scaled_0.95,defined,0.1594983354276681,1.1878186545416436,0.039013876763526495,0,0,1.5895400919304683e-21
kw1600_R256_eta0.7,kw_control,256.0,0.7,1600,1,4,scaled_0.975,defined,0.1657336721231945,1.199839826100814,0.034382798956222704,0,0,1.5895400919304683e-21
kw1600_R256_eta0.7,kw_control,256.0,0.7,1600,1,4,scaled_1,defined,0.17264808872233794,1.2134489359171694,0.029152577621219172,0,0,1.5895400919304683e-21
kw1600_R256_eta0.7,kw_control,256.0,0.7,1600,1,4,scaled_1.025,defined,0.18036625010079954,1.2290056670048917,0.02320325322996586,0,0,1.5895400919304683e-21
kw1600_R256_eta0.7,kw_control,256.0,0.7,1600,1,4,scaled_1.05,defined,0.18905056904501633,1.2470051524027377,0.01637758340330367,0,0,1.5895400919304683e-21
kw1600_R256_eta0.7,kw_control,256.0,0.7,1600,1,4,scaled_1.075,defined,0.1989184180290624,1.2681368478114876,0.008463890278328723,0,0,1.5895400919304683e-21
kw1600_R256_eta0.7,kw_control,256.0,0.7,1600,1,4,scaled_1.1,defined,0.2102704279102161,1.2934184217577442,-0.0008321690743338939,0,0,1.5895400919304683e-21
kw1600_R256_eta0.7,kw_control,256.0,0.7,1600,1,4,scaled_1.15,defined,0.23938761940520237,1.3637584659053814,-0.025503433530431274,0,0,1.5895400919304683e-21
kw1600_R256_eta0.7,kw_control,256.0,0.7,1600,1,4,scaled_1.2,defined,0.2840502382918597,1.492498667591321,-0.06521859078392889,0,0,1.5895400919304683e-21
kw1600_R256_eta0.7,kw_control,256.0,0.7,1600,1,4,physical_frozen,defined,0.1741788495375915,1.216060533505964,0.027958298130617426,0,0,1.5895400919304683e-21
kw1600_R256_eta0.7,kw_control,256.0,0.7,1600,1,4,physical_common,defined,0.10740841216033226,1.0857585670195526,0.09472873550787667,0,0,1.5895400919304683e-21
kw1600_R256_eta0.7,kw_control,256.0,0.7,1600,1,4,actual_root,defined,0.18333345763196934,1.2422494962906123,0.02098444938626623,0,0,1.5895400919304683e-21
kw1600_R256_eta0.7,kw_control,256.0,0.7,1600,1,4,soft_cosine,defined,0.1729609055577775,1.2141442659908732,0.02887152601079704,0,0,1.5895400919304683e-21
kw1600_R96_eta0.35,kw_control,96.0,0.35,1600,1,1,scaled_0.8,defined,0.06640624031130764,1.0212679703124945,0.0,0,0,9.29153193784637e-18
kw1600_R96_eta0.35,kw_control,96.0,0.35,1600,1,1,scaled_0.85,defined,0.06737527513262036,1.023351195567833,0.0,0,0,9.29153193784637e-18
kw1600_R96_eta0.35,kw_control,96.0,0.35,1600,1,1,scaled_0.9,defined,0.06844611135935516,1.025689608608773,0.0,0,0,9.29153193784637e-18
kw1600_R96_eta0.35,kw_control,96.0,0.35,1600,1,1,scaled_0.925,defined,0.06902269918094239,1.0269652727504976,0.0,0,0,9.29153193784637e-18
kw1600_R96_eta0.35,kw_control,96.0,0.35,1600,1,1,scaled_0.95,defined,0.06962848830906904,1.0283184907813319,0.0,0,0,9.29153193784637e-18
kw1600_R96_eta0.35,kw_control,96.0,0.35,1600,1,1,scaled_0.975,defined,0.07026490352715808,1.0297547839844488,0.0,0,0,9.29153193784637e-18
kw1600_R96_eta0.35,kw_control,96.0,0.35,1600,1,1,scaled_1,defined,0.07093346417951238,1.031280248879112,0.0,0,0,9.29153193784637e-18
kw1600_R96_eta0.35,kw_control,96.0,0.35,1600,1,1,scaled_1.025,defined,0.07163579137254872,1.0329016344877258,0.0,0,0,9.29153193784637e-18
kw1600_R96_eta0.35,kw_control,96.0,0.35,1600,1,1,scaled_1.05,defined,0.07237361585667967,1.0346264327894656,0.0,0,0,9.29153193784637e-18
kw1600_R96_eta0.35,kw_control,96.0,0.35,1600,1,1,scaled_1.075,defined,0.07314878670981914,1.0364629854235752,0.0,0,0,9.29153193784637e-18
kw1600_R96_eta0.35,kw_control,96.0,0.35,1600,1,1,scaled_1.1,defined,0.07396328109131697,1.038420609766,0.0,0,0,9.29153193784637e-18
kw1600_R96_eta0.35,kw_control,96.0,0.35,1600,1,1,scaled_1.15,defined,0.07571885594120639,1.0427421508217725,0.0,0,0,9.29153193784637e-18
kw1600_R96_eta0.35,kw_control,96.0,0.35,1600,1,1,scaled_1.2,defined,0.07765916849697489,1.047691604705214,0.0,0,0,9.29153193784637e-18
kw1600_R96_eta0.35,kw_control,96.0,0.35,1600,1,1,physical_frozen,defined,0.07136213371354727,1.0319010486762774,0.0,0,0,9.29153193784637e-18
kw1600_R96_eta0.35,kw_control,96.0,0.35,1600,1,1,physical_common,defined,0.07136213371354727,1.0319010486762774,0.0,0,0,9.29153193784637e-18
kw1600_R96_eta0.35,kw_control,96.0,0.35,1600,1,1,actual_root,defined,0.07158816107379218,1.033074097851214,0.0,0,0,9.29153193784637e-18
kw1600_R96_eta0.35,kw_control,96.0,0.35,1600,1,1,soft_cosine,defined,0.07096467678609245,1.0313394949564136,0.0,0,0,9.29153193784637e-18
kw1600_R96_eta0.35,kw_control,96.0,0.35,1600,1,2,scaled_0.8,defined,0.04437158793108252,0.9988656214186087,0.022034652380225117,0,0,9.29153193784637e-18
kw1600_R96_eta0.35,kw_control,96.0,0.35,1600,1,2,scaled_0.85,defined,0.04543487068303787,1.0020439945997366,0.021940404449582486,0,0,9.29153193784637e-18
kw1600_R96_eta0.35,kw_control,96.0,0.35,1600,1,2,scaled_0.9,defined,0.04667726138258254,1.0058424096742358,0.02176884997677262,0,0,9.29153193784637e-18
kw1600_R96_eta0.35,kw_control,96.0,0.35,1600,1,2,scaled_0.925,defined,0.047374028863521926,1.0080186716569253,0.021648670317420467,0,0,9.29153193784637e-18
kw1600_R96_eta0.35,kw_control,96.0,0.35,1600,1,2,scaled_0.95,defined,0.048126130893002994,1.0104089190934191,0.021502357416066042,0,0,9.29153193784637e-18
kw1600_R96_eta0.35,kw_control,96.0,0.35,1600,1,2,scaled_0.975,defined,0.04893759843674306,1.013039596962987,0.021327305090415027,0,0,9.29153193784637e-18
kw1600_R96_eta0.35,kw_control,96.0,0.35,1600,1,2,scaled_1,defined,0.04981273089592521,1.0159416903032361,0.02112073328358717,0,0,9.29153193784637e-18
kw1600_R96_eta0.35,kw_control,96.0,0.35,1600,1,2,scaled_1.025,defined,0.05075610937577167,1.0191517858841508,0.020879681996777047,0,0,9.29153193784637e-18
kw1600_R96_eta0.35,kw_control,96.0,0.35,1600,1,2,scaled_1.05,defined,0.05177261126268938,1.0227134570695249,0.020601004593990294,0,0,9.29153193784637e-18
kw1600_R96_eta0.35,kw_control,96.0,0.35,1600,1,2,scaled_1.075,defined,0.0528674282966306,1.0266792525538468,0.02028135841318854,0,0,9.29153193784637e-18
kw1600_R96_eta0.35,kw_control,96.0,0.35,1600,1,2,scaled_1.1,defined,0.0540460978328542,1.0311144483542707,0.019917183258462777,0,0,9.29153193784637e-18
kw1600_R96_eta0.35,kw_control,96.0,0.35,1600,1,2,scaled_1.15,defined,0.056679206226155514,1.0417298070343515,0.01903964971505088,0,0,9.29153193784637e-18
kw1600_R96_eta0.35,kw_control,96.0,0.35,1600,1,2,scaled_1.2,defined,0.05972628357139976,1.055473069806046,0.017932884925575134,0,0,9.29153193784637e-18
kw1600_R96_eta0.35,kw_control,96.0,0.35,1600,1,2,physical_frozen,defined,0.050622745619823384,1.0171232182340622,0.020739388093723887,0,0,9.29153193784637e-18
kw1600_R96_eta0.35,kw_control,96.0,0.35,1600,1,2,physical_common,defined,0.05189050956495988,0.9981352547743961,0.019471624148587392,0,0,9.29153193784637e-18
kw1600_R96_eta0.35,kw_control,96.0,0.35,1600,1,2,actual_root,defined,0.05061974770069076,1.0190273041692262,0.020968413373101416,0,0,9.29153193784637e-18
kw1600_R96_eta0.35,kw_control,96.0,0.35,1600,1,2,soft_cosine,defined,0.049830968155017294,1.0160353944805873,0.02113370863107515,0,0,9.29153193784637e-18
kw1600_R96_eta0.35,kw_control,96.0,0.35,1600,1,4,scaled_0.8,defined,0.0038356755274761207,0.9597139565418017,0.06257056478383152,0,0,9.29153193784637e-18
kw1600_R96_eta0.35,kw_control,96.0,0.35,1600,1,4,scaled_0.85,defined,0.0027627202283507747,0.9621663852895697,0.06461255490426958,0,0,9.29153193784637e-18
kw1600_R96_eta0.35,kw_control,96.0,0.35,1600,1,4,scaled_0.9,defined,0.001823349232880208,0.966005309447072,0.06662276212647496,0,0,9.29153193784637e-18
kw1600_R96_eta0.35,kw_control,96.0,0.35,1600,1,4,scaled_0.925,defined,0.0014105950772230994,0.9686141616905434,0.06761210410371929,0,0,9.29153193784637e-18
kw1600_R96_eta0.35,kw_control,96.0,0.35,1600,1,4,scaled_0.95,defined,0.0010371694900774286,0.9718068118048604,0.06859131881899161,0,0,9.29153193784637e-18
kw1600_R96_eta0.35,kw_control,96.0,0.35,1600,1,4,scaled_0.975,defined,0.0007016485278750206,0.9757082131955896,0.06956325499928306,0,0,9.29153193784637e-18
kw1600_R96_eta0.35,kw_control,96.0,0.35,1600,1,4,scaled_1,defined,0.00039957629552521705,0.9804822224528355,0.07053388788398716,0,0,9.29153193784637e-18
kw1600_R96_eta0.35,kw_control,96.0,0.35,1600,1,4,scaled_1.025,defined,0.00012223195426575018,0.9863469727173659,0.07151355941828297,0,0,9.29153193784637e-18
kw1600_R96_eta0.35,kw_control,96.0,0.35,1600,1,4,scaled_1.05,defined,-0.00014493330240195057,0.9936006631191134,0.07251854915908162,0,0,9.29153193784637e-18
kw1600_R96_eta0.35,kw_control,96.0,0.35,1600,1,4,scaled_1.075,defined,-0.0004240188350978537,1.0026664783070462,0.07357280554491699,0,0,9.29153193784637e-18
kw1600_R96_eta0.35,kw_control,96.0,0.35,1600,1,4,scaled_1.1,defined,-0.0007457752222654428,1.0141794060357034,0.07470905631358242,0,0,9.29153193784637e-18
kw1600_R96_eta0.35,kw_control,96.0,0.35,1600,1,4,scaled_1.15,defined,-0.0016596539165389876,1.0491973413412847,0.07737850985774539,0,0,9.29153193784637e-18
kw1600_R96_eta0.35,kw_control,96.0,0.35,1600,1,4,scaled_1.2,defined,-0.002623836351264397,1.1210363560253684,0.08028300484823929,0,0,9.29153193784637e-18
kw1600_R96_eta0.35,kw_control,96.0,0.35,1600,1,4,physical_frozen,defined,0.0017485638901222345,0.9824385116421607,0.06961356982342504,0,0,9.29153193784637e-18
kw1600_R96_eta0.35,kw_control,96.0,0.35,1600,1,4,physical_common,defined,0.0414236497413633,0.9800520897051753,0.029938483972183974,0,0,9.29153193784637e-18
kw1600_R96_eta0.35,kw_control,96.0,0.35,1600,1,4,actual_root,defined,0.0001921379909703369,0.9846353324425487,0.07139602308282184,4,0,9.29153193784637e-18
kw1600_R96_eta0.35,kw_control,96.0,0.35,1600,1,4,soft_cosine,defined,0.0003929815810497228,0.9808496895304654,0.07057169520504272,0,0,9.29153193784637e-18
kw1600_R96_eta0.7,kw_control,96.0,0.7,1600,1,1,scaled_0.8,defined,0.1339664642608061,1.1632921707619868,0.0,0,0,7.480210220465694e-20
kw1600_R96_eta0.7,kw_control,96.0,0.7,1600,1,1,scaled_0.85,defined,0.1373097889662025,1.1694104565481027,0.0,0,0,7.480210220465694e-20
kw1600_R96_eta0.7,kw_control,96.0,0.7,1600,1,1,scaled_0.9,defined,0.14100012414481689,1.1762329706606443,0.0,0,0,7.480210220465694e-20
kw1600_R96_eta0.7,kw_control,96.0,0.7,1600,1,1,scaled_0.925,defined,0.1429869336936665,1.1799378460069112,0.0,0,0,7.480210220465694e-20
kw1600_R96_eta0.7,kw_control,96.0,0.7,1600,1,1,scaled_0.95,defined,0.1450751787023131,1.183856862902139,0.0,0,0,7.480210220465694e-20
kw1600_R96_eta0.7,kw_control,96.0,0.7,1600,1,1,scaled_0.975,defined,0.14727074611535065,1.1880050306195309,0.0,0,0,7.480210220465694e-20
kw1600_R96_eta0.7,kw_control,96.0,0.7,1600,1,1,scaled_1,defined,0.14958010220525753,1.1923989932464831,0.0,0,0,7.480210220465694e-20
kw1600_R96_eta0.7,kw_control,96.0,0.7,1600,1,1,scaled_1.025,defined,0.1520103674408023,1.1970572569026157,0.0,0,0,7.480210220465694e-20
kw1600_R96_eta0.7,kw_control,96.0,0.7,1600,1,1,scaled_1.05,defined,0.15456940502151992,1.2020007456058834,0.0,0,0,7.480210220465694e-20
kw1600_R96_eta0.7,kw_control,96.0,0.7,1600,1,1,scaled_1.075,defined,0.157265931977566,1.2072554656809558,0.0,0,0,7.480210220465694e-20
kw1600_R96_eta0.7,kw_control,96.0,0.7,1600,1,1,scaled_1.1,defined,0.16010964706194164,1.212848680071433,0.0,0,0,7.480210220465694e-20
kw1600_R96_eta0.7,kw_control,96.0,0.7,1600,1,1,scaled_1.15,defined,0.1662832072074941,1.2251747005656497,0.0,0,0,7.480210220465694e-20
kw1600_R96_eta0.7,kw_control,96.0,0.7,1600,1,1,scaled_1.2,defined,0.1731935287781716,1.2392860326272568,0.0,0,0,7.480210220465694e-20
kw1600_R96_eta0.7,kw_control,96.0,0.7,1600,1,1,physical_frozen,defined,0.15086637816540338,1.194542229428433,0.0,0,0,7.480210220465694e-20
kw1600_R96_eta0.7,kw_control,96.0,0.7,1600,1,1,physical_common,defined,0.15086637816540338,1.194542229428433,0.0,0,0,7.480210220465694e-20
kw1600_R96_eta0.7,kw_control,96.0,0.7,1600,1,1,actual_root,defined,0.1551675713876915,1.2065613308989274,0.0,0,0,7.480210220465694e-20
kw1600_R96_eta0.7,kw_control,96.0,0.7,1600,1,1,soft_cosine,defined,0.14965216463370404,1.1925117814962165,0.0,0,0,7.480210220465694e-20
kw1600_R96_eta0.7,kw_control,96.0,0.7,1600,1,2,scaled_0.8,defined,0.09826897712376303,1.1180877168933456,0.03569748713704307,0,0,7.480210220465694e-20
kw1600_R96_eta0.7,kw_control,96.0,0.7,1600,1,2,scaled_0.85,defined,0.10396183679920457,1.1288115144187856,0.03334795216699793,0,0,7.480210220465694e-20
kw1600_R96_eta0.7,kw_control,96.0,0.7,1600,1,2,scaled_0.9,defined,0.11045019094560327,1.1412700077142128,0.03054993319921362,0,0,7.480210220465694e-20
kw1600_R96_eta0.7,kw_control,96.0,0.7,1600,1,2,scaled_0.925,defined,0.11403732785323639,1.1482684396847582,0.028949605840430104,0,0,7.480210220465694e-20
kw1600_R96_eta0.7,kw_control,96.0,0.7,1600,1,2,scaled_0.95,defined,0.11788212185840952,1.1558599209540974,0.02719305684390358,0,0,7.480210220465694e-20
kw1600_R96_eta0.7,kw_control,96.0,0.7,1600,1,2,scaled_0.975,defined,0.12201055358663192,1.164121783511343,0.025260192528718736,0,0,7.480210220465694e-20
kw1600_R96_eta0.7,kw_control,96.0,0.7,1600,1,2,scaled_1,defined,0.12645284615062946,1.1731401291703305,0.023127256054628065,0,0,7.480210220465694e-20
kw1600_R96_eta0.7,kw_control,96.0,0.7,1600,1,2,scaled_1.025,defined,0.13124443155634458,1.1830216086691776,0.020765935884457715,0,0,7.480210220465694e-20
kw1600_R96_eta0.7,kw_control,96.0,0.7,1600,1,2,scaled_1.05,defined,0.13642731809254294,1.1939001198344714,0.01814208692897698,0,0,7.480210220465694e-20
kw1600_R96_eta0.7,kw_control,96.0,0.7,1600,1,2,scaled_1.075,defined,0.14205177187618803,1.2059318051539643,0.015214160101377966,0,0,7.480210220465694e-20
kw1600_R96_eta0.7,kw_control,96.0,0.7,1600,1,2,scaled_1.1,defined,0.14817872586909997,1.2193239488065184,0.01193092119284167,0,0,7.480210220465694e-20
kw1600_R96_eta0.7,kw_control,96.0,0.7,1600,1,2,scaled_1.15,defined,0.16225845430659983,1.2512812945204401,0.004024752900894268,0,0,7.480210220465694e-20
kw1600_R96_eta0.7,kw_control,96.0,0.7,1600,1,2,scaled_1.2,defined,0.17953539197086998,1.2929694644244245,-0.006341863192698388,0,0,7.480210220465694e-20
kw1600_R96_eta0.7,kw_control,96.0,0.7,1600,1,2,physical_frozen,defined,0.12910671544108296,1.1775790272378523,0.021759662724320422,0,0,7.480210220465694e-20
kw1600_R96_eta0.7,kw_control,96.0,0.7,1600,1,2,physical_common,defined,0.09349635989378088,1.0976126287603647,0.0573700182716225,0,0,7.480210220465694e-20
kw1600_R96_eta0.7,kw_control,96.0,0.7,1600,1,2,actual_root,defined,0.13736478402389574,1.2031802667313825,0.017802787363795758,0,0,7.480210220465694e-20
kw1600_R96_eta0.7,kw_control,96.0,0.7,1600,1,2,soft_cosine,defined,0.1265778451441847,1.1734446611031137,0.02307431948951935,0,0,7.480210220465694e-20
kw1600_R96_eta0.7,kw_control,96.0,0.7,1600,1,4,scaled_0.8,defined,0.031114420293508895,1.036892901221856,0.10285204396729722,0,0,7.480210220465694e-20
kw1600_R96_eta0.7,kw_control,96.0,0.7,1600,1,4,scaled_0.85,defined,0.03880129739057603,1.0527363721672884,0.09850849157562647,0,0,7.480210220465694e-20
kw1600_R96_eta0.7,kw_control,96.0,0.7,1600,1,4,scaled_0.9,defined,0.04813496433213771,1.0725461915097827,0.09286515981267918,0,0,7.480210220465694e-20
kw1600_R96_eta0.7,kw_control,96.0,0.7,1600,1,4,scaled_0.925,defined,0.05357059583591561,1.084388864400302,0.08941633785775088,0,0,7.480210220465694e-20
kw1600_R96_eta0.7,kw_control,96.0,0.7,1600,1,4,scaled_0.95,defined,0.059627820043549606,1.0978684937617609,0.08544735865876349,0,0,7.480210220465694e-20
kw1600_R96_eta0.7,kw_control,96.0,0.7,1600,1,4,scaled_0.975,defined,0.0664150548936947,1.1133386663166014,0.08085569122165595,0,0,7.480210220465694e-20
kw1600_R96_eta0.7,kw_control,96.0,0.7,1600,1,4,scaled_1,defined,0.07407232585592566,1.1312782364172802,0.07550777634933187,0,0,7.480210220465694e-20
kw1600_R96_eta0.7,kw_control,96.0,0.7,1600,1,4,scaled_1.025,defined,0.08278543004388811,1.1523499353971804,0.06922493739691418,0,0,7.480210220465694e-20
kw1600_R96_eta0.7,kw_control,96.0,0.7,1600,1,4,scaled_1.05,defined,0.09280936324888406,1.1775011003490217,0.06176004177263586,0,0,7.480210220465694e-20
kw1600_R96_eta0.7,kw_control,96.0,0.7,1600,1,4,scaled_1.075,defined,0.104508762224649,1.208155871841407,0.052757169752917,0,0,7.480210220465694e-20
kw1600_R96_eta0.7,kw_control,96.0,0.7,1600,1,4,scaled_1.1,defined,0.11843284498501783,1.2465855329979556,0.04167680207692381,0,0,7.480210220465694e-20
kw1600_R96_eta0.7,kw_control,96.0,0.7,1600,1,4,scaled_1.15,defined,0.15717187296173224,1.3662429510772383,0.009111334245761854,0,0,7.480210220465694e-20
kw1600_R96_eta0.7,kw_control,96.0,0.7,1600,1,4,scaled_1.2,defined,0.23245956405816817,1.6953785311476814,-0.059266035279996576,0,0,7.480210220465694e-20
kw1600_R96_eta0.7,kw_control,96.0,0.7,1600,1,4,physical_frozen,defined,0.07941779308627034,1.1402810638926755,0.07144858507913304,0,0,7.480210220465694e-20
kw1600_R96_eta0.7,kw_control,96.0,0.7,1600,1,4,physical_common,defined,0.027589481417607642,0.9961042372116113,0.12327689674779574,0,0,7.480210220465694e-20
kw1600_R96_eta0.7,kw_control,96.0,0.7,1600,1,4,actual_root,defined,0.09385925708244863,1.1969004412017545,0.06130831430524286,0,0,7.480210220465694e-20
kw1600_R96_eta0.7,kw_control,96.0,0.7,1600,1,4,soft_cosine,defined,0.0744500135694629,1.132351688268218,0.07520215106424114,0,0,7.480210220465694e-20
kw200_R24_eta0.35,kw_control,24.0,0.35,200,1,1,scaled_0.8,defined,-0.017190846521063164,0.9492002224173416,0.0,0,0,1.470424308409265e-07
kw200_R24_eta0.35,kw_control,24.0,0.35,200,1,1,scaled_0.85,defined,-0.017526117124101556,0.9513399111691705,0.0,0,0,1.470424308409265e-07
kw200_R24_eta0.35,kw_control,24.0,0.35,200,1,1,scaled_0.9,defined,-0.01786825154935956,0.9538788829310627,0.0,0,0,1.470424308409265e-07
kw200_R24_eta0.35,kw_control,24.0,0.35,200,1,1,scaled_0.925,defined,-0.01804203472388268,0.9553217570790041,0.0,0,0,1.470424308409265e-07
kw200_R24_eta0.35,kw_control,24.0,0.35,200,1,1,scaled_0.95,defined,-0.018217861989399516,0.9568949997988703,0.0,0,0,1.470424308409265e-07
kw200_R24_eta0.35,kw_control,24.0,0.35,200,1,1,scaled_0.975,defined,-0.018396029368264698,0.9586113345410776,0.0,0,0,1.470424308409265e-07
kw200_R24_eta0.35,kw_control,24.0,0.35,200,1,1,scaled_1,defined,-0.0185769470579265,0.9604850466888951,0.0,0,0,1.470424308409265e-07
kw200_R24_eta0.35,kw_control,24.0,0.35,200,1,1,scaled_1.025,defined,-0.01876115518390433,0.9625322406022723,0.0,0,0,1.470424308409265e-07
kw200_R24_eta0.35,kw_control,24.0,0.35,200,1,1,scaled_1.05,defined,-0.01894934049344199,0.9647711504075513,0.0,0,0,1.470424308409265e-07
kw200_R24_eta0.35,kw_control,24.0,0.35,200,1,1,scaled_1.075,defined,-0.019142353441457427,0.9672225214453495,0.0,0,0,1.470424308409265e-07
kw200_R24_eta0.35,kw_control,24.0,0.35,200,1,1,scaled_1.1,defined,-0.01934122468294519,0.9699100772778083,0.0,0,0,1.470424308409265e-07
kw200_R24_eta0.35,kw_control,24.0,0.35,200,1,1,scaled_1.15,defined,-0.019761650269444653,0.9761072226060817,0.0,0,0,1.470424308409265e-07
kw200_R24_eta0.35,kw_control,24.0,0.35,200,1,1,scaled_1.2,defined,-0.02022288076938386,0.9836419117506838,0.0,0,0,1.470424308409265e-07
kw200_R24_eta0.35,kw_control,24.0,0.35,200,1,1,physical_frozen,defined,-0.01684778205681945,0.9628802096993127,0.0,0,0,1.470424308409265e-07
kw200_R24_eta0.35,kw_control,24.0,0.35,200,1,1,physical_common,defined,-0.01684778205681945,0.9628802096993127,0.0,0,0,1.470424308409265e-07
kw200_R24_eta0.35,kw_control,24.0,0.35,200,1,1,actual_root,defined,-0.018848533160215064,0.9634510283433839,0.0,0,0,1.470424308409265e-07
kw200_R24_eta0.35,kw_control,24.0,0.35,200,1,1,soft_cosine,defined,-0.018573376078395043,0.9606884316174685,0.0,0,0,1.470424308409265e-07
kw200_R24_eta0.35,kw_control,24.0,0.35,200,1,2,scaled_0.8,defined,-0.08269370807727969,0.8942231439615492,0.06550286155621653,0,0,1.470424308409265e-07
kw200_R24_eta0.35,kw_control,24.0,0.35,200,1,2,scaled_0.85,defined,-0.08687367162518189,0.8947321536194973,0.06934755450108034,0,0,1.470424308409265e-07
kw200_R24_eta0.35,kw_control,24.0,0.35,200,1,2,scaled_0.9,defined,-0.09142482179063756,0.8960897109287942,0.073556570241278,0,0,1.470424308409265e-07
kw200_R24_eta0.35,kw_control,24.0,0.35,200,1,2,scaled_0.925,defined,-0.09386094019763522,0.8971786443489895,0.07581890547375253,0,0,1.470424308409265e-07
kw200_R24_eta0.35,kw_control,24.0,0.35,200,1,2,scaled_0.95,defined,-0.0964191423209509,0.8986037826578963,0.07820128033155138,0,0,1.470424308409265e-07
kw200_R24_eta0.35,kw_control,24.0,0.35,200,1,2,scaled_0.975,defined,-0.09911364885593565,0.9004240039715075,0.08071761948767095,0,0,1.470424308409265e-07
kw200_R24_eta0.35,kw_control,24.0,0.35,200,1,2,scaled_1,defined,-0.10196156474614393,0.9027112029798985,0.08338461768821742,0,0,1.470424308409265e-07
kw200_R24_eta0.35,kw_control,24.0,0.35,200,1,2,scaled_1.025,defined,-0.10498340963233536,0.9055539897682402,0.08622225444843104,0,0,1.470424308409265e-07
kw200_R24_eta0.35,kw_control,24.0,0.35,200,1,2,scaled_1.05,defined,-0.1082037145886876,0.909063172035956,0.08925437409524561,0,0,1.470424308409265e-07
kw200_R24_eta0.35,kw_control,24.0,0.35,200,1,2,scaled_1.075,defined,-0.11165165411706832,0.9133799010205697,0.09250930067561089,0,0,1.470424308409265e-07
kw200_R24_eta0.35,kw_control,24.0,0.35,200,1,2,scaled_1.1,defined,-0.11536163713032328,0.9186876052564426,0.09602041244737809,0,0,1.470424308409265e-07
kw200_R24_eta0.35,kw_control,24.0,0.35,200,1,2,scaled_1.15,defined,-0.12373323454145418,0.9333449833765163,0.10397158427200953,0,0,1.470424308409265e-07
kw200_R24_eta0.35,kw_control,24.0,0.35,200,1,2,scaled_1.2,defined,-0.13369045172736488,0.9564281847523196,0.11346757095798102,0,0,1.470424308409265e-07
kw200_R24_eta0.35,kw_control,24.0,0.35,200,1,2,physical_frozen,defined,-0.09975289859869692,0.9050799922256091,0.08290511654187746,0,0,1.470424308409265e-07
kw200_R24_eta0.35,kw_control,24.0,0.35,200,1,2,physical_common,defined,-0.02771586285554512,0.925466229000771,0.010868080798725671,0,0,1.470424308409265e-07
kw200_R24_eta0.35,kw_control,24.0,0.35,200,1,2,actual_root,defined,-0.1056226728090266,0.905097516689156,0.08677413964881153,5,30,1.470424308409265e-07
kw200_R24_eta0.35,kw_control,24.0,0.35,200,1,2,soft_cosine,defined,-0.10202551633369161,0.9029445231425732,0.08345214025529657,0,0,1.470424308409265e-07
kw200_R24_eta0.35,kw_control,24.0,0.35,200,1,4,scaled_0.8,defined,-0.20115052541855172,0.8052054693979266,0.18395967889748854,0,0,1.470424308409265e-07
kw200_R24_eta0.35,kw_control,24.0,0.35,200,1,4,scaled_0.85,defined,-0.2219575340104925,0.7920973684527405,0.20443141688639094,0,0,1.470424308409265e-07
kw200_R24_eta0.35,kw_control,24.0,0.35,200,1,4,scaled_0.9,defined,-0.24527665875359128,0.780083087092213,0.22740840720423172,0,0,1.470424308409265e-07
kw200_R24_eta0.35,kw_control,24.0,0.35,200,1,4,scaled_0.925,defined,-0.25812217923434283,0.7747275343773685,0.24008014451046014,0,0,1.470424308409265e-07
kw200_R24_eta0.35,kw_control,24.0,0.35,200,1,4,scaled_0.95,defined,-0.27194282045317003,0.76998895097296,0.2537249584637705,0,0,1.470424308409265e-07
kw200_R24_eta0.35,kw_control,24.0,0.35,200,1,4,scaled_0.975,defined,-0.28692540417685813,0.7660621992937973,0.26852937480859346,0,0,1.470424308409265e-07
kw200_R24_eta0.35,kw_control,24.0,0.35,200,1,4,scaled_1,defined,-0.3033096879638787,0.7632199413170921,0.2847327409059522,0,0,1.470424308409265e-07
kw200_R24_eta0.35,kw_control,24.0,0.35,200,1,4,scaled_1.025,defined,-0.3214044376951604,0.7618603125434382,0.3026432825112561,0,0,1.470424308409265e-07
kw200_R24_eta0.35,kw_control,24.0,0.35,200,1,4,scaled_1.05,defined,-0.3416075130532882,0.7626008858212209,0.3226581725598462,0,0,1.470424308409265e-07
kw200_R24_eta0.35,kw_control,24.0,0.35,200,1,4,scaled_1.075,defined,-0.36442883355320915,0.7664772810256605,0.3452864801117517,0,0,1.470424308409265e-07
kw200_R24_eta0.35,kw_control,24.0,0.35,200,1,4,scaled_1.1,defined,-0.3905085112764402,0.7754207852559404,0.371167286593495,0,0,1.470424308409265e-07
kw200_R24_eta0.35,kw_control,24.0,0.35,200,1,4,scaled_1.15,defined,-0.4553237948665505,0.8336209981274679,0.43556214459710585,0,0,1.470424308409265e-07
kw200_R24_eta0.35,kw_control,24.0,0.35,200,1,4,scaled_1.2,defined,-0.39529911275617713,1.8524435446251886,0.3750762319867933,0,0,1.470424308409265e-07
kw200_R24_eta0.35,kw_control,24.0,0.35,200,1,4,physical_frozen,defined,-0.30130562393196186,0.7572061068806533,0.2844578418751424,0,0,1.470424308409265e-07
kw200_R24_eta0.35,kw_control,24.0,0.35,200,1,4,physical_common,defined,0.03240858271976221,0.9975561238899309,-0.049256364776581664,0,0,1.470424308409265e-07
kw200_R24_eta0.35,kw_control,24.0,0.35,200,1,4,actual_root,defined,-0.3192707087881507,0.7633516368372754,0.30042217562793566,5,33,1.470424308409265e-07
kw200_R24_eta0.35,kw_control,24.0,0.35,200,1,4,soft_cosine,defined,-0.30388021105388513,0.7637948437232333,0.2853068349754901,0,0,1.470424308409265e-07
kw200_R24_eta0.7,kw_control,24.0,0.7,200,1,1,scaled_0.8,defined,-0.019761294945957797,1.0228316789215153,0.0,0,0,5.947312579359958e-10
kw200_R24_eta0.7,kw_control,24.0,0.7,200,1,1,scaled_0.85,defined,-0.016112422875107796,1.031203865354452,0.0,0,0,5.947312579359958e-10
kw200_R24_eta0.7,kw_control,24.0,0.7,200,1,1,scaled_0.9,defined,-0.012045470866292405,1.0406973650313596,0.0,0,0,5.947312579359958e-10
kw200_R24_eta0.7,kw_control,24.0,0.7,200,1,1,scaled_0.925,defined,-0.009838759648029102,1.0459197484147764,0.0,0,0,5.947312579359958e-10
kw200_R24_eta0.7,kw_control,24.0,0.7,200,1,1,scaled_0.95,defined,-0.007506369517833011,1.0514938445113027,0.0,0,0,5.947312579359958e-10
kw200_R24_eta0.7,kw_control,24.0,0.7,200,1,1,scaled_0.975,defined,-0.00503958271420293,1.0574524299802748,0.0,0,0,5.947312579359958e-10
kw200_R24_eta0.7,kw_control,24.0,0.7,200,1,1,scaled_1,defined,-0.0024286457869346044,1.0638308194890453,0.0,0,0,5.947312579359958e-10
kw200_R24_eta0.7,kw_control,24.0,0.7,200,1,1,scaled_1.025,defined,0.0003373866319310353,1.0706677036388923,0.0,0,0,5.947312579359958e-10
kw200_R24_eta0.7,kw_control,24.0,0.7,200,1,1,scaled_1.05,defined,0.0032708550882212693,1.0780075102524074,0.0,0,0,5.947312579359958e-10
kw200_R24_eta0.7,kw_control,24.0,0.7,200,1,1,scaled_1.075,defined,0.006385772606867146,1.0859059781670812,0.0,0,0,5.947312579359958e-10
kw200_R24_eta0.7,kw_control,24.0,0.7,200,1,1,scaled_1.1,defined,0.009698153207966964,1.0944230529583694,0.0,0,0,5.947312579359958e-10
kw200_R24_eta0.7,kw_control,24.0,0.7,200,1,1,scaled_1.15,defined,0.016991728110117423,1.11360589838256,0.0,0,0,5.947312579359958e-10
kw200_R24_eta0.7,kw_control,24.0,0.7,200,1,1,scaled_1.2,defined,0.025337557842567058,1.1362936424887355,0.0,0,0,5.947312579359958e-10
kw200_R24_eta0.7,kw_control,24.0,0.7,200,1,1,physical_frozen,defined,0.005010328097151273,1.0755592541625683,0.0,0,0,5.947312579359958e-10
kw200_R24_eta0.7,kw_control,24.0,0.7,200,1,1,physical_common,defined,0.005010328097151273,1.0755592541625683,0.0,0,0,5.947312579359958e-10
kw200_R24_eta0.7,kw_control,24.0,0.7,200,1,1,actual_root,defined,0.009986501987349163,1.1038778508507652,0.0,0,0,5.947312579359958e-10
kw200_R24_eta0.7,kw_control,24.0,0.7,200,1,1,soft_cosine,defined,-0.002351096028363451,1.0640702147710757,0.0,0,0,5.947312579359958e-10
kw200_R24_eta0.7,kw_control,24.0,0.7,200,1,2,scaled_0.8,defined,-0.11077448365900396,0.9293886167231087,0.09101318871304616,0,0,5.947312579359958e-10
kw200_R24_eta0.7,kw_control,24.0,0.7,200,1,2,scaled_0.85,defined,-0.10717324514880597,0.9413443710924381,0.09106082227369817,0,0,5.947312579359958e-10
kw200_R24_eta0.7,kw_control,24.0,0.7,200,1,2,scaled_0.9,defined,-0.1028694092996052,0.9558498513556275,0.0908239384333128,0,0,5.947312579359958e-10
kw200_R24_eta0.7,kw_control,24.0,0.7,200,1,2,scaled_0.925,defined,-0.10040251420151036,0.9642827900299726,0.09056375455348126,0,0,5.947312579359958e-10
kw200_R24_eta0.7,kw_control,24.0,0.7,200,1,2,scaled_0.95,defined,-0.09769058613859193,0.9736554666346018,0.09018421662075891,0,0,5.947312579359958e-10
kw200_R24_eta0.7,kw_control,24.0,0.7,200,1,2,scaled_0.975,defined,-0.09470075508455045,0.9841152794077125,0.08966117237034751,0,0,5.947312579359958e-10
kw200_R24_eta0.7,kw_control,24.0,0.7,200,1,2,scaled_1,defined,-0.09139289550512586,0.9958460763226209,0.08896424971819125,0,0,5.947312579359958e-10
kw200_R24_eta0.7,kw_control,24.0,0.7,200,1,2,scaled_1.025,defined,-0.0877173174735687,1.0090715828306465,0.08805470410549973,0,0,5.947312579359958e-10
kw200_R24_eta0.7,kw_control,24.0,0.7,200,1,2,scaled_1.05,defined,-0.08361131302622993,1.0240837871729385,0.0868821681144512,0,0,5.947312579359958e-10
kw200_R24_eta0.7,kw_control,24.0,0.7,200,1,2,scaled_1.075,defined,-0.07899424179556291,1.041254530439637,0.08538001440243007,0,0,5.947312579359958e-10
kw200_R24_eta0.7,kw_control,24.0,0.7,200,1,2,scaled_1.1,defined,-0.07376001854616188,1.0610776100445407,0.08345817175412884,0,0,5.947312579359958e-10
kw200_R24_eta0.7,kw_control,24.0,0.7,200,1,2,scaled_1.15,defined,-0.060812804941770104,1.1116338140169906,0.07780453305188753,0,0,5.947312579359958e-10
kw200_R24_eta0.7,kw_control,24.0,0.7,200,1,2,scaled_1.2,defined,-0.0427568435365756,1.1853680537654954,0.06809440137914266,0,0,5.947312579359958e-10
kw200_R24_eta0.7,kw_control,24.0,0.7,200,1,2,physical_frozen,defined,-0.07722567340905062,1.017755439830817,0.08223600150620189,0,0,5.947312579359958e-10
kw200_R24_eta0.7,kw_control,24.0,0.7,200,1,2,physical_common,defined,-0.07191426623783403,0.9356896099635099,0.0769245943349853,0,0,5.947312579359958e-10
kw200_R24_eta0.7,kw_control,24.0,0.7,200,1,2,actual_root,defined,-0.07430761815010922,1.0755008677937892,0.08429412013745838,0,34,5.947312579359958e-10
kw200_R24_eta0.7,kw_control,24.0,0.7,200,1,2,soft_cosine,defined,-0.09127419488661836,0.9962561110076634,0.08892309885825492,0,0,5.947312579359958e-10
kw200_R24_eta0.7,kw_control,24.0,0.7,200,1,4,scaled_0.8,defined,-0.2751379534241708,0.775742595788542,0.255376658478213,0,0,5.947312579359958e-10
kw200_R24_eta0.7,kw_control,24.0,0.7,200,1,4,scaled_0.85,defined,-0.28053303728687484,0.783858566680023,0.26442061441176706,0,0,5.947312579359958e-10
kw200_R24_eta0.7,kw_control,24.0,0.7,200,1,4,scaled_0.9,defined,-0.28573654851059765,0.7969176317661684,0.2736910776443052,0,0,5.947312579359958e-10
kw200_R24_eta0.7,kw_control,24.0,0.7,200,1,4,scaled_0.925,defined,-0.2882018956782737,0.8060410911383901,0.2783631360302446,0,0,5.947312579359958e-10
kw200_R24_eta0.7,kw_control,24.0,0.7,200,1,4,scaled_0.95,defined,-0.29052024860279746,0.8174944273423524,0.28301387908496445,0,0,5.947312579359958e-10
kw200_R24_eta0.7,kw_control,24.0,0.7,200,1,4,scaled_0.975,defined,-0.2926230344711952,0.8319390368792013,0.2875834517569923,0,0,5.947312579359958e-10
kw200_R24_eta0.7,kw_control,24.0,0.7,200,1,4,scaled_1,defined,-0.29440177682540125,0.8503359974128165,0.29197313103846667,0,0,5.947312579359958e-10
kw200_R24_eta0.7,kw_control,24.0,0.7,200,1,4,scaled_1.025,defined,-0.29567637843907413,0.8741300912391294,0.2960137650710052,0,0,5.947312579359958e-10
kw200_R24_eta0.7,kw_control,24.0,0.7,200,1,4,scaled_1.05,defined,-0.2961317597632006,0.9056366043574919,0.2994026148514219,0,0,5.947312579359958e-10
kw200_R24_eta0.7,kw_control,24.0,0.7,200,1,4,scaled_1.075,defined,-0.29518146495361286,0.9488647253180464,0.30156723756048,0,0,5.947312579359958e-10
kw200_R24_eta0.7,kw_control,24.0,0.7,200,1,4,scaled_1.1,defined,-0.29164209426526744,1.0115029240937927,0.3013402474732344,0,0,5.947312579359958e-10
kw200_R24_eta0.7,kw_control,24.0,0.7,200,1,4,scaled_1.15,defined,-0.26175246005611563,1.2861213824544666,0.27874418816623303,0,0,5.947312579359958e-10
kw200_R24_eta0.7,kw_control,24.0,0.7,200,1,4,scaled_1.2,defined,-0.11890926579753747,1.7539295814450484,0.14424682364010452,0,0,5.947312579359958e-10
kw200_R24_eta0.7,kw_control,24.0,0.7,200,1,4,physical_frozen,defined,-0.26827171657629456,0.8866869974470751,0.27328204467344586,0,0,5.947312579359958e-10
kw200_R24_eta0.7,kw_control,24.0,0.7,200,1,4,physical_common,defined,-0.11409768092424231,0.8626419071803075,0.11910800902139358,0,0,5.947312579359958e-10
kw200_R24_eta0.7,kw_control,24.0,0.7,200,1,4,actual_root,defined,-0.29219149230552055,1.056613678925393,0.30217799429286973,3,38,5.947312579359958e-10
kw200_R24_eta0.7,kw_control,24.0,0.7,200,1,4,soft_cosine,defined,-0.29440902181882644,0.8519532186774514,0.29205792579046297,0,0,5.947312579359958e-10
kw200_R256_eta0.35,kw_control,256.0,0.35,200,1,1,scaled_0.8,defined,0.09474078532534473,1.046069087836502,0.0,0,0,1.909174216858169e-12
kw200_R256_eta0.35,kw_control,256.0,0.35,200,1,1,scaled_0.85,defined,0.09562423424520139,1.0476173212579782,0.0,0,0,1.909174216858169e-12
kw200_R256_eta0.35,kw_control,256.0,0.35,200,1,1,scaled_0.9,defined,0.09659557306727543,1.0493351614112516,0.0,0,0,1.909174216858169e-12
kw200_R256_eta0.35,kw_control,256.0,0.35,200,1,1,scaled_0.925,defined,0.09711673093978279,1.0502637823583445,0.0,0,0,1.909174216858169e-12
kw200_R256_eta0.35,kw_control,256.0,0.35,200,1,1,scaled_0.95,defined,0.09766305206257511,1.051242654757097,0.0,0,0,1.909174216858169e-12
kw200_R256_eta0.35,kw_control,256.0,0.35,200,1,1,scaled_0.975,defined,0.09823577389505064,1.052274934794004,0.0,0,0,1.909174216858169e-12
kw200_R256_eta0.35,kw_control,256.0,0.35,200,1,1,scaled_1,defined,0.09883623090375124,1.053364061497924,0.0,0,0,1.909174216858169e-12
kw200_R256_eta0.35,kw_control,256.0,0.35,200,1,1,scaled_1.025,defined,0.09946586369807897,1.0545138197572113,0.0,0,0,1.909174216858169e-12
kw200_R256_eta0.35,kw_control,256.0,0.35,200,1,1,scaled_1.05,defined,0.10012622931742751,1.0557283847076135,0.0,0,0,1.909174216858169e-12
kw200_R256_eta0.35,kw_control,256.0,0.35,200,1,1,scaled_1.075,defined,0.10081901271798599,1.0570123732948835,0.0,0,0,1.909174216858169e-12
kw200_R256_eta0.35,kw_control,256.0,0.35,200,1,1,scaled_1.1,defined,0.10154603969557807,1.0583709045182654,0.0,0,0,1.909174216858169e-12
kw200_R256_eta0.35,kw_control,256.0,0.35,200,1,1,scaled_1.15,defined,0.10311092136688407,1.0613350176664669,0.0,0,0,1.909174216858169e-12
kw200_R256_eta0.35,kw_control,256.0,0.35,200,1,1,scaled_1.2,defined,0.10483890181050655,1.0646747381022106,0.0,0,0,1.909174216858169e-12
kw200_R256_eta0.35,kw_control,256.0,0.35,200,1,1,physical_frozen,defined,0.09895705963781787,1.0535386132529192,0.0,0,0,1.909174216858169e-12
kw200_R256_eta0.35,kw_control,256.0,0.35,200,1,1,physical_common,defined,0.09895705963781787,1.0535386132529192,0.0,0,0,1.909174216858169e-12
kw200_R256_eta0.35,kw_control,256.0,0.35,200,1,1,actual_root,defined,0.09922368258921854,1.054241027447737,0.0,0,0,1.909174216858169e-12
kw200_R256_eta0.35,kw_control,256.0,0.35,200,1,1,soft_cosine,defined,0.09884777067608008,1.0533884389971897,0.0,0,0,1.909174216858169e-12
kw200_R256_eta0.35,kw_control,256.0,0.35,200,1,2,scaled_0.8,defined,0.08375762828819343,1.0336332004752284,0.010983157037151303,0,0,1.909174216858169e-12
kw200_R256_eta0.35,kw_control,256.0,0.35,200,1,2,scaled_0.85,defined,0.08520952299215467,1.0363739690962483,0.010414711253046716,0,0,1.909174216858169e-12
kw200_R256_eta0.35,kw_control,256.0,0.35,200,1,2,scaled_0.9,defined,0.0868548809683245,1.0395361303143886,0.009740692098950926,0,0,1.909174216858169e-12
kw200_R256_eta0.35,kw_control,256.0,0.35,200,1,2,scaled_0.925,defined,0.0877591322118848,1.0413008200038396,0.009357598727897987,0,0,1.909174216858169e-12
kw200_R256_eta0.35,kw_control,256.0,0.35,200,1,2,scaled_0.95,defined,0.08872334238716173,1.043204514131613,0.008939709675413382,0,0,1.909174216858169e-12
kw200_R256_eta0.35,kw_control,256.0,0.35,200,1,2,scaled_0.975,defined,0.08975226119414126,1.0452619997905188,0.008483512700909385,0,0,1.909174216858169e-12
kw200_R256_eta0.35,kw_control,256.0,0.35,200,1,2,scaled_1,defined,0.09085116580904624,1.047490383565933,0.007985065094704993,0,0,1.909174216858169e-12
kw200_R256_eta0.35,kw_control,256.0,0.35,200,1,2,scaled_1.025,defined,0.09202593505218282,1.0499095776413692,0.0074399286458961544,0,0,1.909174216858169e-12
kw200_R256_eta0.35,kw_control,256.0,0.35,200,1,2,scaled_1.05,defined,0.09328313716188807,1.052543279558666,0.0068430921555394375,0,0,1.909174216858169e-12
kw200_R256_eta0.35,kw_control,256.0,0.35,200,1,2,scaled_1.075,defined,0.09463013527702113,1.0554195933157338,0.006188877440964857,0,0,1.909174216858169e-12
kw200_R256_eta0.35,kw_control,256.0,0.35,200,1,2,scaled_1.1,defined,0.09607521089998283,1.0585715683269319,0.0054708287955952395,0,0,1.909174216858169e-12
kw200_R256_eta0.35,kw_control,256.0,0.35,200,1,2,scaled_1.15,defined,0.09929824254964537,1.0658698731055158,0.003812678817238707,0,0,1.909174216858169e-12
kw200_R256_eta0.35,kw_control,256.0,0.35,200,1,2,scaled_1.2,defined,0.10304345879123179,1.0748737838013798,0.0017954430192747561,0,0,1.909174216858169e-12
kw200_R256_eta0.35,kw_control,256.0,0.35,200,1,2,physical_frozen,defined,0.09109859612325111,1.0478500491234173,0.00785846351456676,0,0,1.909174216858169e-12
kw200_R256_eta0.35,kw_control,256.0,0.35,200,1,2,physical_common,defined,0.08338414276327466,1.0287239582399565,0.015572916874543208,0,0,1.909174216858169e-12
kw200_R256_eta0.35,kw_control,256.0,0.35,200,1,2,actual_root,defined,0.09153838840836959,1.049202425636343,0.007685294180848956,0,0,1.909174216858169e-12
kw200_R256_eta0.35,kw_control,256.0,0.35,200,1,2,soft_cosine,defined,0.09087941204814322,1.0475605691776828,0.007968358627936864,0,0,1.909174216858169e-12
kw200_R256_eta0.35,kw_control,256.0,0.35,200,1,4,scaled_0.8,defined,0.06277768602242641,1.010419744078075,0.031963099302918324,0,0,1.909174216858169e-12
kw200_R256_eta0.35,kw_control,256.0,0.35,200,1,4,scaled_0.85,defined,0.06446791159973465,1.0143842036893314,0.031156322645466736,0,0,1.909174216858169e-12
kw200_R256_eta0.35,kw_control,256.0,0.35,200,1,4,scaled_0.9,defined,0.0665354270701084,1.0193597603302882,0.030060145997167026,0,0,1.909174216858169e-12
kw200_R256_eta0.35,kw_control,256.0,0.35,200,1,4,scaled_0.925,defined,0.06773753376184355,1.0223275762162054,0.029379197177939242,0,0,1.909174216858169e-12
kw200_R256_eta0.35,kw_control,256.0,0.35,200,1,4,scaled_0.95,defined,0.06906905573993027,1.0256874445455226,0.028593996322644838,0,0,1.909174216858169e-12
kw200_R256_eta0.35,kw_control,256.0,0.35,200,1,4,scaled_0.975,defined,0.07054506397262195,1.02951076309804,0.027690709922428697,0,0,1.909174216858169e-12
kw200_R256_eta0.35,kw_control,256.0,0.35,200,1,4,scaled_1,defined,0.07218272156779593,1.0338873603743701,0.02665350933595531,0,0,1.909174216858169e-12
kw200_R256_eta0.35,kw_control,256.0,0.35,200,1,4,scaled_1.025,defined,0.07400163161984244,1.038932150531791,0.02546423207823653,0,0,1.909174216858169e-12
kw200_R256_eta0.35,kw_control,256.0,0.35,200,1,4,scaled_1.05,defined,0.07602426828240609,1.0447957718761627,0.02410196103502142,0,0,1.909174216858169e-12
kw200_R256_eta0.35,kw_control,256.0,0.35,200,1,4,scaled_1.075,defined,0.07827654092096048,1.0516805568470016,0.02254247179702551,0,0,1.909174216858169e-12
kw200_R256_eta0.35,kw_control,256.0,0.35,200,1,4,scaled_1.1,defined,0.08078863465731301,1.0598705866738287,0.020757405038265064,0,0,1.909174216858169e-12
kw200_R256_eta0.35,kw_control,256.0,0.35,200,1,4,scaled_1.15,defined,0.08674457491997366,1.0819825514697836,0.016366346446910415,0,0,1.909174216858169e-12
kw200_R256_eta0.35,kw_control,256.0,0.35,200,1,4,scaled_1.2,defined,0.09433898165544496,1.117877421354425,0.010499920155061584,0,0,1.909174216858169e-12
kw200_R256_eta0.35,kw_control,256.0,0.35,200,1,4,physical_frozen,defined,0.0726707728248817,1.0346044364400349,0.02628628681293617,0,0,1.909174216858169e-12
kw200_R256_eta0.35,kw_control,256.0,0.35,200,1,4,physical_common,defined,0.06643037592805845,1.0031280369720847,0.03252668370975942,0,0,1.909174216858169e-12
kw200_R256_eta0.35,kw_control,256.0,0.35,200,1,4,actual_root,defined,0.07315412866316806,1.0369807856444184,0.02606955392605048,0,0,1.909174216858169e-12
kw200_R256_eta0.35,kw_control,256.0,0.35,200,1,4,soft_cosine,defined,0.07224887269813318,1.034130797462666,0.0265988979779469,0,0,1.909174216858169e-12
kw200_R256_eta0.7,kw_control,256.0,0.7,200,1,1,scaled_0.8,defined,0.1903488448399877,1.2176332831042702,0.0,0,0,2.667607712874495e-14
kw200_R256_eta0.7,kw_control,256.0,0.7,200,1,1,scaled_0.85,defined,0.19281401160712064,1.2219695008024243,0.0,0,0,2.667607712874495e-14
kw200_R256_eta0.7,kw_control,256.0,0.7,200,1,1,scaled_0.9,defined,0.19552668532082107,1.226773505957417,0.0,0,0,2.667607712874495e-14
kw200_R256_eta0.7,kw_control,256.0,0.7,200,1,1,scaled_0.925,defined,0.19698357510007025,1.2293686813930125,0.0,0,0,2.667607712874495e-14
kw200_R256_eta0.7,kw_control,256.0,0.7,200,1,1,scaled_0.95,defined,0.19851218846871782,1.2321033252432463,0.0,0,0,2.667607712874495e-14
kw200_R256_eta0.7,kw_control,256.0,0.7,200,1,1,scaled_0.975,defined,0.20011644712108442,1.2349862650762358,0.0,0,0,2.667607712874495e-14
kw200_R256_eta0.7,kw_control,256.0,0.7,200,1,1,scaled_1,defined,0.20180064229796768,1.2380272334203208,0.0,0,0,2.667607712874495e-14
kw200_R256_eta0.7,kw_control,256.0,0.7,200,1,1,scaled_1.025,defined,0.20356947936873357,1.2412369852160057,0.0,0,0,2.667607712874495e-14
kw200_R256_eta0.7,kw_control,256.0,0.7,200,1,1,scaled_1.05,defined,0.20542812876565084,1.2446274344954156,0.0,0,0,2.667607712874495e-14
kw200_R256_eta0.7,kw_control,256.0,0.7,200,1,1,scaled_1.075,defined,0.20738228512807533,1.248211814016531,0.0,0,0,2.667607712874495e-14
kw200_R256_eta0.7,kw_control,256.0,0.7,200,1,1,scaled_1.1,defined,0.20943823641578443,1.2520051705724768,0.0,0,0,2.667607712874495e-14
kw200_R256_eta0.7,kw_control,256.0,0.7,200,1,1,scaled_1.15,defined,0.2138841658902575,1.260292925981784,0.0,0,0,2.667607712874495e-14
kw200_R256_eta0.7,kw_control,256.0,0.7,200,1,1,scaled_1.2,defined,0.21883163148662765,1.2696543448258644,0.0,0,0,2.667607712874495e-14
kw200_R256_eta0.7,kw_control,256.0,0.7,200,1,1,physical_frozen,defined,0.20213712363411349,1.2385959930367778,0.0,0,0,2.667607712874495e-14
kw200_R256_eta0.7,kw_control,256.0,0.7,200,1,1,physical_common,defined,0.20213712363411349,1.2385959930367778,0.0,0,0,2.667607712874495e-14
kw200_R256_eta0.7,kw_control,256.0,0.7,200,1,1,actual_root,defined,0.2043178832371022,1.2440615163758124,0.0,0,0,2.667607712874495e-14
kw200_R256_eta0.7,kw_control,256.0,0.7,200,1,1,soft_cosine,defined,0.2018324075885928,1.2380908006334477,0.0,0,0,2.667607712874495e-14
kw200_R256_eta0.7,kw_control,256.0,0.7,200,1,2,scaled_0.8,defined,0.17062798924288752,1.189989313435031,0.019720855597100184,0,0,2.667607712874495e-14
kw200_R256_eta0.7,kw_control,256.0,0.7,200,1,2,scaled_0.85,defined,0.1752006600629105,1.1980729320128307,0.01761335154421015,0,0,2.667607712874495e-14
kw200_R256_eta0.7,kw_control,256.0,0.7,200,1,2,scaled_0.9,defined,0.18037023819877995,1.207330851110127,0.015156447122041117,0,0,2.667607712874495e-14
kw200_R256_eta0.7,kw_control,256.0,0.7,200,1,2,scaled_0.925,defined,0.18320992859356156,1.2124741438567672,0.013773646506508697,0,0,2.667607712874495e-14
kw200_R256_eta0.7,kw_control,256.0,0.7,200,1,2,scaled_0.95,defined,0.1862395415366137,1.21800727918228,0.012272646932104114,0,0,2.667607712874495e-14
kw200_R256_eta0.7,kw_control,256.0,0.7,200,1,2,scaled_0.975,defined,0.18947675279347698,1.2239723354221412,0.010639694327607446,0,0,2.667607712874495e-14
kw200_R256_eta0.7,kw_control,256.0,0.7,200,1,2,scaled_1,defined,0.19294188659919131,1.2304204894660877,0.008858755698776366,0,0,2.667607712874495e-14
kw200_R256_eta0.7,kw_control,256.0,0.7,200,1,2,scaled_1.025,defined,0.1966584803777146,1.2374140418816006,0.006910998991018963,0,0,2.667607712874495e-14
kw200_R256_eta0.7,kw_control,256.0,0.7,200,1,2,scaled_1.05,defined,0.20065396044986372,1.245022738238411,0.004774168315787114,0,0,2.667607712874495e-14
kw200_R256_eta0.7,kw_control,256.0,0.7,200,1,2,scaled_1.075,defined,0.20496051103876423,1.2533304569171706,0.0024217740893111017,0,0,2.667607712874495e-14
kw200_R256_eta0.7,kw_control,256.0,0.7,200,1,2,scaled_1.1,defined,0.20961626000231015,1.2624463057785569,-0.00017802358652571626,0,0,2.667607712874495e-14
kw200_R256_eta0.7,kw_control,256.0,0.7,200,1,2,scaled_1.15,defined,0.2201672804483864,1.2836423925638,-0.0062831145581289105,0,0,2.667607712874495e-14
kw200_R256_eta0.7,kw_control,256.0,0.7,200,1,2,scaled_1.2,defined,0.23280410854675526,1.3101018054905376,-0.013972477060127608,0,0,2.667607712874495e-14
kw200_R256_eta0.7,kw_control,256.0,0.7,200,1,2,physical_frozen,defined,0.19365949974952823,1.231637562807631,0.008477623884585256,0,0,2.667607712874495e-14
kw200_R256_eta0.7,kw_control,256.0,0.7,200,1,2,physical_common,defined,0.16147670217799853,1.1703139696733502,0.040660421456114954,0,0,2.667607712874495e-14
kw200_R256_eta0.7,kw_control,256.0,0.7,200,1,2,actual_root,defined,0.19817353146641847,1.2434664019836739,0.006144351770683731,0,0,2.667607712874495e-14
kw200_R256_eta0.7,kw_control,256.0,0.7,200,1,2,soft_cosine,defined,0.19303817197151962,1.2306166190291452,0.008794235617073182,0,0,2.667607712874495e-14
kw200_R256_eta0.7,kw_control,256.0,0.7,200,1,4,scaled_0.8,defined,0.1320066339618009,1.1373487192904097,0.058342210878186807,0,0,2.667607712874495e-14
kw200_R256_eta0.7,kw_control,256.0,0.7,200,1,4,scaled_0.85,defined,0.13965826871172504,1.151012154219988,0.0531557428953956,0,0,2.667607712874495e-14
kw200_R256_eta0.7,kw_control,256.0,0.7,200,1,4,scaled_0.9,defined,0.14869306996198092,1.1675149651452001,0.04683361535884015,0,0,2.667607712874495e-14
kw200_R256_eta0.7,kw_control,256.0,0.7,200,1,4,scaled_0.925,defined,0.15384394424515865,1.1771125253615424,0.0431396308549116,0,0,2.667607712874495e-14
kw200_R256_eta0.7,kw_control,256.0,0.7,200,1,4,scaled_0.95,defined,0.15949795880916606,1.18781828187883,0.03901422965955176,0,0,2.667607712874495e-14
kw200_R256_eta0.7,kw_control,256.0,0.7,200,1,4,scaled_0.975,defined,0.1657332899643973,1.1998394486444857,0.03438315715668713,0,0,2.667607712874495e-14
kw200_R256_eta0.7,kw_control,256.0,0.7,200,1,4,scaled_1,defined,0.1726477045212617,1.2134485570119167,0.029152937776705967,0,0,2.667607712874495e-14
kw200_R256_eta0.7,kw_control,256.0,0.7,200,1,4,scaled_1.025,defined,0.18036586844431796,1.229005291726233,0.023203610924415613,0,0,2.667607712874495e-14
kw200_R256_eta0.7,kw_control,256.0,0.7,200,1,4,scaled_1.05,defined,0.18905019598793854,1.2470047871099526,0.016377932777712295,0,0,2.667607712874495e-14
kw200_R256_eta0.7,kw_control,256.0,0.7,200,1,4,scaled_1.075,defined,0.1989180616577475,1.2681365010271803,0.008464223470327825,0,0,2.667607712874495e-14
kw200_R256_eta0.7,kw_control,256.0,0.7,200,1,4,scaled_1.1,defined,0.2102700991808321,1.2934181052731615,-0.0008318627650476529,0,0,2.667607712874495e-14
kw200_R256_eta0.7,kw_control,256.0,0.7,200,1,4,scaled_1.15,defined,0.23938739765805372,1.363758265312038,-0.02550323176779623,0,0,2.667607712874495e-14
kw200_R256_eta0.7,kw_control,256.0,0.7,200,1,4,scaled_1.2,defined,0.28405025489760505,1.4924987118967623,-0.0652186234109774,0,0,2.667607712874495e-14
kw200_R256_eta0.7,kw_control,256.0,0.7,200,1,4,physical_frozen,defined,0.17417846547286886,1.2160601545967236,0.027958658161244626,0,0,2.667607712874495e-14
kw200_R256_eta0.7,kw_control,256.0,0.7,200,1,4,physical_common,defined,0.10740834799127962,1.085758502972368,0.09472877564283387,0,0,2.667607712874495e-14
kw200_R256_eta0.7,kw_control,256.0,0.7,200,1,4,actual_root,defined,0.18333308036270446,1.24224913920497,0.020984802874397745,0,0,2.667607712874495e-14
kw200_R256_eta0.7,kw_control,256.0,0.7,200,1,4,soft_cosine,defined,0.1729605231014651,1.214143888955938,0.028871884487127714,0,0,2.667607712874495e-14
kw200_R96_eta0.35,kw_control,96.0,0.35,200,1,1,scaled_0.8,defined,0.06640618658958353,1.0212679176219623,0.0,0,0,1.5630729396411582e-10
kw200_R96_eta0.35,kw_control,96.0,0.35,200,1,1,scaled_0.85,defined,0.06737521743608621,1.0233511390634231,0.0,0,0,1.5630729396411582e-10
kw200_R96_eta0.35,kw_control,96.0,0.35,200,1,1,scaled_0.9,defined,0.06844605042573573,1.0256895490522324,0.0,0,0,1.5630729396411582e-10
kw200_R96_eta0.35,kw_control,96.0,0.35,200,1,1,scaled_0.925,defined,0.06902263699404249,1.026965212040717,0.0,0,0,1.5630729396411582e-10
kw200_R96_eta0.35,kw_control,96.0,0.35,200,1,1,scaled_0.95,defined,0.06962842516782777,1.0283184292280114,0.0,0,0,1.5630729396411582e-10
kw200_R96_eta0.35,kw_control,96.0,0.35,200,1,1,scaled_0.975,defined,0.07026483977819487,1.029754721947178,0.0,0,0,1.5630729396411582e-10
kw200_R96_eta0.35,kw_control,96.0,0.35,200,1,1,scaled_1,defined,0.07093340022284922,1.0312801867735308,0.0,0,0,1.5630729396411582e-10
kw200_R96_eta0.35,kw_control,96.0,0.35,200,1,1,scaled_1.025,defined,0.07163572766816939,1.0329015727927757,0.0,0,0,1.5630729396411582e-10
kw200_R96_eta0.35,kw_control,96.0,0.35,200,1,1,scaled_1.05,defined,0.07237355293208678,1.034626372055584,0.0,0,0,1.5630729396411582e-10
kw200_R96_eta0.35,kw_control,96.0,0.35,200,1,1,scaled_1.075,defined,0.07314872516875173,1.0364629262823926,0.0,0,0,1.5630729396411582e-10
kw200_R96_eta0.35,kw_control,96.0,0.35,200,1,1,scaled_1.1,defined,0.07396322162386346,1.0384205529415338,0.0,0,0,1.5630729396411582e-10
kw200_R96_eta0.35,kw_control,96.0,0.35,200,1,1,scaled_1.15,defined,0.07571880309747234,1.0427421012403197,0.0,0,0,1.5630729396411582e-10
kw200_R96_eta0.35,kw_control,96.0,0.35,200,1,1,scaled_1.2,defined,0.07765912640841521,1.0476915667479179,0.0,0,0,1.5630729396411582e-10
kw200_R96_eta0.35,kw_control,96.0,0.35,200,1,1,physical_frozen,defined,0.07136206980270052,1.0319009866364652,0.0,0,0,1.5630729396411582e-10
kw200_R96_eta0.35,kw_control,96.0,0.35,200,1,1,physical_common,defined,0.07136206980270052,1.0319009866364652,0.0,0,0,1.5630729396411582e-10
kw200_R96_eta0.35,kw_control,96.0,0.35,200,1,1,actual_root,defined,0.07158809735845592,1.0330740364536635,0.0,0,0,1.5630729396411582e-10
kw200_R96_eta0.35,kw_control,96.0,0.35,200,1,1,soft_cosine,defined,0.07096461300708001,1.031339433028138,0.0,0,0,1.5630729396411582e-10
kw200_R96_eta0.35,kw_control,96.0,0.35,200,1,2,scaled_0.8,defined,0.044371378065812025,0.9988654155978649,0.0220348085237715,0,0,1.5630729396411582e-10
kw200_R96_eta0.35,kw_control,96.0,0.35,200,1,2,scaled_0.85,defined,0.04543464353961891,1.002043772212555,0.0219405738964673,0,0,1.5630729396411582e-10
kw200_R96_eta0.35,kw_control,96.0,0.35,200,1,2,scaled_0.9,defined,0.04667701974402594,1.0058421736781444,0.021769030681709794,0,0,1.5630729396411582e-10
kw200_R96_eta0.35,kw_control,96.0,0.35,200,1,2,scaled_0.925,defined,0.04737378147046011,1.0080184304604842,0.021648855523582373,0,0,1.5630729396411582e-10
kw200_R96_eta0.35,kw_control,96.0,0.35,200,1,2,scaled_0.95,defined,0.048125879044308637,1.0104086740981981,0.021502546123519137,0,0,1.5630729396411582e-10
kw200_R96_eta0.35,kw_control,96.0,0.35,200,1,2,scaled_0.975,defined,0.048937343711232484,1.0130393498805386,0.02132749606696238,0,0,1.5630729396411582e-10
kw200_R96_eta0.35,kw_control,96.0,0.35,200,1,2,scaled_1,defined,0.0498124752058718,1.0159414432183322,0.021120925016977418,0,0,1.5630729396411582e-10
kw200_R96_eta0.35,kw_control,96.0,0.35,200,1,2,scaled_1.025,defined,0.05075585503336488,1.0191515413342842,0.02087987263480451,0,0,1.5630729396411582e-10
kw200_R96_eta0.35,kw_control,96.0,0.35,200,1,2,scaled_1.05,defined,0.05177236106331949,1.0227132181461709,0.020601191868767285,0,0,1.5630729396411582e-10
kw200_R96_eta0.35,kw_control,96.0,0.35,200,1,2,scaled_1.075,defined,0.05286718562427286,1.0266790229897536,0.020281539544478873,0,0,1.5630729396411582e-10
kw200_R96_eta0.35,kw_control,96.0,0.35,200,1,2,scaled_1.1,defined,0.054045866794505064,1.0311142327191092,0.019917354829358393,0,0,1.5630729396411582e-10
kw200_R96_eta0.35,kw_control,96.0,0.35,200,1,2,scaled_1.15,defined,0.056679014597612265,1.041729637799541,0.019039788499860072,0,0,1.5630729396411582e-10
kw200_R96_eta0.35,kw_control,96.0,0.35,200,1,2,scaled_1.2,defined,0.059726162022557434,1.055472983156735,0.01793296438585778,0,0,1.5630729396411582e-10
kw200_R96_eta0.35,kw_control,96.0,0.35,200,1,2,physical_frozen,defined,0.05062249012155716,1.0171229714802144,0.020739579681143358,0,0,1.5630729396411582e-10
kw200_R96_eta0.35,kw_control,96.0,0.35,200,1,2,physical_common,defined,0.05189037710387156,0.9981351232940199,0.01947169269882896,0,0,1.5630729396411582e-10
kw200_R96_eta0.35,kw_control,96.0,0.35,200,1,2,actual_root,defined,0.05061949301752187,1.0190270602719629,0.020968604340934054,0,0,1.5630729396411582e-10
kw200_R96_eta0.35,kw_control,96.0,0.35,200,1,2,soft_cosine,defined,0.049830713333963966,1.016035148346164,0.021133899673116047,0,0,1.5630729396411582e-10
kw200_R96_eta0.35,kw_control,96.0,0.35,200,1,4,scaled_0.8,defined,0.0038348618506423016,0.9597131581693268,0.06257132473894123,0,0,1.5630729396411582e-10
kw200_R96_eta0.35,kw_control,96.0,0.35,200,1,4,scaled_0.85,defined,0.0027618310559955894,0.9621655146874771,0.06461338638009062,0,0,1.5630729396411582e-10
kw200_R96_eta0.35,kw_control,96.0,0.35,200,1,4,scaled_0.9,defined,0.001822394113189093,0.9660043776347168,0.06662365631254664,0,0,1.5630729396411582e-10
kw200_R96_eta0.35,kw_control,96.0,0.35,200,1,4,scaled_0.925,defined,0.0014096128004995837,0.9686132060243109,0.0676130241935429,0,0,1.5630729396411582e-10
kw200_R96_eta0.35,kw_control,96.0,0.35,200,1,4,scaled_0.95,defined,0.0010361656177560452,0.9718058388236706,0.06859225955007173,0,0,1.5630729396411582e-10
kw200_R96_eta0.35,kw_control,96.0,0.35,200,1,4,scaled_0.975,defined,0.0007006303450899886,0.9757072315220504,0.06956420943310487,0,0,1.5630729396411582e-10
kw200_R96_eta0.35,kw_control,96.0,0.35,200,1,4,scaled_1,defined,0.00039855334802774145,0.9804812432918547,0.07053484687482148,0,0,1.5630729396411582e-10
kw200_R96_eta0.35,kw_control,96.0,0.35,200,1,4,scaled_1.025,defined,0.00012121681055437565,0.9863460116632851,0.07151451085761501,0,0,1.5630729396411582e-10
kw200_R96_eta0.35,kw_control,96.0,0.35,200,1,4,scaled_1.05,defined,-0.00014592394308743373,0.9935997415698139,0.07251947687517421,0,0,1.5630729396411582e-10
kw200_R96_eta0.35,kw_control,96.0,0.35,200,1,4,scaled_1.075,defined,-0.00042496248339257345,1.002665625982403,0.07357368765214431,0,0,1.5630729396411582e-10
kw200_R96_eta0.35,kw_control,96.0,0.35,200,1,4,scaled_1.1,defined,-0.0007466410214158163,1.0141786654577327,0.07470986264527928,0,0,1.5630729396411582e-10
kw200_R96_eta0.35,kw_control,96.0,0.35,200,1,4,scaled_1.15,defined,-0.001660213635311214,1.0491970554628676,0.07737901673278355,0,0,1.5630729396411582e-10
kw200_R96_eta0.35,kw_control,96.0,0.35,200,1,4,scaled_1.2,defined,-0.002623667362880888,1.1210373320531175,0.0802827937712961,0,0,1.5630729396411582e-10
kw200_R96_eta0.35,kw_control,96.0,0.35,200,1,4,physical_frozen,defined,0.0017475419746208417,0.9824375343548678,0.06961452782807967,0,0,1.5630729396411582e-10
kw200_R96_eta0.35,kw_control,96.0,0.35,200,1,4,physical_common,defined,0.041423478643510286,0.9800519194939399,0.02993859115919023,0,0,1.5630729396411582e-10
kw200_R96_eta0.35,kw_control,96.0,0.35,200,1,4,actual_root,defined,0.00019111948882333252,0.9846343664290862,0.07139697786963259,4,0,1.5630729396411582e-10
kw200_R96_eta0.35,kw_control,96.0,0.35,200,1,4,soft_cosine,defined,0.0003919633344149955,0.9808487160557008,0.07057264967266502,0,0,1.5630729396411582e-10
kw200_R96_eta0.7,kw_control,96.0,0.7,200,1,1,scaled_0.8,defined,0.13396641051480596,1.1632921180422195,0.0,0,0,1.256167556273695e-12
kw200_R96_eta0.7,kw_control,96.0,0.7,200,1,1,scaled_0.85,defined,0.13730973122076562,1.1694103999729497,0.0,0,0,1.256167556273695e-12
kw200_R96_eta0.7,kw_control,96.0,0.7,200,1,1,scaled_0.9,defined,0.14100006312688373,1.1762329109779126,0.0,0,0,1.256167556273695e-12
kw200_R96_eta0.7,kw_control,96.0,0.7,200,1,1,scaled_0.925,defined,0.14298687139951216,1.1799377851192354,0.0,0,0,1.256167556273695e-12
kw200_R96_eta0.7,kw_control,96.0,0.7,200,1,1,scaled_0.95,defined,0.14507511542658724,1.1838568011140778,0.0,0,0,1.256167556273695e-12
kw200_R96_eta0.7,kw_control,96.0,0.7,200,1,1,scaled_0.975,defined,0.14727068219970207,1.1880049682847922,0.0,0,0,1.256167556273695e-12
kw200_R96_eta0.7,kw_control,96.0,0.7,200,1,1,scaled_1,defined,0.14958003804395306,1.1923989307738425,0.0,0,0,1.256167556273695e-12
kw200_R96_eta0.7,kw_control,96.0,0.7,200,1,1,scaled_1.025,defined,0.15201030348714464,1.1970571947624118,0.0,0,0,1.256167556273695e-12
kw200_R96_eta0.7,kw_control,96.0,0.7,200,1,1,scaled_1.05,defined,0.15456934179520765,1.2020006843199664,0.0,0,0,1.256167556273695e-12
kw200_R96_eta0.7,kw_control,96.0,0.7,200,1,1,scaled_1.075,defined,0.1572658700730893,1.2072554058396148,0.0,0,0,1.256167556273695e-12
kw200_R96_eta0.7,kw_control,96.0,0.7,200,1,1,scaled_1.1,defined,0.16010958715859674,1.2128486223804724,0.0,0,0,1.256167556273695e-12
kw200_R96_eta0.7,kw_control,96.0,0.7,200,1,1,scaled_1.15,defined,0.1662831537431563,1.225174649706604,0.0,0,0,1.256167556273695e-12
kw200_R96_eta0.7,kw_control,96.0,0.7,200,1,1,scaled_1.2,defined,0.17319348581461824,1.2392859927299766,0.0,0,0,1.256167556273695e-12
kw200_R96_eta0.7,kw_control,96.0,0.7,200,1,1,physical_frozen,defined,0.15086631412114807,1.1945421670652248,0.0,0,0,1.256167556273695e-12
kw200_R96_eta0.7,kw_control,96.0,0.7,200,1,1,physical_common,defined,0.15086631412114807,1.1945421670652248,0.0,0,0,1.256167556273695e-12
kw200_R96_eta0.7,kw_control,96.0,0.7,200,1,1,actual_root,defined,0.15516750892459147,1.2065612734024342,0.0,0,0,1.256167556273695e-12
kw200_R96_eta0.7,kw_control,96.0,0.7,200,1,1,soft_cosine,defined,0.14965210064760112,1.192511719194299,0.0,0,0,1.256167556273695e-12
kw200_R96_eta0.7,kw_control,96.0,0.7,200,1,2,scaled_0.8,defined,0.09826876724106323,1.118087511073275,0.035697643273742724,0,0,1.256167556273695e-12
kw200_R96_eta0.7,kw_control,96.0,0.7,200,1,2,scaled_0.85,defined,0.10396160957925825,1.1288112919402045,0.03334812164150737,0,0,1.256167556273695e-12
kw200_R96_eta0.7,kw_control,96.0,0.7,200,1,2,scaled_0.9,defined,0.11044994913245498,1.1412697714017088,0.03055011399442875,0,0,1.256167556273695e-12
kw200_R96_eta0.7,kw_control,96.0,0.7,200,1,2,scaled_0.925,defined,0.11403708021667114,1.1482681980849743,0.028949791182841023,0,0,1.256167556273695e-12
kw200_R96_eta0.7,kw_control,96.0,0.7,200,1,2,scaled_0.95,defined,0.11788186968015857,1.1558596752992725,0.027193245746428674,0,0,1.256167556273695e-12
kw200_R96_eta0.7,kw_control,96.0,0.7,200,1,2,scaled_0.975,defined,0.12201029842370412,1.1641215354607017,0.025260383775997958,0,0,1.256167556273695e-12
kw200_R96_eta0.7,kw_control,96.0,0.7,200,1,2,scaled_1,defined,0.12645258988951558,1.1731398808156233,0.023127448154437485,0,0,1.256167556273695e-12
kw200_R96_eta0.7,kw_control,96.0,0.7,200,1,2,scaled_1.025,defined,0.1312441764773281,1.183021362278084,0.020766127009816532,0,0,1.256167556273695e-12
kw200_R96_eta0.7,kw_control,96.0,0.7,200,1,2,scaled_1.05,defined,0.1364270669509301,1.1938998784092831,0.01814227484427755,0,0,1.256167556273695e-12
kw200_R96_eta0.7,kw_control,96.0,0.7,200,1,2,scaled_1.075,defined,0.14205152800846965,1.2059315722257353,0.015214342064619635,0,0,1.256167556273695e-12
kw200_R96_eta0.7,kw_control,96.0,0.7,200,1,2,scaled_1.1,defined,0.1481784933231484,1.2193237286967484,0.011931093835448353,0,0,1.256167556273695e-12
kw200_R96_eta0.7,kw_control,96.0,0.7,200,1,2,scaled_1.15,defined,0.16225826031424917,1.251281117119351,0.004024893428907134,0,0,1.256167556273695e-12
kw200_R96_eta0.7,kw_control,96.0,0.7,200,1,2,scaled_1.2,defined,0.17953526675335785,1.2929693620364913,-0.006341780938739605,0,0,1.256167556273695e-12
kw200_R96_eta0.7,kw_control,96.0,0.7,200,1,2,physical_frozen,defined,0.1291064596424271,1.1775787792458317,0.021759854478720975,0,0,1.256167556273695e-12
kw200_R96_eta0.7,kw_control,96.0,0.7,200,1,2,physical_common,defined,0.09349622742490946,1.0976124972821146,0.05737008669623861,0,0,1.256167556273695e-12
kw200_R96_eta0.7,kw_control,96.0,0.7,200,1,2,actual_root,defined,0.13736453619963307,1.2031800457782331,0.0178029727249584,0,0,1.256167556273695e-12
kw200_R96_eta0.7,kw_control,96.0,0.7,200,1,2,soft_cosine,defined,0.12657758974769306,1.1734444136869742,0.023074510899908057,0,0,1.256167556273695e-12
kw200_R96_eta0.7,kw_control,96.0,0.7,200,1,4,scaled_0.8,defined,0.03111360685547352,1.0368921034463008,0.10285280365933244,0,0,1.256167556273695e-12
kw200_R96_eta0.7,kw_control,96.0,0.7,200,1,4,scaled_0.85,defined,0.03880040851128275,1.0527355022623965,0.09850932270948287,0,0,1.256167556273695e-12
kw200_R96_eta0.7,kw_control,96.0,0.7,200,1,4,scaled_0.9,defined,0.04813400954365485,1.0725452599997733,0.09286605358322889,0,0,1.256167556273695e-12
kw200_R96_eta0.7,kw_control,96.0,0.7,200,1,4,scaled_0.925,defined,0.053569613906557824,1.0843879083573031,0.08941725749295434,0,0,1.256167556273695e-12
kw200_R96_eta0.7,kw_control,96.0,0.7,200,1,4,scaled_0.95,defined,0.059626816533342945,1.0978675198937782,0.08544829889324429,0,0,1.256167556273695e-12
kw200_R96_eta0.7,kw_control,96.0,0.7,200,1,4,scaled_0.975,defined,0.06641403710133126,1.1133376823653094,0.08085664509837082,0,0,1.256167556273695e-12
kw200_R96_eta0.7,kw_control,96.0,0.7,200,1,4,scaled_1,defined,0.07407130336821716,1.131277253671997,0.0755087346757359,0,0,1.256167556273695e-12
kw200_R96_eta0.7,kw_control,96.0,0.7,200,1,4,scaled_1.025,defined,0.08278441552071203,1.1523489685107318,0.06922588796643261,0,0,1.256167556273695e-12
kw200_R96_eta0.7,kw_control,96.0,0.7,200,1,4,scaled_1.05,defined,0.09280837358022342,1.1775001688017728,0.061760968214984224,0,0,1.256167556273695e-12
kw200_R96_eta0.7,kw_control,96.0,0.7,200,1,4,scaled_1.075,defined,0.10450782028536537,1.2081550023071612,0.052758049787723915,0,0,1.256167556273695e-12
kw200_R96_eta0.7,kw_control,96.0,0.7,200,1,4,scaled_1.1,defined,0.11843198237861685,1.2465847630573386,0.04167760477997989,0,0,1.256167556273695e-12
kw200_R96_eta0.7,kw_control,96.0,0.7,200,1,4,scaled_1.15,defined,0.15717132439912057,1.3662425509662572,0.009111829344035732,0,0,1.256167556273695e-12
kw200_R96_eta0.7,kw_control,96.0,0.7,200,1,4,scaled_1.2,defined,0.23245971286638992,1.695377499571833,-0.059266227051771675,0,0,1.256167556273695e-12
kw200_R96_eta0.7,kw_control,96.0,0.7,200,1,4,physical_frozen,defined,0.07941677246823603,1.1402800822968475,0.07144954165291204,0,0,1.256167556273695e-12
kw200_R96_eta0.7,kw_control,96.0,0.7,200,1,4,physical_common,defined,0.027589310301042946,0.9961040670133225,0.12327700382010512,0,0,1.256167556273695e-12
kw200_R96_eta0.7,kw_control,96.0,0.7,200,1,4,actual_root,defined,0.0938582820723981,1.1968996497429436,0.061309226852193366,0,0,1.256167556273695e-12
kw200_R96_eta0.7,kw_control,96.0,0.7,200,1,4,soft_cosine,defined,0.07444899580897579,1.1323507110440696,0.07520310483862533,0,0,1.256167556273695e-12
kw400_R24_eta0.35,kw_control,24.0,0.35,400,1,1,scaled_0.8,defined,-0.0171906829603815,0.9492003737940401,0.0,0,0,5.663018624158815e-10
kw400_R24_eta0.35,kw_control,24.0,0.35,400,1,1,scaled_0.85,defined,-0.017525941581625473,0.9513400727087618,0.0,0,0,5.663018624158815e-10
kw400_R24_eta0.35,kw_control,24.0,0.35,400,1,1,scaled_0.9,defined,-0.017868066325058996,0.9538790520466033,0.0,0,0,5.663018624158815e-10
kw400_R24_eta0.35,kw_control,24.0,0.35,400,1,1,scaled_0.925,defined,-0.018041845796952487,0.9553219286963855,0.0,0,0,5.663018624158815e-10
kw400_R24_eta0.35,kw_control,24.0,0.35,400,1,1,scaled_0.95,defined,-0.01821767029171628,0.9568951728618902,0.0,0,0,5.663018624158815e-10
kw400_R24_eta0.35,kw_control,24.0,0.35,400,1,1,scaled_0.975,defined,-0.018395835980979935,0.9586115078193584,0.0,0,0,5.663018624158815e-10
kw400_R24_eta0.35,kw_control,24.0,0.35,400,1,1,scaled_1,defined,-0.01857675322988008,0.9604852187535117,0.0,0,0,5.663018624158815e-10
kw400_R24_eta0.35,kw_control,24.0,0.35,400,1,1,scaled_1.025,defined,-0.01876096235289202,0.9625324097973367,0.0,0,0,5.663018624158815e-10
kw400_R24_eta0.35,kw_control,24.0,0.35,400,1,1,scaled_1.05,defined,-0.01894915031088673,0.9647713148164353,0.0,0,0,5.663018624158815e-10
kw400_R24_eta0.35,kw_control,24.0,0.35,400,1,1,scaled_1.075,defined,-0.01914216780116087,0.9672226788506373,0.0,0,0,5.663018624158815e-10
kw400_R24_eta0.35,kw_control,24.0,0.35,400,1,1,scaled_1.1,defined,-0.019341045754782148,0.9699102251133002,0.0,0,0,5.663018624158815e-10
kw400_R24_eta0.35,kw_control,24.0,0.35,400,1,1,scaled_1.15,defined,-0.01976149258522719,0.9761073419217682,0.0,0,0,5.663018624158815e-10
kw400_R24_eta0.35,kw_control,24.0,0.35,400,1,1,scaled_1.2,defined,-0.020222757465513677,0.9836419864368466,0.0,0,0,5.663018624158815e-10
kw400_R24_eta0.35,kw_control,24.0,0.35,400,1,1,physical_frozen,defined,-0.016847588759096865,0.9628803795311861,0.0,0,0,5.663018624158815e-10
kw400_R24_eta0.35,kw_control,24.0,0.35,400,1,1,physical_common,defined,-0.016847588759096865,0.9628803795311861,0.0,0,0,5.663018624158815e-10
kw400_R24_eta0.35,kw_control,24.0,0.35,400,1,1,actual_root,defined,-0.018848341432578318,0.9634511953686687,0.0,0,0,5.663018624158815e-10
kw400_R24_eta0.35,kw_control,24.0,0.35,400,1,1,soft_cosine,defined,-0.01857318283080791,0.9606886027587511,0.0,0,0,5.663018624158815e-10
kw400_R24_eta0.35,kw_control,24.0,0.35,400,1,2,scaled_0.8,defined,-0.08269306533225204,0.8942237379313354,0.06550238237187055,0,0,5.663018624158815e-10
kw400_R24_eta0.35,kw_control,24.0,0.35,400,1,2,scaled_0.85,defined,-0.08687297621364132,0.8947327913781081,0.06934703463201584,0,0,5.663018624158815e-10
kw400_R24_eta0.35,kw_control,24.0,0.35,400,1,2,scaled_0.9,defined,-0.09142408237716644,0.896090381236375,0.07355601605210745,0,0,5.663018624158815e-10
kw400_R24_eta0.35,kw_control,24.0,0.35,400,1,2,scaled_0.925,defined,-0.09386018343371123,0.8971793248618507,0.07581833763675874,0,0,5.663018624158815e-10
kw400_R24_eta0.35,kw_control,24.0,0.35,400,1,2,scaled_0.95,defined,-0.0964183722581875,0.8986044680134088,0.07820070196647122,0,0,5.663018624158815e-10
kw400_R24_eta0.35,kw_control,24.0,0.35,400,1,2,scaled_0.975,defined,-0.09911287042903694,0.9004246875604303,0.080717034448057,0,0,5.663018624158815e-10
kw400_R24_eta0.35,kw_control,24.0,0.35,400,1,2,scaled_1,defined,-0.10196078394923355,0.9027118766965523,0.08338403071935346,0,0,5.663018624158815e-10
kw400_R24_eta0.35,kw_control,24.0,0.35,400,1,2,scaled_1.025,defined,-0.10498263374263517,0.9055546433926093,0.08622167138974315,0,0,5.663018624158815e-10
kw400_R24_eta0.35,kw_control,24.0,0.35,400,1,2,scaled_1.05,defined,-0.10820295245265214,0.9090637927529788,0.08925380214176541,0,0,5.663018624158815e-10
kw400_R24_eta0.35,kw_control,24.0,0.35,400,1,2,scaled_1.075,defined,-0.11165091652420278,0.9133804726193788,0.0925087487230419,0,0,5.663018624158815e-10
kw400_R24_eta0.35,kw_control,24.0,0.35,400,1,2,scaled_1.1,defined,-0.11536093731057033,0.9186881069930929,0.09601989155578819,0,0,5.663018624158815e-10
kw400_R24_eta0.35,kw_control,24.0,0.35,400,1,2,scaled_1.15,defined,-0.12373266337648059,0.9333452561236804,0.1039711707912534,0,0,5.663018624158815e-10
kw400_R24_eta0.35,kw_control,24.0,0.35,400,1,2,scaled_1.2,defined,-0.1336901147525272,0.9564280279237738,0.11346735728701353,0,0,5.663018624158815e-10
kw400_R24_eta0.35,kw_control,24.0,0.35,400,1,2,physical_frozen,defined,-0.09975212020796669,0.905080653316122,0.08290453144886982,0,0,5.663018624158815e-10
kw400_R24_eta0.35,kw_control,24.0,0.35,400,1,2,physical_common,defined,-0.02771545960248494,0.9254666205545775,0.010867870843388076,0,0,5.663018624158815e-10
kw400_R24_eta0.35,kw_control,24.0,0.35,400,1,2,actual_root,defined,-0.1056219049263714,0.9050981754819916,0.08677356349379309,5,30,5.663018624158815e-10
kw400_R24_eta0.35,kw_control,24.0,0.35,400,1,2,soft_cosine,defined,-0.10202473831177927,0.9029451933778255,0.08345155548097136,0,0,5.663018624158815e-10
kw400_R24_eta0.35,kw_control,24.0,0.35,400,1,4,scaled_0.8,defined,-0.20114799709300324,0.8052077992462021,0.18395731413262173,0,0,5.663018624158815e-10
kw400_R24_eta0.35,kw_control,24.0,0.35,400,1,4,scaled_0.85,defined,-0.22195476525074592,0.7920998936892513,0.20442882366912046,0,0,5.663018624158815e-10
kw400_R24_eta0.35,kw_control,24.0,0.35,400,1,4,scaled_0.9,defined,-0.24527367499023112,0.780085760209922,0.22740560866517212,0,0,5.663018624158815e-10
kw400_R24_eta0.35,kw_control,24.0,0.35,400,1,4,scaled_0.925,defined,-0.2581191034519052,0.7747302516053871,0.24007725765495272,0,0,5.663018624158815e-10
kw400_R24_eta0.35,kw_control,24.0,0.35,400,1,4,scaled_0.95,defined,-0.2719396673420715,0.7699916838106824,0.2537219970503552,0,0,5.663018624158815e-10
kw400_R24_eta0.35,kw_control,24.0,0.35,400,1,4,scaled_0.975,defined,-0.2869221927670979,0.7660649067772006,0.26852635678611797,0,0,5.663018624158815e-10
kw400_R24_eta0.35,kw_control,24.0,0.35,400,1,4,scaled_1,defined,-0.3033064428836024,0.7632225658154999,0.28472968965372236,0,0,5.663018624158815e-10
kw400_R24_eta0.35,kw_control,24.0,0.35,400,1,4,scaled_1.025,defined,-0.3214011909478962,0.7618627704831237,0.30264022859500417,0,0,5.663018624158815e-10
kw400_R24_eta0.35,kw_control,24.0,0.35,400,1,4,scaled_1.05,defined,-0.34160430670371844,0.7626030505901634,0.3226551563928317,0,0,5.663018624158815e-10
kw400_R24_eta0.35,kw_control,24.0,0.35,400,1,4,scaled_1.075,defined,-0.364425724243733,0.7664789482725811,0.34528355644257214,0,0,5.663018624158815e-10
kw400_R24_eta0.35,kw_control,24.0,0.35,400,1,4,scaled_1.1,defined,-0.3905055789708525,0.7754215921646325,0.37116453321607035,0,0,5.663018624158815e-10
kw400_R24_eta0.35,kw_control,24.0,0.35,400,1,4,scaled_1.15,defined,-0.45532170953005424,0.8336163895532056,0.43556021694482705,0,0,5.663018624158815e-10
kw400_R24_eta0.35,kw_control,24.0,0.35,400,1,4,scaled_1.2,defined,-0.3953029856816159,1.8524539041817845,0.37508022821610226,0,0,5.663018624158815e-10
kw400_R24_eta0.35,kw_control,24.0,0.35,400,1,4,physical_frozen,defined,-0.3013024031434443,0.7572086642119409,0.28445481438434744,0,0,5.663018624158815e-10
kw400_R24_eta0.35,kw_control,24.0,0.35,400,1,4,physical_common,defined,0.03240910314742296,0.9975566334387673,-0.04925669190651982,0,0,5.663018624158815e-10
kw400_R24_eta0.35,kw_control,24.0,0.35,400,1,4,actual_root,defined,-0.31926761866168646,0.7633542569139444,0.30041927722910816,5,33,5.663018624158815e-10
kw400_R24_eta0.35,kw_control,24.0,0.35,400,1,4,soft_cosine,defined,-0.30387698046091405,0.7637974372835167,0.28530379763010616,0,0,5.663018624158815e-10
kw400_R24_eta0.7,kw_control,24.0,0.7,400,1,1,scaled_0.8,defined,-0.01976113063466478,1.0228318307369493,0.0,0,0,2.3131552005275662e-12
kw400_R24_eta0.7,kw_control,24.0,0.7,400,1,1,scaled_0.85,defined,-0.016112246352759874,1.0312040277295647,0.0,0,0,2.3131552005275662e-12
kw400_R24_eta0.7,kw_control,24.0,0.7,400,1,1,scaled_0.9,defined,-0.012045284354068153,1.040697535546931,0.0,0,0,2.3131552005275662e-12
kw400_R24_eta0.7,kw_control,24.0,0.7,400,1,1,scaled_0.925,defined,-0.009838569241489736,1.045919921783563,0.0,0,0,2.3131552005275662e-12
kw400_R24_eta0.7,kw_control,24.0,0.7,400,1,1,scaled_0.95,defined,-0.007506176118420388,1.0514940197693392,0.0,0,0,2.3131552005275662e-12
kw400_R24_eta0.7,kw_control,24.0,0.7,400,1,1,scaled_0.975,defined,-0.005039387367293761,1.057452606067978,0.0,0,0,2.3131552005275662e-12
kw400_R24_eta0.7,kw_control,24.0,0.7,400,1,1,scaled_1,defined,-0.0024284496997792893,1.0638309950763993,0.0,0,0,2.3131552005275662e-12
kw400_R24_eta0.7,kw_control,24.0,0.7,400,1,1,scaled_1.025,defined,0.000337582069588116,1.0706678771917608,0.0,0,0,2.3131552005275662e-12
kw400_R24_eta0.7,kw_control,24.0,0.7,400,1,1,scaled_1.05,defined,0.0032710482807101204,1.0780076800725555,0.0,0,0,2.3131552005275662e-12
kw400_R24_eta0.7,kw_control,24.0,0.7,400,1,1,scaled_1.075,defined,0.006385961725975874,1.0859061423290213,0.0,0,0,2.3131552005275662e-12
kw400_R24_eta0.7,kw_control,24.0,0.7,400,1,1,scaled_1.1,defined,0.009698336159977039,1.0944232091430215,0.0,0,0,2.3131552005275662e-12
kw400_R24_eta0.7,kw_control,24.0,0.7,400,1,1,scaled_1.15,defined,0.01699189118937308,1.1136060305126454,0.0,0,0,2.3131552005275662e-12
kw400_R24_eta0.7,kw_control,24.0,0.7,400,1,1,scaled_1.2,defined,0.02533768840457631,1.1362937368560682,0.0,0,0,2.3131552005275662e-12
kw400_R24_eta0.7,kw_control,24.0,0.7,400,1,1,physical_frozen,defined,0.005010522003756046,1.0755594267293138,0.0,0,0,2.3131552005275662e-12
kw400_R24_eta0.7,kw_control,24.0,0.7,400,1,1,physical_common,defined,0.005010522003756046,1.0755594267293138,0.0,0,0,2.3131552005275662e-12
kw400_R24_eta0.7,kw_control,24.0,0.7,400,1,1,actual_root,defined,0.00998668193236587,1.1038779680643511,0.0,0,0,2.3131552005275662e-12
kw400_R24_eta0.7,kw_control,24.0,0.7,400,1,1,soft_cosine,defined,-0.002350900488552861,1.064070389902131,0.0,0,0,2.3131552005275662e-12
kw400_R24_eta0.7,kw_control,24.0,0.7,400,1,2,scaled_0.8,defined,-0.11077383870806248,0.9293892114282001,0.0910127080733977,0,0,2.3131552005275662e-12
kw400_R24_eta0.7,kw_control,24.0,0.7,400,1,2,scaled_0.85,defined,-0.10717254735441087,0.9413450103742537,0.091060301001651,0,0,2.3131552005275662e-12
kw400_R24_eta0.7,kw_control,24.0,0.7,400,1,2,scaled_0.9,defined,-0.1028686673181378,0.9558505245889358,0.09082338296406965,0,0,2.3131552005275662e-12
kw400_R24_eta0.7,kw_control,24.0,0.7,400,1,2,scaled_0.925,defined,-0.10040175477819135,0.9642834746893968,0.09056318553670162,0,0,2.3131552005275662e-12
kw400_R24_eta0.7,kw_control,24.0,0.7,400,1,2,scaled_0.95,defined,-0.09768981333549209,0.9736561575445705,0.0901836372170717,0,0,2.3131552005275662e-12
kw400_R24_eta0.7,kw_control,24.0,0.7,400,1,2,scaled_0.975,defined,-0.09469997385917661,0.9841159708993231,0.08966058649188285,0,0,2.3131552005275662e-12
kw400_R24_eta0.7,kw_control,24.0,0.7,400,1,2,scaled_1,defined,-0.09139211189409013,0.9958467607182323,0.08896366219431084,0,0,2.3131552005275662e-12
kw400_R24_eta0.7,kw_control,24.0,0.7,400,1,2,scaled_1.025,defined,-0.08771653883325314,1.0090722512350045,0.08805412090284126,0,0,2.3131552005275662e-12
kw400_R24_eta0.7,kw_control,24.0,0.7,400,1,2,scaled_1.05,defined,-0.0836105483338705,1.0240844281227957,0.08688159661458061,0,0,2.3131552005275662e-12
kw400_R24_eta0.7,kw_control,24.0,0.7,400,1,2,scaled_1.075,defined,-0.07899350205598654,1.041255130490712,0.08537946378196241,0,0,2.3131552005275662e-12
kw400_R24_eta0.7,kw_control,24.0,0.7,400,1,2,scaled_1.1,defined,-0.07375931732966956,1.061078151896637,0.0834576534896466,0,0,2.3131552005275662e-12
kw400_R24_eta0.7,kw_control,24.0,0.7,400,1,2,scaled_1.15,defined,-0.060812235694010175,1.111634170208201,0.07780412688338326,0,0,2.3131552005275662e-12
kw400_R24_eta0.7,kw_control,24.0,0.7,400,1,2,scaled_1.2,defined,-0.04275651607700559,1.1853680935249622,0.0680942044815819,0,0,2.3131552005275662e-12
kw400_R24_eta0.7,kw_control,24.0,0.7,400,1,2,physical_frozen,defined,-0.07722490031355378,1.0177561080363817,0.08223542231730982,0,0,2.3131552005275662e-12
kw400_R24_eta0.7,kw_control,24.0,0.7,400,1,2,physical_common,defined,-0.07191386235190941,0.9356900021069388,0.07692438435566545,0,0,2.3131552005275662e-12
kw400_R24_eta0.7,kw_control,24.0,0.7,400,1,2,actual_root,defined,-0.0743069206342486,1.0755011615332144,0.08429360256661447,0,34,2.3131552005275662e-12
kw400_R24_eta0.7,kw_control,24.0,0.7,400,1,2,soft_cosine,defined,-0.09127341394279653,0.9962567919709042,0.08892251345424368,0,0,2.3131552005275662e-12
kw400_R24_eta0.7,kw_control,24.0,0.7,400,1,4,scaled_0.8,defined,-0.275135418881451,0.7757449251199732,0.2553742882467862,0,0,2.3131552005275662e-12
kw400_R24_eta0.7,kw_control,24.0,0.7,400,1,4,scaled_0.85,defined,-0.2805302673951956,0.783861088647648,0.2644180210424357,0,0,2.3131552005275662e-12
kw400_R24_eta0.7,kw_control,24.0,0.7,400,1,4,scaled_0.9,defined,-0.28573357310002495,0.7969202978350524,0.2736882887459568,0,0,2.3131552005275662e-12
kw400_R24_eta0.7,kw_control,24.0,0.7,400,1,4,scaled_0.925,defined,-0.28819883591277673,0.8060438003655387,0.278360266671287,0,0,2.3131552005275662e-12
kw400_R24_eta0.7,kw_control,24.0,0.7,400,1,4,scaled_0.95,defined,-0.29051712236380567,0.8174971504140681,0.28301094624538525,0,0,2.3131552005275662e-12
kw400_R24_eta0.7,kw_control,24.0,0.7,400,1,4,scaled_0.975,defined,-0.29261986566909837,0.8319417336396284,0.2875804783018046,0,0,2.3131552005275662e-12
kw400_R24_eta0.7,kw_control,24.0,0.7,400,1,4,scaled_1,defined,-0.2943985977029018,0.8503386111975799,0.2919701480031225,0,0,2.3131552005275662e-12
kw400_R24_eta0.7,kw_control,24.0,0.7,400,1,4,scaled_1.025,defined,-0.2956732332699966,0.8741325422085624,0.29601081533958473,0,0,2.3131552005275662e-12
kw400_R24_eta0.7,kw_control,24.0,0.7,400,1,4,scaled_1.05,defined,-0.2961287110562657,0.9056387731856356,0.2993997593369758,0,0,2.3131552005275662e-12
kw400_R24_eta0.7,kw_control,24.0,0.7,400,1,4,scaled_1.075,defined,-0.295178604703633,0.9488664261448883,0.3015645664296089,0,0,2.3131552005275662e-12
kw400_R24_eta0.7,kw_control,24.0,0.7,400,1,4,scaled_1.1,defined,-0.29163956622280207,1.011503861555925,0.30133790238277913,0,0,2.3131552005275662e-12
kw400_R24_eta0.7,kw_control,24.0,0.7,400,1,4,scaled_1.15,defined,-0.26175149256915753,1.2861203483663666,0.2787433837585306,0,0,2.3131552005275662e-12
kw400_R24_eta0.7,kw_control,24.0,0.7,400,1,4,scaled_1.2,defined,-0.11891046763467733,1.75393716852855,0.14424815603925364,0,0,2.3131552005275662e-12
kw400_R24_eta0.7,kw_control,24.0,0.7,400,1,4,physical_frozen,defined,-0.2682686076012798,0.8866894919151652,0.27327912960503586,0,0,2.3131552005275662e-12
kw400_R24_eta0.7,kw_control,24.0,0.7,400,1,4,physical_common,defined,-0.11409715883787976,0.8626424183786637,0.1191076808416358,0,0,2.3131552005275662e-12
kw400_R24_eta0.7,kw_control,24.0,0.7,400,1,4,actual_root,defined,-0.29218904459190365,1.0565943110329064,0.3021757265242695,3,38,2.3131552005275662e-12
kw400_R24_eta0.7,kw_control,24.0,0.7,400,1,4,soft_cosine,defined,-0.2944058576483427,0.8519558023043824,0.29205495715978985,0,0,2.3131552005275662e-12
kw400_R256_eta0.35,kw_control,256.0,0.35,400,1,1,scaled_0.8,defined,0.09474080068537478,1.0460691030849718,0.0,0,0,7.453449761870337e-15
kw400_R256_eta0.35,kw_control,256.0,0.35,400,1,1,scaled_0.85,defined,0.09562425074297276,1.0476173376262863,0.0,0,0,7.453449761870337e-15
kw400_R256_eta0.35,kw_control,256.0,0.35,400,1,1,scaled_0.9,defined,0.09659559049249603,1.0493351786858491,0.0,0,0,7.453449761870337e-15
kw400_R256_eta0.35,kw_control,256.0,0.35,400,1,1,scaled_0.925,defined,0.09711674872461101,1.050263799980919,0.0,0,0,7.453449761870337e-15
kw400_R256_eta0.35,kw_control,256.0,0.35,400,1,1,scaled_0.95,defined,0.09766307012181036,1.0512426726426083,0.0,0,0,7.453449761870337e-15
kw400_R256_eta0.35,kw_control,256.0,0.35,400,1,1,scaled_0.975,defined,0.0982357921299219,1.0522749528422695,0.0,0,0,7.453449761870337e-15
kw400_R256_eta0.35,kw_control,256.0,0.35,400,1,1,scaled_1,defined,0.09883624920029382,1.05336407959331,0.0,0,0,7.453449761870337e-15
kw400_R256_eta0.35,kw_control,256.0,0.35,400,1,1,scaled_1.025,defined,0.09946588192527916,1.0545138377666439,0.0,0,0,7.453449761870337e-15
kw400_R256_eta0.35,kw_control,256.0,0.35,400,1,1,scaled_1.05,defined,0.10012624732508879,1.0557284024784044,0.0,0,0,7.453449761870337e-15
kw400_R256_eta0.35,kw_control,256.0,0.35,400,1,1,scaled_1.075,defined,0.10081903033427272,1.0570123906521045,0.0,0,0,7.453449761870337e-15
kw400_R256_eta0.35,kw_control,256.0,0.35,400,1,1,scaled_1.1,defined,0.10154605672416528,1.0583709212618795,0.0,0,0,7.453449761870337e-15
kw400_R256_eta0.35,kw_control,256.0,0.35,400,1,1,scaled_1.15,defined,0.10311093651606976,1.0613350324641484,0.0,0,0,7.453449761870337e-15
kw400_R256_eta0.35,kw_control,256.0,0.35,400,1,1,scaled_1.2,defined,0.10483891390725335,1.0646747497533293,0.0,0,0,7.453449761870337e-15
kw400_R256_eta0.35,kw_control,256.0,0.35,400,1,1,physical_frozen,defined,0.09895707793066799,1.053538631344734,0.0,0,0,7.453449761870337e-15
kw400_R256_eta0.35,kw_control,256.0,0.35,400,1,1,physical_common,defined,0.09895707793066799,1.053538631344734,0.0,0,0,7.453449761870337e-15
kw400_R256_eta0.35,kw_control,256.0,0.35,400,1,1,actual_root,defined,0.09922370085187884,1.0542410454551532,0.0,0,0,7.453449761870337e-15
kw400_R256_eta0.35,kw_control,256.0,0.35,400,1,1,soft_cosine,defined,0.09884778892236756,1.0533884570417003,0.0,0,0,7.453449761870337e-15
kw400_R256_eta0.35,kw_control,256.0,0.35,400,1,2,scaled_0.8,defined,0.08375768827607434,1.0336332600381366,0.010983112409300444,0,0,7.453449761870337e-15
kw400_R256_eta0.35,kw_control,256.0,0.35,400,1,2,scaled_0.85,defined,0.08520958792691591,1.0363740335313603,0.010414662816056852,0,0,7.453449761870337e-15
kw400_R256_eta0.35,kw_control,256.0,0.35,400,1,2,scaled_0.9,defined,0.08685495005952804,1.0395361988078031,0.00974064043296799,0,0,7.453449761870337e-15
kw400_R256_eta0.35,kw_control,256.0,0.35,400,1,2,scaled_0.925,defined,0.08775920295737594,1.0413008900895575,0.009357545767235076,0,0,7.453449761870337e-15
kw400_R256_eta0.35,kw_control,256.0,0.35,400,1,2,scaled_0.95,defined,0.08872341441835974,1.0432045854292777,0.008939655703450622,0,0,7.453449761870337e-15
kw400_R256_eta0.35,kw_control,256.0,0.35,400,1,2,scaled_0.975,defined,0.08975233406333315,1.0452620718374224,0.008483458066588748,0,0,7.453449761870337e-15
kw400_R256_eta0.35,kw_control,256.0,0.35,400,1,2,scaled_1,defined,0.09085123897444602,1.0474904558010492,0.0079850102258478,0,0,7.453449761870337e-15
kw400_R256_eta0.35,kw_control,256.0,0.35,400,1,2,scaled_1.025,defined,0.09202600785945624,1.0499096493855982,0.0074398740658229295,0,0,7.453449761870337e-15
kw400_R256_eta0.35,kw_control,256.0,0.35,400,1,2,scaled_1.05,defined,0.09328320882115192,1.0525433500100676,0.006843038503936874,0,0,7.453449761870337e-15
kw400_R256_eta0.35,kw_control,256.0,0.35,400,1,2,scaled_1.075,defined,0.09463020483388074,1.0554196614790847,0.006188825500391987,0,0,7.453449761870337e-15
kw400_R256_eta0.35,kw_control,256.0,0.35,400,1,2,scaled_1.1,defined,0.09607527719870712,1.0585716329908044,0.005470779525458158,0,0,7.453449761870337e-15
kw400_R256_eta0.35,kw_control,256.0,0.35,400,1,2,scaled_1.15,defined,0.09929829780953114,1.0658699259964426,0.0038126387065386125,0,0,7.453449761870337e-15
kw400_R256_eta0.35,kw_control,256.0,0.35,400,1,2,scaled_1.2,defined,0.10304349448838424,1.0748738158260418,0.0017954194188691125,0,0,7.453449761870337e-15
kw400_R256_eta0.35,kw_control,256.0,0.35,400,1,2,physical_frozen,defined,0.09109866927393787,1.0478501213423792,0.007858408656730126,0,0,7.453449761870337e-15
kw400_R256_eta0.35,kw_control,256.0,0.35,400,1,2,physical_common,defined,0.08338418062075603,1.0287239959921397,0.01557289730991196,0,0,7.453449761870337e-15
kw400_R256_eta0.35,kw_control,256.0,0.35,400,1,2,actual_root,defined,0.09153846142495246,1.0492024974471874,0.00768523942692638,0,0,7.453449761870337e-15
kw400_R256_eta0.35,kw_control,256.0,0.35,400,1,2,soft_cosine,defined,0.09087948496627941,1.0475606411567153,0.007968303956088149,0,0,7.453449761870337e-15
kw400_R256_eta0.35,kw_control,256.0,0.35,400,1,4,scaled_0.8,defined,0.06277791842114976,1.0104199748666365,0.03196288226422503,0,0,7.453449761870337e-15
kw400_R256_eta0.35,kw_control,256.0,0.35,400,1,4,scaled_0.85,defined,0.06446816558409985,1.014384455721601,0.031156085158872915,0,0,7.453449761870337e-15
kw400_R256_eta0.35,kw_control,256.0,0.35,400,1,4,scaled_0.9,defined,0.06653569993501537,1.0193600307292376,0.03005989055748065,0,0,7.453449761870337e-15
kw400_R256_eta0.35,kw_control,256.0,0.35,400,1,4,scaled_0.925,defined,0.06773781442066013,1.0223278540438785,0.029378934303950888,0,0,7.453449761870337e-15
kw400_R256_eta0.35,kw_control,256.0,0.35,400,1,4,scaled_0.95,defined,0.06906934262118436,1.0256877281406072,0.028593727500626,0,0,7.453449761870337e-15
kw400_R256_eta0.35,kw_control,256.0,0.35,400,1,4,scaled_0.975,defined,0.07054535502254773,1.0295110503466718,0.027690437107374163,0,0,7.453449761870337e-15
kw400_R256_eta0.35,kw_control,256.0,0.35,400,1,4,scaled_1,defined,0.07218301410326229,1.0338876483836095,0.026653235097031533,0,0,7.453449761870337e-15
kw400_R256_eta0.35,kw_control,256.0,0.35,400,1,4,scaled_1.025,defined,0.07400192212300567,1.0389324354700435,0.025463959802273492,0,0,7.453449761870337e-15
kw400_R256_eta0.35,kw_control,256.0,0.35,400,1,4,scaled_1.05,defined,0.07602455210822849,1.044796048623453,0.0241016952168603,0,0,7.453449761870337e-15
kw400_R256_eta0.35,kw_control,256.0,0.35,400,1,4,scaled_1.075,defined,0.07827681187021973,1.0516808185234912,0.022542218464052993,0,0,7.453449761870337e-15
kw400_R256_eta0.35,kw_control,256.0,0.35,400,1,4,scaled_1.1,defined,0.08078888433648071,1.0598708238983596,0.02075717238768457,0,0,7.453449761870337e-15
kw400_R256_eta0.35,kw_control,256.0,0.35,400,1,4,scaled_1.15,defined,0.08674474250356745,1.0819826933335712,0.016366194012502305,0,0,7.453449761870337e-15
kw400_R256_eta0.35,kw_control,256.0,0.35,400,1,4,scaled_1.2,defined,0.09433896649404873,1.117877341201825,0.010499947413204619,0,0,7.453449761870337e-15
kw400_R256_eta0.35,kw_control,256.0,0.35,400,1,4,physical_frozen,defined,0.07267106529954248,1.0346047243909118,0.02628601263112551,0,0,7.453449761870337e-15
kw400_R256_eta0.35,kw_control,256.0,0.35,400,1,4,physical_common,defined,0.0664304248219158,1.0031280857674185,0.03252665310875219,0,0,7.453449761870337e-15
kw400_R256_eta0.35,kw_control,256.0,0.35,400,1,4,actual_root,defined,0.07315442054744543,1.036981071642574,0.02606928030443341,0,0,7.453449761870337e-15
kw400_R256_eta0.35,kw_control,256.0,0.35,400,1,4,soft_cosine,defined,0.07224916390823762,1.034131084039716,0.026598625014129948,0,0,7.453449761870337e-15
kw400_R256_eta0.7,kw_control,256.0,0.7,400,1,1,scaled_0.8,defined,0.19034886020135122,1.2176332983564484,0.0,0,0,1.041795573769155e-16
kw400_R256_eta0.7,kw_control,256.0,0.7,400,1,1,scaled_0.85,defined,0.1928140281092388,1.2219695171780174,0.0,0,0,1.041795573769155e-16
kw400_R256_eta0.7,kw_control,256.0,0.7,400,1,1,scaled_0.9,defined,0.19552670275477885,1.2267735232476542,0.0,0,0,1.041795573769155e-16
kw400_R256_eta0.7,kw_control,256.0,0.7,400,1,1,scaled_0.925,defined,0.19698359289650663,1.229368699039539,0.0,0,0,1.041795573769155e-16
kw400_R256_eta0.7,kw_control,256.0,0.7,400,1,1,scaled_0.95,defined,0.1985122065429858,1.2321033431603121,0.0,0,0,1.041795573769155e-16
kw400_R256_eta0.7,kw_control,256.0,0.7,400,1,1,scaled_0.975,defined,0.20011646537505215,1.2349862831642417,0.0,0,0,1.041795573769155e-16
kw400_R256_eta0.7,kw_control,256.0,0.7,400,1,1,scaled_1,defined,0.20180066061841706,1.2380272515642325,0.0,0,0,1.041795573769155e-16
kw400_R256_eta0.7,kw_control,256.0,0.7,400,1,1,scaled_1.025,defined,0.20356949762551987,1.2412370032835713,0.0,0,0,1.041795573769155e-16
kw400_R256_eta0.7,kw_control,256.0,0.7,400,1,1,scaled_1.05,defined,0.20542814680958918,1.2446274523349228,0.0,0,0,1.041795573769155e-16
kw400_R256_eta0.7,kw_control,256.0,0.7,400,1,1,scaled_1.075,defined,0.2073823027885063,1.2482118314544628,0.0,0,0,1.041795573769155e-16
kw400_R256_eta0.7,kw_control,256.0,0.7,400,1,1,scaled_1.1,defined,0.20943825349776293,1.252005187415854,0.0,0,0,1.041795573769155e-16
kw400_R256_eta0.7,kw_control,256.0,0.7,400,1,1,scaled_1.15,defined,0.2138841811165526,1.260292940934289,0.0,0,0,1.041795573769155e-16
kw400_R256_eta0.7,kw_control,256.0,0.7,400,1,1,scaled_1.2,defined,0.21883164369333463,1.2696543567024272,0.0,0,0,1.041795573769155e-16
kw400_R256_eta0.7,kw_control,256.0,0.7,400,1,1,physical_frozen,defined,0.20213714194580482,1.2385960111738537,0.0,0,0,1.041795573769155e-16
kw400_R256_eta0.7,kw_control,256.0,0.7,400,1,1,physical_common,defined,0.20213714194580482,1.2385960111738537,0.0,0,0,1.041795573769155e-16
kw400_R256_eta0.7,kw_control,256.0,0.7,400,1,1,actual_root,defined,0.20431790135606107,1.2440615339817143,0.0,0,0,1.041795573769155e-16
kw400_R256_eta0.7,kw_control,256.0,0.7,400,1,1,soft_cosine,defined,0.20183242585905573,1.2380908187268758,0.0,0,0,1.041795573769155e-16
kw400_R256_eta0.7,kw_control,256.0,0.7,400,1,2,scaled_0.8,defined,0.17062804922812438,1.1899893729944206,0.019720810973226838,0,0,1.041795573769155e-16
kw400_R256_eta0.7,kw_control,256.0,0.7,400,1,2,scaled_0.85,defined,0.17520072500423312,1.1980729964415957,0.017613303105005695,0,0,1.041795573769155e-16
kw400_R256_eta0.7,kw_control,256.0,0.7,400,1,2,scaled_0.9,defined,0.18037030731169512,1.2073309196447444,0.015156395443083726,0,0,1.041795573769155e-16
kw400_R256_eta0.7,kw_control,256.0,0.7,400,1,2,scaled_0.925,defined,0.18320999937164595,1.2124742140133,0.013773593524860683,0,0,1.041795573769155e-16
kw400_R256_eta0.7,kw_control,256.0,0.7,400,1,2,scaled_0.95,defined,0.1862396136141078,1.2180073505765268,0.012272592928878001,0,0,1.041795573769155e-16
kw400_R256_eta0.7,kw_control,256.0,0.7,400,1,2,scaled_0.975,defined,0.1894768257260584,1.2239724075863132,0.010639639648993754,0,0,1.041795573769155e-16
kw400_R256_eta0.7,kw_control,256.0,0.7,400,1,2,scaled_1,defined,0.19294195984933193,1.230420561890972,0.008858700769085126,0,0,1.041795573769155e-16
kw400_R256_eta0.7,kw_control,256.0,0.7,400,1,2,scaled_1.025,defined,0.196658553296564,1.2374141138972101,0.006910944328955865,0,0,1.041795573769155e-16
kw400_R256_eta0.7,kw_control,256.0,0.7,400,1,2,scaled_1.05,defined,0.20065403225415668,1.2450228090203863,0.0047741145554325015,0,0,1.041795573769155e-16
kw400_R256_eta0.7,kw_control,256.0,0.7,400,1,2,scaled_1.075,defined,0.20496058078227775,1.25333052550313,0.0024217220062285605,0,0,1.041795573769155e-16
kw400_R256_eta0.7,kw_control,256.0,0.7,400,1,2,scaled_1.1,defined,0.20961632653999918,1.262446371015258,-0.0001780730422362431,0,0,1.041795573769155e-16
kw400_R256_eta0.7,kw_control,256.0,0.7,400,1,2,scaled_1.15,defined,0.22016733609516315,1.2836424464516738,-0.006283154978610539,0,0,1.041795573769155e-16
kw400_R256_eta0.7,kw_control,256.0,0.7,400,1,2,scaled_1.2,defined,0.23280414486661316,1.3101018393112336,-0.013972501173278529,0,0,1.041795573769155e-16
kw400_R256_eta0.7,kw_control,256.0,0.7,400,1,2,physical_frozen,defined,0.1936595729665489,1.2316376352173197,0.008477568979255917,0,0,1.041795573769155e-16
kw400_R256_eta0.7,kw_control,256.0,0.7,400,1,2,physical_common,defined,0.1614767400345362,1.1703140074244578,0.04066040191126863,0,0,1.041795573769155e-16
kw400_R256_eta0.7,kw_control,256.0,0.7,400,1,2,actual_root,defined,0.19817360372566883,1.2434664716147918,0.006144297630392231,0,0,1.041795573769155e-16
kw400_R256_eta0.7,kw_control,256.0,0.7,400,1,2,soft_cosine,defined,0.1930382449751452,1.2306166912008172,0.008794180883910513,0,0,1.041795573769155e-16
kw400_R256_eta0.7,kw_control,256.0,0.7,400,1,4,scaled_0.8,defined,0.13200686631425929,1.1373489500053944,0.058341993887091936,0,0,1.041795573769155e-16
kw400_R256_eta0.7,kw_control,256.0,0.7,400,1,4,scaled_0.85,defined,0.13965852266384415,1.1510124061300688,0.05315550544539466,0,0,1.041795573769155e-16
kw400_R256_eta0.7,kw_control,256.0,0.7,400,1,4,scaled_0.9,defined,0.148693342827528,1.1675152356088212,0.04683335992725085,0,0,1.041795573769155e-16
kw400_R256_eta0.7,kw_control,256.0,0.7,400,1,4,scaled_0.925,defined,0.1538442249315565,1.1771128033017209,0.04313936796495013,0,0,1.041795573769155e-16
kw400_R256_eta0.7,kw_control,256.0,0.7,400,1,4,scaled_0.95,defined,0.15949824575659943,1.187818565812378,0.03901396078638636,0,0,1.041795573769155e-16
kw400_R256_eta0.7,kw_control,256.0,0.7,400,1,4,scaled_0.975,defined,0.1657335811330069,1.199839736230172,0.03438288424204525,0,0,1.041795573769155e-16
kw400_R256_eta0.7,kw_control,256.0,0.7,400,1,4,scaled_1,defined,0.17264799724589136,1.213448845701546,0.0291526633725257,0,0,1.041795573769155e-16
kw400_R256_eta0.7,kw_control,256.0,0.7,400,1,4,scaled_1.025,defined,0.18036615923020927,1.2290055776529003,0.023203338395310608,0,0,1.041795573769155e-16
kw400_R256_eta0.7,kw_control,256.0,0.7,400,1,4,scaled_1.05,defined,0.18905048022190507,1.24700506542835,0.01637766658768411,0,0,1.041795573769155e-16
kw400_R256_eta0.7,kw_control,256.0,0.7,400,1,4,scaled_1.075,defined,0.1989183331787508,1.2681367652436772,0.008463969609755512,0,0,1.041795573769155e-16
kw400_R256_eta0.7,kw_control,256.0,0.7,400,1,4,scaled_1.1,defined,0.2102703496413146,1.2934183464042481,-0.0008320961435516749,0,0,1.041795573769155e-16
kw400_R256_eta0.7,kw_control,256.0,0.7,400,1,4,scaled_1.15,defined,0.23938756660825633,1.3637584181449631,-0.025503385491703723,0,0,1.041795573769155e-16
kw400_R256_eta0.7,kw_control,256.0,0.7,400,1,4,scaled_1.2,defined,0.2840502422455977,1.4924986781406757,-0.06521859855226309,0,0,1.041795573769155e-16
kw400_R256_eta0.7,kw_control,256.0,0.7,400,1,4,physical_frozen,defined,0.17417875809361016,1.2160604432893842,0.02795838385219465,0,0,1.041795573769155e-16
kw400_R256_eta0.7,kw_control,256.0,0.7,400,1,4,physical_common,defined,0.10740839688198732,1.085758551770218,0.0947287450638175,0,0,1.041795573769155e-16
kw400_R256_eta0.7,kw_control,256.0,0.7,400,1,4,actual_root,defined,0.18333336780595538,1.2422494112703486,0.020984533550105683,0,0,1.041795573769155e-16
kw400_R256_eta0.7,kw_control,256.0,0.7,400,1,4,soft_cosine,defined,0.17296081449675232,1.2141441762205547,0.0288716113623034,0,0,1.041795573769155e-16
kw400_R96_eta0.35,kw_control,96.0,0.35,400,1,1,scaled_0.8,defined,0.06640622752042113,1.0212679577670984,0.0,0,0,6.093212272197204e-13
kw400_R96_eta0.35,kw_control,96.0,0.35,400,1,1,scaled_0.85,defined,0.06737526139535066,1.0233511821143726,0.0,0,0,6.093212272197204e-13
kw400_R96_eta0.35,kw_control,96.0,0.35,400,1,1,scaled_0.9,defined,0.06844609685135072,1.0256895944286175,0.0,0,0,6.093212272197204e-13
kw400_R96_eta0.35,kw_control,96.0,0.35,400,1,1,scaled_0.925,defined,0.06902268437453857,1.0269652582957514,0.0,0,0,6.093212272197204e-13
kw400_R96_eta0.35,kw_control,96.0,0.35,400,1,1,scaled_0.95,defined,0.06962847327544042,1.0283184761257511,0.0,0,0,6.093212272197204e-13
kw400_R96_eta0.35,kw_control,96.0,0.35,400,1,1,scaled_0.975,defined,0.07026488834883371,1.02975476921364,0.0,0,0,6.093212272197204e-13
kw400_R96_eta0.35,kw_control,96.0,0.35,400,1,1,scaled_1,defined,0.07093344895173562,1.0312802340920424,0.0,0,0,6.093212272197204e-13
kw400_R96_eta0.35,kw_control,96.0,0.35,400,1,1,scaled_1.025,defined,0.07163577620483899,1.032901619798436,0.0,0,0,6.093212272197204e-13
kw400_R96_eta0.35,kw_control,96.0,0.35,400,1,1,scaled_1.05,defined,0.07237360087463374,1.0346264183290028,0.0,0,0,6.093212272197204e-13
kw400_R96_eta0.35,kw_control,96.0,0.35,400,1,1,scaled_1.075,defined,0.07314877205718373,1.0364629713423237,0.0,0,0,6.093212272197204e-13
kw400_R96_eta0.35,kw_control,96.0,0.35,400,1,1,scaled_1.1,defined,0.07396326693239941,1.0384205962363582,0.0,0,0,6.093212272197204e-13
kw400_R96_eta0.35,kw_control,96.0,0.35,400,1,1,scaled_1.15,defined,0.07571884335936407,1.0427421390166782,0.0,0,0,6.093212272197204e-13
kw400_R96_eta0.35,kw_control,96.0,0.35,400,1,1,scaled_1.2,defined,0.07765915847588811,1.0476915956677844,0.0,0,0,6.093212272197204e-13
kw400_R96_eta0.35,kw_control,96.0,0.35,400,1,1,physical_frozen,defined,0.07136211849667917,1.031901033904872,0.0,0,0,6.093212272197204e-13
kw400_R96_eta0.35,kw_control,96.0,0.35,400,1,1,physical_common,defined,0.07136211849667917,1.031901033904872,0.0,0,0,6.093212272197204e-13
kw400_R96_eta0.35,kw_control,96.0,0.35,400,1,1,actual_root,defined,0.07158814590347418,1.0330740832327234,0.0,0,0,6.093212272197204e-13
kw400_R96_eta0.35,kw_control,96.0,0.35,400,1,1,soft_cosine,defined,0.07096466160061388,1.0313394802115807,0.0,0,0,6.093212272197204e-13
kw400_R96_eta0.35,kw_control,96.0,0.35,400,1,2,scaled_0.8,defined,0.04437153796316297,0.9988655724137043,0.022034689557258166,0,0,6.093212272197204e-13
kw400_R96_eta0.35,kw_control,96.0,0.35,400,1,2,scaled_0.85,defined,0.04543481660127302,1.0020439416504434,0.02194044479407764,0,0,6.093212272197204e-13
kw400_R96_eta0.35,kw_control,96.0,0.35,400,1,2,scaled_0.9,defined,0.04667720384959573,1.0058423534847079,0.021768893001754996,0,0,6.093212272197204e-13
kw400_R96_eta0.35,kw_control,96.0,0.35,400,1,2,scaled_0.925,defined,0.04737396996041542,1.008018614229236,0.021648714414123145,0,0,6.093212272197204e-13
kw400_R96_eta0.35,kw_control,96.0,0.35,400,1,2,scaled_0.95,defined,0.04812607092903176,1.0104088607612696,0.021502402346408656,0,0,6.093212272197204e-13
kw400_R96_eta0.35,kw_control,96.0,0.35,400,1,2,scaled_0.975,defined,0.04893753778781594,1.0130395381338673,0.02132735056101777,0,0,6.093212272197204e-13
kw400_R96_eta0.35,kw_control,96.0,0.35,400,1,2,scaled_1,defined,0.04981267001734481,1.015941631473525,0.021120778934390808,0,0,6.093212272197204e-13
kw400_R96_eta0.35,kw_control,96.0,0.35,400,1,2,scaled_1.025,defined,0.050756048818059396,1.0191517276580142,0.020879727386779595,0,0,6.093212272197204e-13
kw400_R96_eta0.35,kw_control,96.0,0.35,400,1,2,scaled_1.05,defined,0.05177255169141389,1.0227134001830156,0.020601049183219845,0,0,6.093212272197204e-13
kw400_R96_eta0.35,kw_control,96.0,0.35,400,1,2,scaled_1.075,defined,0.05286737051750013,1.026679197895716,0.0202814015396836,0,0,6.093212272197204e-13
kw400_R96_eta0.35,kw_control,96.0,0.35,400,1,2,scaled_1.1,defined,0.05404604282372428,1.0311143970125625,0.01991722410867513,0,0,6.093212272197204e-13
kw400_R96_eta0.35,kw_control,96.0,0.35,400,1,2,scaled_1.15,defined,0.05667916060030864,1.041729766740305,0.019039682759055432,0,0,6.093212272197204e-13
kw400_R96_eta0.35,kw_control,96.0,0.35,400,1,2,scaled_1.2,defined,0.05972625463118697,1.055473049175288,0.017932903844701142,0,0,6.093212272197204e-13
kw400_R96_eta0.35,kw_control,96.0,0.35,400,1,2,physical_frozen,defined,0.050622684786907,1.0171231594831733,0.020739433709772173,0,0,6.093212272197204e-13
kw400_R96_eta0.35,kw_control,96.0,0.35,400,1,2,physical_common,defined,0.051890478026607845,0.9981352234695732,0.019471640470071327,0,0,6.093212272197204e-13
kw400_R96_eta0.35,kw_control,96.0,0.35,400,1,2,actual_root,defined,0.05061968706184472,1.019027246098471,0.020968458841629456,0,0,6.093212272197204e-13
kw400_R96_eta0.35,kw_control,96.0,0.35,400,1,2,soft_cosine,defined,0.049830907483340944,1.016035335877166,0.021133754117272932,0,0,6.093212272197204e-13
kw400_R96_eta0.35,kw_control,96.0,0.35,400,1,4,scaled_0.8,defined,0.0038354817949056512,0.9597137664531082,0.06257074572551548,0,0,6.093212272197204e-13
kw400_R96_eta0.35,kw_control,96.0,0.35,400,1,4,scaled_0.85,defined,0.0027625085206592903,0.9621661780033184,0.06461275287469137,0,0,6.093212272197204e-13
kw400_R96_eta0.35,kw_control,96.0,0.35,400,1,4,scaled_0.9,defined,0.001823121823443371,0.9660050875869902,0.06662297502790736,0,0,6.093212272197204e-13
kw400_R96_eta0.35,kw_control,96.0,0.35,400,1,4,scaled_0.925,defined,0.0014103612018284458,0.9686139341509411,0.06761232317271013,0,0,6.093212272197204e-13
kw400_R96_eta0.35,kw_control,96.0,0.35,400,1,4,scaled_0.95,defined,0.0010369304728741746,0.9718065801426499,0.06859154280256624,0,0,6.093212272197204e-13
kw400_R96_eta0.35,kw_control,96.0,0.35,400,1,4,scaled_0.975,defined,0.0007014061034185115,0.9757079794637739,0.0695634822454152,0,0,6.093212272197204e-13
kw400_R96_eta0.35,kw_control,96.0,0.35,400,1,4,scaled_1,defined,0.00039933273661246223,0.9804819893192853,0.07053411621512315,0,0,6.093212272197204e-13
kw400_R96_eta0.35,kw_control,96.0,0.35,400,1,4,scaled_1.025,defined,0.00012199025339421077,0.9863467438950202,0.07151378595144478,0,0,6.093212272197204e-13
kw400_R96_eta0.35,kw_control,96.0,0.35,400,1,4,scaled_1.05,defined,-0.00014516916922557854,0.9936004437026944,0.07251877004385932,0,0,6.093212272197204e-13
kw400_R96_eta0.35,kw_control,96.0,0.35,400,1,4,scaled_1.075,defined,-0.00042424351326913676,1.002666275372694,0.07357301557045287,0,0,6.093212272197204e-13
kw400_R96_eta0.35,kw_control,96.0,0.35,400,1,4,scaled_1.1,defined,-0.000745981364949834,1.0141792297076302,0.07470924829734923,0,0,6.093212272197204e-13
kw400_R96_eta0.35,kw_control,96.0,0.35,400,1,4,scaled_1.15,defined,-0.0016597871830777919,1.049197273274818,0.07737863054244187,0,0,6.093212272197204e-13
kw400_R96_eta0.35,kw_control,96.0,0.35,400,1,4,scaled_1.2,defined,-0.002623796116611215,1.1210365884124476,0.08028295459249933,0,0,6.093212272197204e-13
kw400_R96_eta0.35,kw_control,96.0,0.35,400,1,4,physical_frozen,defined,0.0017483205769226462,0.9824382789547403,0.06961379791975653,0,0,6.093212272197204e-13
kw400_R96_eta0.35,kw_control,96.0,0.35,400,1,4,physical_common,defined,0.04142360900377984,0.9800520491787299,0.029938509492899334,0,0,6.093212272197204e-13
kw400_R96_eta0.35,kw_control,96.0,0.35,400,1,4,actual_root,defined,0.0001918954904730985,0.9846351024393882,0.07139625041300107,4,0,6.093212272197204e-13
kw400_R96_eta0.35,kw_control,96.0,0.35,400,1,4,soft_cosine,defined,0.0003927391413894356,0.9808494577507537,0.07057192245922445,0,0,6.093212272197204e-13
kw400_R96_eta0.7,kw_control,96.0,0.7,400,1,1,scaled_0.8,defined,0.13396645146413982,1.1632921582096358,0.0,0,0,4.903343010506316e-15
kw400_R96_eta0.7,kw_control,96.0,0.7,400,1,1,scaled_0.85,defined,0.13730977521728924,1.1694104430777932,0.0,0,0,4.903343010506316e-15
kw400_R96_eta0.7,kw_control,96.0,0.7,400,1,1,scaled_0.9,defined,0.14100010961673837,1.176232956450455,0.0,0,0,4.903343010506316e-15
kw400_R96_eta0.7,kw_control,96.0,0.7,400,1,1,scaled_0.925,defined,0.1429869188617255,1.1799378315098372,0.0,0,0,4.903343010506316e-15
kw400_R96_eta0.7,kw_control,96.0,0.7,400,1,1,scaled_0.95,defined,0.14507516363666487,1.1838568481906924,0.0,0,0,4.903343010506316e-15
kw400_R96_eta0.7,kw_control,96.0,0.7,400,1,1,scaled_0.975,defined,0.14727073089733975,1.1880050157779063,0.0,0,0,4.903343010506316e-15
kw400_R96_eta0.7,kw_control,96.0,0.7,400,1,1,scaled_1,defined,0.1495800869287569,1.1923989783720317,0.0,0,0,4.903343010506316e-15
kw400_R96_eta0.7,kw_control,96.0,0.7,400,1,1,scaled_1.025,defined,0.15201035221374076,1.1970572421073162,0.0,0,0,4.903343010506316e-15
kw400_R96_eta0.7,kw_control,96.0,0.7,400,1,1,scaled_1.05,defined,0.15456938996763606,1.202000731013994,0.0,0,0,4.903343010506316e-15
kw400_R96_eta0.7,kw_control,96.0,0.7,400,1,1,scaled_1.075,defined,0.15726591723840447,1.2072554514330236,0.0,0,0,4.903343010506316e-15
kw400_R96_eta0.7,kw_control,96.0,0.7,400,1,1,scaled_1.1,defined,0.16010963279923943,1.2128486663355016,0.0,0,0,4.903343010506316e-15
kw400_R96_eta0.7,kw_control,96.0,0.7,400,1,1,scaled_1.15,defined,0.1662831944778893,1.2251746884563917,0.0,0,0,4.903343010506316e-15
kw400_R96_eta0.7,kw_control,96.0,0.7,400,1,1,scaled_1.2,defined,0.17319351854875398,1.2392860231279046,0.0,0,0,4.903343010506316e-15
kw400_R96_eta0.7,kw_control,96.0,0.7,400,1,1,physical_frozen,defined,0.15086636291677147,1.1945422145800448,0.0,0,0,4.903343010506316e-15
kw400_R96_eta0.7,kw_control,96.0,0.7,400,1,1,physical_common,defined,0.15086636291677147,1.1945422145800448,0.0,0,0,4.903343010506316e-15
kw400_R96_eta0.7,kw_control,96.0,0.7,400,1,1,actual_root,defined,0.15516755651552475,1.2065613172092873,0.0,0,0,4.903343010506316e-15
kw400_R96_eta0.7,kw_control,96.0,0.7,400,1,1,soft_cosine,defined,0.1496521493989182,1.1925117666624505,0.0,0,0,4.903343010506316e-15
kw400_R96_eta0.7,kw_control,96.0,0.7,400,1,2,scaled_0.8,defined,0.098268927151692,1.118087667888547,0.035697524312447826,0,0,4.903343010506316e-15
kw400_R96_eta0.7,kw_control,96.0,0.7,400,1,2,scaled_0.85,defined,0.10396178269921676,1.1288114614476599,0.03334799251807248,0,0,4.903343010506316e-15
kw400_R96_eta0.7,kw_control,96.0,0.7,400,1,2,scaled_0.9,defined,0.11045013337104448,1.1412699514493283,0.03054997624569389,0,0,4.903343010506316e-15
kw400_R96_eta0.7,kw_control,96.0,0.7,400,1,2,scaled_0.925,defined,0.11403726889215093,1.148268382161039,0.028949649969574553,0,0,4.903343010506316e-15
kw400_R96_eta0.7,kw_control,96.0,0.7,400,1,2,scaled_0.95,defined,0.11788206181597193,1.1558598624649377,0.02719310182069294,0,0,4.903343010506316e-15
kw400_R96_eta0.7,kw_control,96.0,0.7,400,1,2,scaled_0.975,defined,0.12201049283355868,1.1641217244517412,0.025260238063781068,0,0,4.903343010506316e-15
kw400_R96_eta0.7,kw_control,96.0,0.7,400,1,2,scaled_1,defined,0.12645278513608438,1.1731400700382588,0.023127301792672528,0,0,4.903343010506316e-15
kw400_R96_eta0.7,kw_control,96.0,0.7,400,1,2,scaled_1.025,defined,0.13124437082325036,1.18302155000453,0.020765981390490407,0,0,4.903343010506316e-15
kw400_R96_eta0.7,kw_control,96.0,0.7,400,1,2,scaled_1.05,defined,0.13642725829692415,1.1939000623522014,0.01814213167071191,0,0,4.903343010506316e-15
kw400_R96_eta0.7,kw_control,96.0,0.7,400,1,2,scaled_1.075,defined,0.14205171381244758,1.2059317496949054,0.01521420342595689,0,0,4.903343010506316e-15
kw400_R96_eta0.7,kw_control,96.0,0.7,400,1,2,scaled_1.1,defined,0.14817867050101874,1.2193238963994661,0.011930962298220688,0,0,4.903343010506316e-15
kw400_R96_eta0.7,kw_control,96.0,0.7,400,1,2,scaled_1.15,defined,0.1622584081179443,1.2512812522820351,0.004024786359944993,0,0,4.903343010506316e-15
kw400_R96_eta0.7,kw_control,96.0,0.7,400,1,2,scaled_1.2,defined,0.1795353621571707,1.292969440046345,-0.00634184360841672,0,0,4.903343010506316e-15
kw400_R96_eta0.7,kw_control,96.0,0.7,400,1,2,physical_frozen,defined,0.1291066545366466,1.1775789681920787,0.021759708380124865,0,0,4.903343010506316e-15
kw400_R96_eta0.7,kw_control,96.0,0.7,400,1,2,physical_common,defined,0.093496328353572,1.0976125974560074,0.057370034563199473,0,0,4.903343010506316e-15
kw400_R96_eta0.7,kw_control,96.0,0.7,400,1,2,actual_root,defined,0.13736472501812066,1.2031802141234982,0.01780283149740408,0,0,4.903343010506316e-15
kw400_R96_eta0.7,kw_control,96.0,0.7,400,1,2,soft_cosine,defined,0.1265777843354995,1.1734446021945293,0.0230743650634187,0,0,4.903343010506316e-15
kw400_R96_eta0.7,kw_control,96.0,0.7,400,1,4,scaled_0.8,defined,0.03111422661779706,1.0368927112752528,0.10285222484634277,0,0,4.903343010506316e-15
kw400_R96_eta0.7,kw_control,96.0,0.7,400,1,4,scaled_0.85,defined,0.038801085752661175,1.052736165047089,0.09850868946462807,0,0,4.903343010506316e-15
kw400_R96_eta0.7,kw_control,96.0,0.7,400,1,4,scaled_0.9,defined,0.048134737001560554,1.0725459697216955,0.09286537261517781,0,0,4.903343010506316e-15
kw400_R96_eta0.7,kw_control,96.0,0.7,400,1,4,scaled_0.925,defined,0.05357036204322583,1.0843886367710183,0.08941655681849967,0,0,4.903343010506316e-15
kw400_R96_eta0.7,kw_control,96.0,0.7,400,1,4,scaled_0.95,defined,0.05962758111256399,1.097868261888416,0.08544758252410087,0,0,4.903343010506316e-15
kw400_R96_eta0.7,kw_control,96.0,0.7,400,1,4,scaled_0.975,defined,0.06641481256219589,1.1133384320424369,0.08085591833514386,0,0,4.903343010506316e-15
kw400_R96_eta0.7,kw_control,96.0,0.7,400,1,4,scaled_1,defined,0.07407208240648677,1.1312780024303428,0.07550800452227013,0,0,4.903343010506316e-15
kw400_R96_eta0.7,kw_control,96.0,0.7,400,1,4,scaled_1.025,defined,0.08278518849076533,1.1523497051860594,0.06922516372297544,0,0,4.903343010506316e-15
kw400_R96_eta0.7,kw_control,96.0,0.7,400,1,4,scaled_1.05,defined,0.09280912761349874,1.1775008785521206,0.06176026235413731,0,0,4.903343010506316e-15
kw400_R96_eta0.7,kw_control,96.0,0.7,400,1,4,scaled_1.075,defined,0.10450853795339787,1.20815566480949,0.052757379285006595,0,0,4.903343010506316e-15
kw400_R96_eta0.7,kw_control,96.0,0.7,400,1,4,scaled_1.1,defined,0.11843263960253464,1.2465853496787682,0.04167699319670479,0,0,4.903343010506316e-15
kw400_R96_eta0.7,kw_control,96.0,0.7,400,1,4,scaled_1.15,defined,0.15717174235153455,1.3662428558126158,0.009111452126354752,0,0,4.903343010506316e-15
kw400_R96_eta0.7,kw_control,96.0,0.7,400,1,4,scaled_1.2,defined,0.23245959948874462,1.6953782855355706,-0.05926608093999064,0,0,4.903343010506316e-15
kw400_R96_eta0.7,kw_control,96.0,0.7,400,1,4,physical_frozen,defined,0.0794175500819923,1.1402808301794125,0.07144881283477916,0,0,4.903343010506316e-15
kw400_R96_eta0.7,kw_control,96.0,0.7,400,1,4,physical_common,defined,0.02758944067557066,0.9961041966882533,0.1232769222412008,0,0,4.903343010506316e-15
kw400_R96_eta0.7,kw_control,96.0,0.7,400,1,4,actual_root,defined,0.09385902493719955,1.1969002527592503,0.06130853157832519,0,0,4.903343010506316e-15
kw400_R96_eta0.7,kw_control,96.0,0.7,400,1,4,soft_cosine,defined,0.07444977124555223,1.1323514555958956,0.07520237815336596,0,0,4.903343010506316e-15
kw800_R24_eta0.35,kw_control,24.0,0.35,800,1,1,scaled_0.8,defined,-0.01719064207021548,0.9492004116382304,0.0,0,0,2.2042931242885458e-12
kw800_R24_eta0.35,kw_control,24.0,0.35,800,1,1,scaled_0.85,defined,-0.017525897696011285,0.9513401130936967,0.0,0,0,2.2042931242885458e-12
kw800_R24_eta0.35,kw_control,24.0,0.35,800,1,1,scaled_0.9,defined,-0.01786802001898859,0.9538790943255175,0.0,0,0,2.2042931242885458e-12
kw800_R24_eta0.35,kw_control,24.0,0.35,800,1,1,scaled_0.925,defined,-0.018041798565224587,0.9553219716007523,0.0,0,0,2.2042931242885458e-12
kw800_R24_eta0.35,kw_control,24.0,0.35,800,1,1,scaled_0.95,defined,-0.018217622367300422,0.9568952161276536,0.0,0,0,2.2042931242885458e-12
kw800_R24_eta0.35,kw_control,24.0,0.35,800,1,1,scaled_0.975,defined,-0.018395787634163253,0.9586115511389331,0.0,0,0,2.2042931242885458e-12
kw800_R24_eta0.35,kw_control,24.0,0.35,800,1,1,scaled_1,defined,-0.018576704772872342,0.9604852617696735,0.0,0,0,2.2042931242885458e-12
kw800_R24_eta0.35,kw_control,24.0,0.35,800,1,1,scaled_1.025,defined,-0.01876091414514232,0.9625324520961206,0.0,0,0,2.2042931242885458e-12
kw800_R24_eta0.35,kw_control,24.0,0.35,800,1,1,scaled_1.05,defined,-0.018949102765249304,0.9647713559186893,0.0,0,0,2.2042931242885458e-12
kw800_R24_eta0.35,kw_control,24.0,0.35,800,1,1,scaled_1.075,defined,-0.019142121391088195,0.9672227182019753,0.0,0,0,2.2042931242885458e-12
kw800_R24_eta0.35,kw_control,24.0,0.35,800,1,1,scaled_1.1,defined,-0.01934100102274022,0.9699102620721941,0.0,0,0,2.2042931242885458e-12
kw800_R24_eta0.35,kw_control,24.0,0.35,800,1,1,scaled_1.15,defined,-0.01976145316416522,0.9761073717507021,0.0,0,0,2.2042931242885458e-12
kw800_R24_eta0.35,kw_control,24.0,0.35,800,1,1,scaled_1.2,defined,-0.02022272663952708,0.9836420051083755,0.0,0,0,2.2042931242885458e-12
kw800_R24_eta0.35,kw_control,24.0,0.35,800,1,1,physical_frozen,defined,-0.01684754043466992,0.9628804219891918,0.0,0,0,2.2042931242885458e-12
kw800_R24_eta0.35,kw_control,24.0,0.35,800,1,1,physical_common,defined,-0.01684754043466992,0.9628804219891918,0.0,0,0,2.2042931242885458e-12
kw800_R24_eta0.35,kw_control,24.0,0.35,800,1,1,actual_root,defined,-0.018848293500671964,0.9634512371250435,0.0,0,0,2.2042931242885458e-12
kw800_R24_eta0.35,kw_control,24.0,0.35,800,1,1,soft_cosine,defined,-0.018573134518916443,0.960688645544117,0.0,0,0,2.2042931242885458e-12
kw800_R24_eta0.35,kw_control,24.0,0.35,800,1,2,scaled_0.8,defined,-0.08269290464602363,0.8942238864237411,0.06550226257580816,0,0,2.2042931242885458e-12
kw800_R24_eta0.35,kw_control,24.0,0.35,800,1,2,scaled_0.85,defined,-0.08687280236078987,0.8947329508177169,0.06934690466477858,0,0,2.2042931242885458e-12
kw800_R24_eta0.35,kw_control,24.0,0.35,800,1,2,scaled_0.9,defined,-0.09142389752383535,0.896090548813227,0.07355587750484677,0,0,2.2042931242885458e-12
kw800_R24_eta0.35,kw_control,24.0,0.35,800,1,2,scaled_0.925,defined,-0.09385999424276723,0.8971794949900421,0.07581819567754264,0,0,2.2042931242885458e-12
kw800_R24_eta0.35,kw_control,24.0,0.35,800,1,2,scaled_0.95,defined,-0.09641817974253268,0.8986046393522599,0.07820055737523227,0,0,2.2042931242885458e-12
kw800_R24_eta0.35,kw_control,24.0,0.35,800,1,2,scaled_0.975,defined,-0.09911267582234477,0.9004248584576483,0.08071688818818151,0,0,2.2042931242885458e-12
kw800_R24_eta0.35,kw_control,24.0,0.35,800,1,2,scaled_1,defined,-0.10196058875003267,0.9027120451257232,0.08338388397716032,0,0,2.2042931242885458e-12
kw800_R24_eta0.35,kw_control,24.0,0.35,800,1,2,scaled_1.025,defined,-0.10498243977022718,0.9055548067987356,0.08622152562508487,0,0,2.2042931242885458e-12
kw800_R24_eta0.35,kw_control,24.0,0.35,800,1,2,scaled_1.05,defined,-0.10820276191864393,0.9090639479322998,0.08925365915339463,0,0,2.2042931242885458e-12
kw800_R24_eta0.35,kw_control,24.0,0.35,800,1,2,scaled_1.075,defined,-0.1116507321259621,0.9133806155191638,0.0925086107348739,0,0,2.2042931242885458e-12
kw800_R24_eta0.35,kw_control,24.0,0.35,800,1,2,scaled_1.1,defined,-0.11536076235557073,0.9186882324273452,0.09601976133283051,0,0,2.2042931242885458e-12
kw800_R24_eta0.35,kw_control,24.0,0.35,800,1,2,scaled_1.15,defined,-0.12373252058503836,0.9333453243106287,0.10397106742087314,0,0,2.2042931242885458e-12
kw800_R24_eta0.35,kw_control,24.0,0.35,800,1,2,scaled_1.2,defined,-0.1336900305083184,0.9564279887171587,0.11346730386879132,0,0,2.2042931242885458e-12
kw800_R24_eta0.35,kw_control,24.0,0.35,800,1,2,physical_frozen,defined,-0.09975192561030832,0.9050808185887739,0.0829043851756384,0,0,2.2042931242885458e-12
kw800_R24_eta0.35,kw_control,24.0,0.35,800,1,2,physical_common,defined,-0.02771535878922926,0.9254667184429826,0.010867818354559342,0,0,2.2042931242885458e-12
kw800_R24_eta0.35,kw_control,24.0,0.35,800,1,2,actual_root,defined,-0.10562171295573015,0.9050983401802197,0.08677341945505819,5,30,2.2042931242885458e-12
kw800_R24_eta0.35,kw_control,24.0,0.35,800,1,2,soft_cosine,defined,-0.10202454380632582,0.9029453609366197,0.08345140928740938,0,0,2.2042931242885458e-12
kw800_R24_eta0.35,kw_control,24.0,0.35,800,1,4,scaled_0.8,defined,-0.20114736501184605,0.8052083817080478,0.18395672294163057,0,0,2.2042931242885458e-12
kw800_R24_eta0.35,kw_control,24.0,0.35,800,1,4,scaled_0.85,defined,-0.22195407306108766,0.7921005249982568,0.20442817536507638,0,0,2.2042931242885458e-12
kw800_R24_eta0.35,kw_control,24.0,0.35,800,1,4,scaled_0.9,defined,-0.2452729290496986,0.7800864284893102,0.22740490903071,0,0,2.2042931242885458e-12
kw800_R24_eta0.35,kw_control,24.0,0.35,800,1,4,scaled_0.925,defined,-0.2581183345066081,0.7747309309123065,0.2400765359413835,0,0,2.2042931242885458e-12
kw800_R24_eta0.35,kw_control,24.0,0.35,800,1,4,scaled_0.95,defined,-0.271938879064598,0.7699923670200817,0.2537212566972976,0,0,2.2042931242885458e-12
kw800_R24_eta0.35,kw_control,24.0,0.35,800,1,4,scaled_0.975,defined,-0.286921389914911,0.7660655836481433,0.26852560228074773,0,0,2.2042931242885458e-12
kw800_R24_eta0.35,kw_control,24.0,0.35,800,1,4,scaled_1,defined,-0.3033056316136847,0.7632232219404046,0.28472892684081236,0,0,2.2042931242885458e-12
kw800_R24_eta0.35,kw_control,24.0,0.35,800,1,4,scaled_1.025,defined,-0.3214003792610469,0.7618633849686862,0.3026394651159046,0,0,2.2042931242885458e-12
kw800_R24_eta0.35,kw_control,24.0,0.35,800,1,4,scaled_1.05,defined,-0.3416035051159585,0.7626035917837073,0.3226544023507092,0,0,2.2042931242885458e-12
kw800_R24_eta0.35,kw_control,24.0,0.35,800,1,4,scaled_1.075,defined,-0.3644249469153936,0.7664793650868722,0.34528282552430545,0,0,2.2042931242885458e-12
kw800_R24_eta0.35,kw_control,24.0,0.35,800,1,4,scaled_1.1,defined,-0.3905048458923651,0.7754217938972152,0.3711638448696249,0,0,2.2042931242885458e-12
kw800_R24_eta0.35,kw_control,24.0,0.35,800,1,4,scaled_1.15,defined,-0.45532118818605083,0.8336152374529191,0.4355597350218856,0,0,2.2042931242885458e-12
kw800_R24_eta0.35,kw_control,24.0,0.35,800,1,4,scaled_1.2,defined,-0.3953039538913623,1.852456494092597,0.37508122725183524,0,0,2.2042931242885458e-12
kw800_R24_eta0.35,kw_control,24.0,0.35,800,1,4,physical_frozen,defined,-0.3013015979464276,0.7572093035451893,0.2844540575117577,0,0,2.2042931242885458e-12
kw800_R24_eta0.35,kw_control,24.0,0.35,800,1,4,physical_common,defined,0.03240923325433406,0.9975567608258883,-0.04925677368900398,0,0,2.2042931242885458e-12
kw800_R24_eta0.35,kw_control,24.0,0.35,800,1,4,actual_root,defined,-0.3192668461302241,0.7633549119332097,0.30041855262955214,5,33,2.2042931242885458e-12
kw800_R24_eta0.35,kw_control,24.0,0.35,800,1,4,soft_cosine,defined,-0.3038761728127912,0.7637980856736852,0.28530303829387477,0,0,2.2042931242885458e-12
kw800_R24_eta0.7,kw_control,24.0,0.7,800,1,1,scaled_0.8,defined,-0.019761089556845635,1.0228318686907825,0.0,0,0,9.026009803741101e-15
kw800_R24_eta0.7,kw_control,24.0,0.7,800,1,1,scaled_0.85,defined,-0.016112202222178462,1.031204068323308,0.0,0,0,9.026009803741101e-15
kw800_R24_eta0.7,kw_control,24.0,0.7,800,1,1,scaled_0.9,defined,-0.012045237726018208,1.040697578175803,0.0,0,0,9.026009803741101e-15
kw800_R24_eta0.7,kw_control,24.0,0.7,800,1,1,scaled_0.925,defined,-0.009838521639861098,1.0459199651257551,0.0,0,0,9.026009803741101e-15
kw800_R24_eta0.7,kw_control,24.0,0.7,800,1,1,scaled_0.95,defined,-0.007506127768573734,1.0514940635838539,0.0,0,0,9.026009803741101e-15
kw800_R24_eta0.7,kw_control,24.0,0.7,800,1,1,scaled_0.975,defined,-0.005039338530572257,1.0574526500899284,0.0,0,0,9.026009803741101e-15
kw800_R24_eta0.7,kw_control,24.0,0.7,800,1,1,scaled_1,defined,-0.0024284006779960766,1.0638310389732633,0.0,0,0,9.026009803741101e-15
kw800_R24_eta0.7,kw_control,24.0,0.7,800,1,1,scaled_1.025,defined,0.000337630928997213,1.07066792058002,0.0,0,0,9.026009803741101e-15
kw800_R24_eta0.7,kw_control,24.0,0.7,800,1,1,scaled_1.05,defined,0.0032710965788285582,1.0780077225276288,0.0,0,0,9.026009803741101e-15
kw800_R24_eta0.7,kw_control,24.0,0.7,800,1,1,scaled_1.075,defined,0.006386009005749794,1.0859061833695272,0.0,0,0,9.026009803741101e-15
kw800_R24_eta0.7,kw_control,24.0,0.7,800,1,1,scaled_1.1,defined,0.009698381897977405,1.0944232481891993,0.0,0,0,9.026009803741101e-15
kw800_R24_eta0.7,kw_control,24.0,0.7,800,1,1,scaled_1.15,defined,0.016991931959188245,1.1136060635451923,0.0,0,0,9.026009803741101e-15
kw800_R24_eta0.7,kw_control,24.0,0.7,800,1,1,scaled_1.2,defined,0.025337721045085224,1.1362937604479189,0.0,0,0,9.026009803741101e-15
kw800_R24_eta0.7,kw_control,24.0,0.7,800,1,1,physical_frozen,defined,0.0050105704804021215,1.0755594698710484,0.0,0,0,9.026009803741101e-15
kw800_R24_eta0.7,kw_control,24.0,0.7,800,1,1,physical_common,defined,0.0050105704804021215,1.0755594698710484,0.0,0,0,9.026009803741101e-15
kw800_R24_eta0.7,kw_control,24.0,0.7,800,1,1,actual_root,defined,0.009986726918620724,1.1038779973677824,0.0,0,0,9.026009803741101e-15
kw800_R24_eta0.7,kw_control,24.0,0.7,800,1,1,soft_cosine,defined,-0.002350851603605486,1.0640704336848865,0.0,0,0,9.026009803741101e-15
kw800_R24_eta0.7,kw_control,24.0,0.7,800,1,2,scaled_0.8,defined,-0.11077367747035456,0.9293893601044767,0.09101258791350893,0,0,9.026009803741101e-15
kw800_R24_eta0.7,kw_control,24.0,0.7,800,1,2,scaled_0.85,defined,-0.10717237290584314,0.9413451701947465,0.09106017068366468,0,0,9.026009803741101e-15
kw800_R24_eta0.7,kw_control,24.0,0.7,800,1,2,scaled_0.9,defined,-0.10286848182280459,0.9558506928973092,0.09082324409678638,0,0,9.026009803741101e-15
kw800_R24_eta0.7,kw_control,24.0,0.7,800,1,2,scaled_0.925,defined,-0.10040156492239583,0.9642836458543098,0.09056304328253473,0,0,9.026009803741101e-15
kw800_R24_eta0.7,kw_control,24.0,0.7,800,1,2,scaled_0.95,defined,-0.09768962013475013,0.973656330272114,0.0901834923661764,0,0,9.026009803741101e-15
kw800_R24_eta0.7,kw_control,24.0,0.7,800,1,2,scaled_0.975,defined,-0.0946997785528636,0.9841161437722716,0.08966044002229134,0,0,9.026009803741101e-15
kw800_R24_eta0.7,kw_control,24.0,0.7,800,1,2,scaled_1,defined,-0.09139191599135899,0.9958469318171124,0.08896351531336291,0,0,9.026009803741101e-15
kw800_R24_eta0.7,kw_control,24.0,0.7,800,1,2,scaled_1.025,defined,-0.08771634417319729,1.009072418336021,0.08805397510219451,0,0,9.026009803741101e-15
kw800_R24_eta0.7,kw_control,24.0,0.7,800,1,2,scaled_1.05,defined,-0.08361035716079512,1.0240845883602485,0.08688145373962368,0,0,9.026009803741101e-15
kw800_R24_eta0.7,kw_control,24.0,0.7,800,1,2,scaled_1.075,defined,-0.07899331712109348,1.0412552805035602,0.08537932612684326,0,0,9.026009803741101e-15
kw800_R24_eta0.7,kw_control,24.0,0.7,800,1,2,scaled_1.1,defined,-0.07375914202552658,1.0610782873596345,0.08345752392350399,0,0,9.026009803741101e-15
kw800_R24_eta0.7,kw_control,24.0,0.7,800,1,2,scaled_1.15,defined,-0.06081209338198024,1.1116342592560096,0.07780402534116848,0,0,9.026009803741101e-15
kw800_R24_eta0.7,kw_control,24.0,0.7,800,1,2,scaled_1.2,defined,-0.04275643421190045,1.1853681034648154,0.06809415525698567,0,0,9.026009803741101e-15
kw800_R24_eta0.7,kw_control,24.0,0.7,800,1,2,physical_frozen,defined,-0.07722470703970608,1.0177562750877043,0.0822352775201082,0,0,9.026009803741101e-15
kw800_R24_eta0.7,kw_control,24.0,0.7,800,1,2,physical_common,defined,-0.07191376138043556,0.9356901001427145,0.07692433186083769,0,0,9.026009803741101e-15
kw800_R24_eta0.7,kw_control,24.0,0.7,800,1,2,actual_root,defined,-0.07430674625522538,1.0755012349686597,0.0842934731738461,0,34,9.026009803741101e-15
kw800_R24_eta0.7,kw_control,24.0,0.7,800,1,2,soft_cosine,defined,-0.09127321870686955,0.9962569622116778,0.08892236710326407,0,0,9.026009803741101e-15
kw800_R24_eta0.7,kw_control,24.0,0.7,800,1,4,scaled_0.8,defined,-0.27513478524599455,0.7757455074528377,0.2553736956891489,0,0,9.026009803741101e-15
kw800_R24_eta0.7,kw_control,24.0,0.7,800,1,4,scaled_0.85,defined,-0.28052957492253855,0.7838617191395716,0.2644173727003601,0,0,9.026009803741101e-15
kw800_R24_eta0.7,kw_control,24.0,0.7,800,1,4,scaled_0.9,defined,-0.2857328292476732,0.7969209643521468,0.27368759152165495,0,0,9.026009803741101e-15
kw800_R24_eta0.7,kw_control,24.0,0.7,800,1,4,scaled_0.925,defined,-0.28819807097169536,0.8060444776721273,0.27835954933183427,0,0,9.026009803741101e-15
kw800_R24_eta0.7,kw_control,24.0,0.7,800,1,4,scaled_0.95,defined,-0.29051634080433975,0.8174978311817136,0.283010213035766,0,0,9.026009803741101e-15
kw800_R24_eta0.7,kw_control,24.0,0.7,800,1,4,scaled_0.975,defined,-0.29261907346881844,0.83194240782973,0.2875797349382462,0,0,9.026009803741101e-15
kw800_R24_eta0.7,kw_control,24.0,0.7,800,1,4,scaled_1,defined,-0.29439780292244255,0.8503392646440339,0.29196940224444645,0,0,9.026009803741101e-15
kw800_R24_eta0.7,kw_control,24.0,0.7,800,1,4,scaled_1.025,defined,-0.29567244697774564,0.8741331549512552,0.29601007790674283,0,0,9.026009803741101e-15
kw800_R24_eta0.7,kw_control,24.0,0.7,800,1,4,scaled_1.05,defined,-0.29612794887929517,0.9056393153930654,0.29939904545812374,0,0,9.026009803741101e-15
kw800_R24_eta0.7,kw_control,24.0,0.7,800,1,4,scaled_1.075,defined,-0.29517788964046443,0.9488668513523866,0.30156389864621425,0,0,9.026009803741101e-15
kw800_R24_eta0.7,kw_control,24.0,0.7,800,1,4,scaled_1.1,defined,-0.2916389342107706,1.0115040959220394,0.301337316108748,0,0,9.026009803741101e-15
kw800_R24_eta0.7,kw_control,24.0,0.7,800,1,4,scaled_1.15,defined,-0.26175125069383764,1.2861200898240523,0.2787431826530259,0,0,9.026009803741101e-15
kw800_R24_eta0.7,kw_control,24.0,0.7,800,1,4,scaled_1.2,defined,-0.11891076808901957,1.7539390653122862,0.1442484891341048,0,0,9.026009803741101e-15
kw800_R24_eta0.7,kw_control,24.0,0.7,800,1,4,physical_frozen,defined,-0.26826783035762714,0.886690115532443,0.27327840083802923,0,0,9.026009803741101e-15
kw800_R24_eta0.7,kw_control,24.0,0.7,800,1,4,physical_common,defined,-0.11409702831629263,0.862642546178212,0.11910759879669476,0,0,9.026009803741101e-15
kw800_R24_eta0.7,kw_control,24.0,0.7,800,1,4,actual_root,defined,-0.2921884326515507,1.056589472299193,0.30217515957017144,3,38,9.026009803741101e-15
kw800_R24_eta0.7,kw_control,24.0,0.7,800,1,4,soft_cosine,defined,-0.29440506660586685,0.851956448211546,0.29205421500226136,0,0,9.026009803741101e-15
kw800_R256_eta0.35,kw_control,256.0,0.35,800,1,1,scaled_0.8,defined,0.09474080452538407,1.0460691068971055,0.0,0,0,2.9110877487608735e-17
kw800_R256_eta0.35,kw_control,256.0,0.35,800,1,1,scaled_0.85,defined,0.09562425486741719,1.0476173417183874,0.0,0,0,2.9110877487608735e-17
kw800_R256_eta0.35,kw_control,256.0,0.35,800,1,1,scaled_0.9,defined,0.09659559484880179,1.0493351830045083,0.0,0,0,2.9110877487608735e-17
kw800_R256_eta0.35,kw_control,256.0,0.35,800,1,1,scaled_0.925,defined,0.09711675317081869,1.0502638043865697,0.0,0,0,2.9110877487608735e-17
kw800_R256_eta0.35,kw_control,256.0,0.35,800,1,1,scaled_0.95,defined,0.09766307463662027,1.0512426771139831,0.0,0,0,2.9110877487608735e-17
kw800_R256_eta0.35,kw_control,256.0,0.35,800,1,1,scaled_0.975,defined,0.09823579668864074,1.05227495735433,0.0,0,0,2.9110877487608735e-17
kw800_R256_eta0.35,kw_control,256.0,0.35,800,1,1,scaled_1,defined,0.09883625377443053,1.0533640841171388,0.0,0,0,2.9110877487608735e-17
kw800_R256_eta0.35,kw_control,256.0,0.35,800,1,1,scaled_1.025,defined,0.09946588648208024,1.0545138422689855,0.0,0,0,2.9110877487608735e-17
kw800_R256_eta0.35,kw_control,256.0,0.35,800,1,1,scaled_1.05,defined,0.10012625182700599,1.0557284069210664,0.0,0,0,2.9110877487608735e-17
kw800_R256_eta0.35,kw_control,256.0,0.35,800,1,1,scaled_1.075,defined,0.10081903473834544,1.0570123949913854,0.0,0,0,2.9110877487608735e-17
kw800_R256_eta0.35,kw_control,256.0,0.35,800,1,1,scaled_1.1,defined,0.10154606098131391,1.058370925447734,0.0,0,0,2.9110877487608735e-17
kw800_R256_eta0.35,kw_control,256.0,0.35,800,1,1,scaled_1.15,defined,0.10311094030336751,1.0613350361635023,0.0,0,0,2.9110877487608735e-17
kw800_R256_eta0.35,kw_control,256.0,0.35,800,1,1,scaled_1.2,defined,0.10483891693144216,1.0646747526660685,0.0,0,0,2.9110877487608735e-17
kw800_R256_eta0.35,kw_control,256.0,0.35,800,1,1,physical_frozen,defined,0.09895708250388177,1.0535386358676657,0.0,0,0,2.9110877487608735e-17
kw800_R256_eta0.35,kw_control,256.0,0.35,800,1,1,physical_common,defined,0.09895708250388177,1.0535386358676657,0.0,0,0,2.9110877487608735e-17
kw800_R256_eta0.35,kw_control,256.0,0.35,800,1,1,actual_root,defined,0.0992237054175451,1.0542410499569903,0.0,0,0,2.9110877487608735e-17
kw800_R256_eta0.35,kw_control,256.0,0.35,800,1,1,soft_cosine,defined,0.09884779348393968,1.053388461552826,0.0,0,0,2.9110877487608735e-17
kw800_R256_eta0.35,kw_control,256.0,0.35,800,1,2,scaled_0.8,defined,0.08375770327304521,1.0336332749288726,0.010983101252338853,0,0,2.9110877487608735e-17
kw800_R256_eta0.35,kw_control,256.0,0.35,800,1,2,scaled_0.85,defined,0.08520960416060686,1.0363740496401221,0.01041465070681033,0,0,2.9110877487608735e-17
kw800_R256_eta0.35,kw_control,256.0,0.35,800,1,2,scaled_0.9,defined,0.08685496733232989,1.0395362159311305,0.009740627516471895,0,0,2.9110877487608735e-17
kw800_R256_eta0.35,kw_control,256.0,0.35,800,1,2,scaled_0.925,defined,0.08775922064374952,1.0413009076109614,0.009357532527069168,0,0,2.9110877487608735e-17
kw800_R256_eta0.35,kw_control,256.0,0.35,800,1,2,scaled_0.95,defined,0.0887234324261604,1.0432046032536706,0.00893964221045987,0,0,2.9110877487608735e-17
kw800_R256_eta0.35,kw_control,256.0,0.35,800,1,2,scaled_0.975,defined,0.08975235228063205,1.045262089849137,0.008483444408008689,0,0,2.9110877487608735e-17
kw800_R256_eta0.35,kw_control,256.0,0.35,800,1,2,scaled_1,defined,0.09085125726579703,1.0474904738598048,0.007984996508633505,0,0,2.9110877487608735e-17
kw800_R256_eta0.35,kw_control,256.0,0.35,800,1,2,scaled_1.025,defined,0.09202602606127619,1.0499096673216421,0.007439860420804051,0,0,2.9110877487608735e-17
kw800_R256_eta0.35,kw_control,256.0,0.35,800,1,2,scaled_1.05,defined,0.0932832267359691,1.0525433676229088,0.006843025091036889,0,0,2.9110877487608735e-17
kw800_R256_eta0.35,kw_control,256.0,0.35,800,1,2,scaled_1.075,defined,0.0946302222230978,1.0554196785199192,0.006188812515247638,0,0,2.9110877487608735e-17
kw800_R256_eta0.35,kw_control,256.0,0.35,800,1,2,scaled_1.1,defined,0.09607529377338996,1.0585716491567552,0.005470767207923957,0,0,2.9110877487608735e-17
kw800_R256_eta0.35,kw_control,256.0,0.35,800,1,2,scaled_1.15,defined,0.09929831162450486,1.0658699392190853,0.003812628678862645,0,0,2.9110877487608735e-17
kw800_R256_eta0.35,kw_control,256.0,0.35,800,1,2,scaled_1.2,defined,0.10304350341267465,1.0748738238321776,0.0017954135187675108,0,0,2.9110877487608735e-17
kw800_R256_eta0.35,kw_control,256.0,0.35,800,1,2,physical_frozen,defined,0.09109868756161088,1.0478501393971016,0.007858394942270891,0,0,2.9110877487608735e-17
kw800_R256_eta0.35,kw_control,256.0,0.35,800,1,2,physical_common,defined,0.08338419008512643,1.0287240054301643,0.01557289241875534,0,0,2.9110877487608735e-17
kw800_R256_eta0.35,kw_control,256.0,0.35,800,1,2,actual_root,defined,0.09153847967909903,1.0492025153998816,0.007685225738446072,0,0,2.9110877487608735e-17
kw800_R256_eta0.35,kw_control,256.0,0.35,800,1,2,soft_cosine,defined,0.09087950319581428,1.047560659151486,0.007968290288125401,0,0,2.9110877487608735e-17
kw800_R256_eta0.35,kw_control,256.0,0.35,800,1,4,scaled_0.8,defined,0.0627779765208273,1.0104200325636437,0.03196282800455677,0,0,2.9110877487608735e-17
kw800_R256_eta0.35,kw_control,256.0,0.35,800,1,4,scaled_0.85,defined,0.06446822908018668,1.0143845187295646,0.031156025787230507,0,0,2.9110877487608735e-17
kw800_R256_eta0.35,kw_control,256.0,0.35,800,1,4,scaled_0.9,defined,0.06653576815123778,1.0193600983289632,0.030059826697564004,0,0,2.9110877487608735e-17
kw800_R256_eta0.35,kw_control,256.0,0.35,800,1,4,scaled_0.925,defined,0.06773788458535909,1.022327923500835,0.0293788685854596,0,0,2.9110877487608735e-17
kw800_R256_eta0.35,kw_control,256.0,0.35,800,1,4,scaled_0.95,defined,0.06906941434149355,1.025687799039443,0.02859366029512672,0,0,2.9110877487608735e-17
kw800_R256_eta0.35,kw_control,256.0,0.35,800,1,4,scaled_0.975,defined,0.07054542778502504,1.0295111221588962,0.027690368903615703,0,0,2.9110877487608735e-17
kw800_R256_eta0.35,kw_control,256.0,0.35,800,1,4,scaled_1,defined,0.07218308723712541,1.033887720386002,0.026653166537305123,0,0,2.9110877487608735e-17
kw800_R256_eta0.35,kw_control,256.0,0.35,800,1,4,scaled_1.025,defined,0.07400199474879361,1.0389325067046844,0.025463891733286628,0,0,2.9110877487608735e-17
kw800_R256_eta0.35,kw_control,256.0,0.35,800,1,4,scaled_1.05,defined,0.07602462306468245,1.044796117810311,0.024101628762323538,0,0,2.9110877487608735e-17
kw800_R256_eta0.35,kw_control,256.0,0.35,800,1,4,scaled_1.075,defined,0.07827687960753349,1.0516808839425271,0.022542155130811953,0,0,2.9110877487608735e-17
kw800_R256_eta0.35,kw_control,256.0,0.35,800,1,4,scaled_1.1,defined,0.08078894675627296,1.0598708832042518,0.02075711422504095,0,0,2.9110877487608735e-17
kw800_R256_eta0.35,kw_control,256.0,0.35,800,1,4,scaled_1.15,defined,0.08674478439947528,1.0819827287996264,0.016366155903892232,0,0,2.9110877487608735e-17
kw800_R256_eta0.35,kw_control,256.0,0.35,800,1,4,scaled_1.2,defined,0.09433896270375985,1.117877321163874,0.01049995422768231,0,0,2.9110877487608735e-17
kw800_R256_eta0.35,kw_control,256.0,0.35,800,1,4,physical_frozen,defined,0.07267113841820397,1.034604796378729,0.026285944085677804,0,0,2.9110877487608735e-17
kw800_R256_eta0.35,kw_control,256.0,0.35,800,1,4,physical_common,defined,0.06643043704538082,1.0031280979662418,0.03252664545850095,0,0,2.9110877487608735e-17
kw800_R256_eta0.35,kw_control,256.0,0.35,800,1,4,actual_root,defined,0.07315449351851155,1.036981143142205,0.02606921189903355,0,0,2.9110877487608735e-17
kw800_R256_eta0.35,kw_control,256.0,0.35,800,1,4,soft_cosine,defined,0.07224923671076022,1.034131155684077,0.02659855677317946,0,0,2.9110877487608735e-17
kw800_R256_eta0.7,kw_control,256.0,0.7,800,1,1,scaled_0.8,defined,0.19034886404169277,1.2176333021695396,0.0,0,0,4.0692808986122296e-19
kw800_R256_eta0.7,kw_control,256.0,0.7,800,1,1,scaled_0.85,defined,0.19281403223476867,1.22196952127194,0.0,0,0,4.0692808986122296e-19
kw800_R256_eta0.7,kw_control,256.0,0.7,800,1,1,scaled_0.9,defined,0.1955267071132678,1.2267735275702183,0.0,0,0,4.0692808986122296e-19
kw800_R256_eta0.7,kw_control,256.0,0.7,800,1,1,scaled_0.925,defined,0.19698359734561532,1.2293687034511953,0.0,0,0,4.0692808986122296e-19
kw800_R256_eta0.7,kw_control,256.0,0.7,800,1,1,scaled_0.95,defined,0.19851221106155287,1.2321033476395953,0.0,0,0,4.0692808986122296e-19
kw800_R256_eta0.7,kw_control,256.0,0.7,800,1,1,scaled_0.975,defined,0.20011646993854462,1.2349862876862467,0.0,0,0,4.0692808986122296e-19
kw800_R256_eta0.7,kw_control,256.0,0.7,800,1,1,scaled_1,defined,0.20180066519852966,1.2380272561002368,0.0,0,0,4.0692808986122296e-19
kw800_R256_eta0.7,kw_control,256.0,0.7,800,1,1,scaled_1.025,defined,0.20356950218971712,1.2412370078004604,0.0,0,0,4.0692808986122296e-19
kw800_R256_eta0.7,kw_control,256.0,0.7,800,1,1,scaled_1.05,defined,0.20542815132057438,1.244627456794813,0.0,0,0,4.0692808986122296e-19
kw800_R256_eta0.7,kw_control,256.0,0.7,800,1,1,scaled_1.075,defined,0.20738230720361517,1.2482118358139465,0.0,0,0,4.0692808986122296e-19
kw800_R256_eta0.7,kw_control,256.0,0.7,800,1,1,scaled_1.1,defined,0.20943825776825867,1.2520051916266763,0.0,0,0,4.0692808986122296e-19
kw800_R256_eta0.7,kw_control,256.0,0.7,800,1,1,scaled_1.15,defined,0.21388418492312833,1.2602929446724132,0.0,0,0,4.0692808986122296e-19
kw800_R256_eta0.7,kw_control,256.0,0.7,800,1,1,scaled_1.2,defined,0.21883164674501338,1.2696543596715482,0.0,0,0,4.0692808986122296e-19
kw800_R256_eta0.7,kw_control,256.0,0.7,800,1,1,physical_frozen,defined,0.20213714652372872,1.238596015708138,0.0,0,0,4.0692808986122296e-19
kw800_R256_eta0.7,kw_control,256.0,0.7,800,1,1,physical_common,defined,0.20213714652372872,1.238596015708138,0.0,0,0,4.0692808986122296e-19
kw800_R256_eta0.7,kw_control,256.0,0.7,800,1,1,actual_root,defined,0.20431790588580157,1.2440615383831743,0.0,0,0,4.0692808986122296e-19
kw800_R256_eta0.7,kw_control,256.0,0.7,800,1,1,soft_cosine,defined,0.20183243042667054,1.2380908232502326,0.0,0,0,4.0692808986122296e-19
kw800_R256_eta0.7,kw_control,256.0,0.7,800,1,2,scaled_0.8,defined,0.17062806422443302,1.1899893878842729,0.019720799817259743,0,0,4.0692808986122296e-19
kw800_R256_eta0.7,kw_control,256.0,0.7,800,1,2,scaled_0.85,defined,0.17520074123956406,1.1980730125488293,0.017613290995204617,0,0,4.0692808986122296e-19
kw800_R256_eta0.7,kw_control,256.0,0.7,800,1,2,scaled_0.9,defined,0.18037032458992372,1.207330936778427,0.015156382523344086,0,0,4.0692808986122296e-19
kw800_R256_eta0.7,kw_control,256.0,0.7,800,1,2,scaled_0.925,defined,0.1832100170661669,1.2124742315524648,0.013773580279448416,0,0,4.0692808986122296e-19
kw800_R256_eta0.7,kw_control,256.0,0.7,800,1,2,scaled_0.95,defined,0.18623963163348056,1.2180073684250954,0.012272579428072306,0,0,4.0692808986122296e-19
kw800_R256_eta0.7,kw_control,256.0,0.7,800,1,2,scaled_0.975,defined,0.18947684395920295,1.223972425627351,0.010639625979341677,0,0,4.0692808986122296e-19
kw800_R256_eta0.7,kw_control,256.0,0.7,800,1,2,scaled_1,defined,0.19294197816186665,1.2304205799971906,0.00885868703666301,0,0,4.0692808986122296e-19
kw800_R256_eta0.7,kw_control,256.0,0.7,800,1,2,scaled_1.025,defined,0.19665857152627553,1.237414131901104,0.006910930663441589,0,0,4.0692808986122296e-19
kw800_R256_eta0.7,kw_control,256.0,0.7,800,1,2,scaled_1.05,defined,0.20065405020522886,1.2450228267158676,0.004774101115345514,0,0,4.0692808986122296e-19
kw800_R256_eta0.7,kw_control,256.0,0.7,800,1,2,scaled_1.075,defined,0.20496059821815515,1.2533305426495867,0.002421708985460014,0,0,4.0692808986122296e-19
kw800_R256_eta0.7,kw_control,256.0,0.7,800,1,2,scaled_1.1,defined,0.2096163431744199,1.26244638732442,-0.00017808540616123802,0,0,4.0692808986122296e-19
kw800_R256_eta0.7,kw_control,256.0,0.7,800,1,2,scaled_1.15,defined,0.22016735000685794,1.2836424599237244,-0.006283165083729614,0,0,4.0692808986122296e-19
kw800_R256_eta0.7,kw_control,256.0,0.7,800,1,2,scaled_1.2,defined,0.23280415394658138,1.3101018477663688,-0.013972507201568007,0,0,4.0692808986122296e-19
kw800_R256_eta0.7,kw_control,256.0,0.7,800,1,2,physical_frozen,defined,0.19365959127080346,1.2316376533197448,0.008477555252925262,0,0,4.0692808986122296e-19
kw800_R256_eta0.7,kw_control,256.0,0.7,800,1,2,physical_common,defined,0.16147674949866914,1.1703140168622563,0.04066039702505958,0,0,4.0692808986122296e-19
kw800_R256_eta0.7,kw_control,256.0,0.7,800,1,2,actual_root,defined,0.1981736217904806,1.2434664890225524,0.006144284095320973,0,0,4.0692808986122296e-19
kw800_R256_eta0.7,kw_control,256.0,0.7,800,1,2,soft_cosine,defined,0.19303826322605178,1.230616709243735,0.008794167200618763,0,0,4.0692808986122296e-19
kw800_R256_eta0.7,kw_control,256.0,0.7,800,1,4,scaled_0.8,defined,0.13200692440237197,1.1373490076839832,0.0583419396393208,0,0,4.0692808986122296e-19
kw800_R256_eta0.7,kw_control,256.0,0.7,800,1,4,scaled_0.85,defined,0.1396585861518701,1.1510124691076915,0.05315544608289857,0,0,4.0692808986122296e-19
kw800_R256_eta0.7,kw_control,256.0,0.7,800,1,4,scaled_0.9,defined,0.14869341104391276,1.1675153032247756,0.046833296069355046,0,0,4.0692808986122296e-19
kw800_R256_eta0.7,kw_control,256.0,0.7,800,1,4,scaled_0.925,defined,0.1538442951031526,1.1771128727867084,0.043139302242462735,0,0,4.0692808986122296e-19
kw800_R256_eta0.7,kw_control,256.0,0.7,800,1,4,scaled_0.95,defined,0.15949831749345314,1.1878186367956785,0.03901389356809973,0,0,4.0692808986122296e-19
kw800_R256_eta0.7,kw_control,256.0,0.7,800,1,4,scaled_0.975,defined,0.165733653925155,1.1998398081266441,0.03438281601338963,0,0,4.0692808986122296e-19
kw800_R256_eta0.7,kw_control,256.0,0.7,800,1,4,scaled_1,defined,0.17264807042704716,1.2134489178740466,0.029152594771482493,0,0,4.0692808986122296e-19
kw800_R256_eta0.7,kw_control,256.0,0.7,800,1,4,scaled_1.025,defined,0.18036623192668055,1.2290056491344983,0.023203270263036563,0,0,4.0692808986122296e-19
kw800_R256_eta0.7,kw_control,256.0,0.7,800,1,4,scaled_1.05,defined,0.18905055128039389,1.2470051350078275,0.01637760004018049,0,0,4.0692808986122296e-19
kw800_R256_eta0.7,kw_control,256.0,0.7,800,1,4,scaled_1.075,defined,0.19891840105900066,1.2681368312979164,0.008463906144614508,0,0,4.0692808986122296e-19
kw800_R256_eta0.7,kw_control,256.0,0.7,800,1,4,scaled_1.1,defined,0.2102704122564334,1.2934184066870187,-0.0008321544881747245,0,0,4.0692808986122296e-19
kw800_R256_eta0.7,kw_control,256.0,0.7,800,1,4,scaled_1.15,defined,0.23938760884581256,1.363758456353285,-0.025503423922684232,0,0,4.0692808986122296e-19
kw800_R256_eta0.7,kw_control,256.0,0.7,800,1,4,scaled_1.2,defined,0.2840502390826072,1.4924986697012945,-0.0652185923375938,0,0,4.0692808986122296e-19
kw800_R256_eta0.7,kw_control,256.0,0.7,800,1,4,physical_frozen,defined,0.17417883124879396,1.2160605154626483,0.027958315274934753,0,0,4.0692808986122296e-19
kw800_R256_eta0.7,kw_control,256.0,0.7,800,1,4,physical_common,defined,0.10740840910466441,1.0857585639696274,0.0947287374190643,0,0,4.0692808986122296e-19
kw800_R256_eta0.7,kw_control,256.0,0.7,800,1,4,actual_root,defined,0.18333343966676607,1.2422494792865324,0.02098446621903549,0,0,4.0692808986122296e-19
kw800_R256_eta0.7,kw_control,256.0,0.7,800,1,4,soft_cosine,defined,0.17296088734557175,1.2141442480368756,0.028871543081098794,0,0,4.0692808986122296e-19
kw800_R96_eta0.35,kw_control,96.0,0.35,800,1,1,scaled_0.8,defined,0.06640623775312922,1.0212679678034204,0.0,0,0,2.3789378710496823e-15
kw800_R96_eta0.35,kw_control,96.0,0.35,800,1,1,scaled_0.85,defined,0.06737527238516638,1.0233511928771577,0.0,0,0,2.3789378710496823e-15
kw800_R96_eta0.35,kw_control,96.0,0.35,800,1,1,scaled_0.9,defined,0.06844610845775406,1.025689605772762,0.0,0,0,2.3789378710496823e-15
kw800_R96_eta0.35,kw_control,96.0,0.35,800,1,1,scaled_0.925,defined,0.06902269621966148,1.0269652698595781,0.0,0,0,2.3789378710496823e-15
kw800_R96_eta0.35,kw_control,96.0,0.35,800,1,1,scaled_0.95,defined,0.06962848530234336,1.0283184878502427,0.0,0,0,2.3789378710496823e-15
kw800_R96_eta0.35,kw_control,96.0,0.35,800,1,1,scaled_0.975,defined,0.07026490049149242,1.0297547810303211,0.0,0,0,2.3789378710496823e-15
kw800_R96_eta0.35,kw_control,96.0,0.35,800,1,1,scaled_1,defined,0.07093346113395671,1.0312802459217305,0.0,0,0,2.3789378710496823e-15
kw800_R96_eta0.35,kw_control,96.0,0.35,800,1,1,scaled_1.025,defined,0.07163578833900583,1.0329016315499218,0.0,0,0,2.3789378710496823e-15
kw800_R96_eta0.35,kw_control,96.0,0.35,800,1,1,scaled_1.05,defined,0.07237361286026978,1.0346264298974197,0.0,0,0,2.3789378710496823e-15
kw800_R96_eta0.35,kw_control,96.0,0.35,800,1,1,scaled_1.075,defined,0.0731487837792913,1.036462982607364,0.0,0,0,2.3789378710496823e-15
kw800_R96_eta0.35,kw_control,96.0,0.35,800,1,1,scaled_1.1,defined,0.07396327825953317,1.038420607060123,0.0,0,0,2.3789378710496823e-15
kw800_R96_eta0.35,kw_control,96.0,0.35,800,1,1,scaled_1.15,defined,0.07571885342483772,1.0427421484607875,0.0,0,0,2.3789378710496823e-15
kw800_R96_eta0.35,kw_control,96.0,0.35,800,1,1,scaled_1.2,defined,0.07765916649275759,1.0476916028977805,0.0,0,0,2.3789378710496823e-15
kw800_R96_eta0.35,kw_control,96.0,0.35,800,1,1,physical_frozen,defined,0.07136213067017338,1.0319010457220337,0.0,0,0,2.3789378710496823e-15
kw800_R96_eta0.35,kw_control,96.0,0.35,800,1,1,physical_common,defined,0.07136213067017338,1.0319010457220337,0.0,0,0,2.3789378710496823e-15
kw800_R96_eta0.35,kw_control,96.0,0.35,800,1,1,actual_root,defined,0.07158815803972798,1.0330740949275674,0.0,0,0,2.3789378710496823e-15
kw800_R96_eta0.35,kw_control,96.0,0.35,800,1,1,soft_cosine,defined,0.0709646737489972,1.031339492007463,0.0,0,0,2.3789378710496823e-15
kw800_R96_eta0.35,kw_control,96.0,0.35,800,1,2,scaled_0.8,defined,0.044371577937499254,0.9988656116176596,0.022034659815629964,0,0,2.3789378710496823e-15
kw800_R96_eta0.35,kw_control,96.0,0.35,800,1,2,scaled_0.85,defined,0.04543485986668572,1.0020439840099196,0.021940412518480668,0,0,2.3789378710496823e-15
kw800_R96_eta0.35,kw_control,96.0,0.35,800,1,2,scaled_0.9,defined,0.0466772498759861,1.0058423984363682,0.021768858581767962,0,0,2.3789378710496823e-15
kw800_R96_eta0.35,kw_control,96.0,0.35,800,1,2,scaled_0.925,defined,0.047374017082901884,1.008018660171419,0.021648679136759594,0,0,2.3789378710496823e-15
kw800_R96_eta0.35,kw_control,96.0,0.35,800,1,2,scaled_0.95,defined,0.04812611890021036,1.0104089074270204,0.021502366402133002,0,0,2.3789378710496823e-15
kw800_R96_eta0.35,kw_control,96.0,0.35,800,1,2,scaled_0.975,defined,0.048937586306959414,1.0130395851971923,0.021327314184533007,0,0,2.3789378710496823e-15
kw800_R96_eta0.35,kw_control,96.0,0.35,800,1,2,scaled_1,defined,0.04981271872021087,1.0159416785373094,0.02112074241374584,0,0,2.3789378710496823e-15
kw800_R96_eta0.35,kw_control,96.0,0.35,800,1,2,scaled_1.025,defined,0.050756097264230894,1.0191517742389316,0.020879691074774935,0,0,2.3789378710496823e-15
kw800_R96_eta0.35,kw_control,96.0,0.35,800,1,2,scaled_1.05,defined,0.051772599348435575,1.0227134456922335,0.0206010135118342,0,0,2.3789378710496823e-15
kw800_R96_eta0.35,kw_control,96.0,0.35,800,1,2,scaled_1.075,defined,0.05286741674080586,1.0266792416222499,0.02028136703848543,0,0,2.3789378710496823e-15
kw800_R96_eta0.35,kw_control,96.0,0.35,800,1,2,scaled_1.1,defined,0.054046086831028954,1.0311144380859736,0.019917191428504212,0,0,2.3789378710496823e-15
kw800_R96_eta0.35,kw_control,96.0,0.35,800,1,2,scaled_1.15,defined,0.0566791971009869,1.0417297989755463,0.019039656323850823,0,0,2.3789378710496823e-15
kw800_R96_eta0.35,kw_control,96.0,0.35,800,1,2,scaled_1.2,defined,0.05972627778335582,1.055473065679822,0.017932888709401767,0,0,2.3789378710496823e-15
kw800_R96_eta0.35,kw_control,96.0,0.35,800,1,2,physical_frozen,defined,0.05062273345324201,1.0171232064839049,0.020739397216931375,0,0,2.3789378710496823e-15
kw800_R96_eta0.35,kw_control,96.0,0.35,800,1,2,physical_common,defined,0.05189050325728852,0.9981352485134685,0.019471627412884863,0,0,2.3789378710496823e-15
kw800_R96_eta0.35,kw_control,96.0,0.35,800,1,2,actual_root,defined,0.050619735572922986,1.019027292555082,0.020968422466804998,0,0,2.3789378710496823e-15
kw800_R96_eta0.35,kw_control,96.0,0.35,800,1,2,soft_cosine,defined,0.04983095602068266,1.0160353827599138,0.021133717728314544,0,0,2.3789378710496823e-15
kw800_R96_eta0.35,kw_control,96.0,0.35,800,1,4,scaled_0.8,defined,0.0038356367809613268,0.9597139185241397,0.06257060097216789,0,0,2.3789378710496823e-15
kw800_R96_eta0.35,kw_control,96.0,0.35,800,1,4,scaled_0.85,defined,0.0027626778868116196,0.9621663438324156,0.06461259449835477,0,0,2.3789378710496823e-15
kw800_R96_eta0.35,kw_control,96.0,0.35,800,1,4,scaled_0.9,defined,0.0018233037509911942,0.9660052650751286,0.06662280470676286,0,0,2.3789378710496823e-15
kw800_R96_eta0.35,kw_control,96.0,0.35,800,1,4,scaled_0.925,defined,0.0014105483021428459,0.968614116182688,0.06761214791751863,0,0,2.3789378710496823e-15
kw800_R96_eta0.35,kw_control,96.0,0.35,800,1,4,scaled_0.95,defined,0.0010371216866353894,0.9718067654724206,0.06859136361570797,0,0,2.3789378710496823e-15
kw800_R96_eta0.35,kw_control,96.0,0.35,800,1,4,scaled_0.975,defined,0.0007016000429818092,0.9757081664492222,0.06956330044851061,0,0,2.3789378710496823e-15
kw800_R96_eta0.35,kw_control,96.0,0.35,800,1,4,scaled_1,defined,0.00039952758374073305,0.9804821758261014,0.07053393355021598,0,0,2.3789378710496823e-15
kw800_R96_eta0.35,kw_control,96.0,0.35,800,1,4,scaled_1.025,defined,0.00012218361408883856,0.9863469269528548,0.071513604724917,0,0,2.3789378710496823e-15
kw800_R96_eta0.35,kw_control,96.0,0.35,800,1,4,scaled_1.05,defined,-0.00014498047577060635,0.9936006192357949,0.07251859333604038,0,0,2.3789378710496823e-15
kw800_R96_eta0.35,kw_control,96.0,0.35,800,1,4,scaled_1.075,defined,-0.0004240637707371188,1.0026664377201993,0.07357284755002841,0,0,2.3789378710496823e-15
kw800_R96_eta0.35,kw_control,96.0,0.35,800,1,4,scaled_1.1,defined,-0.0007458164508065794,1.014179370770143,0.07470909471033975,0,0,2.3789378710496823e-15
kw800_R96_eta0.35,kw_control,96.0,0.35,800,1,4,scaled_1.15,defined,-0.0016596805698568806,1.0491973277278852,0.0773785339946946,0,0,2.3789378710496823e-15
kw800_R96_eta0.35,kw_control,96.0,0.35,800,1,4,scaled_1.2,defined,-0.0026238283043765187,1.1210364025026784,0.0802829947971341,0,0,2.3789378710496823e-15
kw800_R96_eta0.35,kw_control,96.0,0.35,800,1,4,physical_frozen,defined,0.0017485152274807625,0.9824384651046364,0.06961361544269262,0,0,2.3789378710496823e-15
kw800_R96_eta0.35,kw_control,96.0,0.35,800,1,4,physical_common,defined,0.04142364159384419,0.9800520815998656,0.02993848907632919,0,0,2.3789378710496823e-15
kw800_R96_eta0.35,kw_control,96.0,0.35,800,1,4,actual_root,defined,0.0001920894908688464,0.9846352864418622,0.07139606854885913,4,0,2.3789378710496823e-15
kw800_R96_eta0.35,kw_control,96.0,0.35,800,1,4,soft_cosine,defined,0.00039293309311672076,0.9808496431744977,0.07057174065588048,0,0,2.3789378710496823e-15
kw800_R96_eta0.7,kw_control,96.0,0.7,800,1,1,scaled_0.8,defined,0.13396646170147442,1.1632921682514465,0.0,0,0,1.915020717958767e-17
kw800_R96_eta0.7,kw_control,96.0,0.7,800,1,1,scaled_0.85,defined,0.1373097862164212,1.1694104538539873,0.0,0,0,1.915020717958767e-17
kw800_R96_eta0.7,kw_control,96.0,0.7,800,1,1,scaled_0.9,defined,0.14100012123920225,1.1762329678185903,0.0,0,0,1.915020717958767e-17
kw800_R96_eta0.7,kw_control,96.0,0.7,800,1,1,scaled_0.925,defined,0.14298693072727922,1.179937843107478,0.0,0,0,1.915020717958767e-17
kw800_R96_eta0.7,kw_control,96.0,0.7,800,1,1,scaled_0.95,defined,0.14507517568918468,1.1838568599598445,0.0,0,0,1.915020717958767e-17
kw800_R96_eta0.7,kw_control,96.0,0.7,800,1,1,scaled_0.975,defined,0.14727074307174928,1.1880050276511773,0.0,0,0,1.915020717958767e-17
kw800_R96_eta0.7,kw_control,96.0,0.7,800,1,1,scaled_1,defined,0.14958009914995796,1.1923989902715844,0.0,0,0,1.915020717958767e-17
kw800_R96_eta0.7,kw_control,96.0,0.7,800,1,1,scaled_1.025,defined,0.15201036439539015,1.1970572539435462,0.0,0,0,1.915020717958767e-17
kw800_R96_eta0.7,kw_control,96.0,0.7,800,1,1,scaled_1.05,defined,0.15456940201074243,1.2020007426875117,0.0,0,0,1.915020717958767e-17
kw800_R96_eta0.7,kw_control,96.0,0.7,800,1,1,scaled_1.075,defined,0.15726592902973247,1.2072554628314005,0.0,0,0,1.915020717958767e-17
kw800_R96_eta0.7,kw_control,96.0,0.7,800,1,1,scaled_1.1,defined,0.16010964420939966,1.212848677324288,0.0,0,0,1.915020717958767e-17
kw800_R96_eta0.7,kw_control,96.0,0.7,800,1,1,scaled_1.15,defined,0.16628320466157245,1.225174698143854,0.0,0,0,1.915020717958767e-17
kw800_R96_eta0.7,kw_control,96.0,0.7,800,1,1,scaled_1.2,defined,0.17319352673228727,1.2392860307273685,0.0,0,0,1.915020717958767e-17
kw800_R96_eta0.7,kw_control,96.0,0.7,800,1,1,physical_frozen,defined,0.15086637511567744,1.1945422264587306,0.0,0,0,1.915020717958767e-17
kw800_R96_eta0.7,kw_control,96.0,0.7,800,1,1,physical_common,defined,0.15086637511567744,1.1945422264587306,0.0,0,0,1.915020717958767e-17
kw800_R96_eta0.7,kw_control,96.0,0.7,800,1,1,actual_root,defined,0.15516756841325732,1.2065613281610328,0.0,0,0,1.915020717958767e-17
kw800_R96_eta0.7,kw_control,96.0,0.7,800,1,1,soft_cosine,defined,0.14965216158674766,1.1925117785294512,0.0,0,0,1.915020717958767e-17
kw800_R96_eta0.7,kw_control,96.0,0.7,800,1,2,scaled_0.8,defined,0.0982689671293481,1.1180877070923734,0.035697494572126315,0,0,1.915020717958767e-17
kw800_R96_eta0.7,kw_control,96.0,0.7,800,1,2,scaled_0.85,defined,0.10396182597920665,1.1288115038245412,0.03334796023721455,0,0,1.915020717958767e-17
kw800_R96_eta0.7,kw_control,96.0,0.7,800,1,2,scaled_0.9,defined,0.1104501794306918,1.1412699964612096,0.03054994180851045,0,0,1.915020717958767e-17
kw800_R96_eta0.7,kw_control,96.0,0.7,800,1,2,scaled_0.925,defined,0.11403731606101997,1.148268428180009,0.028949614666259255,0,0,1.915020717958767e-17
kw800_R96_eta0.7,kw_control,96.0,0.7,800,1,2,scaled_0.95,defined,0.11788210984992306,1.1558599092562851,0.02719306583926162,0,0,1.915020717958767e-17
kw800_R96_eta0.7,kw_control,96.0,0.7,800,1,2,scaled_0.975,defined,0.12201054143601885,1.1641217716994698,0.025260201635730437,0,0,1.915020717958767e-17
kw800_R96_eta0.7,kw_control,96.0,0.7,800,1,2,scaled_1,defined,0.12645283394772244,1.1731401173439266,0.023127265202235514,0,0,1.915020717958767e-17
kw800_R96_eta0.7,kw_control,96.0,0.7,800,1,2,scaled_1.025,defined,0.13124441940972711,1.183021596936215,0.020765944985663032,0,0,1.915020717958767e-17
kw800_R96_eta0.7,kw_control,96.0,0.7,800,1,2,scaled_1.05,defined,0.13642730613341933,1.1939001083379819,0.0181420958773231,0,0,1.915020717958767e-17
kw800_R96_eta0.7,kw_control,96.0,0.7,800,1,2,scaled_1.075,defined,0.14205176026344002,1.2059317940621834,0.015214168766292446,0,0,1.915020717958767e-17
kw800_R96_eta0.7,kw_control,96.0,0.7,800,1,2,scaled_1.1,defined,0.14817871479548453,1.2193239383251357,0.011930929413915131,0,0,1.915020717958767e-17
kw800_R96_eta0.7,kw_control,96.0,0.7,800,1,2,scaled_1.15,defined,0.16225844506886958,1.2512812860727838,0.004024759592702876,0,0,1.915020717958767e-17
kw800_R96_eta0.7,kw_control,96.0,0.7,800,1,2,scaled_1.2,defined,0.17953538600812813,1.292969459548746,-0.006341859275840855,0,0,1.915020717958767e-17
kw800_R96_eta0.7,kw_control,96.0,0.7,800,1,2,physical_frozen,defined,0.12910670326019769,1.177579015428679,0.02175967185547975,0,0,1.915020717958767e-17
kw800_R96_eta0.7,kw_control,96.0,0.7,800,1,2,physical_common,defined,0.09349635358573849,1.0976126224994636,0.05737002152993895,0,0,1.915020717958767e-17
kw800_R96_eta0.7,kw_control,96.0,0.7,800,1,2,actual_root,defined,0.13736477222274046,1.2031802562098188,0.017802796190516862,0,0,1.915020717958767e-17
kw800_R96_eta0.7,kw_control,96.0,0.7,800,1,2,soft_cosine,defined,0.12657783298244918,1.1734446493214366,0.023074328604298477,0,0,1.915020717958767e-17
kw800_R96_eta0.7,kw_control,96.0,0.7,800,1,4,scaled_0.8,defined,0.031114381558367432,1.0368928632326877,0.10285208014310698,0,0,1.915020717958767e-17
kw800_R96_eta0.7,kw_control,96.0,0.7,800,1,4,scaled_0.85,defined,0.03880125506299592,1.0527363307432147,0.09850853115342528,0,0,1.915020717958767e-17
kw800_R96_eta0.7,kw_control,96.0,0.7,800,1,4,scaled_0.9,defined,0.04813491886602085,1.0725461471521374,0.0928652023731814,0,0,1.915020717958767e-17
kw800_R96_eta0.7,kw_control,96.0,0.7,800,1,4,scaled_0.925,defined,0.05357054907737635,1.0843888188744786,0.08941638164990287,0,0,1.915020717958767e-17
kw800_R96_eta0.7,kw_control,96.0,0.7,800,1,4,scaled_0.95,defined,0.05962777225735172,1.0978684473870701,0.08544740343183296,0,0,1.915020717958767e-17
kw800_R96_eta0.7,kw_control,96.0,0.7,800,1,4,scaled_0.975,defined,0.06641500642739318,1.1133386194616872,0.08085573664435611,0,0,1.915020717958767e-17
kw800_R96_eta0.7,kw_control,96.0,0.7,800,1,4,scaled_1,defined,0.07407227716603726,1.1312781896200474,0.0755078219839207,0,0,1.915020717958767e-17
kw800_R96_eta0.7,kw_control,96.0,0.7,800,1,4,scaled_1.025,defined,0.08278538173326616,1.1523498893549733,0.06922498266212398,0,0,1.915020717958767e-17
kw800_R96_eta0.7,kw_control,96.0,0.7,800,1,4,scaled_1.05,defined,0.09280931612180643,1.177501055989578,0.061760085888936,0,0,1.915020717958767e-17
kw800_R96_eta0.7,kw_control,96.0,0.7,800,1,4,scaled_1.075,defined,0.10450871737040024,1.2081558304351434,0.052757211659332226,0,0,1.915020717958767e-17
kw800_R96_eta0.7,kw_control,96.0,0.7,800,1,4,scaled_1.1,defined,0.1184328039085219,1.2465854963340164,0.04167684030087776,0,0,1.915020717958767e-17
kw800_R96_eta0.7,kw_control,96.0,0.7,800,1,4,scaled_1.15,defined,0.1571718468396872,1.3662429320241394,0.009111357821885241,0,0,1.915020717958767e-17
kw800_R96_eta0.7,kw_control,96.0,0.7,800,1,4,scaled_1.2,defined,0.23245957114429094,1.6953784820246292,-0.05926604441200367,0,0,1.915020717958767e-17
kw800_R96_eta0.7,kw_control,96.0,0.7,800,1,4,physical_frozen,defined,0.07941774448541622,1.1402810171502298,0.07144863063026122,0,0,1.915020717958767e-17
kw800_R96_eta0.7,kw_control,96.0,0.7,800,1,4,physical_common,defined,0.02758947326919925,0.996104229107019,0.12327690184647819,0,0,1.915020717958767e-17
kw800_R96_eta0.7,kw_control,96.0,0.7,800,1,4,actual_root,defined,0.09385921065339864,1.1969004035133337,0.061308357759858684,0,0,1.915020717958767e-17
kw800_R96_eta0.7,kw_control,96.0,0.7,800,1,4,soft_cosine,defined,0.07444996510468022,1.1323516417338408,0.07520219648206744,0,0,1.915020717958767e-17
small_ring_R12_eta0.35,small_ring,12.0,0.35,794.3344256864206,1,1,scaled_0.8,defined,-0.09751015881659741,0.8831384622669877,0.0,0,0,1.2306361303913885e-10
small_ring_R12_eta0.35,small_ring,12.0,0.35,794.3344256864206,1,1,scaled_0.85,defined,-0.10038263768136502,0.8842770465227243,0.0,0,0,1.2306361303913885e-10
small_ring_R12_eta0.35,small_ring,12.0,0.35,794.3344256864206,1,1,scaled_0.9,defined,-0.10350841733413435,0.885860393500734,0.0,0,0,1.2306361303913885e-10
small_ring_R12_eta0.35,small_ring,12.0,0.35,794.3344256864206,1,1,scaled_0.925,defined,-0.10517465739580234,0.8868534839193764,0.0,0,0,1.2306361303913885e-10
small_ring_R12_eta0.35,small_ring,12.0,0.35,794.3344256864206,1,1,scaled_0.95,defined,-0.10691508870165256,0.8880028668509126,0.0,0,0,1.2306361303913885e-10
small_ring_R12_eta0.35,small_ring,12.0,0.35,794.3344256864206,1,1,scaled_0.975,defined,-0.10873428111606848,0.8893278078247988,0.0,0,0,1.2306361303913885e-10
small_ring_R12_eta0.35,small_ring,12.0,0.35,794.3344256864206,1,1,scaled_1,defined,-0.11063734797007974,0.8908502605980271,0.0,0,0,1.2306361303913885e-10
small_ring_R12_eta0.35,small_ring,12.0,0.35,794.3344256864206,1,1,scaled_1.025,defined,-0.11263000142194957,0.8925953770265811,0.0,0,0,1.2306361303913885e-10
small_ring_R12_eta0.35,small_ring,12.0,0.35,794.3344256864206,1,1,scaled_1.05,defined,-0.11471860984949545,0.8945921476818396,0.0,0,0,1.2306361303913885e-10
small_ring_R12_eta0.35,small_ring,12.0,0.35,794.3344256864206,1,1,scaled_1.075,defined,-0.11691025432809732,0.8968742068789552,0.0,0,0,1.2306361303913885e-10
small_ring_R12_eta0.35,small_ring,12.0,0.35,794.3344256864206,1,1,scaled_1.1,defined,-0.11921278142619857,0.8994808496960625,0.0,0,0,1.2306361303913885e-10
small_ring_R12_eta0.35,small_ring,12.0,0.35,794.3344256864206,1,1,scaled_1.15,defined,-0.12418592780955628,0.905863468581905,0.0,0,0,1.2306361303913885e-10
small_ring_R12_eta0.35,small_ring,12.0,0.35,794.3344256864206,1,1,scaled_1.2,defined,-0.12971707598994214,0.9142337717732257,0.0,0,0,1.2306361303913885e-10
small_ring_R12_eta0.35,small_ring,12.0,0.35,794.3344256864206,1,1,physical_frozen,defined,-0.10863308452222276,0.8926507929339229,0.0,0,0,1.2306361303913885e-10
small_ring_R12_eta0.35,small_ring,12.0,0.35,794.3344256864206,1,1,physical_common,defined,-0.10863308452222276,0.8926507929339229,0.0,0,0,1.2306361303913885e-10
small_ring_R12_eta0.35,small_ring,12.0,0.35,794.3344256864206,1,1,actual_root,defined,-0.11397917379598144,0.8928452480494619,0.0,1,0,1.2306361303913885e-10
small_ring_R12_eta0.35,small_ring,12.0,0.35,794.3344256864206,1,1,soft_cosine,defined,-0.11066846864151031,0.8912221803774059,0.0,0,0,1.2306361303913885e-10
small_ring_R12_eta0.35,small_ring,12.0,0.35,794.3344256864206,1,2,scaled_0.8,defined,-0.21714437815120552,0.7943661726740903,0.1196342193346081,0,0,1.2306361303913885e-10
small_ring_R12_eta0.35,small_ring,12.0,0.35,794.3344256864206,1,2,scaled_0.85,defined,-0.23003303869242203,0.7895286200061011,0.12965040101105701,0,0,1.2306361303913885e-10
small_ring_R12_eta0.35,small_ring,12.0,0.35,794.3344256864206,1,2,scaled_0.9,defined,-0.24441033866524764,0.7853875517271617,0.1409019213311133,0,0,1.2306361303913885e-10
small_ring_R12_eta0.35,small_ring,12.0,0.35,794.3344256864206,1,2,scaled_0.925,defined,-0.25224747924725005,0.7836936216782974,0.1470728218514477,0,0,1.2306361303913885e-10
small_ring_R12_eta0.35,small_ring,12.0,0.35,794.3344256864206,1,2,scaled_0.95,defined,-0.26057767422212463,0.7823317400065252,0.15366258552047207,0,0,1.2306361303913885e-10
small_ring_R12_eta0.35,small_ring,12.0,0.35,794.3344256864206,1,2,scaled_0.975,defined,-0.26945633796898183,0.7813801748012658,0.16072205685291335,0,0,1.2306361303913885e-10
small_ring_R12_eta0.35,small_ring,12.0,0.35,794.3344256864206,1,2,scaled_1,defined,-0.27894852023037564,0.780937032659566,0.1683111722602959,0,0,1.2306361303913885e-10
small_ring_R12_eta0.35,small_ring,12.0,0.35,794.3344256864206,1,2,scaled_1.025,defined,-0.28913055654973285,0.7811277264674451,0.1765005551277833,0,0,1.2306361303913885e-10
small_ring_R12_eta0.35,small_ring,12.0,0.35,794.3344256864206,1,2,scaled_1.05,defined,-0.3000919220642533,0.7821162223491319,0.18537331221475783,0,0,1.2306361303913885e-10
small_ring_R12_eta0.35,small_ring,12.0,0.35,794.3344256864206,1,2,scaled_1.075,defined,-0.31193721808746855,0.7841225683899621,0.19502696375937123,0,0,1.2306361303913885e-10
small_ring_R12_eta0.35,small_ring,12.0,0.35,794.3344256864206,1,2,scaled_1.1,defined,-0.3247878720376425,0.7874513038168889,0.2055750906114439,0,0,1.2306361303913885e-10
small_ring_R12_eta0.35,small_ring,12.0,0.35,794.3344256864206,1,2,scaled_1.15,defined,-0.35407857999303766,0.8000453015767633,0.22989265218348137,0,0,1.2306361303913885e-10
small_ring_R12_eta0.35,small_ring,12.0,0.35,794.3344256864206,1,2,scaled_1.2,defined,-0.38921560826085533,0.8272885847617696,0.2594985322709132,0,0,1.2306361303913885e-10
small_ring_R12_eta0.35,small_ring,12.0,0.35,794.3344256864206,1,2,physical_frozen,defined,-0.27753963638927553,0.7736494272411734,0.16890655186705278,0,0,1.2306361303913885e-10
small_ring_R12_eta0.35,small_ring,12.0,0.35,794.3344256864206,1,2,physical_common,defined,-0.09492607272859863,0.8681908059793818,-0.01370701179362413,0,0,1.2306361303913885e-10
small_ring_R12_eta0.35,small_ring,12.0,0.35,794.3344256864206,1,2,actual_root,defined,-0.29164730238431713,0.7809319168903611,0.1776681285883357,6,0,1.2306361303913885e-10
small_ring_R12_eta0.35,small_ring,12.0,0.35,794.3344256864206,1,2,soft_cosine,defined,-0.27917491209383194,0.7810954364712422,0.16850644345232163,0,0,1.2306361303913885e-10
small_ring_R12_eta0.35,small_ring,12.0,0.35,794.3344256864206,1,3,scaled_0.8,defined,-0.33297261413380486,0.7156939071485939,0.23546245531720744,0,0,1.2306361303913885e-10
small_ring_R12_eta0.35,small_ring,12.0,0.35,794.3344256864206,1,3,scaled_0.85,defined,-0.36236377493151634,0.6981405102681627,0.2619811372501513,0,0,1.2306361303913885e-10
small_ring_R12_eta0.35,small_ring,12.0,0.35,794.3344256864206,1,3,scaled_0.9,defined,-0.3957606655261046,0.6808072883162752,0.29225224819197027,0,0,1.2306361303913885e-10
small_ring_R12_eta0.35,small_ring,12.0,0.35,794.3344256864206,1,3,scaled_0.925,defined,-0.41428883778088665,0.6723620590706788,0.3091141803850843,0,0,1.2306361303913885e-10
small_ring_R12_eta0.35,small_ring,12.0,0.35,794.3344256864206,1,3,scaled_0.95,defined,-0.43426683227670965,0.6641632366265321,0.3273517435750571,0,0,1.2306361303913885e-10
small_ring_R12_eta0.35,small_ring,12.0,0.35,794.3344256864206,1,3,scaled_0.975,defined,-0.4559125273740898,0.6563140754068543,0.34717824625802135,0,0,1.2306361303913885e-10
small_ring_R12_eta0.35,small_ring,12.0,0.35,794.3344256864206,1,3,scaled_1,defined,-0.47948960395936446,0.6489540048373775,0.3688522559892847,0,0,1.2306361303913885e-10
small_ring_R12_eta0.35,small_ring,12.0,0.35,794.3344256864206,1,3,scaled_1.025,defined,-0.5053170268577345,0.6422745531779457,0.39268702543578493,0,0,1.2306361303913885e-10
small_ring_R12_eta0.35,small_ring,12.0,0.35,794.3344256864206,1,3,scaled_1.05,defined,-0.5337796093192775,0.6365595887875649,0.41906099946978204,0,0,1.2306361303913885e-10
small_ring_R12_eta0.35,small_ring,12.0,0.35,794.3344256864206,1,3,scaled_1.075,defined,-0.5653386817407934,0.6322553801247919,0.44842842741269606,0,0,1.2306361303913885e-10
small_ring_R12_eta0.35,small_ring,12.0,0.35,794.3344256864206,1,3,scaled_1.1,defined,-0.6005401457244304,0.6301188917217244,0.4813273642982318,0,0,1.2306361303913885e-10
small_ring_R12_eta0.35,small_ring,12.0,0.35,794.3344256864206,1,3,scaled_1.15,defined,-0.6844389891987014,0.6398722413465816,0.5602530613891451,0,0,1.2306361303913885e-10
small_ring_R12_eta0.35,small_ring,12.0,0.35,794.3344256864206,1,3,scaled_1.2,defined,-0.7891609232070392,0.8023676705115123,0.6594438472170971,0,0,1.2306361303913885e-10
small_ring_R12_eta0.35,small_ring,12.0,0.35,794.3344256864206,1,3,physical_frozen,defined,-0.47401940402495213,0.6213520451888743,0.3653863195027294,0,0,1.2306361303913885e-10
small_ring_R12_eta0.35,small_ring,12.0,0.35,794.3344256864206,1,3,physical_common,defined,-0.03637378825100601,0.9322603044908909,-0.07225929627121674,0,0,1.2306361303913885e-10
small_ring_R12_eta0.35,small_ring,12.0,0.35,794.3344256864206,1,3,actual_root,defined,-0.5074712156862657,0.6551051206347124,0.3934920418902843,11,0,1.2306361303913885e-10
small_ring_R12_eta0.35,small_ring,12.0,0.35,794.3344256864206,1,3,soft_cosine,defined,-0.4801359697224668,0.6493566897015671,0.3694675010809565,0,0,1.2306361303913885e-10
small_ring_R12_eta0.35,small_ring,12.0,0.35,794.3344256864206,1,4,scaled_0.8,defined,-0.4460349244445898,0.645007516139751,0.3485247656279924,0,0,1.2306361303913885e-10
small_ring_R12_eta0.35,small_ring,12.0,0.35,794.3344256864206,1,4,scaled_0.85,defined,-0.49804914280166845,0.6081871076303943,0.39766650512030344,0,0,1.2306361303913885e-10
small_ring_R12_eta0.35,small_ring,12.0,0.35,794.3344256864206,1,4,scaled_0.9,defined,-0.5579214708806819,0.5700197356393647,0.45441305354654754,0,0,1.2306361303913885e-10
small_ring_R12_eta0.35,small_ring,12.0,0.35,794.3344256864206,1,4,scaled_0.925,defined,-0.5915529973331224,0.5503677584806397,0.48637833993732005,0,0,1.2306361303913885e-10
small_ring_R12_eta0.35,small_ring,12.0,0.35,794.3344256864206,1,4,scaled_0.95,defined,-0.6281778099551467,0.5302622558712585,0.5212627212534942,0,0,1.2306361303913885e-10
small_ring_R12_eta0.35,small_ring,12.0,0.35,794.3344256864206,1,4,scaled_0.975,defined,-0.668296571587359,0.5095986213742919,0.5595622904712905,0,0,1.2306361303913885e-10
small_ring_R12_eta0.35,small_ring,12.0,0.35,794.3344256864206,1,4,scaled_1,defined,-0.7125078028797667,0.488202169708656,0.6018704549096869,0,0,1.2306361303913885e-10
small_ring_R12_eta0.35,small_ring,12.0,0.35,794.3344256864206,1,4,scaled_1.025,defined,-0.7615170398612408,0.4657781701403984,0.6488870384392912,0,0,1.2306361303913885e-10
small_ring_R12_eta0.35,small_ring,12.0,0.35,794.3344256864206,1,4,scaled_1.05,defined,-0.8161369503266107,0.4418110849801058,0.7014183404771153,0,0,1.2306361303913885e-10
small_ring_R12_eta0.35,small_ring,12.0,0.35,794.3344256864206,1,4,scaled_1.075,defined,-0.8772685644198925,0.41535036422364896,0.7603583100917952,0,0,1.2306361303913885e-10
small_ring_R12_eta0.35,small_ring,12.0,0.35,794.3344256864206,1,4,scaled_1.1,defined,-0.9458467209082221,0.38451967223425054,0.8266339394820235,0,0,1.2306361303913885e-10
small_ring_R12_eta0.35,small_ring,12.0,0.35,794.3344256864206,1,4,scaled_1.15,defined,-1.1083711336112678,0.28911939653963364,0.9841852058017115,0,0,1.2306361303913885e-10
small_ring_R12_eta0.35,small_ring,12.0,0.35,794.3344256864206,1,4,scaled_1.2,defined,-1.302094689760046,0.0755996843044472,1.1723776137701039,0,0,1.2306361303913885e-10
small_ring_R12_eta0.35,small_ring,12.0,0.35,794.3344256864206,1,4,physical_frozen,defined,-0.6883602825722814,0.43453526454159325,0.5797271980500587,0,0,1.2306361303913885e-10
small_ring_R12_eta0.35,small_ring,12.0,0.35,794.3344256864206,1,4,physical_common,defined,0.07486219722411613,1.0808165101754421,-0.1834952817463389,0,0,1.2306361303913885e-10
small_ring_R12_eta0.35,small_ring,12.0,0.35,794.3344256864206,1,4,actual_root,defined,-0.7740062619479977,0.5207670253069557,0.6600270881520163,2,0,1.2306361303913885e-10
small_ring_R12_eta0.35,small_ring,12.0,0.35,794.3344256864206,1,4,soft_cosine,defined,-0.7138218230192572,0.4890145562471682,0.603153354377747,0,0,1.2306361303913885e-10
small_ring_R12_eta0.7,small_ring,12.0,0.7,794.3344256864206,1,1,scaled_0.8,defined,-0.15825377468343454,0.9056070272890199,0.0,0,0,4.360355087969307e-13
small_ring_R12_eta0.7,small_ring,12.0,0.7,794.3344256864206,1,1,scaled_0.85,defined,-0.15606962758659354,0.9141979745037206,0.0,0,0,4.360355087969307e-13
small_ring_R12_eta0.7,small_ring,12.0,0.7,794.3344256864206,1,1,scaled_0.9,defined,-0.15358620835511833,0.92408795616689,0.0,0,0,4.360355087969307e-13
small_ring_R12_eta0.7,small_ring,12.0,0.7,794.3344256864206,1,1,scaled_0.925,defined,-0.15221713651539365,0.9295940425934269,0.0,0,0,4.360355087969307e-13
small_ring_R12_eta0.7,small_ring,12.0,0.7,794.3344256864206,1,1,scaled_0.95,defined,-0.15075348464966004,0.9355233849553074,0.0,0,0,4.360355087969307e-13
small_ring_R12_eta0.7,small_ring,12.0,0.7,794.3344256864206,1,1,scaled_0.975,defined,-0.14918673555519718,0.9419171257587124,0.0,0,0,4.360355087969307e-13
small_ring_R12_eta0.7,small_ring,12.0,0.7,794.3344256864206,1,1,scaled_1,defined,-0.14750713333378979,0.948821948654241,0.0,0,0,4.360355087969307e-13
small_ring_R12_eta0.7,small_ring,12.0,0.7,794.3344256864206,1,1,scaled_1.025,defined,-0.1457034283014314,0.956293383894659,0.0,0,0,4.360355087969307e-13
small_ring_R12_eta0.7,small_ring,12.0,0.7,794.3344256864206,1,1,scaled_1.05,defined,-0.14376252909829246,0.9643974385747281,0.0,0,0,4.360355087969307e-13
small_ring_R12_eta0.7,small_ring,12.0,0.7,794.3344256864206,1,1,scaled_1.075,defined,-0.14166911397736004,0.9732061790680162,0.0,0,0,4.360355087969307e-13
small_ring_R12_eta0.7,small_ring,12.0,0.7,794.3344256864206,1,1,scaled_1.1,defined,-0.13940512647684863,0.9828065819885532,0.0,0,0,4.360355087969307e-13
small_ring_R12_eta0.7,small_ring,12.0,0.7,794.3344256864206,1,1,scaled_1.15,defined,-0.13427509249840514,1.004818677699708,0.0,0,0,4.360355087969307e-13
small_ring_R12_eta0.7,small_ring,12.0,0.7,794.3344256864206,1,1,scaled_1.2,defined,-0.12814142961823904,1.0315269225950534,0.0,0,0,4.360355087969307e-13
small_ring_R12_eta0.7,small_ring,12.0,0.7,794.3344256864206,1,1,physical_frozen,defined,-0.13075769340089932,0.972803919650602,0.0,0,0,4.360355087969307e-13
small_ring_R12_eta0.7,small_ring,12.0,0.7,794.3344256864206,1,1,physical_common,defined,-0.13075769340089932,0.972803919650602,0.0,0,0,4.360355087969307e-13
small_ring_R12_eta0.7,small_ring,12.0,0.7,794.3344256864206,1,1,actual_root,defined,-0.13595678986607007,1.006988428715718,0.0,1,0,4.360355087969307e-13
small_ring_R12_eta0.7,small_ring,12.0,0.7,794.3344256864206,1,1,soft_cosine,defined,-0.1474525401468764,0.9493678601434882,0.0,0,0,4.360355087969307e-13
small_ring_R12_eta0.7,small_ring,12.0,0.7,794.3344256864206,1,2,scaled_0.8,defined,-0.3146072069870389,0.7670967471020916,0.15635343230360438,0,0,4.360355087969307e-13
small_ring_R12_eta0.7,small_ring,12.0,0.7,794.3344256864206,1,2,scaled_0.85,defined,-0.3173258453914882,0.7762468543933693,0.16125621780489469,0,0,4.360355087969307e-13
small_ring_R12_eta0.7,small_ring,12.0,0.7,794.3344256864206,1,2,scaled_0.9,defined,-0.3200686599197758,0.7881333073476644,0.16648245156465746,0,0,4.360355087969307e-13
small_ring_R12_eta0.7,small_ring,12.0,0.7,794.3344256864206,1,2,scaled_0.925,defined,-0.32142845667176395,0.7953831652342117,0.1692113201563703,0,0,4.360355087969307e-13
small_ring_R12_eta0.7,small_ring,12.0,0.7,794.3344256864206,1,2,scaled_0.95,defined,-0.32276372624319666,0.8037023811180306,0.17201024159353662,0,0,4.360355087969307e-13
small_ring_R12_eta0.7,small_ring,12.0,0.7,794.3344256864206,1,2,scaled_0.975,defined,-0.3240560509817458,0.8132885962865913,0.1748693154265486,0,0,4.360355087969307e-13
small_ring_R12_eta0.7,small_ring,12.0,0.7,794.3344256864206,1,2,scaled_1,defined,-0.3252798432275279,0.8243851708842815,0.1777727098937381,0,0,4.360355087969307e-13
small_ring_R12_eta0.7,small_ring,12.0,0.7,794.3344256864206,1,2,scaled_1.025,defined,-0.3263990841209002,0.8373068004753883,0.18069565581946878,0,0,4.360355087969307e-13
small_ring_R12_eta0.7,small_ring,12.0,0.7,794.3344256864206,1,2,scaled_1.05,defined,-0.32736222125734216,0.8524637682674994,0.1835996921590497,0,0,4.360355087969307e-13
small_ring_R12_eta0.7,small_ring,12.0,0.7,794.3344256864206,1,2,scaled_1.075,defined,-0.3280943616186132,0.8704053622434506,0.18642524764125318,0,0,4.360355087969307e-13
small_ring_R12_eta0.7,small_ring,12.0,0.7,794.3344256864206,1,2,scaled_1.1,defined,-0.3284846215122876,0.891879675563422,0.18907949503543894,0,0,4.360355087969307e-13
small_ring_R12_eta0.7,small_ring,12.0,0.7,794.3344256864206,1,2,scaled_1.15,defined,-0.3274763898711972,0.9501477683072915,0.19320129737279207,0,0,4.360355087969307e-13
small_ring_R12_eta0.7,small_ring,12.0,0.7,794.3344256864206,1,2,scaled_1.2,defined,-0.3214506175441607,1.0436601593509391,0.19330918792592167,0,0,4.360355087969307e-13
small_ring_R12_eta0.7,small_ring,12.0,0.7,794.3344256864206,1,2,physical_frozen,defined,-0.2934065921533891,0.8640533673164764,0.16264889875248978,0,0,4.360355087969307e-13
small_ring_R12_eta0.7,small_ring,12.0,0.7,794.3344256864206,1,2,physical_common,defined,-0.20448528743148214,0.8183890969122619,0.07372759403058282,0,0,4.360355087969307e-13
small_ring_R12_eta0.7,small_ring,12.0,0.7,794.3344256864206,1,2,actual_root,defined,-0.3282930427621656,0.924848811452262,0.19233625289609552,1,0,4.360355087969307e-13
small_ring_R12_eta0.7,small_ring,12.0,0.7,794.3344256864206,1,2,soft_cosine,defined,-0.3253092271640845,0.824687477985671,0.1778566870172081,0,0,4.360355087969307e-13
small_ring_R12_eta0.7,small_ring,12.0,0.7,794.3344256864206,1,3,scaled_0.8,defined,-0.46376278522196435,0.6463162554387105,0.3055090105385298,0,0,4.360355087969307e-13
small_ring_R12_eta0.7,small_ring,12.0,0.7,794.3344256864206,1,3,scaled_0.85,defined,-0.4774618826879138,0.649613927188525,0.32139225510132025,0,0,4.360355087969307e-13
small_ring_R12_eta0.7,small_ring,12.0,0.7,794.3344256864206,1,3,scaled_0.9,defined,-0.4925140440005132,0.656612480374678,0.33892783564539486,0,0,4.360355087969307e-13
small_ring_R12_eta0.7,small_ring,12.0,0.7,794.3344256864206,1,3,scaled_0.925,defined,-0.5006032159207343,0.6620474840683331,0.34838607940534067,0,0,4.360355087969307e-13
small_ring_R12_eta0.7,small_ring,12.0,0.7,794.3344256864206,1,3,scaled_0.95,defined,-0.5090965170846186,0.6691998175063844,0.3583430324349585,0,0,4.360355087969307e-13
small_ring_R12_eta0.7,small_ring,12.0,0.7,794.3344256864206,1,3,scaled_0.975,defined,-0.518009683658174,0.6785265962168647,0.36882294810297683,0,0,4.360355087969307e-13
small_ring_R12_eta0.7,small_ring,12.0,0.7,794.3344256864206,1,3,scaled_1,defined,-0.5273459905665747,0.6906663396425964,0.37983885723278493,0,0,4.360355087969307e-13
small_ring_R12_eta0.7,small_ring,12.0,0.7,794.3344256864206,1,3,scaled_1.025,defined,-0.5370830424703569,0.7065304683237563,0.39137961416892547,0,0,4.360355087969307e-13
small_ring_R12_eta0.7,small_ring,12.0,0.7,794.3344256864206,1,3,scaled_1.05,defined,-0.5471475303384385,0.7274947006121963,0.4033850012401461,0,0,4.360355087969307e-13
small_ring_R12_eta0.7,small_ring,12.0,0.7,794.3344256864206,1,3,scaled_1.075,defined,-0.5573649178322406,0.7557388500895823,0.4156958038548806,0,0,4.360355087969307e-13
small_ring_R12_eta0.7,small_ring,12.0,0.7,794.3344256864206,1,3,scaled_1.1,defined,-0.5673525997316551,0.7949759791129533,0.4279474732548064,0,0,4.360355087969307e-13
small_ring_R12_eta0.7,small_ring,12.0,0.7,794.3344256864206,1,3,scaled_1.15,defined,-0.5821914908685493,0.9412340809550169,0.44791639837014413,0,0,4.360355087969307e-13
small_ring_R12_eta0.7,small_ring,12.0,0.7,794.3344256864206,1,3,scaled_1.2,defined,-0.560162949236449,1.3042757475189406,0.43202151961821,0,0,4.360355087969307e-13
small_ring_R12_eta0.7,small_ring,12.0,0.7,794.3344256864206,1,3,physical_frozen,defined,-0.47778660462124006,0.7373047202788239,0.34702891122034074,0,0,4.360355087969307e-13
small_ring_R12_eta0.7,small_ring,12.0,0.7,794.3344256864206,1,3,physical_common,defined,-0.21777519414004518,0.7833298956369127,0.08701750073914585,0,0,4.360355087969307e-13
small_ring_R12_eta0.7,small_ring,12.0,0.7,794.3344256864206,1,3,actual_root,defined,-0.5788955662300764,0.8094105113786147,0.44293877636400636,5,0,4.360355087969307e-13
small_ring_R12_eta0.7,small_ring,12.0,0.7,794.3344256864206,1,3,soft_cosine,defined,-0.5276695984146097,0.6916190220452378,0.38021705826773333,0,0,4.360355087969307e-13
small_ring_R12_eta0.7,small_ring,12.0,0.7,794.3344256864206,1,4,scaled_0.8,defined,-0.6078288102350509,0.5384946377790395,0.4495750355516163,0,0,4.360355087969307e-13
small_ring_R12_eta0.7,small_ring,12.0,0.7,794.3344256864206,1,4,scaled_0.85,defined,-0.6380719434406076,0.5302445589014758,0.48200231585401404,0,0,4.360355087969307e-13
small_ring_R12_eta0.7,small_ring,12.0,0.7,794.3344256864206,1,4,scaled_0.9,defined,-0.6721725722940919,0.5258518563586306,0.5185863639389736,0,0,4.360355087969307e-13
small_ring_R12_eta0.7,small_ring,12.0,0.7,794.3344256864206,1,4,scaled_0.925,defined,-0.690941566763551,0.5258663240697605,0.5387244302481573,0,0,4.360355087969307e-13
small_ring_R12_eta0.7,small_ring,12.0,0.7,794.3344256864206,1,4,scaled_0.95,defined,-0.7110311745681128,0.5280004181662616,0.5602776899184527,0,0,4.360355087969307e-13
small_ring_R12_eta0.7,small_ring,12.0,0.7,794.3344256864206,1,4,scaled_0.975,defined,-0.7325866929819176,0.5330119896230877,0.5833999574267204,0,0,4.360355087969307e-13
small_ring_R12_eta0.7,small_ring,12.0,0.7,794.3344256864206,1,4,scaled_1,defined,-0.7557522658092777,0.5420593033436943,0.6082451324754878,0,0,4.360355087969307e-13
small_ring_R12_eta0.7,small_ring,12.0,0.7,794.3344256864206,1,4,scaled_1.025,defined,-0.7806417880388902,0.5570299182639351,0.6349383597374587,0,0,4.360355087969307e-13
small_ring_R12_eta0.7,small_ring,12.0,0.7,794.3344256864206,1,4,scaled_1.05,defined,-0.8072669057842545,0.5812919451357664,0.6635043766859621,0,0,4.360355087969307e-13
small_ring_R12_eta0.7,small_ring,12.0,0.7,794.3344256864206,1,4,scaled_1.075,defined,-0.8353454234884932,0.6216472451026935,0.6936763095111331,0,0,4.360355087969307e-13
small_ring_R12_eta0.7,small_ring,12.0,0.7,794.3344256864206,1,4,scaled_1.1,defined,-0.8636990643037121,0.6947932000580037,0.7242939378268635,0,0,4.360355087969307e-13
small_ring_R12_eta0.7,small_ring,12.0,0.7,794.3344256864206,1,4,scaled_1.15,defined,-0.8876019636139552,1.1878958118779461,0.7533268711155501,0,0,4.360355087969307e-13
small_ring_R12_eta0.7,small_ring,12.0,0.7,794.3344256864206,1,4,scaled_1.2,defined,-0.7715802500040692,1.5271982559329254,0.6434388203858301,0,0,4.360355087969307e-13
small_ring_R12_eta0.7,small_ring,12.0,0.7,794.3344256864206,1,4,physical_frozen,defined,-0.6799602226476991,0.586233693073363,0.5492025292467997,0,0,4.360355087969307e-13
small_ring_R12_eta0.7,small_ring,12.0,0.7,794.3344256864206,1,4,physical_common,defined,-0.18314495491620109,0.8209753741572264,0.052387261515301764,0,0,4.360355087969307e-13
small_ring_R12_eta0.7,small_ring,12.0,0.7,794.3344256864206,1,4,actual_root,defined,-0.9227774589636057,0.6277929907566319,0.7868206690975357,5,0,4.360355087969307e-13
small_ring_R12_eta0.7,small_ring,12.0,0.7,794.3344256864206,1,4,soft_cosine,defined,-0.7566399998107407,0.5438204266299858,0.6091874596638643,0,0,4.360355087969307e-13
small_ring_R8_eta0.35,small_ring,8.0,0.35,794.3344256864206,1,1,scaled_0.8,defined,-0.16592456715861048,0.8303787043424564,0.0,0,0,1.5278165256167741e-09
small_ring_R8_eta0.35,small_ring,8.0,0.35,794.3344256864206,1,1,scaled_0.85,defined,-0.17153674252115692,0.8303869759847207,0.0,0,0,1.5278165256167741e-09
small_ring_R8_eta0.35,small_ring,8.0,0.35,794.3344256864206,1,1,scaled_0.9,defined,-0.17769478233571143,0.8308437012690132,0.0,0,0,1.5278165256167741e-09
small_ring_R8_eta0.35,small_ring,8.0,0.35,794.3344256864206,1,1,scaled_0.925,defined,-0.18099771543990004,0.8312833088685304,0.0,0,0,1.5278165256167741e-09
small_ring_R8_eta0.35,small_ring,8.0,0.35,794.3344256864206,1,1,scaled_0.95,defined,-0.18446185129116321,0.8318915191231018,0.0,0,0,1.5278165256167741e-09
small_ring_R8_eta0.35,small_ring,8.0,0.35,794.3344256864206,1,1,scaled_0.975,defined,-0.1880973412628919,0.832692966317962,0.0,0,0,1.5278165256167741e-09
small_ring_R8_eta0.35,small_ring,8.0,0.35,794.3344256864206,1,1,scaled_1,defined,-0.1919154181495828,0.8337160621204251,0.0,0,0,1.5278165256167741e-09
small_ring_R8_eta0.35,small_ring,8.0,0.35,794.3344256864206,1,1,scaled_1.025,defined,-0.19592849804219636,0.8349938002713605,0.0,0,0,1.5278165256167741e-09
small_ring_R8_eta0.35,small_ring,8.0,0.35,794.3344256864206,1,1,scaled_1.05,defined,-0.20015028395772846,0.8365647653410165,0.0,0,0,1.5278165256167741e-09
small_ring_R8_eta0.35,small_ring,8.0,0.35,794.3344256864206,1,1,scaled_1.075,defined,-0.20459586283076525,0.8384744574571801,0.0,0,0,1.5278165256167741e-09
small_ring_R8_eta0.35,small_ring,8.0,0.35,794.3344256864206,1,1,scaled_1.1,defined,-0.2092817857566477,0.8407769813836965,0.0,0,0,1.5278165256167741e-09
small_ring_R8_eta0.35,small_ring,8.0,0.35,794.3344256864206,1,1,scaled_1.15,defined,-0.21944850597663224,0.8468343367014287,0.0,0,0,1.5278165256167741e-09
small_ring_R8_eta0.35,small_ring,8.0,0.35,794.3344256864206,1,1,scaled_1.2,defined,-0.23081282588602714,0.8554510498373314,0.0,0,0,1.5278165256167741e-09
small_ring_R8_eta0.35,small_ring,8.0,0.35,794.3344256864206,1,1,physical_frozen,defined,-0.1909890056935567,0.8311465358628227,0.0,0,0,1.5278165256167741e-09
small_ring_R8_eta0.35,small_ring,8.0,0.35,794.3344256864206,1,1,physical_common,defined,-0.1909890056935567,0.8311465358628227,0.0,0,0,1.5278165256167741e-09
small_ring_R8_eta0.35,small_ring,8.0,0.35,794.3344256864206,1,1,actual_root,defined,-0.19871759642250808,0.8344846889722485,0.0,4,0,1.5278165256167741e-09
small_ring_R8_eta0.35,small_ring,8.0,0.35,794.3344256864206,1,1,soft_cosine,defined,-0.1919803353197542,0.8339908196614535,0.0,0,0,1.5278165256167741e-09
small_ring_R8_eta0.35,small_ring,8.0,0.35,794.3344256864206,1,2,scaled_0.8,defined,-0.34171451811294073,0.7116026839808802,0.17578995095433025,0,0,1.5278165256167741e-09
small_ring_R8_eta0.35,small_ring,8.0,0.35,794.3344256864206,1,2,scaled_0.85,defined,-0.3642642172823261,0.7013374742613667,0.1927274747611692,0,0,1.5278165256167741e-09
small_ring_R8_eta0.35,small_ring,8.0,0.35,794.3344256864206,1,2,scaled_0.9,defined,-0.3897540486263503,0.6914176309957296,0.2120592662906389,0,0,1.5278165256167741e-09
small_ring_R8_eta0.35,small_ring,8.0,0.35,794.3344256864206,1,2,scaled_0.925,defined,-0.40378908288246484,0.6867009774797993,0.2227913674425648,0,0,1.5278165256167741e-09
small_ring_R8_eta0.35,small_ring,8.0,0.35,794.3344256864206,1,2,scaled_0.95,defined,-0.4188087251012378,0.6822291857537871,0.23434687381007457,0,0,1.5278165256167741e-09
small_ring_R8_eta0.35,small_ring,8.0,0.35,794.3344256864206,1,2,scaled_0.975,defined,-0.4349253426507045,0.6780838814738281,0.24682800138781258,0,0,1.5278165256167741e-09
small_ring_R8_eta0.35,small_ring,8.0,0.35,794.3344256864206,1,2,scaled_1,defined,-0.45226949824821955,0.6743696558534685,0.26035408009863675,0,0,1.5278165256167741e-09
small_ring_R8_eta0.35,small_ring,8.0,0.35,794.3344256864206,1,2,scaled_1.025,defined,-0.47099280672036525,0.6712233850887278,0.2750643086781689,0,0,1.5278165256167741e-09
small_ring_R8_eta0.35,small_ring,8.0,0.35,794.3344256864206,1,2,scaled_1.05,defined,-0.49127092353436375,0.668831042137258,0.29112063957663525,0,0,1.5278165256167741e-09
small_ring_R8_eta0.35,small_ring,8.0,0.35,794.3344256864206,1,2,scaled_1.075,defined,-0.5133064521031826,0.6674532897589632,0.30871058927241735,0,0,1.5278165256167741e-09
small_ring_R8_eta0.35,small_ring,8.0,0.35,794.3344256864206,1,2,scaled_1.1,defined,-0.5373310841033067,0.6674698690459324,0.32804929834665897,0,0,1.5278165256167741e-09
small_ring_R8_eta0.35,small_ring,8.0,0.35,794.3344256864206,1,2,scaled_1.15,defined,-0.5924145417514943,0.674382845423947,0.3729660357748621,0,0,1.5278165256167741e-09
small_ring_R8_eta0.35,small_ring,8.0,0.35,794.3344256864206,1,2,scaled_1.2,defined,-0.6587471644351702,0.7015841666875625,0.4279343385491431,0,0,1.5278165256167741e-09
small_ring_R8_eta0.35,small_ring,8.0,0.35,794.3344256864206,1,2,physical_frozen,defined,-0.4486106745810322,0.6439020606706476,0.2576216688874755,0,0,1.5278165256167741e-09
small_ring_R8_eta0.35,small_ring,8.0,0.35,794.3344256864206,1,2,physical_common,defined,-0.14965992233449574,0.8231611209079028,-0.041329083359060964,0,0,1.5278165256167741e-09
small_ring_R8_eta0.35,small_ring,8.0,0.35,794.3344256864206,1,2,actual_root,defined,-0.4753673424782142,0.6777921053912843,0.27664974605570614,11,0,1.5278165256167741e-09
small_ring_R8_eta0.35,small_ring,8.0,0.35,794.3344256864206,1,2,soft_cosine,defined,-0.45264657697490995,0.6745115251230082,0.26066624165515573,0,0,1.5278165256167741e-09
small_ring_R8_eta0.35,small_ring,8.0,0.35,794.3344256864206,1,3,scaled_0.8,defined,-0.5215541787394185,0.601342636471468,0.35562961158080797,0,0,1.5278165256167741e-09
small_ring_R8_eta0.35,small_ring,8.0,0.35,794.3344256864206,1,3,scaled_0.85,defined,-0.5723153812037424,0.5705055730762755,0.40077863868258545,0,0,1.5278165256167741e-09
small_ring_R8_eta0.35,small_ring,8.0,0.35,794.3344256864206,1,3,scaled_0.9,defined,-0.631042594458076,0.5382370427335579,0.4533478121223645,0,0,1.5278165256167741e-09
small_ring_R8_eta0.35,small_ring,8.0,0.35,794.3344256864206,1,3,scaled_0.925,defined,-0.66404656954392,0.5215313927310681,0.48304885410402,0,0,1.5278165256167741e-09
small_ring_R8_eta0.35,small_ring,8.0,0.35,794.3344256864206,1,3,scaled_0.95,defined,-0.6999186022330233,0.5044034554634625,0.51545675094186,0,0,1.5278165256167741e-09
small_ring_R8_eta0.35,small_ring,8.0,0.35,794.3344256864206,1,3,scaled_0.975,defined,-0.7390592076827163,0.48680205285718026,0.5509618664198244,0,0,1.5278165256167741e-09
small_ring_R8_eta0.35,small_ring,8.0,0.35,794.3344256864206,1,3,scaled_1,defined,-0.7819316850390291,0.4686422836974351,0.5900162668894463,0,0,1.5278165256167741e-09
small_ring_R8_eta0.35,small_ring,8.0,0.35,794.3344256864206,1,3,scaled_1.025,defined,-0.8290654535107297,0.449789028931441,0.6331369554685333,0,0,1.5278165256167741e-09
small_ring_R8_eta0.35,small_ring,8.0,0.35,794.3344256864206,1,3,scaled_1.05,defined,-0.881054395488395,0.43002270454614694,0.6809041115306665,0,0,1.5278165256167741e-09
small_ring_R8_eta0.35,small_ring,8.0,0.35,794.3344256864206,1,3,scaled_1.075,defined,-0.9385466598521893,0.408967901859647,0.7339507970214241,0,0,1.5278165256167741e-09
small_ring_R8_eta0.35,small_ring,8.0,0.35,794.3344256864206,1,3,scaled_1.1,defined,-1.0022209200449415,0.3859447373429633,0.7929391342882938,0,0,1.5278165256167741e-09
small_ring_R8_eta0.35,small_ring,8.0,0.35,794.3344256864206,1,3,scaled_1.15,defined,-1.1506866360419195,0.32721433953881995,0.9312381300652872,0,0,1.5278165256167741e-09
small_ring_R8_eta0.35,small_ring,8.0,0.35,794.3344256864206,1,3,scaled_1.2,defined,-1.32968417306909,0.2110727975274016,1.098871347183063,0,0,1.5278165256167741e-09
small_ring_R8_eta0.35,small_ring,8.0,0.35,794.3344256864206,1,3,physical_frozen,defined,-0.7436462443846904,0.39249634705135594,0.5526572386911337,0,0,1.5278165256167741e-09
small_ring_R8_eta0.35,small_ring,8.0,0.35,794.3344256864206,1,3,physical_common,defined,-0.049560769888733924,0.9338153695149872,-0.14142823580482278,0,0,1.5278165256167741e-09
small_ring_R8_eta0.35,small_ring,8.0,0.35,794.3344256864206,1,3,actual_root,defined,-0.8499660695795277,0.5058831696422171,0.6512484731570196,2,0,1.5278165256167741e-09
small_ring_R8_eta0.35,small_ring,8.0,0.35,794.3344256864206,1,3,soft_cosine,defined,-0.7829365339630803,0.4696495612016735,0.590956198643326,0,0,1.5278165256167741e-09
small_ring_R8_eta0.35,small_ring,8.0,0.35,794.3344256864206,1,4,scaled_0.8,defined,-0.7108069593369932,0.4934374205499993,0.5448823921783827,0,0,1.5278165256167741e-09
small_ring_R8_eta0.35,small_ring,8.0,0.35,794.3344256864206,1,4,scaled_0.85,defined,-0.8015540853254757,0.431284402490241,0.6300173428043188,0,0,1.5278165256167741e-09
small_ring_R8_eta0.35,small_ring,8.0,0.35,794.3344256864206,1,4,scaled_0.9,defined,-0.9082090432195593,0.3631854916169844,0.7305142608838479,0,0,1.5278165256167741e-09
small_ring_R8_eta0.35,small_ring,8.0,0.35,794.3344256864206,1,4,scaled_0.925,defined,-0.9688614633134536,0.32611775574984336,0.7878637478735535,0,0,1.5278165256167741e-09
small_ring_R8_eta0.35,small_ring,8.0,0.35,794.3344256864206,1,4,scaled_0.95,defined,-1.0352512182417268,0.28633982832984695,0.8507893669505636,0,0,1.5278165256167741e-09
small_ring_R8_eta0.35,small_ring,8.0,0.35,794.3344256864206,1,4,scaled_0.975,defined,-1.1080714319241474,0.24303222256233592,0.9199740906612555,0,0,1.5278165256167741e-09
small_ring_R8_eta0.35,small_ring,8.0,0.35,794.3344256864206,1,4,scaled_1,defined,-1.1880069696671218,0.19499934557097792,0.996091551517539,0,0,1.5278165256167741e-09
small_ring_R8_eta0.35,small_ring,8.0,0.35,794.3344256864206,1,4,scaled_1.025,defined,-1.27565440364725,0.14050886050354328,1.0797259056050534,0,0,1.5278165256167741e-09
small_ring_R8_eta0.35,small_ring,8.0,0.35,794.3344256864206,1,4,scaled_1.05,defined,-1.371395529911807,0.0771393336302529,1.1712452459540785,0,0,1.5278165256167741e-09
small_ring_R8_eta0.35,small_ring,8.0,0.35,794.3344256864206,1,4,scaled_1.075,defined,-1.475218081642101,0.0018536044742290072,1.2706222188113356,0,0,1.5278165256167741e-09
small_ring_R8_eta0.35,small_ring,8.0,0.35,794.3344256864206,1,4,scaled_1.1,defined,-1.5865079413976524,-0.08822163636193078,1.3772261556410048,0,0,1.5278165256167741e-09
small_ring_R8_eta0.35,small_ring,8.0,0.35,794.3344256864206,1,4,scaled_1.15,defined,-1.8255075937188965,-0.31244979021005626,1.6060590877422642,0,0,1.5278165256167741e-09
small_ring_R8_eta0.35,small_ring,8.0,0.35,794.3344256864206,1,4,scaled_1.2,defined,-2.073290271537518,-0.5646706115856089,1.8424774456514907,0,0,1.5278165256167741e-09
small_ring_R8_eta0.35,small_ring,8.0,0.35,794.3344256864206,1,4,physical_frozen,defined,-1.0501929868166686,0.09887299926439588,0.8592039811231119,0,0,1.5278165256167741e-09
small_ring_R8_eta0.35,small_ring,8.0,0.35,794.3344256864206,1,4,physical_common,defined,0.12678293230906945,1.1706795374704373,-0.31777193800262615,0,0,1.5278165256167741e-09
small_ring_R8_eta0.35,small_ring,8.0,0.35,794.3344256864206,1,4,actual_root,defined,-1.4333893077875948,0.32402141278959223,1.2346717113650867,2,0,1.5278165256167741e-09
small_ring_R8_eta0.35,small_ring,8.0,0.35,794.3344256864206,1,4,soft_cosine,defined,-1.1900531261284635,0.19675608954408838,0.9980727908087093,0,0,1.5278165256167741e-09
small_ring_R8_eta0.7,small_ring,8.0,0.7,794.3344256864206,1,1,scaled_0.8,defined,-0.2735217252196569,0.8154212521659316,0.0,0,0,3.2554636773584616e-12
small_ring_R8_eta0.7,small_ring,8.0,0.7,794.3344256864206,1,1,scaled_0.85,defined,-0.27335051904510665,0.8236310287803188,0.0,0,0,3.2554636773584616e-12
small_ring_R8_eta0.7,small_ring,8.0,0.7,794.3344256864206,1,1,scaled_0.9,defined,-0.27307248892993163,0.833220177373708,0.0,0,0,3.2554636773584616e-12
small_ring_R8_eta0.7,small_ring,8.0,0.7,794.3344256864206,1,1,scaled_0.925,defined,-0.27288261367959427,0.8386196141234428,0.0,0,0,3.2554636773584616e-12
small_ring_R8_eta0.7,small_ring,8.0,0.7,794.3344256864206,1,1,scaled_0.95,defined,-0.27265150638865965,0.8444773614660592,0.0,0,0,3.2554636773584616e-12
small_ring_R8_eta0.7,small_ring,8.0,0.7,794.3344256864206,1,1,scaled_0.975,defined,-0.27237238453599394,0.8508418969935129,0.0,0,0,3.2554636773584616e-12
small_ring_R8_eta0.7,small_ring,8.0,0.7,794.3344256864206,1,1,scaled_1,defined,-0.27203713560770476,0.8577716895768243,0.0,0,0,3.2554636773584616e-12
small_ring_R8_eta0.7,small_ring,8.0,0.7,794.3344256864206,1,1,scaled_1.025,defined,-0.2716359762730269,0.8653332066589534,0.0,0,0,3.2554636773584616e-12
small_ring_R8_eta0.7,small_ring,8.0,0.7,794.3344256864206,1,1,scaled_1.05,defined,-0.27115705696464604,0.8736013764945696,0.0,0,0,3.2554636773584616e-12
small_ring_R8_eta0.7,small_ring,8.0,0.7,794.3344256864206,1,1,scaled_1.075,defined,-0.270585930803541,0.8826663881253627,0.0,0,0,3.2554636773584616e-12
small_ring_R8_eta0.7,small_ring,8.0,0.7,794.3344256864206,1,1,scaled_1.1,defined,-0.2699048143172459,0.8926368842807268,0.0,0,0,3.2554636773584616e-12
small_ring_R8_eta0.7,small_ring,8.0,0.7,794.3344256864206,1,1,scaled_1.15,defined,-0.2681191509303393,0.9158190575814079,0.0,0,0,3.2554636773584616e-12
small_ring_R8_eta0.7,small_ring,8.0,0.7,794.3344256864206,1,1,scaled_1.2,defined,-0.2655482292610534,0.9445088943646994,0.0,0,0,3.2554636773584616e-12
small_ring_R8_eta0.7,small_ring,8.0,0.7,794.3344256864206,1,1,physical_frozen,defined,-0.24480992033550386,0.8918229578204939,0.0,0,0,3.2554636773584616e-12
small_ring_R8_eta0.7,small_ring,8.0,0.7,794.3344256864206,1,1,physical_common,defined,-0.24480992033550386,0.8918229578204939,0.0,0,0,3.2554636773584616e-12
small_ring_R8_eta0.7,small_ring,8.0,0.7,794.3344256864206,1,1,actual_root,defined,-0.2678286823325753,0.924083865785688,0.0,1,0,3.2554636773584616e-12
small_ring_R8_eta0.7,small_ring,8.0,0.7,794.3344256864206,1,1,soft_cosine,defined,-0.27205530526942606,0.8590270320831583,0.0,0,0,3.2554636773584616e-12
small_ring_R8_eta0.7,small_ring,8.0,0.7,794.3344256864206,1,2,scaled_0.8,defined,-0.4987615448842444,0.6374469849002173,0.2252398196645875,0,0,3.2554636773584616e-12
small_ring_R8_eta0.7,small_ring,8.0,0.7,794.3344256864206,1,2,scaled_0.85,defined,-0.5093119620952108,0.6430887120048155,0.23596144305010414,0,0,3.2554636773584616e-12
small_ring_R8_eta0.7,small_ring,8.0,0.7,794.3344256864206,1,2,scaled_0.9,defined,-0.5209520368196685,0.6514044212246068,0.24787954788973687,0,0,3.2554636773584616e-12
small_ring_R8_eta0.7,small_ring,8.0,0.7,794.3344256864206,1,2,scaled_0.925,defined,-0.5272146733530427,0.6568811967693117,0.25433205967344846,0,0,3.2554636773584616e-12
small_ring_R8_eta0.7,small_ring,8.0,0.7,794.3344256864206,1,2,scaled_0.95,defined,-0.5337891393076992,0.6634668160819852,0.2611376329190396,0,0,3.2554636773584616e-12
small_ring_R8_eta0.7,small_ring,8.0,0.7,794.3344256864206,1,2,scaled_0.975,defined,-0.5406850198353734,0.6713878812793446,0.2683126352993795,0,0,3.2554636773584616e-12
small_ring_R8_eta0.7,small_ring,8.0,0.7,794.3344256864206,1,2,scaled_1,defined,-0.5479068497763055,0.6809349364572074,0.2758697141686008,0,0,3.2554636773584616e-12
small_ring_R8_eta0.7,small_ring,8.0,0.7,794.3344256864206,1,2,scaled_1.025,defined,-0.5554502532426091,0.6924911437306228,0.2838142769695822,0,0,3.2554636773584616e-12
small_ring_R8_eta0.7,small_ring,8.0,0.7,794.3344256864206,1,2,scaled_1.05,defined,-0.5632957120254354,0.7065611989467875,0.29213865506078934,0,0,3.2554636773584616e-12
small_ring_R8_eta0.7,small_ring,8.0,0.7,794.3344256864206,1,2,scaled_1.075,defined,-0.5713982710722072,0.7238428787544784,0.3008123402686662,0,0,3.2554636773584616e-12
small_ring_R8_eta0.7,small_ring,8.0,0.7,794.3344256864206,1,2,scaled_1.1,defined,-0.5796701386466707,0.7453135084851455,0.30976532432942483,0,0,3.2554636773584616e-12
small_ring_R8_eta0.7,small_ring,8.0,0.7,794.3344256864206,1,2,scaled_1.15,defined,-0.59594947264179,0.8072528671626696,0.3278303217114507,0,0,3.2554636773584616e-12
small_ring_R8_eta0.7,small_ring,8.0,0.7,794.3344256864206,1,2,scaled_1.2,defined,-0.6085831201305691,0.9158179408600067,0.3430348908695157,0,0,3.2554636773584616e-12
small_ring_R8_eta0.7,small_ring,8.0,0.7,794.3344256864206,1,2,physical_frozen,defined,-0.4902760547237026,0.7296603766672182,0.24546613438819875,0,0,3.2554636773584616e-12
small_ring_R8_eta0.7,small_ring,8.0,0.7,794.3344256864206,1,2,physical_common,defined,-0.30702386714528274,0.7339506788155551,0.062213946809778875,0,0,3.2554636773584616e-12
small_ring_R8_eta0.7,small_ring,8.0,0.7,794.3344256864206,1,2,actual_root,defined,-0.597698957942818,0.7684249047866014,0.32987027561024274,0,0,3.2554636773584616e-12
small_ring_R8_eta0.7,small_ring,8.0,0.7,794.3344256864206,1,2,soft_cosine,defined,-0.5481234669049235,0.6813762952527869,0.27606816163549747,0,0,3.2554636773584616e-12
small_ring_R8_eta0.7,small_ring,8.0,0.7,794.3344256864206,1,3,scaled_0.8,defined,-0.7253844800097515,0.47732865448287676,0.45186275479009463,0,0,3.2554636773584616e-12
small_ring_R8_eta0.7,small_ring,8.0,0.7,794.3344256864206,1,3,scaled_0.85,defined,-0.7570730478738193,0.47128754791630634,0.4837225288287127,0,0,3.2554636773584616e-12
small_ring_R8_eta0.7,small_ring,8.0,0.7,794.3344256864206,1,3,scaled_0.9,defined,-0.7932059286437062,0.4681785466428504,0.5201334397137746,0,0,3.2554636773584616e-12
small_ring_R8_eta0.7,small_ring,8.0,0.7,794.3344256864206,1,3,scaled_0.925,defined,-0.8132170815510025,0.4682763690786694,0.5403344678714082,0,0,3.2554636773584616e-12
small_ring_R8_eta0.7,small_ring,8.0,0.7,794.3344256864206,1,3,scaled_0.95,defined,-0.8346980986852575,0.4699212823385387,0.5620465922965978,0,0,3.2554636773584616e-12
small_ring_R8_eta0.7,small_ring,8.0,0.7,794.3344256864206,1,3,scaled_0.975,defined,-0.8577923654125255,0.4736075996186237,0.5854199808765315,0,0,3.2554636773584616e-12
small_ring_R8_eta0.7,small_ring,8.0,0.7,794.3344256864206,1,3,scaled_1,defined,-0.8826477309766512,0.4800450861423551,0.6106105953689465,0,0,3.2554636773584616e-12
small_ring_R8_eta0.7,small_ring,8.0,0.7,794.3344256864206,1,3,scaled_1.025,defined,-0.9094034806759459,0.49029973590103837,0.637767504402919,0,0,3.2554636773584616e-12
small_ring_R8_eta0.7,small_ring,8.0,0.7,794.3344256864206,1,3,scaled_1.05,defined,-0.9381621480881028,0.5060574898936967,0.6670050911234569,0,0,3.2554636773584616e-12
small_ring_R8_eta0.7,small_ring,8.0,0.7,794.3344256864206,1,3,scaled_1.075,defined,-0.9689272235224733,0.5301967198604378,0.6983412927189323,0,0,3.2554636773584616e-12
small_ring_R8_eta0.7,small_ring,8.0,0.7,794.3344256864206,1,3,scaled_1.1,defined,-1.001455356945201,0.5681244611918369,0.731550542627955,0,0,3.2554636773584616e-12
small_ring_R8_eta0.7,small_ring,8.0,0.7,794.3344256864206,1,3,scaled_1.15,defined,-1.0662855567108713,0.7495029556346309,0.798166405780532,0,0,3.2554636773584616e-12
small_ring_R8_eta0.7,small_ring,8.0,0.7,794.3344256864206,1,3,scaled_1.2,defined,-1.0799698652686007,1.2066424301727467,0.8144216360075474,0,0,3.2554636773584616e-12
small_ring_R8_eta0.7,small_ring,8.0,0.7,794.3344256864206,1,3,physical_frozen,defined,-0.7709582653657114,0.5231597648515276,0.5261483450302076,0,0,3.2554636773584616e-12
small_ring_R8_eta0.7,small_ring,8.0,0.7,794.3344256864206,1,3,physical_common,defined,-0.2947330508981556,0.7256152858913497,0.04992313056265174,0,0,3.2554636773584616e-12
small_ring_R8_eta0.7,small_ring,8.0,0.7,794.3344256864206,1,3,actual_root,defined,-1.1365365320559278,0.5313148156570582,0.8687078497233525,6,0,3.2554636773584616e-12
small_ring_R8_eta0.7,small_ring,8.0,0.7,794.3344256864206,1,3,soft_cosine,defined,-0.8834644897089133,0.48148167497977323,0.6114091844394873,0,0,3.2554636773584616e-12
small_ring_R8_eta0.7,small_ring,8.0,0.7,794.3344256864206,1,4,scaled_0.8,defined,-0.9616447685671075,0.3248864137018134,0.6881230433474506,0,0,3.2554636773584616e-12
small_ring_R8_eta0.7,small_ring,8.0,0.7,794.3344256864206,1,4,scaled_0.85,defined,-1.0255116099744477,0.2981610110383218,0.752161090929341,0,0,3.2554636773584616e-12
small_ring_R8_eta0.7,small_ring,8.0,0.7,794.3344256864206,1,4,scaled_0.9,defined,-1.1000097472413781,0.2726719736110919,0.8269372583114465,0,0,3.2554636773584616e-12
small_ring_R8_eta0.7,small_ring,8.0,0.7,794.3344256864206,1,4,scaled_0.925,defined,-1.1420696780950064,0.26091240550481015,0.869187064415412,0,0,3.2554636773584616e-12
small_ring_R8_eta0.7,small_ring,8.0,0.7,794.3344256864206,1,4,scaled_0.95,defined,-1.187868796932431,0.25026704420559304,0.9152172905437714,0,0,3.2554636773584616e-12
small_ring_R8_eta0.7,small_ring,8.0,0.7,794.3344256864206,1,4,scaled_0.975,defined,-1.2378645762923508,0.2412934747765304,0.9654921917563568,0,0,3.2554636773584616e-12
small_ring_R8_eta0.7,small_ring,8.0,0.7,794.3344256864206,1,4,scaled_1,defined,-1.2925529434937721,0.23488007618974838,1.0205158078860674,0,0,3.2554636773584616e-12
small_ring_R8_eta0.7,small_ring,8.0,0.7,794.3344256864206,1,4,scaled_1.025,defined,-1.352446371164155,0.23255832133769297,1.080810394891128,0,0,3.2554636773584616e-12
small_ring_R8_eta0.7,small_ring,8.0,0.7,794.3344256864206,1,4,scaled_1.05,defined,-1.4180216154317087,0.23726439915006067,1.1468645584670627,0,0,3.2554636773584616e-12
small_ring_R8_eta0.7,small_ring,8.0,0.7,794.3344256864206,1,4,scaled_1.075,defined,-1.4895854112472227,0.2556651913401895,1.2189994804436817,0,0,3.2554636773584616e-12
small_ring_R8_eta0.7,small_ring,8.0,0.7,794.3344256864206,1,4,scaled_1.1,defined,-1.5668094496680467,0.30854263734165416,1.296904635350801,0,0,3.2554636773584616e-12
small_ring_R8_eta0.7,small_ring,8.0,0.7,794.3344256864206,1,4,scaled_1.15,defined,-1.6710539513819214,1.0978065234838834,1.402934800451582,0,0,3.2554636773584616e-12
small_ring_R8_eta0.7,small_ring,8.0,0.7,794.3344256864206,1,4,scaled_1.2,defined,-1.6201182796410145,1.3378815827724553,1.3545700503799611,0,0,3.2554636773584616e-12
small_ring_R8_eta0.7,small_ring,8.0,0.7,794.3344256864206,1,4,physical_frozen,defined,-1.0740881694933235,0.26024354469049815,0.8292782491578197,0,0,3.2554636773584616e-12
small_ring_R8_eta0.7,small_ring,8.0,0.7,794.3344256864206,1,4,physical_common,defined,-0.21939403906560864,0.8117099914243651,-0.02541588126989522,0,0,3.2554636773584616e-12
small_ring_R8_eta0.7,small_ring,8.0,0.7,794.3344256864206,1,4,actual_root,defined,-2.559996006304235,0.2342253527338139,2.2921673239716593,7,0,3.2554636773584616e-12
small_ring_R8_eta0.7,small_ring,8.0,0.7,794.3344256864206,1,4,soft_cosine,defined,-1.2945328186296974,0.23666223278090245,1.0224775133602713,0,0,3.2554636773584616e-12
